2026-09-07 07:59:38,274 [WARNING] core.settings: Settings SANDBOXED to /Users/Basti/Desktop/Create Chart Assessment/Test Runs/sandbox/chromiq-assessment.ini (CHROMIQ_SETTINGS_FILE is set) — the real preferences are untouched
2026-09-07 07:59:38,275 [DEBUG] core.settings: Settings loaded from /Users/Basti/Desktop/Create Chart Assessment/Test Runs/sandbox/chromiq-assessment.ini
2026-09-07 07:59:38,275 [DEBUG] ui.theme: Appearance applied: setting=neutral mode=neutral
2026-09-07 07:59:38,275 [INFO] assess: app built: v4.2.0 appearance=neutral lang=en settings=/Users/Basti/Desktop/Create Chart Assessment/Test Runs/sandbox/chromiq-assessment.ini
2026-09-07 07:59:38,714 [DEBUG] ui.dialogs.layout_options_panel: layout panel set_recipe: spacer=colored/True gaps=0.0/0.0  [_refresh_manual_command_preview:5501  ←  _init_manual_layout_panel:5630  ←  _set_engine_recipe:17986]
2026-09-07 07:59:38,735 [DEBUG] core.settings: settings.set helper_markers_show = False
2026-09-07 07:59:38,735 [DEBUG] core.settings: settings.set helper_marker_edge_mm = 2.0
2026-09-07 07:59:38,735 [DEBUG] core.settings: settings.set helper_marker_len_mm = 2.0
2026-09-07 07:59:38,735 [DEBUG] core.settings: settings.set helper_marker_per_patch = 3
2026-09-07 07:59:38,735 [DEBUG] core.settings: settings.set helper_markers_top_bottom = True
2026-09-07 07:59:38,735 [DEBUG] core.settings: settings.set helper_markers_sides = True
2026-09-07 07:59:38,752 [DEBUG] core.settings: settings.set helper_markers_show = False
2026-09-07 07:59:38,752 [DEBUG] core.settings: settings.set helper_marker_edge_mm = 2.0
2026-09-07 07:59:38,752 [DEBUG] core.settings: settings.set helper_marker_len_mm = 2.0
2026-09-07 07:59:38,752 [DEBUG] core.settings: settings.set helper_marker_per_patch = 3
2026-09-07 07:59:38,752 [DEBUG] core.settings: settings.set helper_markers_top_bottom = True
2026-09-07 07:59:38,752 [DEBUG] core.settings: settings.set helper_markers_sides = True
2026-09-07 07:59:40,086 [INFO] ui.main_window: MainWindow initialised
2026-09-07 07:59:40,600 [INFO] ui.main_window: ---- Tab → 1. Create Chart ----
2026-09-07 07:59:40,614 [DEBUG] ui.theme: Appearance applied: setting=neutral mode=neutral
2026-09-07 07:59:40,758 [INFO] ui.main_window: ---- Tab → 1. Create Chart ----
2026-09-07 07:59:44,914 [INFO] assess:   armed: dialog ~'scanner' -> click 'OK' hex heads-up (hex modes only)
2026-09-07 07:59:44,914 [INFO] assess:   armed: dialog ~'quite fill' -> click 'OK' last page hint
2026-09-07 07:59:44,914 [INFO] assess:   armed: dialog ~'already' -> click 'Continue this project' S4.7 on 2nd+ build
2026-09-07 07:59:46,297 [INFO] assess:   armed: dialog ~'Give this project a name' -> click '<reject>' should not appear
2026-09-07 07:59:46,298 [INFO] ui.tabs.tab_chart: chart build (Generate Chart) in manual: patch set targen | manual panel: A4, 0x0 grid, margins T38.0 R9.0 B19.0 L26.0
2026-09-07 07:59:46,302 [DEBUG] core.settings: settings.set session_ti3_path = ''
2026-09-07 07:59:46,302 [DEBUG] core.settings: settings.set session_icc_path = ''
2026-09-07 07:59:46,302 [DEBUG] core.settings: settings.set session_cal_ti3_path = ''
2026-09-07 07:59:46,304 [DEBUG] core.file_manager: Target name set to: A2-Instruments (root /Users/Basti/ChromIQ-assessment/A2-Instruments)
2026-09-07 07:59:46,307 [INFO] core.file_manager: created a NEW project 'A2-Instruments' at /Users/Basti/ChromIQ-assessment/A2-Instruments
2026-09-07 07:59:46,316 [INFO] core.file_manager: Created project at /Users/Basti/ChromIQ-assessment/A2-Instruments
2026-09-07 07:59:46,316 [INFO] ui.tabs.tab_chart: run description + chart notes written to run1
2026-09-07 07:59:46,318 [INFO] ui.tabs.tab_chart: create-chart settings seeded into the new project's run1
2026-09-07 07:59:46,352 [INFO] workflow.chart_creator: Chart generation: 525 patches, instrument=i1 paper=A4 disable_lb=True
2026-09-07 07:59:46,353 [INFO] workflow.chart_creator: targen args: ['-v', '-d2', '-f525', '-e4', '-B4', '-G', '-g30', 'A2-Instruments']
2026-09-07 07:59:46,353 [INFO] core.argyll_runner: Run: /Applications/Argyll/bin/targen -v -d2 -f525 -e4 -B4 -G -g30 A2-Instruments  [cwd=/Users/Basti/ChromIQ-assessment/A2-Instruments/runs/run1]
2026-09-07 07:59:46,419 [DEBUG] core.argyll_runner: [argyll] iRGB test chart
2026-09-07 07:59:46,420 [DEBUG] core.argyll_runner: [argyll] White patches = 4
2026-09-07 07:59:46,420 [DEBUG] core.argyll_runner: [argyll] Black patches = 4
2026-09-07 07:59:46,420 [DEBUG] core.argyll_runner: [argyll] Composite Grey steps = 30
2026-09-07 07:59:46,420 [DEBUG] core.argyll_runner: [argyll] Full spread patches = 525
2026-09-07 07:59:46,420 [DEBUG] core.argyll_runner: [argyll] Degree of adaptation: 0.100
2026-09-07 07:59:46,420 [DEBUG] core.argyll_runner: [argyll] Adaptation weights: Device = 0.935, Perceptual = 0.065, Curvature = 0.010
2026-09-07 07:59:46,420 [DEBUG] core.argyll_runner: [argyll] Perceptual cache resolution = 9
2026-09-07 07:59:46,421 [DEBUG] core.argyll_runner: [argyll] Seeding cache...done
2026-09-07 07:59:46,421 [DEBUG] core.argyll_runner: [argyll] Acceleration grid res = 9
2026-09-07 07:59:46,421 [DEBUG] core.argyll_runner: [argyll] 
2026-09-07 07:59:46,421 [DEBUG] core.argyll_runner: [argyll] There are 30 unique fixed points to add (36 total fixed points)
2026-09-07 07:59:46,421 [DEBUG] core.argyll_runner: [argyll] There are 489 far spread points to add
2026-09-07 07:59:46,421 [DEBUG] core.argyll_runner: [argyll] 
2026-09-07 07:59:46,421 [DEBUG] core.argyll_runner: [argyll] Added 12/519
2026-09-07 07:59:46,422 [DEBUG] core.argyll_runner: [argyll] Added 23/519
2026-09-07 07:59:46,422 [DEBUG] core.argyll_runner: [argyll] Added 34/519
2026-09-07 07:59:46,422 [DEBUG] core.argyll_runner: [argyll] Added 45/519
2026-09-07 07:59:46,422 [DEBUG] core.argyll_runner: [argyll] Added 56/519
2026-09-07 07:59:46,422 [DEBUG] core.argyll_runner: [argyll] Added 67/519
2026-09-07 07:59:46,422 [DEBUG] core.argyll_runner: [argyll] Added 78/519
2026-09-07 07:59:46,423 [DEBUG] core.argyll_runner: [argyll] Added 89/519
2026-09-07 07:59:46,423 [DEBUG] core.argyll_runner: [argyll] Added 100/519
2026-09-07 07:59:46,435 [DEBUG] core.argyll_runner: [argyll] 
2026-09-07 07:59:46,435 [DEBUG] core.argyll_runner: [argyll] Added 111/519
2026-09-07 07:59:46,435 [DEBUG] core.argyll_runner: [argyll] Added 122/519
2026-09-07 07:59:46,435 [DEBUG] core.argyll_runner: [argyll] Added 133/519
2026-09-07 07:59:46,436 [DEBUG] core.argyll_runner: [argyll] Added 144/519
2026-09-07 07:59:46,436 [DEBUG] core.argyll_runner: [argyll] Added 155/519
2026-09-07 07:59:46,436 [DEBUG] core.argyll_runner: [argyll] Added 166/519
2026-09-07 07:59:46,436 [DEBUG] core.argyll_runner: [argyll] Added 177/519
2026-09-07 07:59:46,436 [DEBUG] core.argyll_runner: [argyll] Added 188/519
2026-09-07 07:59:46,436 [DEBUG] core.argyll_runner: [argyll] Added 199/519
2026-09-07 07:59:46,436 [DEBUG] core.argyll_runner: [argyll] Added 210/519
2026-09-07 07:59:46,436 [DEBUG] core.argyll_runner: [argyll] Added 221/519
2026-09-07 07:59:46,436 [DEBUG] core.argyll_runner: [argyll] Added 232/519
2026-09-07 07:59:46,436 [DEBUG] core.argyll_runner: [argyll] Added 243/519
2026-09-07 07:59:46,436 [DEBUG] core.argyll_runner: [argyll] Added 254/519
2026-09-07 07:59:46,437 [DEBUG] core.argyll_runner: [argyll] Added 265/519
2026-09-07 07:59:46,437 [DEBUG] core.argyll_runner: [argyll] Added 276/519
2026-09-07 07:59:46,437 [DEBUG] core.argyll_runner: [argyll] Added 287/519
2026-09-07 07:59:46,437 [DEBUG] core.argyll_runner: [argyll] Added 298/519
2026-09-07 07:59:46,449 [DEBUG] core.argyll_runner: [argyll] 
2026-09-07 07:59:46,449 [DEBUG] core.argyll_runner: [argyll] Added 309/519
2026-09-07 07:59:46,449 [DEBUG] core.argyll_runner: [argyll] Added 320/519
2026-09-07 07:59:46,449 [DEBUG] core.argyll_runner: [argyll] Added 331/519
2026-09-07 07:59:46,449 [DEBUG] core.argyll_runner: [argyll] Added 342/519
2026-09-07 07:59:46,449 [DEBUG] core.argyll_runner: [argyll] Added 353/519
2026-09-07 07:59:46,450 [DEBUG] core.argyll_runner: [argyll] Added 364/519
2026-09-07 07:59:46,450 [DEBUG] core.argyll_runner: [argyll] Added 375/519
2026-09-07 07:59:46,450 [DEBUG] core.argyll_runner: [argyll] Added 386/519
2026-09-07 07:59:46,450 [DEBUG] core.argyll_runner: [argyll] Added 397/519
2026-09-07 07:59:46,450 [DEBUG] core.argyll_runner: [argyll] Added 408/519
2026-09-07 07:59:46,450 [DEBUG] core.argyll_runner: [argyll] Added 419/519
2026-09-07 07:59:46,450 [DEBUG] core.argyll_runner: [argyll] Added 430/519
2026-09-07 07:59:46,450 [DEBUG] core.argyll_runner: [argyll] Added 441/519
2026-09-07 07:59:46,450 [DEBUG] core.argyll_runner: [argyll] Added 452/519
2026-09-07 07:59:46,450 [DEBUG] core.argyll_runner: [argyll] Added 463/519
2026-09-07 07:59:46,450 [DEBUG] core.argyll_runner: [argyll] Added 474/519
2026-09-07 07:59:46,463 [DEBUG] core.argyll_runner: [argyll] 
2026-09-07 07:59:46,463 [DEBUG] core.argyll_runner: [argyll] Added 485/519
2026-09-07 07:59:46,463 [DEBUG] core.argyll_runner: [argyll] Added 496/519
2026-09-07 07:59:46,463 [DEBUG] core.argyll_runner: [argyll] Added 507/519
2026-09-07 07:59:46,463 [DEBUG] core.argyll_runner: [argyll] Added 518/519
2026-09-07 07:59:46,463 [DEBUG] core.argyll_runner: [argyll] Added 519/519
2026-09-07 07:59:47,384 [DEBUG] core.argyll_runner: [argyll] 
2026-09-07 07:59:47,384 [DEBUG] core.argyll_runner: [argyll] After seeding points: MinPoint = 4.448, Min = 4.322, Avg. = 10.848, Max = 14.666, 0.1 secs
2026-09-07 07:59:47,384 [DEBUG] core.argyll_runner: [argyll] Re-seeding
2026-09-07 07:59:47,385 [DEBUG] core.argyll_runner: [argyll] It 1: Maxmv = 0.103363, MinPoint = 3.460, Min = 4.005, Avg. = 10.861, Max = 14.358, 0.0 secs.
2026-09-07 07:59:47,385 [DEBUG] core.argyll_runner: [argyll] Re-seeding
2026-09-07 07:59:47,385 [DEBUG] core.argyll_runner: [argyll] It 2: Maxmv = 0.084402, MinPoint = 5.380, Min = 5.280, Avg. = 10.758, Max = 13.964, 0.0 secs.
2026-09-07 07:59:47,386 [DEBUG] core.argyll_runner: [argyll] Re-seeding
2026-09-07 07:59:47,386 [DEBUG] core.argyll_runner: [argyll] It 3: Maxmv = 0.076162, MinPoint = 5.428, Min = 5.280, Avg. = 10.700, Max = 13.835, 0.0 secs.
2026-09-07 07:59:47,386 [DEBUG] core.argyll_runner: [argyll] Re-seeding
2026-09-07 07:59:47,386 [DEBUG] core.argyll_runner: [argyll] It 4: Maxmv = 0.072726, MinPoint = 5.743, Min = 5.280, Avg. = 10.603, Max = 14.075, 0.0 secs.
2026-09-07 07:59:47,387 [DEBUG] core.argyll_runner: [argyll] Re-seeding
2026-09-07 07:59:47,387 [DEBUG] core.argyll_runner: [argyll] It 5: Maxmv = 0.068513, MinPoint = 5.743, Min = 5.280, Avg. = 10.535, Max = 13.679, 0.0 secs.
2026-09-07 07:59:47,387 [DEBUG] core.argyll_runner: [argyll] Re-seeding
2026-09-07 07:59:47,387 [DEBUG] core.argyll_runner: [argyll] It 6: Maxmv = 0.056321, MinPoint = 5.743, Min = 5.280, Avg. = 10.518, Max = 13.779, 0.0 secs.
2026-09-07 07:59:47,388 [DEBUG] core.argyll_runner: [argyll] Re-seeding
2026-09-07 07:59:47,388 [DEBUG] core.argyll_runner: [argyll] It 7: Maxmv = 0.059854, MinPoint = 5.743, Min = 5.280, Avg. = 10.461, Max = 13.725, 0.0 secs.
2026-09-07 07:59:47,388 [DEBUG] core.argyll_runner: [argyll] Re-seeding
2026-09-07 07:59:47,388 [DEBUG] core.argyll_runner: [argyll] It 8: Maxmv = 0.051345, MinPoint = 5.743, Min = 5.280, Avg. = 10.437, Max = 13.448, 0.0 secs.
2026-09-07 07:59:47,388 [DEBUG] core.argyll_runner: [argyll] Re-seeding
2026-09-07 07:59:47,389 [DEBUG] core.argyll_runner: [argyll] It 9: Maxmv = 0.040554, MinPoint = 5.743, Min = 5.280, Avg. = 10.411, Max = 13.065, 0.0 secs.
2026-09-07 07:59:47,389 [DEBUG] core.argyll_runner: [argyll] Re-seeding
2026-09-07 07:59:47,389 [DEBUG] core.argyll_runner: [argyll] It 10: Maxmv = 0.030994, MinPoint = 5.743, Min = 5.280, Avg. = 10.383, Max = 12.735, 0.0 secs.
2026-09-07 07:59:47,389 [DEBUG] core.argyll_runner: [argyll] Re-seeding
2026-09-07 07:59:47,390 [DEBUG] core.argyll_runner: [argyll] It 11: Maxmv = 0.032989, MinPoint = 5.743, Min = 5.280, Avg. = 10.373, Max = 12.994, 0.0 secs.
2026-09-07 07:59:47,390 [DEBUG] core.argyll_runner: [argyll] Re-seeding
2026-09-07 07:59:47,390 [DEBUG] core.argyll_runner: [argyll] It 12: Maxmv = 0.030487, MinPoint = 5.743, Min = 5.280, Avg. = 10.349, Max = 12.936, 0.0 secs.
2026-09-07 07:59:47,390 [DEBUG] core.argyll_runner: [argyll] Re-seeding
2026-09-07 07:59:47,391 [DEBUG] core.argyll_runner: [argyll] It 13: Maxmv = 0.021481, MinPoint = 5.743, Min = 5.280, Avg. = 10.346, Max = 12.600, 0.0 secs.
2026-09-07 07:59:47,391 [DEBUG] core.argyll_runner: [argyll] Re-seeding
2026-09-07 07:59:47,391 [DEBUG] core.argyll_runner: [argyll] It 14: Maxmv = 0.016377, MinPoint = 5.743, Min = 5.280, Avg. = 10.329, Max = 12.441, 0.0 secs.
2026-09-07 07:59:47,391 [DEBUG] core.argyll_runner: [argyll] Re-seeding
2026-09-07 07:59:47,392 [DEBUG] core.argyll_runner: [argyll] It 15: Maxmv = 0.013408, MinPoint = 5.743, Min = 5.280, Avg. = 10.331, Max = 12.462, 0.0 secs.
2026-09-07 07:59:47,392 [DEBUG] core.argyll_runner: [argyll] Re-seeding
2026-09-07 07:59:47,392 [DEBUG] core.argyll_runner: [argyll] It 16: Maxmv = 0.011614, MinPoint = 5.743, Min = 5.280, Avg. = 10.321, Max = 12.261, 0.0 secs.
2026-09-07 07:59:47,392 [DEBUG] core.argyll_runner: [argyll] Re-seeding
2026-09-07 07:59:47,393 [DEBUG] core.argyll_runner: [argyll] It 17: Maxmv = 0.006463, MinPoint = 5.743, Min = 5.280, Avg. = 10.321, Max = 12.391, 0.0 secs.
2026-09-07 07:59:47,393 [DEBUG] core.argyll_runner: [argyll] Re-seeding
2026-09-07 07:59:47,393 [DEBUG] core.argyll_runner: [argyll] It 18: Maxmv = 0.005609, MinPoint = 5.743, Min = 5.280, Avg. = 10.319, Max = 12.293, 0.0 secs.
2026-09-07 07:59:47,393 [DEBUG] core.argyll_runner: [argyll] Re-seeding
2026-09-07 07:59:47,393 [DEBUG] core.argyll_runner: [argyll] It 19: Maxmv = 0.001380, MinPoint = 5.743, Min = 5.280, Avg. = 10.320, Max = 12.323, 0.0 secs.
2026-09-07 07:59:47,394 [DEBUG] core.argyll_runner: [argyll] Re-seeding
2026-09-07 07:59:47,394 [DEBUG] core.argyll_runner: [argyll] It 20: Maxmv = 0.001368, MinPoint = 5.743, Min = 5.280, Avg. = 10.321, Max = 12.343, 0.0 secs.
2026-09-07 07:59:47,394 [DEBUG] core.argyll_runner: [argyll] After optimization: MinPoint = 5.743, Min = 5.280, Avg. = 10.321, Max = 12.343
2026-09-07 07:59:47,395 [DEBUG] core.argyll_runner: [argyll] Total number of patches = 525
2026-09-07 07:59:47,395 [DEBUG] core.argyll_runner: [argyll] Execution time = 0.966241 seconds
2026-09-07 07:59:47,395 [INFO] core.argyll_runner: ArgyllRunner: finished with code 0
2026-09-07 07:59:47,791 [DEBUG] workflow.chart_creator: Wrote channel sidecar A2-Instruments.channels.json: ['r', 'g', 'b']
2026-09-07 07:59:47,870 [DEBUG] ui.tiff_preview: TiffPreview: loaded 1 page(s)
2026-09-07 07:59:47,870 [INFO] ui.tabs.tab_chart: Preview loaded: 1 TIFF(s)
2026-09-07 07:59:47,917 [DEBUG] ui.tabs.tab_chart: create-chart settings written for run1 (40 parameters + ui state)
2026-09-07 07:59:47,918 [DEBUG] ui.tabs.tab_chart: ui-state: kept the Guided row this build used (the run's stored copy is the older one)
2026-09-07 07:59:47,918 [DEBUG] ui.tabs.tab_chart: ui-state: kept the layout this build used (the run's stored copy is the older one)
2026-09-07 07:59:47,919 [DEBUG] ui.tiff_preview: TiffPreview: loaded 1 page(s)
2026-09-07 07:59:47,922 [DEBUG] ui.tiff_preview: TiffPreview: loaded 1 page(s)
2026-09-07 07:59:49,697 [INFO] assess:   shot Screenshots/A2-instruments/i1-clip-A4-preview.png  (2232x1136)
2026-09-07 07:59:49,697 [INFO] assess: [i1-clip-A4] ok=True 4.8s est_before={'total': 525, 'fillup': 0, 'page_patches': 525, 'rows': 25, 'cols': 21, 'pages': 1, 'patch': (8.33, 8.56), 'pitch': None} actual={'total': 525, 'fillup': 0, 'page_patches': 525, 'rows': 25, 'cols': 21, 'pages': 1, 'patch': (8.3, 8.55), 'pitch': None} status='Margins: OK' eng=['[ChromIQ layout engine] Drawing the pages. This part runs in one go and cannot be stopped, so the window will not respond until it is finished.', '[ChromIQ layout engine] 525 patches (25×21), 1 page, random start 1436201337']
2026-09-07 07:59:49,697 [INFO] assess:   json Test Runs/logs/d02_matrix.json
2026-09-07 07:59:49,697 [INFO] assess:   armed: dialog ~'scanner' -> click 'OK' hex heads-up (hex modes only)
2026-09-07 07:59:49,697 [INFO] assess:   armed: dialog ~'quite fill' -> click 'OK' last page hint
2026-09-07 07:59:49,697 [INFO] assess:   armed: dialog ~'already' -> click 'Continue this project' S4.7 on 2nd+ build
2026-09-07 07:59:50,521 [DEBUG] core.settings: settings.set helper_markers_show = False
2026-09-07 07:59:50,521 [DEBUG] core.settings: settings.set helper_marker_edge_mm = 2.0
2026-09-07 07:59:50,521 [DEBUG] core.settings: settings.set helper_marker_len_mm = 2.0
2026-09-07 07:59:50,521 [DEBUG] core.settings: settings.set helper_marker_per_patch = 3
2026-09-07 07:59:50,521 [DEBUG] core.settings: settings.set helper_markers_top_bottom = True
2026-09-07 07:59:50,521 [DEBUG] core.settings: settings.set helper_markers_sides = True
2026-09-07 07:59:51,187 [INFO] ui.tabs.tab_chart: chart build (Generate Chart) in manual: patch set targen | manual panel: A4R, 0x0 grid, margins T38.0 R9.0 B9.0 L26.0
2026-09-07 07:59:51,195 [DEBUG] core.settings: settings.set session_ti3_path = ''
2026-09-07 07:59:51,195 [DEBUG] core.settings: settings.set session_icc_path = ''
2026-09-07 07:59:51,195 [DEBUG] core.settings: settings.set session_cal_ti3_path = ''
2026-09-07 07:59:51,197 [DEBUG] core.file_manager: Target name set to: A2-Instruments (root /Users/Basti/ChromIQ-assessment/A2-Instruments)
2026-09-07 07:59:51,198 [INFO] core.file_manager: opened the EXISTING project at /Users/Basti/ChromIQ-assessment/A2-Instruments (1 run(s) on disk)
2026-09-07 07:59:51,244 [INFO] workflow.chart_creator: Chart generation: 544 patches, instrument=i1 paper=A4R disable_lb=True
2026-09-07 07:59:51,244 [INFO] workflow.chart_creator: targen args: ['-v', '-d2', '-f544', '-e4', '-B4', '-G', '-g31', 'A2-Instruments']
2026-09-07 07:59:51,245 [INFO] core.argyll_runner: Run: /Applications/Argyll/bin/targen -v -d2 -f544 -e4 -B4 -G -g31 A2-Instruments  [cwd=/Users/Basti/ChromIQ-assessment/A2-Instruments/runs/run1]
2026-09-07 07:59:51,305 [DEBUG] core.argyll_runner: [argyll] iRGB test chart
2026-09-07 07:59:51,305 [DEBUG] core.argyll_runner: [argyll] White patches = 4
2026-09-07 07:59:51,306 [DEBUG] core.argyll_runner: [argyll] Black patches = 4
2026-09-07 07:59:51,306 [DEBUG] core.argyll_runner: [argyll] Composite Grey steps = 31
2026-09-07 07:59:51,306 [DEBUG] core.argyll_runner: [argyll] Full spread patches = 544
2026-09-07 07:59:51,306 [DEBUG] core.argyll_runner: [argyll] Degree of adaptation: 0.100
2026-09-07 07:59:51,306 [DEBUG] core.argyll_runner: [argyll] Adaptation weights: Device = 0.935, Perceptual = 0.065, Curvature = 0.010
2026-09-07 07:59:51,306 [DEBUG] core.argyll_runner: [argyll] Perceptual cache resolution = 9
2026-09-07 07:59:51,307 [DEBUG] core.argyll_runner: [argyll] Seeding cache...done
2026-09-07 07:59:51,307 [DEBUG] core.argyll_runner: [argyll] Acceleration grid res = 9
2026-09-07 07:59:51,307 [DEBUG] core.argyll_runner: [argyll] 
2026-09-07 07:59:51,307 [DEBUG] core.argyll_runner: [argyll] There are 31 unique fixed points to add (37 total fixed points)
2026-09-07 07:59:51,307 [DEBUG] core.argyll_runner: [argyll] There are 507 far spread points to add
2026-09-07 07:59:51,307 [DEBUG] core.argyll_runner: [argyll] 
2026-09-07 07:59:51,307 [DEBUG] core.argyll_runner: [argyll] Added 12/538
2026-09-07 07:59:51,308 [DEBUG] core.argyll_runner: [argyll] Added 23/538
2026-09-07 07:59:51,308 [DEBUG] core.argyll_runner: [argyll] Added 34/538
2026-09-07 07:59:51,308 [DEBUG] core.argyll_runner: [argyll] Added 45/538
2026-09-07 07:59:51,309 [DEBUG] core.argyll_runner: [argyll] Added 56/538
2026-09-07 07:59:51,309 [DEBUG] core.argyll_runner: [argyll] Added 67/538
2026-09-07 07:59:51,310 [DEBUG] core.argyll_runner: [argyll] Added 78/538
2026-09-07 07:59:51,310 [DEBUG] core.argyll_runner: [argyll] Added 89/538
2026-09-07 07:59:51,311 [DEBUG] core.argyll_runner: [argyll] Added 100/538
2026-09-07 07:59:51,312 [DEBUG] core.argyll_runner: [argyll] Added 111/538
2026-09-07 07:59:51,332 [DEBUG] core.argyll_runner: [argyll] 
2026-09-07 07:59:51,333 [DEBUG] core.argyll_runner: [argyll] Added 122/538
2026-09-07 07:59:51,333 [DEBUG] core.argyll_runner: [argyll] Added 133/538
2026-09-07 07:59:51,333 [DEBUG] core.argyll_runner: [argyll] Added 144/538
2026-09-07 07:59:51,333 [DEBUG] core.argyll_runner: [argyll] Added 155/538
2026-09-07 07:59:51,334 [DEBUG] core.argyll_runner: [argyll] Added 166/538
2026-09-07 07:59:51,334 [DEBUG] core.argyll_runner: [argyll] Added 177/538
2026-09-07 07:59:51,335 [DEBUG] core.argyll_runner: [argyll] Added 188/538
2026-09-07 07:59:51,336 [DEBUG] core.argyll_runner: [argyll] Added 199/538
2026-09-07 07:59:51,337 [DEBUG] core.argyll_runner: [argyll] Added 210/538
2026-09-07 07:59:51,338 [DEBUG] core.argyll_runner: [argyll] Added 221/538
2026-09-07 07:59:51,340 [DEBUG] core.argyll_runner: [argyll] Added 232/538
2026-09-07 07:59:51,341 [DEBUG] core.argyll_runner: [argyll] Added 243/538
2026-09-07 07:59:51,342 [DEBUG] core.argyll_runner: [argyll] Added 254/538
2026-09-07 07:59:51,344 [DEBUG] core.argyll_runner: [argyll] Added 265/538
2026-09-07 07:59:51,346 [DEBUG] core.argyll_runner: [argyll] Added 276/538
2026-09-07 07:59:51,348 [DEBUG] core.argyll_runner: [argyll] Added 287/538
2026-09-07 07:59:51,350 [DEBUG] core.argyll_runner: [argyll] Added 298/538
2026-09-07 07:59:51,352 [DEBUG] core.argyll_runner: [argyll] Added 309/538
2026-09-07 07:59:51,354 [DEBUG] core.argyll_runner: [argyll] Added 320/538
2026-09-07 07:59:51,356 [DEBUG] core.argyll_runner: [argyll] Added 331/538
2026-09-07 07:59:51,359 [DEBUG] core.argyll_runner: [argyll] Added 342/538
2026-09-07 07:59:51,362 [DEBUG] core.argyll_runner: [argyll] Added 353/538
2026-09-07 07:59:51,364 [DEBUG] core.argyll_runner: [argyll] Added 364/538
2026-09-07 07:59:51,367 [DEBUG] core.argyll_runner: [argyll] Added 375/538
2026-09-07 07:59:51,370 [DEBUG] core.argyll_runner: [argyll] Added 386/538
2026-09-07 07:59:51,373 [DEBUG] core.argyll_runner: [argyll] Added 397/538
2026-09-07 07:59:51,377 [DEBUG] core.argyll_runner: [argyll] Added 408/538
2026-09-07 07:59:51,380 [DEBUG] core.argyll_runner: [argyll] Added 419/538
2026-09-07 07:59:51,384 [DEBUG] core.argyll_runner: [argyll] Added 430/538
2026-09-07 07:59:51,400 [DEBUG] core.argyll_runner: [argyll] 
2026-09-07 07:59:51,401 [DEBUG] core.argyll_runner: [argyll] Added 441/538
2026-09-07 07:59:51,401 [DEBUG] core.argyll_runner: [argyll] Added 452/538
2026-09-07 07:59:51,402 [DEBUG] core.argyll_runner: [argyll] Added 463/538
2026-09-07 07:59:51,402 [DEBUG] core.argyll_runner: [argyll] Added 474/538
2026-09-07 07:59:51,403 [DEBUG] core.argyll_runner: [argyll] Added 485/538
2026-09-07 07:59:51,403 [DEBUG] core.argyll_runner: [argyll] Added 496/538
2026-09-07 07:59:51,404 [DEBUG] core.argyll_runner: [argyll] Added 507/538
2026-09-07 07:59:51,405 [DEBUG] core.argyll_runner: [argyll] Added 518/538
2026-09-07 07:59:51,406 [DEBUG] core.argyll_runner: [argyll] Added 529/538
2026-09-07 07:59:51,407 [DEBUG] core.argyll_runner: [argyll] Added 538/538
2026-09-07 07:59:52,301 [DEBUG] core.argyll_runner: [argyll] 
2026-09-07 07:59:52,302 [DEBUG] core.argyll_runner: [argyll] After seeding points: MinPoint = 4.805, Min = 3.439, Avg. = 10.757, Max = 13.441, 0.1 secs
2026-09-07 07:59:52,302 [DEBUG] core.argyll_runner: [argyll] Re-seeding
2026-09-07 07:59:52,302 [DEBUG] core.argyll_runner: [argyll] It 1: Maxmv = 0.094177, MinPoint = 2.853, Min = 1.441, Avg. = 10.765, Max = 14.640, 0.0 secs.
2026-09-07 07:59:52,303 [DEBUG] core.argyll_runner: [argyll] Re-seeding
2026-09-07 07:59:52,303 [DEBUG] core.argyll_runner: [argyll] It 2: Maxmv = 0.096227, MinPoint = 4.814, Min = 4.162, Avg. = 10.675, Max = 15.208, 0.0 secs.
2026-09-07 07:59:52,303 [DEBUG] core.argyll_runner: [argyll] Re-seeding
2026-09-07 07:59:52,304 [DEBUG] core.argyll_runner: [argyll] It 3: Maxmv = 0.088418, MinPoint = 3.172, Min = 5.104, Avg. = 10.597, Max = 14.338, 0.0 secs.
2026-09-07 07:59:52,304 [DEBUG] core.argyll_runner: [argyll] Re-seeding
2026-09-07 07:59:52,304 [DEBUG] core.argyll_runner: [argyll] It 4: Maxmv = 0.071324, MinPoint = 5.328, Min = 5.104, Avg. = 10.519, Max = 14.262, 0.0 secs.
2026-09-07 07:59:52,304 [DEBUG] core.argyll_runner: [argyll] Re-seeding
2026-09-07 07:59:52,305 [DEBUG] core.argyll_runner: [argyll] It 5: Maxmv = 0.067895, MinPoint = 5.551, Min = 5.104, Avg. = 10.437, Max = 13.057, 0.0 secs.
2026-09-07 07:59:52,305 [DEBUG] core.argyll_runner: [argyll] Re-seeding
2026-09-07 07:59:52,305 [DEBUG] core.argyll_runner: [argyll] It 6: Maxmv = 0.068421, MinPoint = 5.056, Min = 5.104, Avg. = 10.385, Max = 13.404, 0.0 secs.
2026-09-07 07:59:52,305 [DEBUG] core.argyll_runner: [argyll] Re-seeding
2026-09-07 07:59:52,306 [DEBUG] core.argyll_runner: [argyll] It 7: Maxmv = 0.053379, MinPoint = 5.551, Min = 5.104, Avg. = 10.356, Max = 12.990, 0.0 secs.
2026-09-07 07:59:52,306 [DEBUG] core.argyll_runner: [argyll] Re-seeding
2026-09-07 07:59:52,306 [DEBUG] core.argyll_runner: [argyll] It 8: Maxmv = 0.051636, MinPoint = 5.551, Min = 5.104, Avg. = 10.325, Max = 13.366, 0.0 secs.
2026-09-07 07:59:52,306 [DEBUG] core.argyll_runner: [argyll] Re-seeding
2026-09-07 07:59:52,307 [DEBUG] core.argyll_runner: [argyll] It 9: Maxmv = 0.049121, MinPoint = 5.551, Min = 5.104, Avg. = 10.295, Max = 12.601, 0.0 secs.
2026-09-07 07:59:52,307 [DEBUG] core.argyll_runner: [argyll] Re-seeding
2026-09-07 07:59:52,307 [DEBUG] core.argyll_runner: [argyll] It 10: Maxmv = 0.034383, MinPoint = 5.551, Min = 5.104, Avg. = 10.263, Max = 12.821, 0.0 secs.
2026-09-07 07:59:52,308 [DEBUG] core.argyll_runner: [argyll] Re-seeding
2026-09-07 07:59:52,308 [DEBUG] core.argyll_runner: [argyll] It 11: Maxmv = 0.029560, MinPoint = 5.551, Min = 5.104, Avg. = 10.249, Max = 12.564, 0.0 secs.
2026-09-07 07:59:52,308 [DEBUG] core.argyll_runner: [argyll] Re-seeding
2026-09-07 07:59:52,308 [DEBUG] core.argyll_runner: [argyll] It 12: Maxmv = 0.026974, MinPoint = 5.551, Min = 5.104, Avg. = 10.227, Max = 12.168, 0.0 secs.
2026-09-07 07:59:52,309 [DEBUG] core.argyll_runner: [argyll] Re-seeding
2026-09-07 07:59:52,309 [DEBUG] core.argyll_runner: [argyll] It 13: Maxmv = 0.020718, MinPoint = 5.551, Min = 5.104, Avg. = 10.212, Max = 12.221, 0.0 secs.
2026-09-07 07:59:52,309 [DEBUG] core.argyll_runner: [argyll] Re-seeding
2026-09-07 07:59:52,309 [DEBUG] core.argyll_runner: [argyll] It 14: Maxmv = 0.019694, MinPoint = 5.551, Min = 5.104, Avg. = 10.199, Max = 12.186, 0.0 secs.
2026-09-07 07:59:52,310 [DEBUG] core.argyll_runner: [argyll] Re-seeding
2026-09-07 07:59:52,310 [DEBUG] core.argyll_runner: [argyll] It 15: Maxmv = 0.013735, MinPoint = 5.551, Min = 5.104, Avg. = 10.193, Max = 11.944, 0.0 secs.
2026-09-07 07:59:52,310 [DEBUG] core.argyll_runner: [argyll] Re-seeding
2026-09-07 07:59:52,310 [DEBUG] core.argyll_runner: [argyll] It 16: Maxmv = 0.010238, MinPoint = 5.551, Min = 5.104, Avg. = 10.188, Max = 11.925, 0.0 secs.
2026-09-07 07:59:52,311 [DEBUG] core.argyll_runner: [argyll] Re-seeding
2026-09-07 07:59:52,311 [DEBUG] core.argyll_runner: [argyll] It 17: Maxmv = 0.009096, MinPoint = 5.551, Min = 5.104, Avg. = 10.184, Max = 11.906, 0.0 secs.
2026-09-07 07:59:52,311 [DEBUG] core.argyll_runner: [argyll] Re-seeding
2026-09-07 07:59:52,311 [DEBUG] core.argyll_runner: [argyll] It 18: Maxmv = 0.005069, MinPoint = 5.551, Min = 5.104, Avg. = 10.183, Max = 11.889, 0.0 secs.
2026-09-07 07:59:52,312 [DEBUG] core.argyll_runner: [argyll] Re-seeding
2026-09-07 07:59:52,312 [DEBUG] core.argyll_runner: [argyll] It 19: Maxmv = 0.002048, MinPoint = 5.551, Min = 5.104, Avg. = 10.184, Max = 11.888, 0.0 secs.
2026-09-07 07:59:52,312 [DEBUG] core.argyll_runner: [argyll] Re-seeding
2026-09-07 07:59:52,312 [DEBUG] core.argyll_runner: [argyll] It 20: Maxmv = 0.001590, MinPoint = 5.551, Min = 5.104, Avg. = 10.184, Max = 11.890, 0.0 secs.
2026-09-07 07:59:52,313 [DEBUG] core.argyll_runner: [argyll] After optimization: MinPoint = 5.551, Min = 5.104, Avg. = 10.184, Max = 11.890
2026-09-07 07:59:52,313 [DEBUG] core.argyll_runner: [argyll] Total number of patches = 544
2026-09-07 07:59:52,313 [DEBUG] core.argyll_runner: [argyll] Execution time = 1.001663 seconds
2026-09-07 07:59:52,314 [INFO] core.argyll_runner: ArgyllRunner: finished with code 0
2026-09-07 07:59:52,877 [DEBUG] workflow.chart_creator: Wrote channel sidecar A2-Instruments.channels.json: ['r', 'g', 'b']
2026-09-07 07:59:52,953 [DEBUG] ui.tiff_preview: TiffPreview: loaded 1 page(s)
2026-09-07 07:59:52,953 [INFO] ui.tabs.tab_chart: Preview loaded: 1 TIFF(s)
2026-09-07 07:59:52,997 [DEBUG] ui.tiff_preview: TiffPreview: loaded 1 page(s)
2026-09-07 07:59:52,998 [DEBUG] ui.tiff_preview: TiffPreview: loaded 1 page(s)
2026-09-07 07:59:53,004 [DEBUG] ui.tabs.tab_chart: create-chart settings written for run1 (40 parameters + ui state)
2026-09-07 07:59:54,777 [INFO] assess:   shot Screenshots/A2-instruments/i1-clip-A4R-preview.png  (2232x1136)
2026-09-07 07:59:54,777 [INFO] assess: [i1-clip-A4R] ok=True 5.1s est_before={'total': 544, 'fillup': 0, 'page_patches': 544, 'rows': 17, 'cols': 32, 'pages': 1, 'patch': (8.18, 8.52), 'pitch': None} actual={'total': 544, 'fillup': 0, 'page_patches': 544, 'rows': 17, 'cols': 32, 'pages': 1, 'patch': (8.21, 8.47), 'pitch': None} status='Margins: OK' eng=['[ChromIQ layout engine] Drawing the pages. This part runs in one go and cannot be stopped, so the window will not respond until it is finished.', '[ChromIQ layout engine] 544 patches (17×32), 1 page, random start 1317510474']
2026-09-07 07:59:54,778 [INFO] assess:   json Test Runs/logs/d02_matrix.json
2026-09-07 07:59:54,778 [INFO] assess:   armed: dialog ~'scanner' -> click 'OK' hex heads-up (hex modes only)
2026-09-07 07:59:54,778 [INFO] assess:   armed: dialog ~'quite fill' -> click 'OK' last page hint
2026-09-07 07:59:54,778 [INFO] assess:   armed: dialog ~'already' -> click 'Continue this project' S4.7 on 2nd+ build
2026-09-07 07:59:55,598 [DEBUG] core.settings: settings.set helper_markers_show = False
2026-09-07 07:59:55,598 [DEBUG] core.settings: settings.set helper_marker_edge_mm = 2.0
2026-09-07 07:59:55,598 [DEBUG] core.settings: settings.set helper_marker_len_mm = 2.0
2026-09-07 07:59:55,598 [DEBUG] core.settings: settings.set helper_marker_per_patch = 3
2026-09-07 07:59:55,598 [DEBUG] core.settings: settings.set helper_markers_top_bottom = True
2026-09-07 07:59:55,598 [DEBUG] core.settings: settings.set helper_markers_sides = True
2026-09-07 07:59:56,267 [INFO] ui.tabs.tab_chart: chart build (Generate Chart) in manual: patch set targen | manual panel: A3, 0x0 grid, margins T9.0 R9.0 B9.0 L9.0
2026-09-07 07:59:56,270 [DEBUG] core.settings: settings.set session_ti3_path = ''
2026-09-07 07:59:56,270 [DEBUG] core.settings: settings.set session_icc_path = ''
2026-09-07 07:59:56,270 [DEBUG] core.settings: settings.set session_cal_ti3_path = ''
2026-09-07 07:59:56,272 [DEBUG] core.file_manager: Target name set to: A2-Instruments (root /Users/Basti/ChromIQ-assessment/A2-Instruments)
2026-09-07 07:59:56,272 [INFO] core.file_manager: opened the EXISTING project at /Users/Basti/ChromIQ-assessment/A2-Instruments (1 run(s) on disk)
2026-09-07 07:59:56,318 [INFO] workflow.chart_creator: Chart generation: 1376 patches, instrument=i1 paper=A3 disable_lb=True
2026-09-07 07:59:56,319 [INFO] workflow.chart_creator: targen args: ['-v', '-d2', '-f1376', '-e8', '-B8', '-G', '-g79', 'A2-Instruments']
2026-09-07 07:59:56,319 [INFO] core.argyll_runner: Run: /Applications/Argyll/bin/targen -v -d2 -f1376 -e8 -B8 -G -g79 A2-Instruments  [cwd=/Users/Basti/ChromIQ-assessment/A2-Instruments/runs/run1]
2026-09-07 07:59:56,383 [DEBUG] core.argyll_runner: [argyll] iRGB test chart
2026-09-07 07:59:56,383 [DEBUG] core.argyll_runner: [argyll] White patches = 8
2026-09-07 07:59:56,383 [DEBUG] core.argyll_runner: [argyll] Black patches = 8
2026-09-07 07:59:56,383 [DEBUG] core.argyll_runner: [argyll] Composite Grey steps = 79
2026-09-07 07:59:56,383 [DEBUG] core.argyll_runner: [argyll] Full spread patches = 1376
2026-09-07 07:59:56,383 [DEBUG] core.argyll_runner: [argyll] Degree of adaptation: 0.100
2026-09-07 07:59:56,384 [DEBUG] core.argyll_runner: [argyll] Adaptation weights: Device = 0.935, Perceptual = 0.065, Curvature = 0.010
2026-09-07 07:59:56,384 [DEBUG] core.argyll_runner: [argyll] Perceptual cache resolution = 13
2026-09-07 07:59:56,384 [DEBUG] core.argyll_runner: [argyll] Seeding cache...
2026-09-07 07:59:56,402 [DEBUG] core.argyll_runner: [argyll] done
2026-09-07 07:59:56,403 [DEBUG] core.argyll_runner: [argyll] Acceleration grid res = 12
2026-09-07 07:59:56,403 [DEBUG] core.argyll_runner: [argyll] 
2026-09-07 07:59:56,403 [DEBUG] core.argyll_runner: [argyll] There are 79 unique fixed points to add (93 total fixed points)
2026-09-07 07:59:56,403 [DEBUG] core.argyll_runner: [argyll] There are 1283 far spread points to add
2026-09-07 07:59:56,403 [DEBUG] core.argyll_runner: [argyll] 
2026-09-07 07:59:56,403 [DEBUG] core.argyll_runner: [argyll] Added 12/1362
2026-09-07 07:59:56,404 [DEBUG] core.argyll_runner: [argyll] Added 23/1362
2026-09-07 07:59:56,404 [DEBUG] core.argyll_runner: [argyll] Added 34/1362
2026-09-07 07:59:56,404 [DEBUG] core.argyll_runner: [argyll] Added 45/1362
2026-09-07 07:59:56,404 [DEBUG] core.argyll_runner: [argyll] Added 56/1362
2026-09-07 07:59:56,405 [DEBUG] core.argyll_runner: [argyll] Added 67/1362
2026-09-07 07:59:56,405 [DEBUG] core.argyll_runner: [argyll] Added 78/1362
2026-09-07 07:59:56,437 [DEBUG] core.argyll_runner: [argyll] 
2026-09-07 07:59:56,437 [DEBUG] core.argyll_runner: [argyll] Added 89/1362
2026-09-07 07:59:56,437 [DEBUG] core.argyll_runner: [argyll] Added 100/1362
2026-09-07 07:59:56,437 [DEBUG] core.argyll_runner: [argyll] Added 111/1362
2026-09-07 07:59:56,438 [DEBUG] core.argyll_runner: [argyll] Added 122/1362
2026-09-07 07:59:56,438 [DEBUG] core.argyll_runner: [argyll] Added 133/1362
2026-09-07 07:59:56,439 [DEBUG] core.argyll_runner: [argyll] Added 144/1362
2026-09-07 07:59:56,439 [DEBUG] core.argyll_runner: [argyll] Added 155/1362
2026-09-07 07:59:56,440 [DEBUG] core.argyll_runner: [argyll] Added 166/1362
2026-09-07 07:59:56,440 [DEBUG] core.argyll_runner: [argyll] Added 177/1362
2026-09-07 07:59:56,441 [DEBUG] core.argyll_runner: [argyll] Added 188/1362
2026-09-07 07:59:56,442 [DEBUG] core.argyll_runner: [argyll] Added 199/1362
2026-09-07 07:59:56,444 [DEBUG] core.argyll_runner: [argyll] Added 210/1362
2026-09-07 07:59:56,445 [DEBUG] core.argyll_runner: [argyll] Added 221/1362
2026-09-07 07:59:56,446 [DEBUG] core.argyll_runner: [argyll] Added 232/1362
2026-09-07 07:59:56,448 [DEBUG] core.argyll_runner: [argyll] Added 243/1362
2026-09-07 07:59:56,449 [DEBUG] core.argyll_runner: [argyll] Added 254/1362
2026-09-07 07:59:56,451 [DEBUG] core.argyll_runner: [argyll] Added 265/1362
2026-09-07 07:59:56,453 [DEBUG] core.argyll_runner: [argyll] Added 276/1362
2026-09-07 07:59:56,455 [DEBUG] core.argyll_runner: [argyll] Added 287/1362
2026-09-07 07:59:56,457 [DEBUG] core.argyll_runner: [argyll] Added 298/1362
2026-09-07 07:59:56,460 [DEBUG] core.argyll_runner: [argyll] Added 309/1362
2026-09-07 07:59:56,462 [DEBUG] core.argyll_runner: [argyll] Added 320/1362
2026-09-07 07:59:56,464 [DEBUG] core.argyll_runner: [argyll] Added 331/1362
2026-09-07 07:59:56,467 [DEBUG] core.argyll_runner: [argyll] Added 342/1362
2026-09-07 07:59:56,470 [DEBUG] core.argyll_runner: [argyll] Added 353/1362
2026-09-07 07:59:56,473 [DEBUG] core.argyll_runner: [argyll] Added 364/1362
2026-09-07 07:59:56,489 [DEBUG] core.argyll_runner: [argyll] 
2026-09-07 07:59:56,490 [DEBUG] core.argyll_runner: [argyll] Added 375/1362
2026-09-07 07:59:56,490 [DEBUG] core.argyll_runner: [argyll] Added 386/1362
2026-09-07 07:59:56,490 [DEBUG] core.argyll_runner: [argyll] Added 397/1362
2026-09-07 07:59:56,490 [DEBUG] core.argyll_runner: [argyll] Added 408/1362
2026-09-07 07:59:56,491 [DEBUG] core.argyll_runner: [argyll] Added 419/1362
2026-09-07 07:59:56,491 [DEBUG] core.argyll_runner: [argyll] Added 430/1362
2026-09-07 07:59:56,492 [DEBUG] core.argyll_runner: [argyll] Added 441/1362
2026-09-07 07:59:56,493 [DEBUG] core.argyll_runner: [argyll] Added 452/1362
2026-09-07 07:59:56,494 [DEBUG] core.argyll_runner: [argyll] Added 463/1362
2026-09-07 07:59:56,495 [DEBUG] core.argyll_runner: [argyll] Added 474/1362
2026-09-07 07:59:56,496 [DEBUG] core.argyll_runner: [argyll] Added 485/1362
2026-09-07 07:59:56,498 [DEBUG] core.argyll_runner: [argyll] Added 496/1362
2026-09-07 07:59:56,499 [DEBUG] core.argyll_runner: [argyll] Added 507/1362
2026-09-07 07:59:56,501 [DEBUG] core.argyll_runner: [argyll] Added 518/1362
2026-09-07 07:59:56,503 [DEBUG] core.argyll_runner: [argyll] Added 529/1362
2026-09-07 07:59:56,505 [DEBUG] core.argyll_runner: [argyll] Added 540/1362
2026-09-07 07:59:56,507 [DEBUG] core.argyll_runner: [argyll] Added 551/1362
2026-09-07 07:59:56,509 [DEBUG] core.argyll_runner: [argyll] Added 562/1362
2026-09-07 07:59:56,511 [DEBUG] core.argyll_runner: [argyll] Added 573/1362
2026-09-07 07:59:56,513 [DEBUG] core.argyll_runner: [argyll] Added 584/1362
2026-09-07 07:59:56,516 [DEBUG] core.argyll_runner: [argyll] Added 595/1362
2026-09-07 07:59:56,519 [DEBUG] core.argyll_runner: [argyll] Added 606/1362
2026-09-07 07:59:56,521 [DEBUG] core.argyll_runner: [argyll] Added 617/1362
2026-09-07 07:59:56,524 [DEBUG] core.argyll_runner: [argyll] Added 628/1362
2026-09-07 07:59:56,527 [DEBUG] core.argyll_runner: [argyll] Added 639/1362
2026-09-07 07:59:56,530 [DEBUG] core.argyll_runner: [argyll] Added 650/1362
2026-09-07 07:59:56,534 [DEBUG] core.argyll_runner: [argyll] Added 661/1362
2026-09-07 07:59:56,537 [DEBUG] core.argyll_runner: [argyll] Added 672/1362
2026-09-07 07:59:56,541 [DEBUG] core.argyll_runner: [argyll] Added 683/1362
2026-09-07 07:59:56,544 [DEBUG] core.argyll_runner: [argyll] Added 694/1362
2026-09-07 07:59:56,548 [DEBUG] core.argyll_runner: [argyll] Added 705/1362
2026-09-07 07:59:56,552 [DEBUG] core.argyll_runner: [argyll] Added 716/1362
2026-09-07 07:59:56,556 [DEBUG] core.argyll_runner: [argyll] Added 727/1362
2026-09-07 07:59:56,561 [DEBUG] core.argyll_runner: [argyll] Added 738/1362
2026-09-07 07:59:56,565 [DEBUG] core.argyll_runner: [argyll] Added 749/1362
2026-09-07 07:59:56,570 [DEBUG] core.argyll_runner: [argyll] Added 760/1362
2026-09-07 07:59:56,574 [DEBUG] core.argyll_runner: [argyll] Added 771/1362
2026-09-07 07:59:56,579 [DEBUG] core.argyll_runner: [argyll] Added 782/1362
2026-09-07 07:59:56,584 [DEBUG] core.argyll_runner: [argyll] Added 793/1362
2026-09-07 07:59:56,589 [DEBUG] core.argyll_runner: [argyll] Added 804/1362
2026-09-07 07:59:56,595 [DEBUG] core.argyll_runner: [argyll] Added 815/1362
2026-09-07 07:59:56,600 [DEBUG] core.argyll_runner: [argyll] Added 826/1362
2026-09-07 07:59:56,606 [DEBUG] core.argyll_runner: [argyll] Added 837/1362
2026-09-07 07:59:56,612 [DEBUG] core.argyll_runner: [argyll] Added 848/1362
2026-09-07 07:59:56,618 [DEBUG] core.argyll_runner: [argyll] Added 859/1362
2026-09-07 07:59:56,624 [DEBUG] core.argyll_runner: [argyll] Added 870/1362
2026-09-07 07:59:56,630 [DEBUG] core.argyll_runner: [argyll] Added 881/1362
2026-09-07 07:59:56,636 [DEBUG] core.argyll_runner: [argyll] Added 892/1362
2026-09-07 07:59:56,642 [DEBUG] core.argyll_runner: [argyll] Added 903/1362
2026-09-07 07:59:56,649 [DEBUG] core.argyll_runner: [argyll] Added 914/1362
2026-09-07 07:59:56,656 [DEBUG] core.argyll_runner: [argyll] Added 925/1362
2026-09-07 07:59:56,676 [DEBUG] core.argyll_runner: [argyll] 
2026-09-07 07:59:56,678 [DEBUG] core.argyll_runner: [argyll] Added 936/1362
2026-09-07 07:59:56,678 [DEBUG] core.argyll_runner: [argyll] Added 947/1362
2026-09-07 07:59:56,679 [DEBUG] core.argyll_runner: [argyll] Added 958/1362
2026-09-07 07:59:56,679 [DEBUG] core.argyll_runner: [argyll] Added 969/1362
2026-09-07 07:59:56,679 [DEBUG] core.argyll_runner: [argyll] Added 980/1362
2026-09-07 07:59:56,680 [DEBUG] core.argyll_runner: [argyll] Added 991/1362
2026-09-07 07:59:56,681 [DEBUG] core.argyll_runner: [argyll] Added 1002/1362
2026-09-07 07:59:56,682 [DEBUG] core.argyll_runner: [argyll] Added 1013/1362
2026-09-07 07:59:56,683 [DEBUG] core.argyll_runner: [argyll] Added 1024/1362
2026-09-07 07:59:56,684 [DEBUG] core.argyll_runner: [argyll] Added 1035/1362
2026-09-07 07:59:56,685 [DEBUG] core.argyll_runner: [argyll] Added 1046/1362
2026-09-07 07:59:56,687 [DEBUG] core.argyll_runner: [argyll] Added 1057/1362
2026-09-07 07:59:56,688 [DEBUG] core.argyll_runner: [argyll] Added 1068/1362
2026-09-07 07:59:56,690 [DEBUG] core.argyll_runner: [argyll] Added 1079/1362
2026-09-07 07:59:56,692 [DEBUG] core.argyll_runner: [argyll] Added 1090/1362
2026-09-07 07:59:56,693 [DEBUG] core.argyll_runner: [argyll] Added 1101/1362
2026-09-07 07:59:56,695 [DEBUG] core.argyll_runner: [argyll] Added 1112/1362
2026-09-07 07:59:56,698 [DEBUG] core.argyll_runner: [argyll] Added 1123/1362
2026-09-07 07:59:56,700 [DEBUG] core.argyll_runner: [argyll] Added 1134/1362
2026-09-07 07:59:56,702 [DEBUG] core.argyll_runner: [argyll] Added 1145/1362
2026-09-07 07:59:56,705 [DEBUG] core.argyll_runner: [argyll] Added 1156/1362
2026-09-07 07:59:56,708 [DEBUG] core.argyll_runner: [argyll] Added 1167/1362
2026-09-07 07:59:56,710 [DEBUG] core.argyll_runner: [argyll] Added 1178/1362
2026-09-07 07:59:56,713 [DEBUG] core.argyll_runner: [argyll] Added 1189/1362
2026-09-07 07:59:56,717 [DEBUG] core.argyll_runner: [argyll] Added 1200/1362
2026-09-07 07:59:56,720 [DEBUG] core.argyll_runner: [argyll] Added 1211/1362
2026-09-07 07:59:56,723 [DEBUG] core.argyll_runner: [argyll] Added 1222/1362
2026-09-07 07:59:56,727 [DEBUG] core.argyll_runner: [argyll] Added 1233/1362
2026-09-07 07:59:56,730 [DEBUG] core.argyll_runner: [argyll] Added 1244/1362
2026-09-07 07:59:56,734 [DEBUG] core.argyll_runner: [argyll] Added 1255/1362
2026-09-07 07:59:56,738 [DEBUG] core.argyll_runner: [argyll] Added 1266/1362
2026-09-07 07:59:56,742 [DEBUG] core.argyll_runner: [argyll] Added 1277/1362
2026-09-07 07:59:56,746 [DEBUG] core.argyll_runner: [argyll] Added 1288/1362
2026-09-07 07:59:56,750 [DEBUG] core.argyll_runner: [argyll] Added 1299/1362
2026-09-07 07:59:56,755 [DEBUG] core.argyll_runner: [argyll] Added 1310/1362
2026-09-07 07:59:56,759 [DEBUG] core.argyll_runner: [argyll] Added 1321/1362
2026-09-07 07:59:56,764 [DEBUG] core.argyll_runner: [argyll] Added 1332/1362
2026-09-07 07:59:56,769 [DEBUG] core.argyll_runner: [argyll] Added 1343/1362
2026-09-07 07:59:56,773 [DEBUG] core.argyll_runner: [argyll] Added 1354/1362
2026-09-07 07:59:56,778 [DEBUG] core.argyll_runner: [argyll] Added 1362/1362
2026-09-07 07:59:59,316 [DEBUG] core.argyll_runner: [argyll] 
2026-09-07 07:59:59,317 [DEBUG] core.argyll_runner: [argyll] After seeding points: MinPoint = 2.130, Min = 1.956, Avg. = 7.763, Max = 9.871, 0.2 secs
2026-09-07 07:59:59,318 [DEBUG] core.argyll_runner: [argyll] Re-seeding
2026-09-07 07:59:59,318 [DEBUG] core.argyll_runner: [argyll] It 1: Maxmv = 0.081922, MinPoint = 2.061, Min = 1.956, Avg. = 7.735, Max = 10.437, 0.1 secs.
2026-09-07 07:59:59,318 [DEBUG] core.argyll_runner: [argyll] Re-seeding
2026-09-07 07:59:59,318 [DEBUG] core.argyll_runner: [argyll] It 2: Maxmv = 0.083281, MinPoint = 2.130, Min = 1.956, Avg. = 7.683, Max = 10.531, 0.1 secs.
2026-09-07 07:59:59,319 [DEBUG] core.argyll_runner: [argyll] Re-seeding
2026-09-07 07:59:59,319 [DEBUG] core.argyll_runner: [argyll] It 3: Maxmv = 0.053730, MinPoint = 2.130, Min = 1.956, Avg. = 7.633, Max = 10.093, 0.1 secs.
2026-09-07 07:59:59,319 [DEBUG] core.argyll_runner: [argyll] Re-seeding
2026-09-07 07:59:59,319 [DEBUG] core.argyll_runner: [argyll] It 4: Maxmv = 0.055509, MinPoint = 2.130, Min = 1.956, Avg. = 7.592, Max = 9.877, 0.1 secs.
2026-09-07 07:59:59,320 [DEBUG] core.argyll_runner: [argyll] Re-seeding
2026-09-07 07:59:59,320 [DEBUG] core.argyll_runner: [argyll] It 5: Maxmv = 0.048706, MinPoint = 2.130, Min = 1.956, Avg. = 7.548, Max = 9.739, 0.1 secs.
2026-09-07 07:59:59,320 [DEBUG] core.argyll_runner: [argyll] Re-seeding
2026-09-07 07:59:59,320 [DEBUG] core.argyll_runner: [argyll] It 6: Maxmv = 0.043095, MinPoint = 2.130, Min = 1.956, Avg. = 7.516, Max = 9.585, 0.1 secs.
2026-09-07 07:59:59,321 [DEBUG] core.argyll_runner: [argyll] Re-seeding
2026-09-07 07:59:59,321 [DEBUG] core.argyll_runner: [argyll] It 7: Maxmv = 0.037790, MinPoint = 2.130, Min = 1.956, Avg. = 7.472, Max = 9.965, 0.1 secs.
2026-09-07 07:59:59,321 [DEBUG] core.argyll_runner: [argyll] Re-seeding
2026-09-07 07:59:59,321 [DEBUG] core.argyll_runner: [argyll] It 8: Maxmv = 0.030666, MinPoint = 2.130, Min = 1.956, Avg. = 7.443, Max = 9.308, 0.1 secs.
2026-09-07 07:59:59,322 [DEBUG] core.argyll_runner: [argyll] Re-seeding
2026-09-07 07:59:59,322 [DEBUG] core.argyll_runner: [argyll] It 9: Maxmv = 0.031441, MinPoint = 2.130, Min = 1.956, Avg. = 7.418, Max = 9.499, 0.1 secs.
2026-09-07 07:59:59,322 [DEBUG] core.argyll_runner: [argyll] Re-seeding
2026-09-07 07:59:59,322 [DEBUG] core.argyll_runner: [argyll] It 10: Maxmv = 0.025396, MinPoint = 2.130, Min = 1.956, Avg. = 7.396, Max = 9.221, 0.1 secs.
2026-09-07 07:59:59,323 [DEBUG] core.argyll_runner: [argyll] Re-seeding
2026-09-07 07:59:59,323 [DEBUG] core.argyll_runner: [argyll] It 11: Maxmv = 0.021812, MinPoint = 2.130, Min = 1.956, Avg. = 7.379, Max = 9.057, 0.1 secs.
2026-09-07 07:59:59,323 [DEBUG] core.argyll_runner: [argyll] Re-seeding
2026-09-07 07:59:59,323 [DEBUG] core.argyll_runner: [argyll] It 12: Maxmv = 0.016568, MinPoint = 2.130, Min = 1.956, Avg. = 7.365, Max = 8.860, 0.1 secs.
2026-09-07 07:59:59,324 [DEBUG] core.argyll_runner: [argyll] Re-seeding
2026-09-07 07:59:59,324 [DEBUG] core.argyll_runner: [argyll] It 13: Maxmv = 0.018023, MinPoint = 2.130, Min = 1.956, Avg. = 7.359, Max = 8.835, 0.1 secs.
2026-09-07 07:59:59,324 [DEBUG] core.argyll_runner: [argyll] Re-seeding
2026-09-07 07:59:59,324 [DEBUG] core.argyll_runner: [argyll] It 14: Maxmv = 0.013784, MinPoint = 2.130, Min = 1.956, Avg. = 7.349, Max = 8.768, 0.1 secs.
2026-09-07 07:59:59,325 [DEBUG] core.argyll_runner: [argyll] Re-seeding
2026-09-07 07:59:59,325 [DEBUG] core.argyll_runner: [argyll] It 15: Maxmv = 0.008696, MinPoint = 2.130, Min = 1.956, Avg. = 7.346, Max = 8.747, 0.1 secs.
2026-09-07 07:59:59,325 [DEBUG] core.argyll_runner: [argyll] Re-seeding
2026-09-07 07:59:59,325 [DEBUG] core.argyll_runner: [argyll] It 16: Maxmv = 0.007547, MinPoint = 2.130, Min = 1.956, Avg. = 7.345, Max = 8.740, 0.1 secs.
2026-09-07 07:59:59,326 [DEBUG] core.argyll_runner: [argyll] Re-seeding
2026-09-07 07:59:59,326 [DEBUG] core.argyll_runner: [argyll] It 17: Maxmv = 0.005819, MinPoint = 2.130, Min = 1.956, Avg. = 7.344, Max = 8.708, 0.1 secs.
2026-09-07 07:59:59,326 [DEBUG] core.argyll_runner: [argyll] Re-seeding
2026-09-07 07:59:59,326 [DEBUG] core.argyll_runner: [argyll] It 18: Maxmv = 0.003177, MinPoint = 2.130, Min = 1.956, Avg. = 7.345, Max = 8.656, 0.1 secs.
2026-09-07 07:59:59,327 [DEBUG] core.argyll_runner: [argyll] Re-seeding
2026-09-07 07:59:59,327 [DEBUG] core.argyll_runner: [argyll] It 19: Maxmv = 0.001094, MinPoint = 2.130, Min = 1.956, Avg. = 7.345, Max = 8.650, 0.1 secs.
2026-09-07 07:59:59,327 [DEBUG] core.argyll_runner: [argyll] Re-seeding
2026-09-07 07:59:59,327 [DEBUG] core.argyll_runner: [argyll] It 20: Maxmv = 0.001150, MinPoint = 2.130, Min = 1.956, Avg. = 7.346, Max = 8.661, 0.1 secs.
2026-09-07 07:59:59,328 [DEBUG] core.argyll_runner: [argyll] After optimization: MinPoint = 2.130, Min = 1.956, Avg. = 7.346, Max = 8.661
2026-09-07 07:59:59,328 [DEBUG] core.argyll_runner: [argyll] Total number of patches = 1376
2026-09-07 07:59:59,328 [DEBUG] core.argyll_runner: [argyll] Execution time = 2.930012 seconds
2026-09-07 07:59:59,329 [INFO] core.argyll_runner: ArgyllRunner: finished with code 0
2026-09-07 07:59:59,942 [DEBUG] workflow.chart_creator: Wrote channel sidecar A2-Instruments.channels.json: ['r', 'g', 'b']
2026-09-07 08:00:00,091 [DEBUG] ui.tiff_preview: TiffPreview: loaded 1 page(s)
2026-09-07 08:00:00,091 [INFO] ui.tabs.tab_chart: Preview loaded: 1 TIFF(s)
2026-09-07 08:00:00,146 [DEBUG] ui.tiff_preview: TiffPreview: loaded 1 page(s)
2026-09-07 08:00:00,149 [DEBUG] ui.tiff_preview: TiffPreview: loaded 1 page(s)
2026-09-07 08:00:00,157 [DEBUG] ui.tabs.tab_chart: create-chart settings written for run1 (40 parameters + ui state)
2026-09-07 08:00:02,594 [INFO] assess:   shot Screenshots/A2-instruments/i1-clip-A3-preview.png  (2232x1186)
2026-09-07 08:00:02,594 [INFO] assess: [i1-clip-A3] ok=True 7.8s est_before={'total': 1376, 'fillup': 0, 'page_patches': 1376, 'rows': 43, 'cols': 32, 'pages': 1, 'patch': (8.18, 8.32), 'pitch': None} actual={'total': 1376, 'fillup': 0, 'page_patches': 1376, 'rows': 43, 'cols': 32, 'pages': 1, 'patch': (8.21, 8.3), 'pitch': None} status='' eng=['[ChromIQ layout engine] Drawing the pages. This part runs in one go and cannot be stopped, so the window will not respond until it is finished.', '[ChromIQ layout engine] 1376 patches (43×32), 1 page, random start 947822066']
2026-09-07 08:00:02,594 [INFO] assess:   json Test Runs/logs/d02_matrix.json
2026-09-07 08:00:02,594 [INFO] assess:   armed: dialog ~'scanner' -> click 'OK' hex heads-up (hex modes only)
2026-09-07 08:00:02,594 [INFO] assess:   armed: dialog ~'quite fill' -> click 'OK' last page hint
2026-09-07 08:00:02,594 [INFO] assess:   armed: dialog ~'already' -> click 'Continue this project' S4.7 on 2nd+ build
2026-09-07 08:00:03,401 [DEBUG] core.settings: settings.set helper_markers_show = False
2026-09-07 08:00:03,401 [DEBUG] core.settings: settings.set helper_marker_edge_mm = 2.0
2026-09-07 08:00:03,401 [DEBUG] core.settings: settings.set helper_marker_len_mm = 2.0
2026-09-07 08:00:03,401 [DEBUG] core.settings: settings.set helper_marker_per_patch = 3
2026-09-07 08:00:03,401 [DEBUG] core.settings: settings.set helper_markers_top_bottom = True
2026-09-07 08:00:03,401 [DEBUG] core.settings: settings.set helper_markers_sides = True
2026-09-07 08:00:04,095 [INFO] ui.tabs.tab_chart: chart build (Generate Chart) in manual: patch set targen | manual panel: 420x297, 0x0 grid, margins T38.0 R9.0 B19.0 L26.0
2026-09-07 08:00:04,096 [DEBUG] core.settings: settings.set session_ti3_path = ''
2026-09-07 08:00:04,096 [DEBUG] core.settings: settings.set session_icc_path = ''
2026-09-07 08:00:04,096 [DEBUG] core.settings: settings.set session_cal_ti3_path = ''
2026-09-07 08:00:04,097 [DEBUG] core.file_manager: Target name set to: A2-Instruments (root /Users/Basti/ChromIQ-assessment/A2-Instruments)
2026-09-07 08:00:04,097 [INFO] core.file_manager: opened the EXISTING project at /Users/Basti/ChromIQ-assessment/A2-Instruments (1 run(s) on disk)
2026-09-07 08:00:04,138 [INFO] workflow.chart_creator: Chart generation: 1248 patches, instrument=i1 paper=420x297 disable_lb=True
2026-09-07 08:00:04,138 [INFO] workflow.chart_creator: targen args: ['-v', '-d2', '-f1248', '-e8', '-B8', '-G', '-g71', 'A2-Instruments']
2026-09-07 08:00:04,138 [INFO] core.argyll_runner: Run: /Applications/Argyll/bin/targen -v -d2 -f1248 -e8 -B8 -G -g71 A2-Instruments  [cwd=/Users/Basti/ChromIQ-assessment/A2-Instruments/runs/run1]
2026-09-07 08:00:04,212 [DEBUG] core.argyll_runner: [argyll] iRGB test chart
2026-09-07 08:00:04,212 [DEBUG] core.argyll_runner: [argyll] White patches = 8
2026-09-07 08:00:04,212 [DEBUG] core.argyll_runner: [argyll] Black patches = 8
2026-09-07 08:00:04,212 [DEBUG] core.argyll_runner: [argyll] Composite Grey steps = 71
2026-09-07 08:00:04,213 [DEBUG] core.argyll_runner: [argyll] Full spread patches = 1248
2026-09-07 08:00:04,213 [DEBUG] core.argyll_runner: [argyll] Degree of adaptation: 0.100
2026-09-07 08:00:04,213 [DEBUG] core.argyll_runner: [argyll] Adaptation weights: Device = 0.935, Perceptual = 0.065, Curvature = 0.010
2026-09-07 08:00:04,213 [DEBUG] core.argyll_runner: [argyll] Perceptual cache resolution = 13
2026-09-07 08:00:04,213 [DEBUG] core.argyll_runner: [argyll] Seeding cache...
2026-09-07 08:00:04,233 [DEBUG] core.argyll_runner: [argyll] done
2026-09-07 08:00:04,233 [DEBUG] core.argyll_runner: [argyll] Acceleration grid res = 12
2026-09-07 08:00:04,233 [DEBUG] core.argyll_runner: [argyll] 
2026-09-07 08:00:04,233 [DEBUG] core.argyll_runner: [argyll] There are 71 unique fixed points to add (85 total fixed points)
2026-09-07 08:00:04,234 [DEBUG] core.argyll_runner: [argyll] There are 1163 far spread points to add
2026-09-07 08:00:04,234 [DEBUG] core.argyll_runner: [argyll] 
2026-09-07 08:00:04,234 [DEBUG] core.argyll_runner: [argyll] Added 12/1234
2026-09-07 08:00:04,234 [DEBUG] core.argyll_runner: [argyll] Added 23/1234
2026-09-07 08:00:04,234 [DEBUG] core.argyll_runner: [argyll] Added 34/1234
2026-09-07 08:00:04,234 [DEBUG] core.argyll_runner: [argyll] Added 45/1234
2026-09-07 08:00:04,235 [DEBUG] core.argyll_runner: [argyll] Added 56/1234
2026-09-07 08:00:04,235 [DEBUG] core.argyll_runner: [argyll] Added 67/1234
2026-09-07 08:00:04,236 [DEBUG] core.argyll_runner: [argyll] Added 78/1234
2026-09-07 08:00:04,267 [DEBUG] core.argyll_runner: [argyll] 
2026-09-07 08:00:04,267 [DEBUG] core.argyll_runner: [argyll] Added 89/1234
2026-09-07 08:00:04,267 [DEBUG] core.argyll_runner: [argyll] Added 100/1234
2026-09-07 08:00:04,268 [DEBUG] core.argyll_runner: [argyll] Added 111/1234
2026-09-07 08:00:04,268 [DEBUG] core.argyll_runner: [argyll] Added 122/1234
2026-09-07 08:00:04,268 [DEBUG] core.argyll_runner: [argyll] Added 133/1234
2026-09-07 08:00:04,269 [DEBUG] core.argyll_runner: [argyll] Added 144/1234
2026-09-07 08:00:04,269 [DEBUG] core.argyll_runner: [argyll] Added 155/1234
2026-09-07 08:00:04,270 [DEBUG] core.argyll_runner: [argyll] Added 166/1234
2026-09-07 08:00:04,271 [DEBUG] core.argyll_runner: [argyll] Added 177/1234
2026-09-07 08:00:04,272 [DEBUG] core.argyll_runner: [argyll] Added 188/1234
2026-09-07 08:00:04,273 [DEBUG] core.argyll_runner: [argyll] Added 199/1234
2026-09-07 08:00:04,274 [DEBUG] core.argyll_runner: [argyll] Added 210/1234
2026-09-07 08:00:04,275 [DEBUG] core.argyll_runner: [argyll] Added 221/1234
2026-09-07 08:00:04,277 [DEBUG] core.argyll_runner: [argyll] Added 232/1234
2026-09-07 08:00:04,278 [DEBUG] core.argyll_runner: [argyll] Added 243/1234
2026-09-07 08:00:04,280 [DEBUG] core.argyll_runner: [argyll] Added 254/1234
2026-09-07 08:00:04,282 [DEBUG] core.argyll_runner: [argyll] Added 265/1234
2026-09-07 08:00:04,284 [DEBUG] core.argyll_runner: [argyll] Added 276/1234
2026-09-07 08:00:04,286 [DEBUG] core.argyll_runner: [argyll] Added 287/1234
2026-09-07 08:00:04,288 [DEBUG] core.argyll_runner: [argyll] Added 298/1234
2026-09-07 08:00:04,291 [DEBUG] core.argyll_runner: [argyll] Added 309/1234
2026-09-07 08:00:04,293 [DEBUG] core.argyll_runner: [argyll] Added 320/1234
2026-09-07 08:00:04,296 [DEBUG] core.argyll_runner: [argyll] Added 331/1234
2026-09-07 08:00:04,298 [DEBUG] core.argyll_runner: [argyll] Added 342/1234
2026-09-07 08:00:04,301 [DEBUG] core.argyll_runner: [argyll] Added 353/1234
2026-09-07 08:00:04,304 [DEBUG] core.argyll_runner: [argyll] Added 364/1234
2026-09-07 08:00:04,307 [DEBUG] core.argyll_runner: [argyll] Added 375/1234
2026-09-07 08:00:04,310 [DEBUG] core.argyll_runner: [argyll] Added 386/1234
2026-09-07 08:00:04,327 [DEBUG] core.argyll_runner: [argyll] 
2026-09-07 08:00:04,328 [DEBUG] core.argyll_runner: [argyll] Added 397/1234
2026-09-07 08:00:04,328 [DEBUG] core.argyll_runner: [argyll] Added 408/1234
2026-09-07 08:00:04,328 [DEBUG] core.argyll_runner: [argyll] Added 419/1234
2026-09-07 08:00:04,328 [DEBUG] core.argyll_runner: [argyll] Added 430/1234
2026-09-07 08:00:04,329 [DEBUG] core.argyll_runner: [argyll] Added 441/1234
2026-09-07 08:00:04,330 [DEBUG] core.argyll_runner: [argyll] Added 452/1234
2026-09-07 08:00:04,330 [DEBUG] core.argyll_runner: [argyll] Added 463/1234
2026-09-07 08:00:04,331 [DEBUG] core.argyll_runner: [argyll] Added 474/1234
2026-09-07 08:00:04,332 [DEBUG] core.argyll_runner: [argyll] Added 485/1234
2026-09-07 08:00:04,333 [DEBUG] core.argyll_runner: [argyll] Added 496/1234
2026-09-07 08:00:04,335 [DEBUG] core.argyll_runner: [argyll] Added 507/1234
2026-09-07 08:00:04,336 [DEBUG] core.argyll_runner: [argyll] Added 518/1234
2026-09-07 08:00:04,337 [DEBUG] core.argyll_runner: [argyll] Added 529/1234
2026-09-07 08:00:04,339 [DEBUG] core.argyll_runner: [argyll] Added 540/1234
2026-09-07 08:00:04,341 [DEBUG] core.argyll_runner: [argyll] Added 551/1234
2026-09-07 08:00:04,343 [DEBUG] core.argyll_runner: [argyll] Added 562/1234
2026-09-07 08:00:04,345 [DEBUG] core.argyll_runner: [argyll] Added 573/1234
2026-09-07 08:00:04,347 [DEBUG] core.argyll_runner: [argyll] Added 584/1234
2026-09-07 08:00:04,349 [DEBUG] core.argyll_runner: [argyll] Added 595/1234
2026-09-07 08:00:04,351 [DEBUG] core.argyll_runner: [argyll] Added 606/1234
2026-09-07 08:00:04,354 [DEBUG] core.argyll_runner: [argyll] Added 617/1234
2026-09-07 08:00:04,357 [DEBUG] core.argyll_runner: [argyll] Added 628/1234
2026-09-07 08:00:04,359 [DEBUG] core.argyll_runner: [argyll] Added 639/1234
2026-09-07 08:00:04,362 [DEBUG] core.argyll_runner: [argyll] Added 650/1234
2026-09-07 08:00:04,365 [DEBUG] core.argyll_runner: [argyll] Added 661/1234
2026-09-07 08:00:04,369 [DEBUG] core.argyll_runner: [argyll] Added 672/1234
2026-09-07 08:00:04,372 [DEBUG] core.argyll_runner: [argyll] Added 683/1234
2026-09-07 08:00:04,375 [DEBUG] core.argyll_runner: [argyll] Added 694/1234
2026-09-07 08:00:04,379 [DEBUG] core.argyll_runner: [argyll] Added 705/1234
2026-09-07 08:00:04,382 [DEBUG] core.argyll_runner: [argyll] Added 716/1234
2026-09-07 08:00:04,386 [DEBUG] core.argyll_runner: [argyll] Added 727/1234
2026-09-07 08:00:04,390 [DEBUG] core.argyll_runner: [argyll] Added 738/1234
2026-09-07 08:00:04,394 [DEBUG] core.argyll_runner: [argyll] Added 749/1234
2026-09-07 08:00:04,398 [DEBUG] core.argyll_runner: [argyll] Added 760/1234
2026-09-07 08:00:04,403 [DEBUG] core.argyll_runner: [argyll] Added 771/1234
2026-09-07 08:00:04,407 [DEBUG] core.argyll_runner: [argyll] Added 782/1234
2026-09-07 08:00:04,412 [DEBUG] core.argyll_runner: [argyll] Added 793/1234
2026-09-07 08:00:04,417 [DEBUG] core.argyll_runner: [argyll] Added 804/1234
2026-09-07 08:00:04,421 [DEBUG] core.argyll_runner: [argyll] Added 815/1234
2026-09-07 08:00:04,426 [DEBUG] core.argyll_runner: [argyll] Added 826/1234
2026-09-07 08:00:04,432 [DEBUG] core.argyll_runner: [argyll] Added 837/1234
2026-09-07 08:00:04,437 [DEBUG] core.argyll_runner: [argyll] Added 848/1234
2026-09-07 08:00:04,442 [DEBUG] core.argyll_runner: [argyll] Added 859/1234
2026-09-07 08:00:04,448 [DEBUG] core.argyll_runner: [argyll] Added 870/1234
2026-09-07 08:00:04,453 [DEBUG] core.argyll_runner: [argyll] Added 881/1234
2026-09-07 08:00:04,459 [DEBUG] core.argyll_runner: [argyll] Added 892/1234
2026-09-07 08:00:04,465 [DEBUG] core.argyll_runner: [argyll] Added 903/1234
2026-09-07 08:00:04,471 [DEBUG] core.argyll_runner: [argyll] Added 914/1234
2026-09-07 08:00:04,477 [DEBUG] core.argyll_runner: [argyll] Added 925/1234
2026-09-07 08:00:04,484 [DEBUG] core.argyll_runner: [argyll] Added 936/1234
2026-09-07 08:00:04,490 [DEBUG] core.argyll_runner: [argyll] Added 947/1234
2026-09-07 08:00:04,497 [DEBUG] core.argyll_runner: [argyll] Added 958/1234
2026-09-07 08:00:04,503 [DEBUG] core.argyll_runner: [argyll] Added 969/1234
2026-09-07 08:00:04,510 [DEBUG] core.argyll_runner: [argyll] Added 980/1234
2026-09-07 08:00:04,517 [DEBUG] core.argyll_runner: [argyll] Added 991/1234
2026-09-07 08:00:04,524 [DEBUG] core.argyll_runner: [argyll] Added 1002/1234
2026-09-07 08:00:04,532 [DEBUG] core.argyll_runner: [argyll] Added 1013/1234
2026-09-07 08:00:04,539 [DEBUG] core.argyll_runner: [argyll] Added 1024/1234
2026-09-07 08:00:04,547 [DEBUG] core.argyll_runner: [argyll] Added 1035/1234
2026-09-07 08:00:04,555 [DEBUG] core.argyll_runner: [argyll] Added 1046/1234
2026-09-07 08:00:04,562 [DEBUG] core.argyll_runner: [argyll] Added 1057/1234
2026-09-07 08:00:04,584 [DEBUG] core.argyll_runner: [argyll] 
2026-09-07 08:00:04,586 [DEBUG] core.argyll_runner: [argyll] Added 1068/1234
2026-09-07 08:00:04,587 [DEBUG] core.argyll_runner: [argyll] Added 1079/1234
2026-09-07 08:00:04,587 [DEBUG] core.argyll_runner: [argyll] Added 1090/1234
2026-09-07 08:00:04,587 [DEBUG] core.argyll_runner: [argyll] Added 1101/1234
2026-09-07 08:00:04,588 [DEBUG] core.argyll_runner: [argyll] Added 1112/1234
2026-09-07 08:00:04,588 [DEBUG] core.argyll_runner: [argyll] Added 1123/1234
2026-09-07 08:00:04,589 [DEBUG] core.argyll_runner: [argyll] Added 1134/1234
2026-09-07 08:00:04,590 [DEBUG] core.argyll_runner: [argyll] Added 1145/1234
2026-09-07 08:00:04,591 [DEBUG] core.argyll_runner: [argyll] Added 1156/1234
2026-09-07 08:00:04,592 [DEBUG] core.argyll_runner: [argyll] Added 1167/1234
2026-09-07 08:00:04,593 [DEBUG] core.argyll_runner: [argyll] Added 1178/1234
2026-09-07 08:00:04,595 [DEBUG] core.argyll_runner: [argyll] Added 1189/1234
2026-09-07 08:00:04,596 [DEBUG] core.argyll_runner: [argyll] Added 1200/1234
2026-09-07 08:00:04,598 [DEBUG] core.argyll_runner: [argyll] Added 1211/1234
2026-09-07 08:00:04,600 [DEBUG] core.argyll_runner: [argyll] Added 1222/1234
2026-09-07 08:00:04,601 [DEBUG] core.argyll_runner: [argyll] Added 1233/1234
2026-09-07 08:00:04,603 [DEBUG] core.argyll_runner: [argyll] Added 1234/1234
2026-09-07 08:00:06,821 [DEBUG] core.argyll_runner: [argyll] 
2026-09-07 08:00:06,822 [DEBUG] core.argyll_runner: [argyll] After seeding points: MinPoint = 2.374, Min = 2.179, Avg. = 8.048, Max = 10.425, 0.1 secs
2026-09-07 08:00:06,823 [DEBUG] core.argyll_runner: [argyll] Re-seeding
2026-09-07 08:00:06,823 [DEBUG] core.argyll_runner: [argyll] It 1: Maxmv = 0.088014, MinPoint = 1.784, Min = 2.179, Avg. = 8.026, Max = 10.959, 0.1 secs.
2026-09-07 08:00:06,823 [DEBUG] core.argyll_runner: [argyll] Re-seeding
2026-09-07 08:00:06,823 [DEBUG] core.argyll_runner: [argyll] It 2: Maxmv = 0.073644, MinPoint = 2.374, Min = 2.179, Avg. = 7.978, Max = 10.791, 0.1 secs.
2026-09-07 08:00:06,823 [DEBUG] core.argyll_runner: [argyll] Re-seeding
2026-09-07 08:00:06,824 [DEBUG] core.argyll_runner: [argyll] It 3: Maxmv = 0.066738, MinPoint = 2.374, Min = 2.179, Avg. = 7.921, Max = 10.313, 0.1 secs.
2026-09-07 08:00:06,824 [DEBUG] core.argyll_runner: [argyll] Re-seeding
2026-09-07 08:00:06,824 [DEBUG] core.argyll_runner: [argyll] It 4: Maxmv = 0.063933, MinPoint = 2.374, Min = 2.179, Avg. = 7.852, Max = 9.949, 0.1 secs.
2026-09-07 08:00:06,824 [DEBUG] core.argyll_runner: [argyll] Re-seeding
2026-09-07 08:00:06,825 [DEBUG] core.argyll_runner: [argyll] It 5: Maxmv = 0.048054, MinPoint = 2.374, Min = 2.179, Avg. = 7.807, Max = 10.085, 0.1 secs.
2026-09-07 08:00:06,825 [DEBUG] core.argyll_runner: [argyll] Re-seeding
2026-09-07 08:00:06,825 [DEBUG] core.argyll_runner: [argyll] It 6: Maxmv = 0.050656, MinPoint = 2.374, Min = 2.179, Avg. = 7.774, Max = 10.195, 0.1 secs.
2026-09-07 08:00:06,825 [DEBUG] core.argyll_runner: [argyll] Re-seeding
2026-09-07 08:00:06,825 [DEBUG] core.argyll_runner: [argyll] It 7: Maxmv = 0.043237, MinPoint = 2.374, Min = 2.179, Avg. = 7.732, Max = 9.702, 0.1 secs.
2026-09-07 08:00:06,826 [DEBUG] core.argyll_runner: [argyll] Re-seeding
2026-09-07 08:00:06,826 [DEBUG] core.argyll_runner: [argyll] It 8: Maxmv = 0.040114, MinPoint = 2.374, Min = 2.179, Avg. = 7.708, Max = 9.894, 0.1 secs.
2026-09-07 08:00:06,826 [DEBUG] core.argyll_runner: [argyll] Re-seeding
2026-09-07 08:00:06,826 [DEBUG] core.argyll_runner: [argyll] It 9: Maxmv = 0.032247, MinPoint = 2.374, Min = 2.179, Avg. = 7.677, Max = 9.492, 0.1 secs.
2026-09-07 08:00:06,827 [DEBUG] core.argyll_runner: [argyll] Re-seeding
2026-09-07 08:00:06,827 [DEBUG] core.argyll_runner: [argyll] It 10: Maxmv = 0.032726, MinPoint = 2.374, Min = 2.179, Avg. = 7.660, Max = 9.502, 0.1 secs.
2026-09-07 08:00:06,827 [DEBUG] core.argyll_runner: [argyll] Re-seeding
2026-09-07 08:00:06,827 [DEBUG] core.argyll_runner: [argyll] It 11: Maxmv = 0.025285, MinPoint = 2.374, Min = 2.179, Avg. = 7.644, Max = 9.363, 0.1 secs.
2026-09-07 08:00:06,828 [DEBUG] core.argyll_runner: [argyll] Re-seeding
2026-09-07 08:00:06,828 [DEBUG] core.argyll_runner: [argyll] It 12: Maxmv = 0.019371, MinPoint = 2.374, Min = 2.179, Avg. = 7.632, Max = 9.388, 0.1 secs.
2026-09-07 08:00:06,828 [DEBUG] core.argyll_runner: [argyll] Re-seeding
2026-09-07 08:00:06,828 [DEBUG] core.argyll_runner: [argyll] It 13: Maxmv = 0.017256, MinPoint = 2.374, Min = 2.179, Avg. = 7.620, Max = 9.135, 0.1 secs.
2026-09-07 08:00:06,828 [DEBUG] core.argyll_runner: [argyll] Re-seeding
2026-09-07 08:00:06,829 [DEBUG] core.argyll_runner: [argyll] It 14: Maxmv = 0.014695, MinPoint = 2.374, Min = 2.179, Avg. = 7.616, Max = 9.171, 0.1 secs.
2026-09-07 08:00:06,829 [DEBUG] core.argyll_runner: [argyll] Re-seeding
2026-09-07 08:00:06,829 [DEBUG] core.argyll_runner: [argyll] It 15: Maxmv = 0.009839, MinPoint = 2.374, Min = 2.179, Avg. = 7.615, Max = 9.109, 0.1 secs.
2026-09-07 08:00:06,829 [DEBUG] core.argyll_runner: [argyll] Re-seeding
2026-09-07 08:00:06,829 [DEBUG] core.argyll_runner: [argyll] It 16: Maxmv = 0.007405, MinPoint = 2.374, Min = 2.179, Avg. = 7.614, Max = 9.016, 0.1 secs.
2026-09-07 08:00:06,830 [DEBUG] core.argyll_runner: [argyll] Re-seeding
2026-09-07 08:00:06,830 [DEBUG] core.argyll_runner: [argyll] It 17: Maxmv = 0.004938, MinPoint = 2.374, Min = 2.179, Avg. = 7.612, Max = 8.988, 0.1 secs.
2026-09-07 08:00:06,830 [DEBUG] core.argyll_runner: [argyll] Re-seeding
2026-09-07 08:00:06,830 [DEBUG] core.argyll_runner: [argyll] It 18: Maxmv = 0.003181, MinPoint = 2.374, Min = 2.179, Avg. = 7.612, Max = 8.963, 0.1 secs.
2026-09-07 08:00:06,831 [DEBUG] core.argyll_runner: [argyll] Re-seeding
2026-09-07 08:00:06,831 [DEBUG] core.argyll_runner: [argyll] It 19: Maxmv = 0.001073, MinPoint = 2.374, Min = 2.179, Avg. = 7.612, Max = 8.952, 0.1 secs.
2026-09-07 08:00:06,831 [DEBUG] core.argyll_runner: [argyll] Re-seeding
2026-09-07 08:00:06,831 [DEBUG] core.argyll_runner: [argyll] It 20: Maxmv = 0.001104, MinPoint = 2.374, Min = 2.179, Avg. = 7.611, Max = 8.940, 0.1 secs.
2026-09-07 08:00:06,832 [DEBUG] core.argyll_runner: [argyll] After optimization: MinPoint = 2.374, Min = 2.179, Avg. = 7.611, Max = 8.940
2026-09-07 08:00:06,832 [DEBUG] core.argyll_runner: [argyll] Total number of patches = 1248
2026-09-07 08:00:06,832 [DEBUG] core.argyll_runner: [argyll] Execution time = 2.627485 seconds
2026-09-07 08:00:06,845 [INFO] core.argyll_runner: ArgyllRunner: finished with code 0
2026-09-07 08:00:07,702 [DEBUG] workflow.chart_creator: Wrote channel sidecar A2-Instruments.channels.json: ['r', 'g', 'b']
2026-09-07 08:00:07,853 [DEBUG] ui.tiff_preview: TiffPreview: loaded 1 page(s)
2026-09-07 08:00:07,853 [INFO] ui.tabs.tab_chart: Preview loaded: 1 TIFF(s)
2026-09-07 08:00:07,907 [DEBUG] ui.tiff_preview: TiffPreview: loaded 1 page(s)
2026-09-07 08:00:07,910 [DEBUG] ui.tiff_preview: TiffPreview: loaded 1 page(s)
2026-09-07 08:00:07,918 [DEBUG] ui.tabs.tab_chart: create-chart settings written for run1 (40 parameters + ui state)
2026-09-07 08:00:10,474 [INFO] assess:   shot Screenshots/A2-instruments/i1-clip-420x297-preview.png  (2232x1136)
2026-09-07 08:00:10,474 [INFO] assess: [i1-clip-420x297] ok=True 7.9s est_before={'total': 1248, 'fillup': 0, 'page_patches': 1248, 'rows': 26, 'cols': 48, 'pages': 1, 'patch': (8.02, 8.19), 'pitch': None} actual={'total': 1248, 'fillup': 0, 'page_patches': 1248, 'rows': 26, 'cols': 48, 'pages': 1, 'patch': (8.04, 8.13), 'pitch': None} status='Margins: OK' eng=['[ChromIQ layout engine] Drawing the pages. This part runs in one go and cannot be stopped, so the window will not respond until it is finished.', '[ChromIQ layout engine] 1248 patches (26×48), 1 page, random start 1367609647']
2026-09-07 08:00:10,475 [INFO] assess:   json Test Runs/logs/d02_matrix.json
2026-09-07 08:00:10,475 [INFO] assess:   armed: dialog ~'scanner' -> click 'OK' hex heads-up (hex modes only)
2026-09-07 08:00:10,475 [INFO] assess:   armed: dialog ~'quite fill' -> click 'OK' last page hint
2026-09-07 08:00:10,475 [INFO] assess:   armed: dialog ~'already' -> click 'Continue this project' S4.7 on 2nd+ build
2026-09-07 08:00:11,287 [DEBUG] core.settings: settings.set helper_markers_show = False
2026-09-07 08:00:11,287 [DEBUG] core.settings: settings.set helper_marker_edge_mm = 2.0
2026-09-07 08:00:11,287 [DEBUG] core.settings: settings.set helper_marker_len_mm = 2.0
2026-09-07 08:00:11,287 [DEBUG] core.settings: settings.set helper_marker_per_patch = 3
2026-09-07 08:00:11,287 [DEBUG] core.settings: settings.set helper_markers_top_bottom = True
2026-09-07 08:00:11,287 [DEBUG] core.settings: settings.set helper_markers_sides = True
2026-09-07 08:00:11,526 [DEBUG] core.settings: settings.set helper_markers_show = False
2026-09-07 08:00:11,526 [DEBUG] core.settings: settings.set helper_marker_edge_mm = 2.0
2026-09-07 08:00:11,526 [DEBUG] core.settings: settings.set helper_marker_len_mm = 2.0
2026-09-07 08:00:11,526 [DEBUG] core.settings: settings.set helper_marker_per_patch = 3
2026-09-07 08:00:11,526 [DEBUG] core.settings: settings.set helper_markers_top_bottom = True
2026-09-07 08:00:11,526 [DEBUG] core.settings: settings.set helper_markers_sides = True
2026-09-07 08:00:11,730 [DEBUG] core.settings: settings.set helper_markers_show = False
2026-09-07 08:00:11,730 [DEBUG] core.settings: settings.set helper_marker_edge_mm = 2.0
2026-09-07 08:00:11,730 [DEBUG] core.settings: settings.set helper_marker_len_mm = 2.0
2026-09-07 08:00:11,730 [DEBUG] core.settings: settings.set helper_marker_per_patch = 3
2026-09-07 08:00:11,730 [DEBUG] core.settings: settings.set helper_markers_top_bottom = True
2026-09-07 08:00:11,730 [DEBUG] core.settings: settings.set helper_markers_sides = True
2026-09-07 08:00:12,376 [INFO] ui.tabs.tab_chart: chart build (Generate Chart) in manual: patch set targen | manual panel: 200x200, 0x0 grid, margins T6.0 R6.0 B6.0 L26.0
2026-09-07 08:00:12,380 [DEBUG] core.settings: settings.set session_ti3_path = ''
2026-09-07 08:00:12,380 [DEBUG] core.settings: settings.set session_icc_path = ''
2026-09-07 08:00:12,380 [DEBUG] core.settings: settings.set session_cal_ti3_path = ''
2026-09-07 08:00:12,381 [DEBUG] core.file_manager: Target name set to: A2-Instruments (root /Users/Basti/ChromIQ-assessment/A2-Instruments)
2026-09-07 08:00:12,383 [INFO] core.file_manager: opened the EXISTING project at /Users/Basti/ChromIQ-assessment/A2-Instruments (1 run(s) on disk)
2026-09-07 08:00:12,433 [INFO] workflow.chart_creator: Chart generation: 420 patches, instrument=i1 paper=200x200 disable_lb=True
2026-09-07 08:00:12,433 [INFO] workflow.chart_creator: targen args: ['-v', '-d2', '-f420', '-e3', '-B3', '-G', '-g24', 'A2-Instruments']
2026-09-07 08:00:12,433 [INFO] core.argyll_runner: Run: /Applications/Argyll/bin/targen -v -d2 -f420 -e3 -B3 -G -g24 A2-Instruments  [cwd=/Users/Basti/ChromIQ-assessment/A2-Instruments/runs/run1]
2026-09-07 08:00:12,502 [DEBUG] core.argyll_runner: [argyll] iRGB test chart
2026-09-07 08:00:12,502 [DEBUG] core.argyll_runner: [argyll] White patches = 3
2026-09-07 08:00:12,502 [DEBUG] core.argyll_runner: [argyll] Black patches = 3
2026-09-07 08:00:12,502 [DEBUG] core.argyll_runner: [argyll] Composite Grey steps = 24
2026-09-07 08:00:12,503 [DEBUG] core.argyll_runner: [argyll] Full spread patches = 420
2026-09-07 08:00:12,503 [DEBUG] core.argyll_runner: [argyll] Degree of adaptation: 0.100
2026-09-07 08:00:12,503 [DEBUG] core.argyll_runner: [argyll] Adaptation weights: Device = 0.935, Perceptual = 0.065, Curvature = 0.010
2026-09-07 08:00:12,503 [DEBUG] core.argyll_runner: [argyll] Perceptual cache resolution = 9
2026-09-07 08:00:12,503 [DEBUG] core.argyll_runner: [argyll] Seeding cache...done
2026-09-07 08:00:12,503 [DEBUG] core.argyll_runner: [argyll] Acceleration grid res = 8
2026-09-07 08:00:12,504 [DEBUG] core.argyll_runner: [argyll] 
2026-09-07 08:00:12,504 [DEBUG] core.argyll_runner: [argyll] There are 24 unique fixed points to add (28 total fixed points)
2026-09-07 08:00:12,504 [DEBUG] core.argyll_runner: [argyll] There are 392 far spread points to add
2026-09-07 08:00:12,504 [DEBUG] core.argyll_runner: [argyll] 
2026-09-07 08:00:12,504 [DEBUG] core.argyll_runner: [argyll] Added 12/416
2026-09-07 08:00:12,504 [DEBUG] core.argyll_runner: [argyll] Added 23/416
2026-09-07 08:00:12,505 [DEBUG] core.argyll_runner: [argyll] Added 34/416
2026-09-07 08:00:12,505 [DEBUG] core.argyll_runner: [argyll] Added 45/416
2026-09-07 08:00:12,505 [DEBUG] core.argyll_runner: [argyll] Added 56/416
2026-09-07 08:00:12,506 [DEBUG] core.argyll_runner: [argyll] Added 67/416
2026-09-07 08:00:12,526 [DEBUG] core.argyll_runner: [argyll] 
2026-09-07 08:00:12,527 [DEBUG] core.argyll_runner: [argyll] Added 78/416
2026-09-07 08:00:12,527 [DEBUG] core.argyll_runner: [argyll] Added 89/416
2026-09-07 08:00:12,527 [DEBUG] core.argyll_runner: [argyll] Added 100/416
2026-09-07 08:00:12,527 [DEBUG] core.argyll_runner: [argyll] Added 111/416
2026-09-07 08:00:12,528 [DEBUG] core.argyll_runner: [argyll] Added 122/416
2026-09-07 08:00:12,528 [DEBUG] core.argyll_runner: [argyll] Added 133/416
2026-09-07 08:00:12,529 [DEBUG] core.argyll_runner: [argyll] Added 144/416
2026-09-07 08:00:12,530 [DEBUG] core.argyll_runner: [argyll] Added 155/416
2026-09-07 08:00:12,531 [DEBUG] core.argyll_runner: [argyll] Added 166/416
2026-09-07 08:00:12,532 [DEBUG] core.argyll_runner: [argyll] Added 177/416
2026-09-07 08:00:12,533 [DEBUG] core.argyll_runner: [argyll] Added 188/416
2026-09-07 08:00:12,535 [DEBUG] core.argyll_runner: [argyll] Added 199/416
2026-09-07 08:00:12,536 [DEBUG] core.argyll_runner: [argyll] Added 210/416
2026-09-07 08:00:12,538 [DEBUG] core.argyll_runner: [argyll] Added 221/416
2026-09-07 08:00:12,540 [DEBUG] core.argyll_runner: [argyll] Added 232/416
2026-09-07 08:00:12,542 [DEBUG] core.argyll_runner: [argyll] Added 243/416
2026-09-07 08:00:12,544 [DEBUG] core.argyll_runner: [argyll] Added 254/416
2026-09-07 08:00:12,546 [DEBUG] core.argyll_runner: [argyll] Added 265/416
2026-09-07 08:00:12,548 [DEBUG] core.argyll_runner: [argyll] Added 276/416
2026-09-07 08:00:12,551 [DEBUG] core.argyll_runner: [argyll] Added 287/416
2026-09-07 08:00:12,553 [DEBUG] core.argyll_runner: [argyll] Added 298/416
2026-09-07 08:00:12,556 [DEBUG] core.argyll_runner: [argyll] Added 309/416
2026-09-07 08:00:12,559 [DEBUG] core.argyll_runner: [argyll] Added 320/416
2026-09-07 08:00:12,562 [DEBUG] core.argyll_runner: [argyll] Added 331/416
2026-09-07 08:00:12,565 [DEBUG] core.argyll_runner: [argyll] Added 342/416
2026-09-07 08:00:12,568 [DEBUG] core.argyll_runner: [argyll] Added 353/416
2026-09-07 08:00:12,571 [DEBUG] core.argyll_runner: [argyll] Added 364/416
2026-09-07 08:00:12,574 [DEBUG] core.argyll_runner: [argyll] Added 375/416
2026-09-07 08:00:12,578 [DEBUG] core.argyll_runner: [argyll] Added 386/416
2026-09-07 08:00:12,595 [DEBUG] core.argyll_runner: [argyll] 
2026-09-07 08:00:12,596 [DEBUG] core.argyll_runner: [argyll] Added 397/416
2026-09-07 08:00:12,596 [DEBUG] core.argyll_runner: [argyll] Added 408/416
2026-09-07 08:00:12,596 [DEBUG] core.argyll_runner: [argyll] Added 416/416
2026-09-07 08:00:13,251 [DEBUG] core.argyll_runner: [argyll] 
2026-09-07 08:00:13,251 [DEBUG] core.argyll_runner: [argyll] After seeding points: MinPoint = 6.386, Min = 4.695, Avg. = 11.756, Max = 15.058, 0.0 secs
2026-09-07 08:00:13,251 [DEBUG] core.argyll_runner: [argyll] Re-seeding
2026-09-07 08:00:13,252 [DEBUG] core.argyll_runner: [argyll] It 1: Maxmv = 0.101573, MinPoint = 4.031, Min = 4.376, Avg. = 11.723, Max = 17.241, 0.0 secs.
2026-09-07 08:00:13,252 [DEBUG] core.argyll_runner: [argyll] Re-seeding
2026-09-07 08:00:13,252 [DEBUG] core.argyll_runner: [argyll] It 2: Maxmv = 0.098698, MinPoint = 5.027, Min = 6.314, Avg. = 11.649, Max = 15.055, 0.0 secs.
2026-09-07 08:00:13,252 [DEBUG] core.argyll_runner: [argyll] Re-seeding
2026-09-07 08:00:13,253 [DEBUG] core.argyll_runner: [argyll] It 3: Maxmv = 0.082408, MinPoint = 3.567, Min = 6.657, Avg. = 11.566, Max = 15.911, 0.0 secs.
2026-09-07 08:00:13,253 [DEBUG] core.argyll_runner: [argyll] Re-seeding
2026-09-07 08:00:13,253 [DEBUG] core.argyll_runner: [argyll] It 4: Maxmv = 0.086281, MinPoint = 5.240, Min = 6.657, Avg. = 11.485, Max = 15.168, 0.0 secs.
2026-09-07 08:00:13,253 [DEBUG] core.argyll_runner: [argyll] Re-seeding
2026-09-07 08:00:13,254 [DEBUG] core.argyll_runner: [argyll] It 5: Maxmv = 0.077843, MinPoint = 7.241, Min = 6.657, Avg. = 11.436, Max = 15.116, 0.0 secs.
2026-09-07 08:00:13,254 [DEBUG] core.argyll_runner: [argyll] Re-seeding
2026-09-07 08:00:13,254 [DEBUG] core.argyll_runner: [argyll] It 6: Maxmv = 0.077709, MinPoint = 7.241, Min = 6.622, Avg. = 11.353, Max = 14.500, 0.0 secs.
2026-09-07 08:00:13,254 [DEBUG] core.argyll_runner: [argyll] Re-seeding
2026-09-07 08:00:13,255 [DEBUG] core.argyll_runner: [argyll] It 7: Maxmv = 0.071354, MinPoint = 5.889, Min = 6.657, Avg. = 11.301, Max = 14.052, 0.0 secs.
2026-09-07 08:00:13,255 [DEBUG] core.argyll_runner: [argyll] Re-seeding
2026-09-07 08:00:13,255 [DEBUG] core.argyll_runner: [argyll] It 8: Maxmv = 0.060524, MinPoint = 7.241, Min = 6.657, Avg. = 11.251, Max = 14.090, 0.0 secs.
2026-09-07 08:00:13,256 [DEBUG] core.argyll_runner: [argyll] Re-seeding
2026-09-07 08:00:13,256 [DEBUG] core.argyll_runner: [argyll] It 9: Maxmv = 0.051687, MinPoint = 7.241, Min = 6.657, Avg. = 11.226, Max = 13.704, 0.0 secs.
2026-09-07 08:00:13,256 [DEBUG] core.argyll_runner: [argyll] Re-seeding
2026-09-07 08:00:13,256 [DEBUG] core.argyll_runner: [argyll] It 10: Maxmv = 0.045263, MinPoint = 7.241, Min = 6.657, Avg. = 11.199, Max = 13.453, 0.0 secs.
2026-09-07 08:00:13,257 [DEBUG] core.argyll_runner: [argyll] Re-seeding
2026-09-07 08:00:13,257 [DEBUG] core.argyll_runner: [argyll] It 11: Maxmv = 0.040416, MinPoint = 7.241, Min = 6.657, Avg. = 11.164, Max = 13.366, 0.0 secs.
2026-09-07 08:00:13,257 [DEBUG] core.argyll_runner: [argyll] Re-seeding
2026-09-07 08:00:13,257 [DEBUG] core.argyll_runner: [argyll] It 12: Maxmv = 0.034700, MinPoint = 7.241, Min = 6.657, Avg. = 11.168, Max = 13.525, 0.0 secs.
2026-09-07 08:00:13,258 [DEBUG] core.argyll_runner: [argyll] Re-seeding
2026-09-07 08:00:13,258 [DEBUG] core.argyll_runner: [argyll] It 13: Maxmv = 0.027979, MinPoint = 7.241, Min = 6.657, Avg. = 11.144, Max = 13.756, 0.0 secs.
2026-09-07 08:00:13,258 [DEBUG] core.argyll_runner: [argyll] Re-seeding
2026-09-07 08:00:13,258 [DEBUG] core.argyll_runner: [argyll] It 14: Maxmv = 0.022224, MinPoint = 7.241, Min = 6.657, Avg. = 11.148, Max = 13.755, 0.0 secs.
2026-09-07 08:00:13,259 [DEBUG] core.argyll_runner: [argyll] Re-seeding
2026-09-07 08:00:13,259 [DEBUG] core.argyll_runner: [argyll] It 15: Maxmv = 0.017799, MinPoint = 7.241, Min = 6.657, Avg. = 11.142, Max = 13.701, 0.0 secs.
2026-09-07 08:00:13,259 [DEBUG] core.argyll_runner: [argyll] Re-seeding
2026-09-07 08:00:13,259 [DEBUG] core.argyll_runner: [argyll] It 16: Maxmv = 0.014485, MinPoint = 7.241, Min = 6.657, Avg. = 11.138, Max = 13.348, 0.0 secs.
2026-09-07 08:00:13,260 [DEBUG] core.argyll_runner: [argyll] Re-seeding
2026-09-07 08:00:13,260 [DEBUG] core.argyll_runner: [argyll] It 17: Maxmv = 0.009372, MinPoint = 7.241, Min = 6.657, Avg. = 11.140, Max = 13.329, 0.0 secs.
2026-09-07 08:00:13,260 [DEBUG] core.argyll_runner: [argyll] Re-seeding
2026-09-07 08:00:13,260 [DEBUG] core.argyll_runner: [argyll] It 18: Maxmv = 0.004591, MinPoint = 7.241, Min = 6.657, Avg. = 11.140, Max = 13.202, 0.0 secs.
2026-09-07 08:00:13,261 [DEBUG] core.argyll_runner: [argyll] Re-seeding
2026-09-07 08:00:13,261 [DEBUG] core.argyll_runner: [argyll] It 19: Maxmv = 0.002096, MinPoint = 7.241, Min = 6.657, Avg. = 11.140, Max = 13.162, 0.0 secs.
2026-09-07 08:00:13,261 [DEBUG] core.argyll_runner: [argyll] Re-seeding
2026-09-07 08:00:13,261 [DEBUG] core.argyll_runner: [argyll] It 20: Maxmv = 0.001558, MinPoint = 7.241, Min = 6.657, Avg. = 11.142, Max = 13.087, 0.0 secs.
2026-09-07 08:00:13,262 [DEBUG] core.argyll_runner: [argyll] After optimization: MinPoint = 7.241, Min = 6.657, Avg. = 11.142, Max = 13.087
2026-09-07 08:00:13,262 [DEBUG] core.argyll_runner: [argyll] Total number of patches = 420
2026-09-07 08:00:13,262 [DEBUG] core.argyll_runner: [argyll] Execution time = 0.750348 seconds
2026-09-07 08:00:13,262 [INFO] core.argyll_runner: ArgyllRunner: finished with code 0
2026-09-07 08:00:13,643 [DEBUG] workflow.chart_creator: Wrote channel sidecar A2-Instruments.channels.json: ['r', 'g', 'b']
2026-09-07 08:00:13,696 [DEBUG] ui.tiff_preview: TiffPreview: loaded 1 page(s)
2026-09-07 08:00:13,696 [INFO] ui.tabs.tab_chart: Preview loaded: 1 TIFF(s)
2026-09-07 08:00:13,738 [DEBUG] ui.tiff_preview: TiffPreview: loaded 1 page(s)
2026-09-07 08:00:13,740 [DEBUG] ui.tiff_preview: TiffPreview: loaded 1 page(s)
2026-09-07 08:00:13,745 [DEBUG] ui.tabs.tab_chart: create-chart settings written for run1 (40 parameters + ui state)
2026-09-07 08:00:15,260 [INFO] assess:   shot Screenshots/A2-instruments/i1-clip-custom_200x200-preview.png  (2232x1186)
2026-09-07 08:00:15,261 [INFO] assess: [i1-clip-custom_200x200] ok=True 4.8s est_before={'total': 420, 'fillup': 0, 'page_patches': 420, 'rows': 20, 'cols': 21, 'pages': 1, 'patch': (7.99, 8.35), 'pitch': None} actual={'total': 420, 'fillup': 0, 'page_patches': 420, 'rows': 20, 'cols': 21, 'pages': 1, 'patch': (7.96, 8.3), 'pitch': None} status='' eng=['[ChromIQ layout engine] Drawing the pages. This part runs in one go and cannot be stopped, so the window will not respond until it is finished.', '[ChromIQ layout engine] 420 patches (20×21), 1 page, random start 1265984990']
2026-09-07 08:00:15,261 [INFO] assess:   json Test Runs/logs/d02_matrix.json
2026-09-07 08:00:15,261 [INFO] assess:   armed: dialog ~'scanner' -> click 'OK' hex heads-up (hex modes only)
2026-09-07 08:00:15,261 [INFO] assess:   armed: dialog ~'quite fill' -> click 'OK' last page hint
2026-09-07 08:00:15,261 [INFO] assess:   armed: dialog ~'already' -> click 'Continue this project' S4.7 on 2nd+ build
2026-09-07 08:00:15,664 [DEBUG] core.settings: settings.set helper_markers_show = False
2026-09-07 08:00:15,664 [DEBUG] core.settings: settings.set helper_marker_edge_mm = 2.0
2026-09-07 08:00:15,664 [DEBUG] core.settings: settings.set helper_marker_len_mm = 2.0
2026-09-07 08:00:15,664 [DEBUG] core.settings: settings.set helper_marker_per_patch = 3
2026-09-07 08:00:15,664 [DEBUG] core.settings: settings.set helper_markers_top_bottom = True
2026-09-07 08:00:15,664 [DEBUG] core.settings: settings.set helper_markers_sides = True
2026-09-07 08:00:15,690 [DEBUG] core.settings: settings.set helper_markers_show = False
2026-09-07 08:00:15,690 [DEBUG] core.settings: settings.set helper_marker_edge_mm = 2.0
2026-09-07 08:00:15,690 [DEBUG] core.settings: settings.set helper_marker_len_mm = 2.0
2026-09-07 08:00:15,690 [DEBUG] core.settings: settings.set helper_marker_per_patch = 3
2026-09-07 08:00:15,690 [DEBUG] core.settings: settings.set helper_markers_top_bottom = True
2026-09-07 08:00:15,690 [DEBUG] core.settings: settings.set helper_markers_sides = True
2026-09-07 08:00:16,095 [DEBUG] core.settings: settings.set helper_markers_show = False
2026-09-07 08:00:16,096 [DEBUG] core.settings: settings.set helper_marker_edge_mm = 2.0
2026-09-07 08:00:16,096 [DEBUG] core.settings: settings.set helper_marker_len_mm = 2.0
2026-09-07 08:00:16,096 [DEBUG] core.settings: settings.set helper_marker_per_patch = 3
2026-09-07 08:00:16,096 [DEBUG] core.settings: settings.set helper_markers_top_bottom = True
2026-09-07 08:00:16,096 [DEBUG] core.settings: settings.set helper_markers_sides = True
2026-09-07 08:00:16,765 [INFO] ui.tabs.tab_chart: chart build (Generate Chart) in manual: patch set targen | manual panel: A4, 0x0 grid, margins T38.0 R9.0 B19.0 L26.0
2026-09-07 08:00:16,769 [DEBUG] core.settings: settings.set session_ti3_path = ''
2026-09-07 08:00:16,769 [DEBUG] core.settings: settings.set session_icc_path = ''
2026-09-07 08:00:16,769 [DEBUG] core.settings: settings.set session_cal_ti3_path = ''
2026-09-07 08:00:16,771 [DEBUG] core.file_manager: Target name set to: A2-Instruments (root /Users/Basti/ChromIQ-assessment/A2-Instruments)
2026-09-07 08:00:16,771 [INFO] core.file_manager: opened the EXISTING project at /Users/Basti/ChromIQ-assessment/A2-Instruments (1 run(s) on disk)
2026-09-07 08:00:16,819 [INFO] workflow.chart_creator: Chart generation: 525 patches, instrument=i1 paper=A4 disable_lb=True
2026-09-07 08:00:16,819 [INFO] workflow.chart_creator: targen args: ['-v', '-d2', '-f525', '-e4', '-B4', '-G', '-g30', 'A2-Instruments']
2026-09-07 08:00:16,820 [INFO] core.argyll_runner: Run: /Applications/Argyll/bin/targen -v -d2 -f525 -e4 -B4 -G -g30 A2-Instruments  [cwd=/Users/Basti/ChromIQ-assessment/A2-Instruments/runs/run1]
2026-09-07 08:00:16,887 [DEBUG] core.argyll_runner: [argyll] iRGB test chart
2026-09-07 08:00:16,888 [DEBUG] core.argyll_runner: [argyll] White patches = 4
2026-09-07 08:00:16,888 [DEBUG] core.argyll_runner: [argyll] Black patches = 4
2026-09-07 08:00:16,888 [DEBUG] core.argyll_runner: [argyll] Composite Grey steps = 30
2026-09-07 08:00:16,888 [DEBUG] core.argyll_runner: [argyll] Full spread patches = 525
2026-09-07 08:00:16,888 [DEBUG] core.argyll_runner: [argyll] Degree of adaptation: 0.100
2026-09-07 08:00:16,888 [DEBUG] core.argyll_runner: [argyll] Adaptation weights: Device = 0.935, Perceptual = 0.065, Curvature = 0.010
2026-09-07 08:00:16,889 [DEBUG] core.argyll_runner: [argyll] Perceptual cache resolution = 9
2026-09-07 08:00:16,889 [DEBUG] core.argyll_runner: [argyll] Seeding cache...done
2026-09-07 08:00:16,889 [DEBUG] core.argyll_runner: [argyll] Acceleration grid res = 9
2026-09-07 08:00:16,889 [DEBUG] core.argyll_runner: [argyll] 
2026-09-07 08:00:16,889 [DEBUG] core.argyll_runner: [argyll] There are 30 unique fixed points to add (36 total fixed points)
2026-09-07 08:00:16,889 [DEBUG] core.argyll_runner: [argyll] There are 489 far spread points to add
2026-09-07 08:00:16,890 [DEBUG] core.argyll_runner: [argyll] 
2026-09-07 08:00:16,890 [DEBUG] core.argyll_runner: [argyll] Added 12/519
2026-09-07 08:00:16,890 [DEBUG] core.argyll_runner: [argyll] Added 23/519
2026-09-07 08:00:16,890 [DEBUG] core.argyll_runner: [argyll] Added 34/519
2026-09-07 08:00:16,890 [DEBUG] core.argyll_runner: [argyll] Added 45/519
2026-09-07 08:00:16,891 [DEBUG] core.argyll_runner: [argyll] Added 56/519
2026-09-07 08:00:16,891 [DEBUG] core.argyll_runner: [argyll] Added 67/519
2026-09-07 08:00:16,925 [DEBUG] core.argyll_runner: [argyll] 
2026-09-07 08:00:16,925 [DEBUG] core.argyll_runner: [argyll] Added 78/519
2026-09-07 08:00:16,926 [DEBUG] core.argyll_runner: [argyll] Added 89/519
2026-09-07 08:00:16,926 [DEBUG] core.argyll_runner: [argyll] Added 100/519
2026-09-07 08:00:16,926 [DEBUG] core.argyll_runner: [argyll] Added 111/519
2026-09-07 08:00:16,927 [DEBUG] core.argyll_runner: [argyll] Added 122/519
2026-09-07 08:00:16,927 [DEBUG] core.argyll_runner: [argyll] Added 133/519
2026-09-07 08:00:16,928 [DEBUG] core.argyll_runner: [argyll] Added 144/519
2026-09-07 08:00:16,929 [DEBUG] core.argyll_runner: [argyll] Added 155/519
2026-09-07 08:00:16,930 [DEBUG] core.argyll_runner: [argyll] Added 166/519
2026-09-07 08:00:16,931 [DEBUG] core.argyll_runner: [argyll] Added 177/519
2026-09-07 08:00:16,932 [DEBUG] core.argyll_runner: [argyll] Added 188/519
2026-09-07 08:00:16,934 [DEBUG] core.argyll_runner: [argyll] Added 199/519
2026-09-07 08:00:16,935 [DEBUG] core.argyll_runner: [argyll] Added 210/519
2026-09-07 08:00:16,937 [DEBUG] core.argyll_runner: [argyll] Added 221/519
2026-09-07 08:00:16,939 [DEBUG] core.argyll_runner: [argyll] Added 232/519
2026-09-07 08:00:16,941 [DEBUG] core.argyll_runner: [argyll] Added 243/519
2026-09-07 08:00:16,942 [DEBUG] core.argyll_runner: [argyll] Added 254/519
2026-09-07 08:00:16,945 [DEBUG] core.argyll_runner: [argyll] Added 265/519
2026-09-07 08:00:16,947 [DEBUG] core.argyll_runner: [argyll] Added 276/519
2026-09-07 08:00:16,949 [DEBUG] core.argyll_runner: [argyll] Added 287/519
2026-09-07 08:00:16,952 [DEBUG] core.argyll_runner: [argyll] Added 298/519
2026-09-07 08:00:16,954 [DEBUG] core.argyll_runner: [argyll] Added 309/519
2026-09-07 08:00:16,957 [DEBUG] core.argyll_runner: [argyll] Added 320/519
2026-09-07 08:00:16,960 [DEBUG] core.argyll_runner: [argyll] Added 331/519
2026-09-07 08:00:16,963 [DEBUG] core.argyll_runner: [argyll] Added 342/519
2026-09-07 08:00:16,966 [DEBUG] core.argyll_runner: [argyll] Added 353/519
2026-09-07 08:00:16,970 [DEBUG] core.argyll_runner: [argyll] Added 364/519
2026-09-07 08:00:16,973 [DEBUG] core.argyll_runner: [argyll] Added 375/519
2026-09-07 08:00:16,977 [DEBUG] core.argyll_runner: [argyll] Added 386/519
2026-09-07 08:00:16,980 [DEBUG] core.argyll_runner: [argyll] Added 397/519
2026-09-07 08:00:16,984 [DEBUG] core.argyll_runner: [argyll] Added 408/519
2026-09-07 08:00:16,988 [DEBUG] core.argyll_runner: [argyll] Added 419/519
2026-09-07 08:00:16,992 [DEBUG] core.argyll_runner: [argyll] Added 430/519
2026-09-07 08:00:16,996 [DEBUG] core.argyll_runner: [argyll] Added 441/519
2026-09-07 08:00:17,001 [DEBUG] core.argyll_runner: [argyll] Added 452/519
2026-09-07 08:00:17,005 [DEBUG] core.argyll_runner: [argyll] Added 463/519
2026-09-07 08:00:17,010 [DEBUG] core.argyll_runner: [argyll] Added 474/519
2026-09-07 08:00:17,014 [DEBUG] core.argyll_runner: [argyll] Added 485/519
2026-09-07 08:00:17,019 [DEBUG] core.argyll_runner: [argyll] Added 496/519
2026-09-07 08:00:17,024 [DEBUG] core.argyll_runner: [argyll] Added 507/519
2026-09-07 08:00:17,029 [DEBUG] core.argyll_runner: [argyll] Added 518/519
2026-09-07 08:00:17,035 [DEBUG] core.argyll_runner: [argyll] Added 519/519
2026-09-07 08:00:17,839 [DEBUG] core.argyll_runner: [argyll] 
2026-09-07 08:00:17,841 [DEBUG] core.argyll_runner: [argyll] After seeding points: MinPoint = 4.448, Min = 4.322, Avg. = 10.848, Max = 14.666, 0.1 secs
2026-09-07 08:00:17,841 [DEBUG] core.argyll_runner: [argyll] Re-seeding
2026-09-07 08:00:17,841 [DEBUG] core.argyll_runner: [argyll] It 1: Maxmv = 0.103363, MinPoint = 3.460, Min = 4.005, Avg. = 10.861, Max = 14.358, 0.0 secs.
2026-09-07 08:00:17,842 [DEBUG] core.argyll_runner: [argyll] Re-seeding
2026-09-07 08:00:17,842 [DEBUG] core.argyll_runner: [argyll] It 2: Maxmv = 0.084402, MinPoint = 5.380, Min = 5.280, Avg. = 10.758, Max = 13.964, 0.0 secs.
2026-09-07 08:00:17,842 [DEBUG] core.argyll_runner: [argyll] Re-seeding
2026-09-07 08:00:17,842 [DEBUG] core.argyll_runner: [argyll] It 3: Maxmv = 0.076162, MinPoint = 5.428, Min = 5.280, Avg. = 10.700, Max = 13.835, 0.0 secs.
2026-09-07 08:00:17,843 [DEBUG] core.argyll_runner: [argyll] Re-seeding
2026-09-07 08:00:17,843 [DEBUG] core.argyll_runner: [argyll] It 4: Maxmv = 0.072726, MinPoint = 5.743, Min = 5.280, Avg. = 10.603, Max = 14.075, 0.0 secs.
2026-09-07 08:00:17,843 [DEBUG] core.argyll_runner: [argyll] Re-seeding
2026-09-07 08:00:17,843 [DEBUG] core.argyll_runner: [argyll] It 5: Maxmv = 0.068513, MinPoint = 5.743, Min = 5.280, Avg. = 10.535, Max = 13.679, 0.0 secs.
2026-09-07 08:00:17,844 [DEBUG] core.argyll_runner: [argyll] Re-seeding
2026-09-07 08:00:17,844 [DEBUG] core.argyll_runner: [argyll] It 6: Maxmv = 0.056321, MinPoint = 5.743, Min = 5.280, Avg. = 10.518, Max = 13.779, 0.0 secs.
2026-09-07 08:00:17,844 [DEBUG] core.argyll_runner: [argyll] Re-seeding
2026-09-07 08:00:17,844 [DEBUG] core.argyll_runner: [argyll] It 7: Maxmv = 0.059854, MinPoint = 5.743, Min = 5.280, Avg. = 10.461, Max = 13.725, 0.0 secs.
2026-09-07 08:00:17,844 [DEBUG] core.argyll_runner: [argyll] Re-seeding
2026-09-07 08:00:17,845 [DEBUG] core.argyll_runner: [argyll] It 8: Maxmv = 0.051345, MinPoint = 5.743, Min = 5.280, Avg. = 10.437, Max = 13.448, 0.0 secs.
2026-09-07 08:00:17,845 [DEBUG] core.argyll_runner: [argyll] Re-seeding
2026-09-07 08:00:17,845 [DEBUG] core.argyll_runner: [argyll] It 9: Maxmv = 0.040554, MinPoint = 5.743, Min = 5.280, Avg. = 10.411, Max = 13.065, 0.0 secs.
2026-09-07 08:00:17,845 [DEBUG] core.argyll_runner: [argyll] Re-seeding
2026-09-07 08:00:17,846 [DEBUG] core.argyll_runner: [argyll] It 10: Maxmv = 0.030994, MinPoint = 5.743, Min = 5.280, Avg. = 10.383, Max = 12.735, 0.0 secs.
2026-09-07 08:00:17,846 [DEBUG] core.argyll_runner: [argyll] Re-seeding
2026-09-07 08:00:17,846 [DEBUG] core.argyll_runner: [argyll] It 11: Maxmv = 0.032989, MinPoint = 5.743, Min = 5.280, Avg. = 10.373, Max = 12.994, 0.0 secs.
2026-09-07 08:00:17,846 [DEBUG] core.argyll_runner: [argyll] Re-seeding
2026-09-07 08:00:17,847 [DEBUG] core.argyll_runner: [argyll] It 12: Maxmv = 0.030487, MinPoint = 5.743, Min = 5.280, Avg. = 10.349, Max = 12.936, 0.0 secs.
2026-09-07 08:00:17,847 [DEBUG] core.argyll_runner: [argyll] Re-seeding
2026-09-07 08:00:17,847 [DEBUG] core.argyll_runner: [argyll] It 13: Maxmv = 0.021481, MinPoint = 5.743, Min = 5.280, Avg. = 10.346, Max = 12.600, 0.0 secs.
2026-09-07 08:00:17,847 [DEBUG] core.argyll_runner: [argyll] Re-seeding
2026-09-07 08:00:17,847 [DEBUG] core.argyll_runner: [argyll] It 14: Maxmv = 0.016377, MinPoint = 5.743, Min = 5.280, Avg. = 10.329, Max = 12.441, 0.0 secs.
2026-09-07 08:00:17,848 [DEBUG] core.argyll_runner: [argyll] Re-seeding
2026-09-07 08:00:17,848 [DEBUG] core.argyll_runner: [argyll] It 15: Maxmv = 0.013408, MinPoint = 5.743, Min = 5.280, Avg. = 10.331, Max = 12.462, 0.0 secs.
2026-09-07 08:00:17,848 [DEBUG] core.argyll_runner: [argyll] Re-seeding
2026-09-07 08:00:17,848 [DEBUG] core.argyll_runner: [argyll] It 16: Maxmv = 0.011614, MinPoint = 5.743, Min = 5.280, Avg. = 10.321, Max = 12.261, 0.0 secs.
2026-09-07 08:00:17,849 [DEBUG] core.argyll_runner: [argyll] Re-seeding
2026-09-07 08:00:17,849 [DEBUG] core.argyll_runner: [argyll] It 17: Maxmv = 0.006463, MinPoint = 5.743, Min = 5.280, Avg. = 10.321, Max = 12.391, 0.0 secs.
2026-09-07 08:00:17,849 [DEBUG] core.argyll_runner: [argyll] Re-seeding
2026-09-07 08:00:17,849 [DEBUG] core.argyll_runner: [argyll] It 18: Maxmv = 0.005609, MinPoint = 5.743, Min = 5.280, Avg. = 10.319, Max = 12.293, 0.0 secs.
2026-09-07 08:00:17,850 [DEBUG] core.argyll_runner: [argyll] Re-seeding
2026-09-07 08:00:17,850 [DEBUG] core.argyll_runner: [argyll] It 19: Maxmv = 0.001380, MinPoint = 5.743, Min = 5.280, Avg. = 10.320, Max = 12.323, 0.0 secs.
2026-09-07 08:00:17,850 [DEBUG] core.argyll_runner: [argyll] Re-seeding
2026-09-07 08:00:17,850 [DEBUG] core.argyll_runner: [argyll] It 20: Maxmv = 0.001368, MinPoint = 5.743, Min = 5.280, Avg. = 10.321, Max = 12.343, 0.0 secs.
2026-09-07 08:00:17,851 [DEBUG] core.argyll_runner: [argyll] After optimization: MinPoint = 5.743, Min = 5.280, Avg. = 10.321, Max = 12.343
2026-09-07 08:00:17,851 [DEBUG] core.argyll_runner: [argyll] Total number of patches = 525
2026-09-07 08:00:17,851 [DEBUG] core.argyll_runner: [argyll] Execution time = 0.972331 seconds
2026-09-07 08:00:17,864 [INFO] core.argyll_runner: ArgyllRunner: finished with code 0
2026-09-07 08:00:18,254 [DEBUG] workflow.chart_creator: Wrote channel sidecar A2-Instruments.channels.json: ['r', 'g', 'b']
2026-09-07 08:00:18,333 [DEBUG] ui.tiff_preview: TiffPreview: loaded 1 page(s)
2026-09-07 08:00:18,333 [INFO] ui.tabs.tab_chart: Preview loaded: 1 TIFF(s)
2026-09-07 08:00:18,379 [DEBUG] ui.tiff_preview: TiffPreview: loaded 1 page(s)
2026-09-07 08:00:18,381 [DEBUG] ui.tiff_preview: TiffPreview: loaded 1 page(s)
2026-09-07 08:00:18,387 [DEBUG] ui.tabs.tab_chart: create-chart settings written for run1 (40 parameters + ui state)
2026-09-07 08:00:19,908 [INFO] assess:   shot Screenshots/A2-instruments/i1-noclip-A4-preview.png  (2232x1136)
2026-09-07 08:00:19,909 [INFO] assess: [i1-noclip-A4] ok=True 4.6s est_before={'total': 525, 'fillup': 0, 'page_patches': 525, 'rows': 25, 'cols': 21, 'pages': 1, 'patch': (8.33, 8.56), 'pitch': None} actual={'total': 525, 'fillup': 0, 'page_patches': 525, 'rows': 25, 'cols': 21, 'pages': 1, 'patch': (8.3, 8.55), 'pitch': None} status='Margins: OK' eng=['[ChromIQ layout engine] Drawing the pages. This part runs in one go and cannot be stopped, so the window will not respond until it is finished.', '[ChromIQ layout engine] 525 patches (25×21), 1 page, random start 1919792377']
2026-09-07 08:00:19,909 [INFO] assess:   json Test Runs/logs/d02_matrix.json
2026-09-07 08:00:19,909 [INFO] assess:   armed: dialog ~'scanner' -> click 'OK' hex heads-up (hex modes only)
2026-09-07 08:00:19,909 [INFO] assess:   armed: dialog ~'quite fill' -> click 'OK' last page hint
2026-09-07 08:00:19,909 [INFO] assess:   armed: dialog ~'already' -> click 'Continue this project' S4.7 on 2nd+ build
2026-09-07 08:00:20,673 [DEBUG] core.settings: settings.set helper_markers_show = False
2026-09-07 08:00:20,673 [DEBUG] core.settings: settings.set helper_marker_edge_mm = 2.0
2026-09-07 08:00:20,673 [DEBUG] core.settings: settings.set helper_marker_len_mm = 2.0
2026-09-07 08:00:20,673 [DEBUG] core.settings: settings.set helper_marker_per_patch = 3
2026-09-07 08:00:20,673 [DEBUG] core.settings: settings.set helper_markers_top_bottom = True
2026-09-07 08:00:20,673 [DEBUG] core.settings: settings.set helper_markers_sides = True
2026-09-07 08:00:21,339 [INFO] ui.tabs.tab_chart: chart build (Generate Chart) in manual: patch set targen | manual panel: A4R, 0x0 grid, margins T38.0 R9.0 B9.0 L26.0
2026-09-07 08:00:21,343 [DEBUG] core.settings: settings.set session_ti3_path = ''
2026-09-07 08:00:21,343 [DEBUG] core.settings: settings.set session_icc_path = ''
2026-09-07 08:00:21,343 [DEBUG] core.settings: settings.set session_cal_ti3_path = ''
2026-09-07 08:00:21,344 [DEBUG] core.file_manager: Target name set to: A2-Instruments (root /Users/Basti/ChromIQ-assessment/A2-Instruments)
2026-09-07 08:00:21,344 [INFO] core.file_manager: opened the EXISTING project at /Users/Basti/ChromIQ-assessment/A2-Instruments (1 run(s) on disk)
2026-09-07 08:00:21,387 [INFO] workflow.chart_creator: Chart generation: 544 patches, instrument=i1 paper=A4R disable_lb=True
2026-09-07 08:00:21,387 [INFO] workflow.chart_creator: targen args: ['-v', '-d2', '-f544', '-e4', '-B4', '-G', '-g31', 'A2-Instruments']
2026-09-07 08:00:21,387 [INFO] core.argyll_runner: Run: /Applications/Argyll/bin/targen -v -d2 -f544 -e4 -B4 -G -g31 A2-Instruments  [cwd=/Users/Basti/ChromIQ-assessment/A2-Instruments/runs/run1]
2026-09-07 08:00:21,450 [DEBUG] core.argyll_runner: [argyll] iRGB test chart
2026-09-07 08:00:21,450 [DEBUG] core.argyll_runner: [argyll] White patches = 4
2026-09-07 08:00:21,450 [DEBUG] core.argyll_runner: [argyll] Black patches = 4
2026-09-07 08:00:21,450 [DEBUG] core.argyll_runner: [argyll] Composite Grey steps = 31
2026-09-07 08:00:21,450 [DEBUG] core.argyll_runner: [argyll] Full spread patches = 544
2026-09-07 08:00:21,451 [DEBUG] core.argyll_runner: [argyll] Degree of adaptation: 0.100
2026-09-07 08:00:21,451 [DEBUG] core.argyll_runner: [argyll] Adaptation weights: Device = 0.935, Perceptual = 0.065, Curvature = 0.010
2026-09-07 08:00:21,451 [DEBUG] core.argyll_runner: [argyll] Perceptual cache resolution = 9
2026-09-07 08:00:21,451 [DEBUG] core.argyll_runner: [argyll] Seeding cache...done
2026-09-07 08:00:21,451 [DEBUG] core.argyll_runner: [argyll] Acceleration grid res = 9
2026-09-07 08:00:21,452 [DEBUG] core.argyll_runner: [argyll] 
2026-09-07 08:00:21,452 [DEBUG] core.argyll_runner: [argyll] There are 31 unique fixed points to add (37 total fixed points)
2026-09-07 08:00:21,452 [DEBUG] core.argyll_runner: [argyll] There are 507 far spread points to add
2026-09-07 08:00:21,452 [DEBUG] core.argyll_runner: [argyll] 
2026-09-07 08:00:21,452 [DEBUG] core.argyll_runner: [argyll] Added 12/538
2026-09-07 08:00:21,452 [DEBUG] core.argyll_runner: [argyll] Added 23/538
2026-09-07 08:00:21,453 [DEBUG] core.argyll_runner: [argyll] Added 34/538
2026-09-07 08:00:21,453 [DEBUG] core.argyll_runner: [argyll] Added 45/538
2026-09-07 08:00:21,473 [DEBUG] core.argyll_runner: [argyll] 
2026-09-07 08:00:21,473 [DEBUG] core.argyll_runner: [argyll] Added 56/538
2026-09-07 08:00:21,473 [DEBUG] core.argyll_runner: [argyll] Added 67/538
2026-09-07 08:00:21,473 [DEBUG] core.argyll_runner: [argyll] Added 78/538
2026-09-07 08:00:21,474 [DEBUG] core.argyll_runner: [argyll] Added 89/538
2026-09-07 08:00:21,474 [DEBUG] core.argyll_runner: [argyll] Added 100/538
2026-09-07 08:00:21,475 [DEBUG] core.argyll_runner: [argyll] Added 111/538
2026-09-07 08:00:21,475 [DEBUG] core.argyll_runner: [argyll] Added 122/538
2026-09-07 08:00:21,476 [DEBUG] core.argyll_runner: [argyll] Added 133/538
2026-09-07 08:00:21,477 [DEBUG] core.argyll_runner: [argyll] Added 144/538
2026-09-07 08:00:21,478 [DEBUG] core.argyll_runner: [argyll] Added 155/538
2026-09-07 08:00:21,480 [DEBUG] core.argyll_runner: [argyll] Added 166/538
2026-09-07 08:00:21,481 [DEBUG] core.argyll_runner: [argyll] Added 177/538
2026-09-07 08:00:21,483 [DEBUG] core.argyll_runner: [argyll] Added 188/538
2026-09-07 08:00:21,484 [DEBUG] core.argyll_runner: [argyll] Added 199/538
2026-09-07 08:00:21,486 [DEBUG] core.argyll_runner: [argyll] Added 210/538
2026-09-07 08:00:21,488 [DEBUG] core.argyll_runner: [argyll] Added 221/538
2026-09-07 08:00:21,490 [DEBUG] core.argyll_runner: [argyll] Added 232/538
2026-09-07 08:00:21,492 [DEBUG] core.argyll_runner: [argyll] Added 243/538
2026-09-07 08:00:21,494 [DEBUG] core.argyll_runner: [argyll] Added 254/538
2026-09-07 08:00:21,497 [DEBUG] core.argyll_runner: [argyll] Added 265/538
2026-09-07 08:00:21,499 [DEBUG] core.argyll_runner: [argyll] Added 276/538
2026-09-07 08:00:21,502 [DEBUG] core.argyll_runner: [argyll] Added 287/538
2026-09-07 08:00:21,505 [DEBUG] core.argyll_runner: [argyll] Added 298/538
2026-09-07 08:00:21,521 [DEBUG] core.argyll_runner: [argyll] 
2026-09-07 08:00:21,521 [DEBUG] core.argyll_runner: [argyll] Added 309/538
2026-09-07 08:00:21,522 [DEBUG] core.argyll_runner: [argyll] Added 320/538
2026-09-07 08:00:21,522 [DEBUG] core.argyll_runner: [argyll] Added 331/538
2026-09-07 08:00:21,522 [DEBUG] core.argyll_runner: [argyll] Added 342/538
2026-09-07 08:00:21,523 [DEBUG] core.argyll_runner: [argyll] Added 353/538
2026-09-07 08:00:21,523 [DEBUG] core.argyll_runner: [argyll] Added 364/538
2026-09-07 08:00:21,524 [DEBUG] core.argyll_runner: [argyll] Added 375/538
2026-09-07 08:00:21,525 [DEBUG] core.argyll_runner: [argyll] Added 386/538
2026-09-07 08:00:21,526 [DEBUG] core.argyll_runner: [argyll] Added 397/538
2026-09-07 08:00:21,527 [DEBUG] core.argyll_runner: [argyll] Added 408/538
2026-09-07 08:00:21,528 [DEBUG] core.argyll_runner: [argyll] Added 419/538
2026-09-07 08:00:21,530 [DEBUG] core.argyll_runner: [argyll] Added 430/538
2026-09-07 08:00:21,531 [DEBUG] core.argyll_runner: [argyll] Added 441/538
2026-09-07 08:00:21,533 [DEBUG] core.argyll_runner: [argyll] Added 452/538
2026-09-07 08:00:21,535 [DEBUG] core.argyll_runner: [argyll] Added 463/538
2026-09-07 08:00:21,536 [DEBUG] core.argyll_runner: [argyll] Added 474/538
2026-09-07 08:00:21,538 [DEBUG] core.argyll_runner: [argyll] Added 485/538
2026-09-07 08:00:21,541 [DEBUG] core.argyll_runner: [argyll] Added 496/538
2026-09-07 08:00:21,543 [DEBUG] core.argyll_runner: [argyll] Added 507/538
2026-09-07 08:00:21,545 [DEBUG] core.argyll_runner: [argyll] Added 518/538
2026-09-07 08:00:21,548 [DEBUG] core.argyll_runner: [argyll] Added 529/538
2026-09-07 08:00:21,551 [DEBUG] core.argyll_runner: [argyll] Added 538/538
2026-09-07 08:00:22,434 [DEBUG] core.argyll_runner: [argyll] 
2026-09-07 08:00:22,435 [DEBUG] core.argyll_runner: [argyll] After seeding points: MinPoint = 4.805, Min = 3.439, Avg. = 10.757, Max = 13.441, 0.1 secs
2026-09-07 08:00:22,435 [DEBUG] core.argyll_runner: [argyll] Re-seeding
2026-09-07 08:00:22,435 [DEBUG] core.argyll_runner: [argyll] It 1: Maxmv = 0.094177, MinPoint = 2.853, Min = 1.441, Avg. = 10.765, Max = 14.640, 0.0 secs.
2026-09-07 08:00:22,435 [DEBUG] core.argyll_runner: [argyll] Re-seeding
2026-09-07 08:00:22,436 [DEBUG] core.argyll_runner: [argyll] It 2: Maxmv = 0.096227, MinPoint = 4.814, Min = 4.162, Avg. = 10.675, Max = 15.208, 0.0 secs.
2026-09-07 08:00:22,436 [DEBUG] core.argyll_runner: [argyll] Re-seeding
2026-09-07 08:00:22,436 [DEBUG] core.argyll_runner: [argyll] It 3: Maxmv = 0.088418, MinPoint = 3.172, Min = 5.104, Avg. = 10.597, Max = 14.338, 0.0 secs.
2026-09-07 08:00:22,436 [DEBUG] core.argyll_runner: [argyll] Re-seeding
2026-09-07 08:00:22,437 [DEBUG] core.argyll_runner: [argyll] It 4: Maxmv = 0.071324, MinPoint = 5.328, Min = 5.104, Avg. = 10.519, Max = 14.262, 0.0 secs.
2026-09-07 08:00:22,437 [DEBUG] core.argyll_runner: [argyll] Re-seeding
2026-09-07 08:00:22,437 [DEBUG] core.argyll_runner: [argyll] It 5: Maxmv = 0.067895, MinPoint = 5.551, Min = 5.104, Avg. = 10.437, Max = 13.057, 0.0 secs.
2026-09-07 08:00:22,437 [DEBUG] core.argyll_runner: [argyll] Re-seeding
2026-09-07 08:00:22,437 [DEBUG] core.argyll_runner: [argyll] It 6: Maxmv = 0.068421, MinPoint = 5.056, Min = 5.104, Avg. = 10.385, Max = 13.404, 0.0 secs.
2026-09-07 08:00:22,438 [DEBUG] core.argyll_runner: [argyll] Re-seeding
2026-09-07 08:00:22,438 [DEBUG] core.argyll_runner: [argyll] It 7: Maxmv = 0.053379, MinPoint = 5.551, Min = 5.104, Avg. = 10.356, Max = 12.990, 0.0 secs.
2026-09-07 08:00:22,438 [DEBUG] core.argyll_runner: [argyll] Re-seeding
2026-09-07 08:00:22,438 [DEBUG] core.argyll_runner: [argyll] It 8: Maxmv = 0.051636, MinPoint = 5.551, Min = 5.104, Avg. = 10.325, Max = 13.366, 0.0 secs.
2026-09-07 08:00:22,439 [DEBUG] core.argyll_runner: [argyll] Re-seeding
2026-09-07 08:00:22,439 [DEBUG] core.argyll_runner: [argyll] It 9: Maxmv = 0.049121, MinPoint = 5.551, Min = 5.104, Avg. = 10.295, Max = 12.601, 0.0 secs.
2026-09-07 08:00:22,439 [DEBUG] core.argyll_runner: [argyll] Re-seeding
2026-09-07 08:00:22,439 [DEBUG] core.argyll_runner: [argyll] It 10: Maxmv = 0.034383, MinPoint = 5.551, Min = 5.104, Avg. = 10.263, Max = 12.821, 0.0 secs.
2026-09-07 08:00:22,440 [DEBUG] core.argyll_runner: [argyll] Re-seeding
2026-09-07 08:00:22,440 [DEBUG] core.argyll_runner: [argyll] It 11: Maxmv = 0.029560, MinPoint = 5.551, Min = 5.104, Avg. = 10.249, Max = 12.564, 0.0 secs.
2026-09-07 08:00:22,440 [DEBUG] core.argyll_runner: [argyll] Re-seeding
2026-09-07 08:00:22,440 [DEBUG] core.argyll_runner: [argyll] It 12: Maxmv = 0.026974, MinPoint = 5.551, Min = 5.104, Avg. = 10.227, Max = 12.168, 0.0 secs.
2026-09-07 08:00:22,441 [DEBUG] core.argyll_runner: [argyll] Re-seeding
2026-09-07 08:00:22,441 [DEBUG] core.argyll_runner: [argyll] It 13: Maxmv = 0.020718, MinPoint = 5.551, Min = 5.104, Avg. = 10.212, Max = 12.221, 0.0 secs.
2026-09-07 08:00:22,441 [DEBUG] core.argyll_runner: [argyll] Re-seeding
2026-09-07 08:00:22,441 [DEBUG] core.argyll_runner: [argyll] It 14: Maxmv = 0.019694, MinPoint = 5.551, Min = 5.104, Avg. = 10.199, Max = 12.186, 0.0 secs.
2026-09-07 08:00:22,441 [DEBUG] core.argyll_runner: [argyll] Re-seeding
2026-09-07 08:00:22,442 [DEBUG] core.argyll_runner: [argyll] It 15: Maxmv = 0.013735, MinPoint = 5.551, Min = 5.104, Avg. = 10.193, Max = 11.944, 0.0 secs.
2026-09-07 08:00:22,442 [DEBUG] core.argyll_runner: [argyll] Re-seeding
2026-09-07 08:00:22,442 [DEBUG] core.argyll_runner: [argyll] It 16: Maxmv = 0.010238, MinPoint = 5.551, Min = 5.104, Avg. = 10.188, Max = 11.925, 0.0 secs.
2026-09-07 08:00:22,442 [DEBUG] core.argyll_runner: [argyll] Re-seeding
2026-09-07 08:00:22,442 [DEBUG] core.argyll_runner: [argyll] It 17: Maxmv = 0.009096, MinPoint = 5.551, Min = 5.104, Avg. = 10.184, Max = 11.906, 0.0 secs.
2026-09-07 08:00:22,443 [DEBUG] core.argyll_runner: [argyll] Re-seeding
2026-09-07 08:00:22,443 [DEBUG] core.argyll_runner: [argyll] It 18: Maxmv = 0.005069, MinPoint = 5.551, Min = 5.104, Avg. = 10.183, Max = 11.889, 0.0 secs.
2026-09-07 08:00:22,443 [DEBUG] core.argyll_runner: [argyll] Re-seeding
2026-09-07 08:00:22,443 [DEBUG] core.argyll_runner: [argyll] It 19: Maxmv = 0.002048, MinPoint = 5.551, Min = 5.104, Avg. = 10.184, Max = 11.888, 0.0 secs.
2026-09-07 08:00:22,444 [DEBUG] core.argyll_runner: [argyll] Re-seeding
2026-09-07 08:00:22,444 [DEBUG] core.argyll_runner: [argyll] It 20: Maxmv = 0.001590, MinPoint = 5.551, Min = 5.104, Avg. = 10.184, Max = 11.890, 0.0 secs.
2026-09-07 08:00:22,444 [DEBUG] core.argyll_runner: [argyll] After optimization: MinPoint = 5.551, Min = 5.104, Avg. = 10.184, Max = 11.890
2026-09-07 08:00:22,445 [DEBUG] core.argyll_runner: [argyll] Total number of patches = 544
2026-09-07 08:00:22,445 [DEBUG] core.argyll_runner: [argyll] Execution time = 1.001977 seconds
2026-09-07 08:00:22,458 [INFO] core.argyll_runner: ArgyllRunner: finished with code 0
2026-09-07 08:00:23,011 [DEBUG] workflow.chart_creator: Wrote channel sidecar A2-Instruments.channels.json: ['r', 'g', 'b']
2026-09-07 08:00:23,090 [DEBUG] ui.tiff_preview: TiffPreview: loaded 1 page(s)
2026-09-07 08:00:23,090 [INFO] ui.tabs.tab_chart: Preview loaded: 1 TIFF(s)
2026-09-07 08:00:23,135 [DEBUG] ui.tiff_preview: TiffPreview: loaded 1 page(s)
2026-09-07 08:00:23,137 [DEBUG] ui.tiff_preview: TiffPreview: loaded 1 page(s)
2026-09-07 08:00:23,142 [DEBUG] ui.tabs.tab_chart: create-chart settings written for run1 (40 parameters + ui state)
2026-09-07 08:00:24,721 [INFO] assess:   shot Screenshots/A2-instruments/i1-noclip-A4R-preview.png  (2232x1136)
2026-09-07 08:00:24,722 [INFO] assess: [i1-noclip-A4R] ok=True 4.8s est_before={'total': 544, 'fillup': 0, 'page_patches': 544, 'rows': 17, 'cols': 32, 'pages': 1, 'patch': (8.18, 8.52), 'pitch': None} actual={'total': 544, 'fillup': 0, 'page_patches': 544, 'rows': 17, 'cols': 32, 'pages': 1, 'patch': (8.21, 8.47), 'pitch': None} status='Margins: OK' eng=['[ChromIQ layout engine] Drawing the pages. This part runs in one go and cannot be stopped, so the window will not respond until it is finished.', '[ChromIQ layout engine] 544 patches (17×32), 1 page, random start 1664682441']
2026-09-07 08:00:24,722 [INFO] assess:   json Test Runs/logs/d02_matrix.json
2026-09-07 08:00:24,722 [INFO] assess:   armed: dialog ~'scanner' -> click 'OK' hex heads-up (hex modes only)
2026-09-07 08:00:24,722 [INFO] assess:   armed: dialog ~'quite fill' -> click 'OK' last page hint
2026-09-07 08:00:24,722 [INFO] assess:   armed: dialog ~'already' -> click 'Continue this project' S4.7 on 2nd+ build
2026-09-07 08:00:25,477 [DEBUG] core.settings: settings.set helper_markers_show = False
2026-09-07 08:00:25,477 [DEBUG] core.settings: settings.set helper_marker_edge_mm = 2.0
2026-09-07 08:00:25,477 [DEBUG] core.settings: settings.set helper_marker_len_mm = 2.0
2026-09-07 08:00:25,477 [DEBUG] core.settings: settings.set helper_marker_per_patch = 3
2026-09-07 08:00:25,477 [DEBUG] core.settings: settings.set helper_markers_top_bottom = True
2026-09-07 08:00:25,477 [DEBUG] core.settings: settings.set helper_markers_sides = True
2026-09-07 08:00:26,145 [INFO] ui.tabs.tab_chart: chart build (Generate Chart) in manual: patch set targen | manual panel: A3, 0x0 grid, margins T9.0 R9.0 B9.0 L9.0
2026-09-07 08:00:26,147 [DEBUG] core.settings: settings.set session_ti3_path = ''
2026-09-07 08:00:26,147 [DEBUG] core.settings: settings.set session_icc_path = ''
2026-09-07 08:00:26,147 [DEBUG] core.settings: settings.set session_cal_ti3_path = ''
2026-09-07 08:00:26,148 [DEBUG] core.file_manager: Target name set to: A2-Instruments (root /Users/Basti/ChromIQ-assessment/A2-Instruments)
2026-09-07 08:00:26,148 [INFO] core.file_manager: opened the EXISTING project at /Users/Basti/ChromIQ-assessment/A2-Instruments (1 run(s) on disk)
2026-09-07 08:00:26,192 [INFO] workflow.chart_creator: Chart generation: 1462 patches, instrument=i1 paper=A3 disable_lb=True
2026-09-07 08:00:26,192 [INFO] workflow.chart_creator: targen args: ['-v', '-d2', '-f1462', '-e8', '-B8', '-G', '-g84', 'A2-Instruments']
2026-09-07 08:00:26,192 [INFO] core.argyll_runner: Run: /Applications/Argyll/bin/targen -v -d2 -f1462 -e8 -B8 -G -g84 A2-Instruments  [cwd=/Users/Basti/ChromIQ-assessment/A2-Instruments/runs/run1]
2026-09-07 08:00:26,258 [DEBUG] core.argyll_runner: [argyll] iRGB test chart
2026-09-07 08:00:26,259 [DEBUG] core.argyll_runner: [argyll] White patches = 8
2026-09-07 08:00:26,259 [DEBUG] core.argyll_runner: [argyll] Black patches = 8
2026-09-07 08:00:26,259 [DEBUG] core.argyll_runner: [argyll] Composite Grey steps = 84
2026-09-07 08:00:26,259 [DEBUG] core.argyll_runner: [argyll] Full spread patches = 1462
2026-09-07 08:00:26,259 [DEBUG] core.argyll_runner: [argyll] Degree of adaptation: 0.100
2026-09-07 08:00:26,259 [DEBUG] core.argyll_runner: [argyll] Adaptation weights: Device = 0.935, Perceptual = 0.065, Curvature = 0.010
2026-09-07 08:00:26,260 [DEBUG] core.argyll_runner: [argyll] Perceptual cache resolution = 13
2026-09-07 08:00:26,260 [DEBUG] core.argyll_runner: [argyll] Seeding cache...
2026-09-07 08:00:26,291 [DEBUG] core.argyll_runner: [argyll] done
2026-09-07 08:00:26,291 [DEBUG] core.argyll_runner: [argyll] Acceleration grid res = 12
2026-09-07 08:00:26,291 [DEBUG] core.argyll_runner: [argyll] 
2026-09-07 08:00:26,291 [DEBUG] core.argyll_runner: [argyll] There are 84 unique fixed points to add (98 total fixed points)
2026-09-07 08:00:26,291 [DEBUG] core.argyll_runner: [argyll] There are 1364 far spread points to add
2026-09-07 08:00:26,292 [DEBUG] core.argyll_runner: [argyll] 
2026-09-07 08:00:26,292 [DEBUG] core.argyll_runner: [argyll] Added 12/1448
2026-09-07 08:00:26,292 [DEBUG] core.argyll_runner: [argyll] Added 23/1448
2026-09-07 08:00:26,292 [DEBUG] core.argyll_runner: [argyll] Added 34/1448
2026-09-07 08:00:26,292 [DEBUG] core.argyll_runner: [argyll] Added 45/1448
2026-09-07 08:00:26,293 [DEBUG] core.argyll_runner: [argyll] Added 56/1448
2026-09-07 08:00:26,293 [DEBUG] core.argyll_runner: [argyll] Added 67/1448
2026-09-07 08:00:26,293 [DEBUG] core.argyll_runner: [argyll] Added 78/1448
2026-09-07 08:00:26,294 [DEBUG] core.argyll_runner: [argyll] Added 89/1448
2026-09-07 08:00:26,295 [DEBUG] core.argyll_runner: [argyll] Added 100/1448
2026-09-07 08:00:26,296 [DEBUG] core.argyll_runner: [argyll] Added 111/1448
2026-09-07 08:00:26,296 [DEBUG] core.argyll_runner: [argyll] Added 122/1448
2026-09-07 08:00:26,297 [DEBUG] core.argyll_runner: [argyll] Added 133/1448
2026-09-07 08:00:26,298 [DEBUG] core.argyll_runner: [argyll] Added 144/1448
2026-09-07 08:00:26,299 [DEBUG] core.argyll_runner: [argyll] Added 155/1448
2026-09-07 08:00:26,301 [DEBUG] core.argyll_runner: [argyll] Added 166/1448
2026-09-07 08:00:26,321 [DEBUG] core.argyll_runner: [argyll] 
2026-09-07 08:00:26,321 [DEBUG] core.argyll_runner: [argyll] Added 177/1448
2026-09-07 08:00:26,321 [DEBUG] core.argyll_runner: [argyll] Added 188/1448
2026-09-07 08:00:26,322 [DEBUG] core.argyll_runner: [argyll] Added 199/1448
2026-09-07 08:00:26,322 [DEBUG] core.argyll_runner: [argyll] Added 210/1448
2026-09-07 08:00:26,322 [DEBUG] core.argyll_runner: [argyll] Added 221/1448
2026-09-07 08:00:26,323 [DEBUG] core.argyll_runner: [argyll] Added 232/1448
2026-09-07 08:00:26,324 [DEBUG] core.argyll_runner: [argyll] Added 243/1448
2026-09-07 08:00:26,325 [DEBUG] core.argyll_runner: [argyll] Added 254/1448
2026-09-07 08:00:26,326 [DEBUG] core.argyll_runner: [argyll] Added 265/1448
2026-09-07 08:00:26,327 [DEBUG] core.argyll_runner: [argyll] Added 276/1448
2026-09-07 08:00:26,328 [DEBUG] core.argyll_runner: [argyll] Added 287/1448
2026-09-07 08:00:26,329 [DEBUG] core.argyll_runner: [argyll] Added 298/1448
2026-09-07 08:00:26,331 [DEBUG] core.argyll_runner: [argyll] Added 309/1448
2026-09-07 08:00:26,333 [DEBUG] core.argyll_runner: [argyll] Added 320/1448
2026-09-07 08:00:26,334 [DEBUG] core.argyll_runner: [argyll] Added 331/1448
2026-09-07 08:00:26,336 [DEBUG] core.argyll_runner: [argyll] Added 342/1448
2026-09-07 08:00:26,338 [DEBUG] core.argyll_runner: [argyll] Added 353/1448
2026-09-07 08:00:26,340 [DEBUG] core.argyll_runner: [argyll] Added 364/1448
2026-09-07 08:00:26,343 [DEBUG] core.argyll_runner: [argyll] Added 375/1448
2026-09-07 08:00:26,345 [DEBUG] core.argyll_runner: [argyll] Added 386/1448
2026-09-07 08:00:26,348 [DEBUG] core.argyll_runner: [argyll] Added 397/1448
2026-09-07 08:00:26,350 [DEBUG] core.argyll_runner: [argyll] Added 408/1448
2026-09-07 08:00:26,353 [DEBUG] core.argyll_runner: [argyll] Added 419/1448
2026-09-07 08:00:26,356 [DEBUG] core.argyll_runner: [argyll] Added 430/1448
2026-09-07 08:00:26,359 [DEBUG] core.argyll_runner: [argyll] Added 441/1448
2026-09-07 08:00:26,362 [DEBUG] core.argyll_runner: [argyll] Added 452/1448
2026-09-07 08:00:26,378 [DEBUG] core.argyll_runner: [argyll] 
2026-09-07 08:00:26,379 [DEBUG] core.argyll_runner: [argyll] Added 463/1448
2026-09-07 08:00:26,380 [DEBUG] core.argyll_runner: [argyll] Added 474/1448
2026-09-07 08:00:26,380 [DEBUG] core.argyll_runner: [argyll] Added 485/1448
2026-09-07 08:00:26,380 [DEBUG] core.argyll_runner: [argyll] Added 496/1448
2026-09-07 08:00:26,381 [DEBUG] core.argyll_runner: [argyll] Added 507/1448
2026-09-07 08:00:26,381 [DEBUG] core.argyll_runner: [argyll] Added 518/1448
2026-09-07 08:00:26,382 [DEBUG] core.argyll_runner: [argyll] Added 529/1448
2026-09-07 08:00:26,383 [DEBUG] core.argyll_runner: [argyll] Added 540/1448
2026-09-07 08:00:26,384 [DEBUG] core.argyll_runner: [argyll] Added 551/1448
2026-09-07 08:00:26,385 [DEBUG] core.argyll_runner: [argyll] Added 562/1448
2026-09-07 08:00:26,386 [DEBUG] core.argyll_runner: [argyll] Added 573/1448
2026-09-07 08:00:26,388 [DEBUG] core.argyll_runner: [argyll] Added 584/1448
2026-09-07 08:00:26,389 [DEBUG] core.argyll_runner: [argyll] Added 595/1448
2026-09-07 08:00:26,391 [DEBUG] core.argyll_runner: [argyll] Added 606/1448
2026-09-07 08:00:26,393 [DEBUG] core.argyll_runner: [argyll] Added 617/1448
2026-09-07 08:00:26,394 [DEBUG] core.argyll_runner: [argyll] Added 628/1448
2026-09-07 08:00:26,396 [DEBUG] core.argyll_runner: [argyll] Added 639/1448
2026-09-07 08:00:26,399 [DEBUG] core.argyll_runner: [argyll] Added 650/1448
2026-09-07 08:00:26,401 [DEBUG] core.argyll_runner: [argyll] Added 661/1448
2026-09-07 08:00:26,403 [DEBUG] core.argyll_runner: [argyll] Added 672/1448
2026-09-07 08:00:26,406 [DEBUG] core.argyll_runner: [argyll] Added 683/1448
2026-09-07 08:00:26,409 [DEBUG] core.argyll_runner: [argyll] Added 694/1448
2026-09-07 08:00:26,411 [DEBUG] core.argyll_runner: [argyll] Added 705/1448
2026-09-07 08:00:26,414 [DEBUG] core.argyll_runner: [argyll] Added 716/1448
2026-09-07 08:00:26,417 [DEBUG] core.argyll_runner: [argyll] Added 727/1448
2026-09-07 08:00:26,421 [DEBUG] core.argyll_runner: [argyll] Added 738/1448
2026-09-07 08:00:26,424 [DEBUG] core.argyll_runner: [argyll] Added 749/1448
2026-09-07 08:00:26,427 [DEBUG] core.argyll_runner: [argyll] Added 760/1448
2026-09-07 08:00:26,431 [DEBUG] core.argyll_runner: [argyll] Added 771/1448
2026-09-07 08:00:26,435 [DEBUG] core.argyll_runner: [argyll] Added 782/1448
2026-09-07 08:00:26,439 [DEBUG] core.argyll_runner: [argyll] Added 793/1448
2026-09-07 08:00:26,443 [DEBUG] core.argyll_runner: [argyll] Added 804/1448
2026-09-07 08:00:26,447 [DEBUG] core.argyll_runner: [argyll] Added 815/1448
2026-09-07 08:00:26,451 [DEBUG] core.argyll_runner: [argyll] Added 826/1448
2026-09-07 08:00:26,455 [DEBUG] core.argyll_runner: [argyll] Added 837/1448
2026-09-07 08:00:26,460 [DEBUG] core.argyll_runner: [argyll] Added 848/1448
2026-09-07 08:00:26,464 [DEBUG] core.argyll_runner: [argyll] Added 859/1448
2026-09-07 08:00:26,469 [DEBUG] core.argyll_runner: [argyll] Added 870/1448
2026-09-07 08:00:26,474 [DEBUG] core.argyll_runner: [argyll] Added 881/1448
2026-09-07 08:00:26,479 [DEBUG] core.argyll_runner: [argyll] Added 892/1448
2026-09-07 08:00:26,484 [DEBUG] core.argyll_runner: [argyll] Added 903/1448
2026-09-07 08:00:26,489 [DEBUG] core.argyll_runner: [argyll] Added 914/1448
2026-09-07 08:00:26,494 [DEBUG] core.argyll_runner: [argyll] Added 925/1448
2026-09-07 08:00:26,500 [DEBUG] core.argyll_runner: [argyll] Added 936/1448
2026-09-07 08:00:26,506 [DEBUG] core.argyll_runner: [argyll] Added 947/1448
2026-09-07 08:00:26,512 [DEBUG] core.argyll_runner: [argyll] Added 958/1448
2026-09-07 08:00:26,518 [DEBUG] core.argyll_runner: [argyll] Added 969/1448
2026-09-07 08:00:26,524 [DEBUG] core.argyll_runner: [argyll] Added 980/1448
2026-09-07 08:00:26,530 [DEBUG] core.argyll_runner: [argyll] Added 991/1448
2026-09-07 08:00:26,537 [DEBUG] core.argyll_runner: [argyll] Added 1002/1448
2026-09-07 08:00:26,543 [DEBUG] core.argyll_runner: [argyll] Added 1013/1448
2026-09-07 08:00:26,550 [DEBUG] core.argyll_runner: [argyll] Added 1024/1448
2026-09-07 08:00:26,557 [DEBUG] core.argyll_runner: [argyll] Added 1035/1448
2026-09-07 08:00:26,564 [DEBUG] core.argyll_runner: [argyll] Added 1046/1448
2026-09-07 08:00:26,571 [DEBUG] core.argyll_runner: [argyll] Added 1057/1448
2026-09-07 08:00:26,578 [DEBUG] core.argyll_runner: [argyll] Added 1068/1448
2026-09-07 08:00:26,585 [DEBUG] core.argyll_runner: [argyll] Added 1079/1448
2026-09-07 08:00:26,593 [DEBUG] core.argyll_runner: [argyll] Added 1090/1448
2026-09-07 08:00:26,600 [DEBUG] core.argyll_runner: [argyll] Added 1101/1448
2026-09-07 08:00:26,608 [DEBUG] core.argyll_runner: [argyll] Added 1112/1448
2026-09-07 08:00:26,630 [DEBUG] core.argyll_runner: [argyll] 
2026-09-07 08:00:26,632 [DEBUG] core.argyll_runner: [argyll] Added 1123/1448
2026-09-07 08:00:26,632 [DEBUG] core.argyll_runner: [argyll] Added 1134/1448
2026-09-07 08:00:26,632 [DEBUG] core.argyll_runner: [argyll] Added 1145/1448
2026-09-07 08:00:26,633 [DEBUG] core.argyll_runner: [argyll] Added 1156/1448
2026-09-07 08:00:26,633 [DEBUG] core.argyll_runner: [argyll] Added 1167/1448
2026-09-07 08:00:26,634 [DEBUG] core.argyll_runner: [argyll] Added 1178/1448
2026-09-07 08:00:26,635 [DEBUG] core.argyll_runner: [argyll] Added 1189/1448
2026-09-07 08:00:26,635 [DEBUG] core.argyll_runner: [argyll] Added 1200/1448
2026-09-07 08:00:26,636 [DEBUG] core.argyll_runner: [argyll] Added 1211/1448
2026-09-07 08:00:26,638 [DEBUG] core.argyll_runner: [argyll] Added 1222/1448
2026-09-07 08:00:26,639 [DEBUG] core.argyll_runner: [argyll] Added 1233/1448
2026-09-07 08:00:26,640 [DEBUG] core.argyll_runner: [argyll] Added 1244/1448
2026-09-07 08:00:26,642 [DEBUG] core.argyll_runner: [argyll] Added 1255/1448
2026-09-07 08:00:26,644 [DEBUG] core.argyll_runner: [argyll] Added 1266/1448
2026-09-07 08:00:26,645 [DEBUG] core.argyll_runner: [argyll] Added 1277/1448
2026-09-07 08:00:26,647 [DEBUG] core.argyll_runner: [argyll] Added 1288/1448
2026-09-07 08:00:26,649 [DEBUG] core.argyll_runner: [argyll] Added 1299/1448
2026-09-07 08:00:26,651 [DEBUG] core.argyll_runner: [argyll] Added 1310/1448
2026-09-07 08:00:26,654 [DEBUG] core.argyll_runner: [argyll] Added 1321/1448
2026-09-07 08:00:26,656 [DEBUG] core.argyll_runner: [argyll] Added 1332/1448
2026-09-07 08:00:26,659 [DEBUG] core.argyll_runner: [argyll] Added 1343/1448
2026-09-07 08:00:26,662 [DEBUG] core.argyll_runner: [argyll] Added 1354/1448
2026-09-07 08:00:26,664 [DEBUG] core.argyll_runner: [argyll] Added 1365/1448
2026-09-07 08:00:26,667 [DEBUG] core.argyll_runner: [argyll] Added 1376/1448
2026-09-07 08:00:26,670 [DEBUG] core.argyll_runner: [argyll] Added 1387/1448
2026-09-07 08:00:26,674 [DEBUG] core.argyll_runner: [argyll] Added 1398/1448
2026-09-07 08:00:26,677 [DEBUG] core.argyll_runner: [argyll] Added 1409/1448
2026-09-07 08:00:26,680 [DEBUG] core.argyll_runner: [argyll] Added 1420/1448
2026-09-07 08:00:26,684 [DEBUG] core.argyll_runner: [argyll] Added 1431/1448
2026-09-07 08:00:26,687 [DEBUG] core.argyll_runner: [argyll] Added 1442/1448
2026-09-07 08:00:26,691 [DEBUG] core.argyll_runner: [argyll] Added 1448/1448
2026-09-07 08:00:29,390 [DEBUG] core.argyll_runner: [argyll] 
2026-09-07 08:00:29,392 [DEBUG] core.argyll_runner: [argyll] After seeding points: MinPoint = 2.002, Min = 1.838, Avg. = 7.599, Max = 9.666, 0.2 secs
2026-09-07 08:00:29,392 [DEBUG] core.argyll_runner: [argyll] Re-seeding
2026-09-07 08:00:29,392 [DEBUG] core.argyll_runner: [argyll] It 1: Maxmv = 0.066246, MinPoint = 2.002, Min = 1.838, Avg. = 7.564, Max = 10.085, 0.1 secs.
2026-09-07 08:00:29,392 [DEBUG] core.argyll_runner: [argyll] Re-seeding
2026-09-07 08:00:29,393 [DEBUG] core.argyll_runner: [argyll] It 2: Maxmv = 0.071187, MinPoint = 2.002, Min = 1.838, Avg. = 7.513, Max = 10.265, 0.1 secs.
2026-09-07 08:00:29,393 [DEBUG] core.argyll_runner: [argyll] Re-seeding
2026-09-07 08:00:29,393 [DEBUG] core.argyll_runner: [argyll] It 3: Maxmv = 0.071927, MinPoint = 2.002, Min = 1.838, Avg. = 7.486, Max = 9.903, 0.1 secs.
2026-09-07 08:00:29,393 [DEBUG] core.argyll_runner: [argyll] Re-seeding
2026-09-07 08:00:29,393 [DEBUG] core.argyll_runner: [argyll] It 4: Maxmv = 0.053559, MinPoint = 2.002, Min = 1.838, Avg. = 7.439, Max = 9.879, 0.1 secs.
2026-09-07 08:00:29,394 [DEBUG] core.argyll_runner: [argyll] Re-seeding
2026-09-07 08:00:29,394 [DEBUG] core.argyll_runner: [argyll] It 5: Maxmv = 0.044407, MinPoint = 2.002, Min = 1.838, Avg. = 7.406, Max = 9.978, 0.1 secs.
2026-09-07 08:00:29,394 [DEBUG] core.argyll_runner: [argyll] Re-seeding
2026-09-07 08:00:29,394 [DEBUG] core.argyll_runner: [argyll] It 6: Maxmv = 0.045360, MinPoint = 2.002, Min = 1.838, Avg. = 7.357, Max = 9.361, 0.1 secs.
2026-09-07 08:00:29,395 [DEBUG] core.argyll_runner: [argyll] Re-seeding
2026-09-07 08:00:29,395 [DEBUG] core.argyll_runner: [argyll] It 7: Maxmv = 0.034240, MinPoint = 2.002, Min = 1.838, Avg. = 7.319, Max = 9.532, 0.1 secs.
2026-09-07 08:00:29,395 [DEBUG] core.argyll_runner: [argyll] Re-seeding
2026-09-07 08:00:29,395 [DEBUG] core.argyll_runner: [argyll] It 8: Maxmv = 0.031521, MinPoint = 2.002, Min = 1.838, Avg. = 7.296, Max = 9.135, 0.1 secs.
2026-09-07 08:00:29,396 [DEBUG] core.argyll_runner: [argyll] Re-seeding
2026-09-07 08:00:29,396 [DEBUG] core.argyll_runner: [argyll] It 9: Maxmv = 0.028477, MinPoint = 2.002, Min = 1.838, Avg. = 7.281, Max = 9.055, 0.1 secs.
2026-09-07 08:00:29,396 [DEBUG] core.argyll_runner: [argyll] Re-seeding
2026-09-07 08:00:29,396 [DEBUG] core.argyll_runner: [argyll] It 10: Maxmv = 0.025892, MinPoint = 2.002, Min = 1.838, Avg. = 7.264, Max = 9.152, 0.1 secs.
2026-09-07 08:00:29,396 [DEBUG] core.argyll_runner: [argyll] Re-seeding
2026-09-07 08:00:29,397 [DEBUG] core.argyll_runner: [argyll] It 11: Maxmv = 0.019368, MinPoint = 2.002, Min = 1.838, Avg. = 7.244, Max = 8.686, 0.1 secs.
2026-09-07 08:00:29,397 [DEBUG] core.argyll_runner: [argyll] Re-seeding
2026-09-07 08:00:29,397 [DEBUG] core.argyll_runner: [argyll] It 12: Maxmv = 0.017614, MinPoint = 2.002, Min = 1.838, Avg. = 7.230, Max = 8.661, 0.2 secs.
2026-09-07 08:00:29,397 [DEBUG] core.argyll_runner: [argyll] Re-seeding
2026-09-07 08:00:29,397 [DEBUG] core.argyll_runner: [argyll] It 13: Maxmv = 0.012553, MinPoint = 2.002, Min = 1.838, Avg. = 7.223, Max = 8.644, 0.1 secs.
2026-09-07 08:00:29,398 [DEBUG] core.argyll_runner: [argyll] Re-seeding
2026-09-07 08:00:29,398 [DEBUG] core.argyll_runner: [argyll] It 14: Maxmv = 0.012178, MinPoint = 2.002, Min = 1.838, Avg. = 7.217, Max = 8.553, 0.1 secs.
2026-09-07 08:00:29,398 [DEBUG] core.argyll_runner: [argyll] Re-seeding
2026-09-07 08:00:29,398 [DEBUG] core.argyll_runner: [argyll] It 15: Maxmv = 0.009014, MinPoint = 2.002, Min = 1.838, Avg. = 7.213, Max = 8.482, 0.1 secs.
2026-09-07 08:00:29,399 [DEBUG] core.argyll_runner: [argyll] Re-seeding
2026-09-07 08:00:29,399 [DEBUG] core.argyll_runner: [argyll] It 16: Maxmv = 0.006549, MinPoint = 2.002, Min = 1.838, Avg. = 7.212, Max = 8.400, 0.1 secs.
2026-09-07 08:00:29,399 [DEBUG] core.argyll_runner: [argyll] Re-seeding
2026-09-07 08:00:29,399 [DEBUG] core.argyll_runner: [argyll] It 17: Maxmv = 0.004520, MinPoint = 2.002, Min = 1.838, Avg. = 7.212, Max = 8.446, 0.1 secs.
2026-09-07 08:00:29,400 [DEBUG] core.argyll_runner: [argyll] Re-seeding
2026-09-07 08:00:29,400 [DEBUG] core.argyll_runner: [argyll] It 18: Maxmv = 0.002703, MinPoint = 2.002, Min = 1.838, Avg. = 7.211, Max = 8.429, 0.2 secs.
2026-09-07 08:00:29,400 [DEBUG] core.argyll_runner: [argyll] Re-seeding
2026-09-07 08:00:29,400 [DEBUG] core.argyll_runner: [argyll] It 19: Maxmv = 0.001048, MinPoint = 2.002, Min = 1.838, Avg. = 7.212, Max = 8.419, 0.1 secs.
2026-09-07 08:00:29,400 [DEBUG] core.argyll_runner: [argyll] Re-seeding
2026-09-07 08:00:29,401 [DEBUG] core.argyll_runner: [argyll] It 20: Maxmv = 0.001017, MinPoint = 2.002, Min = 1.838, Avg. = 7.211, Max = 8.386, 0.1 secs.
2026-09-07 08:00:29,401 [DEBUG] core.argyll_runner: [argyll] After optimization: MinPoint = 2.002, Min = 1.838, Avg. = 7.211, Max = 8.386
2026-09-07 08:00:29,401 [DEBUG] core.argyll_runner: [argyll] Total number of patches = 1462
2026-09-07 08:00:29,401 [DEBUG] core.argyll_runner: [argyll] Execution time = 3.149742 seconds
2026-09-07 08:00:29,415 [INFO] core.argyll_runner: ArgyllRunner: finished with code 0
2026-09-07 08:00:30,054 [DEBUG] workflow.chart_creator: Wrote channel sidecar A2-Instruments.channels.json: ['r', 'g', 'b']
2026-09-07 08:00:30,204 [DEBUG] ui.tiff_preview: TiffPreview: loaded 1 page(s)
2026-09-07 08:00:30,205 [INFO] ui.tabs.tab_chart: Preview loaded: 1 TIFF(s)
2026-09-07 08:00:30,261 [DEBUG] ui.tiff_preview: TiffPreview: loaded 1 page(s)
2026-09-07 08:00:30,264 [DEBUG] ui.tiff_preview: TiffPreview: loaded 1 page(s)
2026-09-07 08:00:30,274 [DEBUG] ui.tabs.tab_chart: create-chart settings written for run1 (40 parameters + ui state)
2026-09-07 08:00:32,446 [INFO] assess:   shot Screenshots/A2-instruments/i1-noclip-A3-preview.png  (2232x1186)
2026-09-07 08:00:32,446 [INFO] assess: [i1-noclip-A3] ok=True 7.7s est_before={'total': 1462, 'fillup': 0, 'page_patches': 1462, 'rows': 43, 'cols': 34, 'pages': 1, 'patch': (8.2, 8.32), 'pitch': None} actual={'total': 1462, 'fillup': 0, 'page_patches': 1462, 'rows': 43, 'cols': 34, 'pages': 1, 'patch': (8.21, 8.3), 'pitch': None} status='' eng=['[ChromIQ layout engine] Drawing the pages. This part runs in one go and cannot be stopped, so the window will not respond until it is finished.', '[ChromIQ layout engine] 1462 patches (43×34), 1 page, random start 1676230666']
2026-09-07 08:00:32,446 [INFO] assess:   json Test Runs/logs/d02_matrix.json
2026-09-07 08:00:32,446 [INFO] assess:   armed: dialog ~'scanner' -> click 'OK' hex heads-up (hex modes only)
2026-09-07 08:00:32,447 [INFO] assess:   armed: dialog ~'quite fill' -> click 'OK' last page hint
2026-09-07 08:00:32,447 [INFO] assess:   armed: dialog ~'already' -> click 'Continue this project' S4.7 on 2nd+ build
2026-09-07 08:00:33,210 [DEBUG] core.settings: settings.set helper_markers_show = False
2026-09-07 08:00:33,210 [DEBUG] core.settings: settings.set helper_marker_edge_mm = 2.0
2026-09-07 08:00:33,210 [DEBUG] core.settings: settings.set helper_marker_len_mm = 2.0
2026-09-07 08:00:33,210 [DEBUG] core.settings: settings.set helper_marker_per_patch = 3
2026-09-07 08:00:33,210 [DEBUG] core.settings: settings.set helper_markers_top_bottom = True
2026-09-07 08:00:33,210 [DEBUG] core.settings: settings.set helper_markers_sides = True
2026-09-07 08:00:33,875 [INFO] ui.tabs.tab_chart: chart build (Generate Chart) in manual: patch set targen | manual panel: 420x297, 0x0 grid, margins T38.0 R9.0 B19.0 L26.0
2026-09-07 08:00:33,879 [DEBUG] core.settings: settings.set session_ti3_path = ''
2026-09-07 08:00:33,879 [DEBUG] core.settings: settings.set session_icc_path = ''
2026-09-07 08:00:33,879 [DEBUG] core.settings: settings.set session_cal_ti3_path = ''
2026-09-07 08:00:33,880 [DEBUG] core.file_manager: Target name set to: A2-Instruments (root /Users/Basti/ChromIQ-assessment/A2-Instruments)
2026-09-07 08:00:33,881 [INFO] core.file_manager: opened the EXISTING project at /Users/Basti/ChromIQ-assessment/A2-Instruments (1 run(s) on disk)
2026-09-07 08:00:33,928 [INFO] workflow.chart_creator: Chart generation: 1248 patches, instrument=i1 paper=420x297 disable_lb=True
2026-09-07 08:00:33,928 [INFO] workflow.chart_creator: targen args: ['-v', '-d2', '-f1248', '-e8', '-B8', '-G', '-g71', 'A2-Instruments']
2026-09-07 08:00:33,928 [INFO] core.argyll_runner: Run: /Applications/Argyll/bin/targen -v -d2 -f1248 -e8 -B8 -G -g71 A2-Instruments  [cwd=/Users/Basti/ChromIQ-assessment/A2-Instruments/runs/run1]
2026-09-07 08:00:33,998 [DEBUG] core.argyll_runner: [argyll] iRGB test chart
2026-09-07 08:00:33,998 [DEBUG] core.argyll_runner: [argyll] White patches = 8
2026-09-07 08:00:33,998 [DEBUG] core.argyll_runner: [argyll] Black patches = 8
2026-09-07 08:00:33,998 [DEBUG] core.argyll_runner: [argyll] Composite Grey steps = 71
2026-09-07 08:00:33,999 [DEBUG] core.argyll_runner: [argyll] Full spread patches = 1248
2026-09-07 08:00:33,999 [DEBUG] core.argyll_runner: [argyll] Degree of adaptation: 0.100
2026-09-07 08:00:33,999 [DEBUG] core.argyll_runner: [argyll] Adaptation weights: Device = 0.935, Perceptual = 0.065, Curvature = 0.010
2026-09-07 08:00:33,999 [DEBUG] core.argyll_runner: [argyll] Perceptual cache resolution = 13
2026-09-07 08:00:33,999 [DEBUG] core.argyll_runner: [argyll] Seeding cache...
2026-09-07 08:00:34,019 [DEBUG] core.argyll_runner: [argyll] done
2026-09-07 08:00:34,019 [DEBUG] core.argyll_runner: [argyll] Acceleration grid res = 12
2026-09-07 08:00:34,019 [DEBUG] core.argyll_runner: [argyll] 
2026-09-07 08:00:34,020 [DEBUG] core.argyll_runner: [argyll] There are 71 unique fixed points to add (85 total fixed points)
2026-09-07 08:00:34,020 [DEBUG] core.argyll_runner: [argyll] There are 1163 far spread points to add
2026-09-07 08:00:34,020 [DEBUG] core.argyll_runner: [argyll] 
2026-09-07 08:00:34,020 [DEBUG] core.argyll_runner: [argyll] Added 12/1234
2026-09-07 08:00:34,020 [DEBUG] core.argyll_runner: [argyll] Added 23/1234
2026-09-07 08:00:34,020 [DEBUG] core.argyll_runner: [argyll] Added 34/1234
2026-09-07 08:00:34,021 [DEBUG] core.argyll_runner: [argyll] Added 45/1234
2026-09-07 08:00:34,021 [DEBUG] core.argyll_runner: [argyll] Added 56/1234
2026-09-07 08:00:34,021 [DEBUG] core.argyll_runner: [argyll] Added 67/1234
2026-09-07 08:00:34,022 [DEBUG] core.argyll_runner: [argyll] Added 78/1234
2026-09-07 08:00:34,023 [DEBUG] core.argyll_runner: [argyll] Added 89/1234
2026-09-07 08:00:34,023 [DEBUG] core.argyll_runner: [argyll] Added 100/1234
2026-09-07 08:00:34,055 [DEBUG] core.argyll_runner: [argyll] 
2026-09-07 08:00:34,055 [DEBUG] core.argyll_runner: [argyll] Added 111/1234
2026-09-07 08:00:34,055 [DEBUG] core.argyll_runner: [argyll] Added 122/1234
2026-09-07 08:00:34,055 [DEBUG] core.argyll_runner: [argyll] Added 133/1234
2026-09-07 08:00:34,056 [DEBUG] core.argyll_runner: [argyll] Added 144/1234
2026-09-07 08:00:34,056 [DEBUG] core.argyll_runner: [argyll] Added 155/1234
2026-09-07 08:00:34,057 [DEBUG] core.argyll_runner: [argyll] Added 166/1234
2026-09-07 08:00:34,057 [DEBUG] core.argyll_runner: [argyll] Added 177/1234
2026-09-07 08:00:34,058 [DEBUG] core.argyll_runner: [argyll] Added 188/1234
2026-09-07 08:00:34,059 [DEBUG] core.argyll_runner: [argyll] Added 199/1234
2026-09-07 08:00:34,060 [DEBUG] core.argyll_runner: [argyll] Added 210/1234
2026-09-07 08:00:34,061 [DEBUG] core.argyll_runner: [argyll] Added 221/1234
2026-09-07 08:00:34,062 [DEBUG] core.argyll_runner: [argyll] Added 232/1234
2026-09-07 08:00:34,064 [DEBUG] core.argyll_runner: [argyll] Added 243/1234
2026-09-07 08:00:34,066 [DEBUG] core.argyll_runner: [argyll] Added 254/1234
2026-09-07 08:00:34,067 [DEBUG] core.argyll_runner: [argyll] Added 265/1234
2026-09-07 08:00:34,069 [DEBUG] core.argyll_runner: [argyll] Added 276/1234
2026-09-07 08:00:34,071 [DEBUG] core.argyll_runner: [argyll] Added 287/1234
2026-09-07 08:00:34,073 [DEBUG] core.argyll_runner: [argyll] Added 298/1234
2026-09-07 08:00:34,075 [DEBUG] core.argyll_runner: [argyll] Added 309/1234
2026-09-07 08:00:34,078 [DEBUG] core.argyll_runner: [argyll] Added 320/1234
2026-09-07 08:00:34,080 [DEBUG] core.argyll_runner: [argyll] Added 331/1234
2026-09-07 08:00:34,083 [DEBUG] core.argyll_runner: [argyll] Added 342/1234
2026-09-07 08:00:34,085 [DEBUG] core.argyll_runner: [argyll] Added 353/1234
2026-09-07 08:00:34,088 [DEBUG] core.argyll_runner: [argyll] Added 364/1234
2026-09-07 08:00:34,091 [DEBUG] core.argyll_runner: [argyll] Added 375/1234
2026-09-07 08:00:34,094 [DEBUG] core.argyll_runner: [argyll] Added 386/1234
2026-09-07 08:00:34,097 [DEBUG] core.argyll_runner: [argyll] Added 397/1234
2026-09-07 08:00:34,100 [DEBUG] core.argyll_runner: [argyll] Added 408/1234
2026-09-07 08:00:34,104 [DEBUG] core.argyll_runner: [argyll] Added 419/1234
2026-09-07 08:00:34,107 [DEBUG] core.argyll_runner: [argyll] Added 430/1234
2026-09-07 08:00:34,111 [DEBUG] core.argyll_runner: [argyll] Added 441/1234
2026-09-07 08:00:34,128 [DEBUG] core.argyll_runner: [argyll] 
2026-09-07 08:00:34,129 [DEBUG] core.argyll_runner: [argyll] Added 452/1234
2026-09-07 08:00:34,129 [DEBUG] core.argyll_runner: [argyll] Added 463/1234
2026-09-07 08:00:34,129 [DEBUG] core.argyll_runner: [argyll] Added 474/1234
2026-09-07 08:00:34,130 [DEBUG] core.argyll_runner: [argyll] Added 485/1234
2026-09-07 08:00:34,130 [DEBUG] core.argyll_runner: [argyll] Added 496/1234
2026-09-07 08:00:34,131 [DEBUG] core.argyll_runner: [argyll] Added 507/1234
2026-09-07 08:00:34,132 [DEBUG] core.argyll_runner: [argyll] Added 518/1234
2026-09-07 08:00:34,132 [DEBUG] core.argyll_runner: [argyll] Added 529/1234
2026-09-07 08:00:34,133 [DEBUG] core.argyll_runner: [argyll] Added 540/1234
2026-09-07 08:00:34,135 [DEBUG] core.argyll_runner: [argyll] Added 551/1234
2026-09-07 08:00:34,136 [DEBUG] core.argyll_runner: [argyll] Added 562/1234
2026-09-07 08:00:34,137 [DEBUG] core.argyll_runner: [argyll] Added 573/1234
2026-09-07 08:00:34,139 [DEBUG] core.argyll_runner: [argyll] Added 584/1234
2026-09-07 08:00:34,140 [DEBUG] core.argyll_runner: [argyll] Added 595/1234
2026-09-07 08:00:34,142 [DEBUG] core.argyll_runner: [argyll] Added 606/1234
2026-09-07 08:00:34,144 [DEBUG] core.argyll_runner: [argyll] Added 617/1234
2026-09-07 08:00:34,146 [DEBUG] core.argyll_runner: [argyll] Added 628/1234
2026-09-07 08:00:34,148 [DEBUG] core.argyll_runner: [argyll] Added 639/1234
2026-09-07 08:00:34,150 [DEBUG] core.argyll_runner: [argyll] Added 650/1234
2026-09-07 08:00:34,153 [DEBUG] core.argyll_runner: [argyll] Added 661/1234
2026-09-07 08:00:34,155 [DEBUG] core.argyll_runner: [argyll] Added 672/1234
2026-09-07 08:00:34,158 [DEBUG] core.argyll_runner: [argyll] Added 683/1234
2026-09-07 08:00:34,161 [DEBUG] core.argyll_runner: [argyll] Added 694/1234
2026-09-07 08:00:34,164 [DEBUG] core.argyll_runner: [argyll] Added 705/1234
2026-09-07 08:00:34,167 [DEBUG] core.argyll_runner: [argyll] Added 716/1234
2026-09-07 08:00:34,170 [DEBUG] core.argyll_runner: [argyll] Added 727/1234
2026-09-07 08:00:34,174 [DEBUG] core.argyll_runner: [argyll] Added 738/1234
2026-09-07 08:00:34,177 [DEBUG] core.argyll_runner: [argyll] Added 749/1234
2026-09-07 08:00:34,181 [DEBUG] core.argyll_runner: [argyll] Added 760/1234
2026-09-07 08:00:34,184 [DEBUG] core.argyll_runner: [argyll] Added 771/1234
2026-09-07 08:00:34,188 [DEBUG] core.argyll_runner: [argyll] Added 782/1234
2026-09-07 08:00:34,192 [DEBUG] core.argyll_runner: [argyll] Added 793/1234
2026-09-07 08:00:34,196 [DEBUG] core.argyll_runner: [argyll] Added 804/1234
2026-09-07 08:00:34,201 [DEBUG] core.argyll_runner: [argyll] Added 815/1234
2026-09-07 08:00:34,205 [DEBUG] core.argyll_runner: [argyll] Added 826/1234
2026-09-07 08:00:34,210 [DEBUG] core.argyll_runner: [argyll] Added 837/1234
2026-09-07 08:00:34,214 [DEBUG] core.argyll_runner: [argyll] Added 848/1234
2026-09-07 08:00:34,219 [DEBUG] core.argyll_runner: [argyll] Added 859/1234
2026-09-07 08:00:34,224 [DEBUG] core.argyll_runner: [argyll] Added 870/1234
2026-09-07 08:00:34,229 [DEBUG] core.argyll_runner: [argyll] Added 881/1234
2026-09-07 08:00:34,234 [DEBUG] core.argyll_runner: [argyll] Added 892/1234
2026-09-07 08:00:34,239 [DEBUG] core.argyll_runner: [argyll] Added 903/1234
2026-09-07 08:00:34,245 [DEBUG] core.argyll_runner: [argyll] Added 914/1234
2026-09-07 08:00:34,250 [DEBUG] core.argyll_runner: [argyll] Added 925/1234
2026-09-07 08:00:34,256 [DEBUG] core.argyll_runner: [argyll] Added 936/1234
2026-09-07 08:00:34,261 [DEBUG] core.argyll_runner: [argyll] Added 947/1234
2026-09-07 08:00:34,267 [DEBUG] core.argyll_runner: [argyll] Added 958/1234
2026-09-07 08:00:34,273 [DEBUG] core.argyll_runner: [argyll] Added 969/1234
2026-09-07 08:00:34,280 [DEBUG] core.argyll_runner: [argyll] Added 980/1234
2026-09-07 08:00:34,286 [DEBUG] core.argyll_runner: [argyll] Added 991/1234
2026-09-07 08:00:34,292 [DEBUG] core.argyll_runner: [argyll] Added 1002/1234
2026-09-07 08:00:34,299 [DEBUG] core.argyll_runner: [argyll] Added 1013/1234
2026-09-07 08:00:34,305 [DEBUG] core.argyll_runner: [argyll] Added 1024/1234
2026-09-07 08:00:34,312 [DEBUG] core.argyll_runner: [argyll] Added 1035/1234
2026-09-07 08:00:34,319 [DEBUG] core.argyll_runner: [argyll] Added 1046/1234
2026-09-07 08:00:34,326 [DEBUG] core.argyll_runner: [argyll] Added 1057/1234
2026-09-07 08:00:34,334 [DEBUG] core.argyll_runner: [argyll] Added 1068/1234
2026-09-07 08:00:34,341 [DEBUG] core.argyll_runner: [argyll] Added 1079/1234
2026-09-07 08:00:34,348 [DEBUG] core.argyll_runner: [argyll] Added 1090/1234
2026-09-07 08:00:34,356 [DEBUG] core.argyll_runner: [argyll] Added 1101/1234
2026-09-07 08:00:34,364 [DEBUG] core.argyll_runner: [argyll] Added 1112/1234
2026-09-07 08:00:34,372 [DEBUG] core.argyll_runner: [argyll] Added 1123/1234
2026-09-07 08:00:34,380 [DEBUG] core.argyll_runner: [argyll] Added 1134/1234
2026-09-07 08:00:34,388 [DEBUG] core.argyll_runner: [argyll] Added 1145/1234
2026-09-07 08:00:34,396 [DEBUG] core.argyll_runner: [argyll] Added 1156/1234
2026-09-07 08:00:34,404 [DEBUG] core.argyll_runner: [argyll] Added 1167/1234
2026-09-07 08:00:34,413 [DEBUG] core.argyll_runner: [argyll] Added 1178/1234
2026-09-07 08:00:34,422 [DEBUG] core.argyll_runner: [argyll] Added 1189/1234
2026-09-07 08:00:34,430 [DEBUG] core.argyll_runner: [argyll] Added 1200/1234
2026-09-07 08:00:34,439 [DEBUG] core.argyll_runner: [argyll] Added 1211/1234
2026-09-07 08:00:34,448 [DEBUG] core.argyll_runner: [argyll] Added 1222/1234
2026-09-07 08:00:34,458 [DEBUG] core.argyll_runner: [argyll] Added 1233/1234
2026-09-07 08:00:34,467 [DEBUG] core.argyll_runner: [argyll] Added 1234/1234
2026-09-07 08:00:36,627 [DEBUG] core.argyll_runner: [argyll] 
2026-09-07 08:00:36,631 [DEBUG] core.argyll_runner: [argyll] After seeding points: MinPoint = 2.374, Min = 2.179, Avg. = 8.048, Max = 10.425, 0.1 secs
2026-09-07 08:00:36,631 [DEBUG] core.argyll_runner: [argyll] Re-seeding
2026-09-07 08:00:36,631 [DEBUG] core.argyll_runner: [argyll] It 1: Maxmv = 0.088014, MinPoint = 1.784, Min = 2.179, Avg. = 8.026, Max = 10.959, 0.1 secs.
2026-09-07 08:00:36,632 [DEBUG] core.argyll_runner: [argyll] Re-seeding
2026-09-07 08:00:36,632 [DEBUG] core.argyll_runner: [argyll] It 2: Maxmv = 0.073644, MinPoint = 2.374, Min = 2.179, Avg. = 7.978, Max = 10.791, 0.1 secs.
2026-09-07 08:00:36,632 [DEBUG] core.argyll_runner: [argyll] Re-seeding
2026-09-07 08:00:36,632 [DEBUG] core.argyll_runner: [argyll] It 3: Maxmv = 0.066738, MinPoint = 2.374, Min = 2.179, Avg. = 7.921, Max = 10.313, 0.1 secs.
2026-09-07 08:00:36,633 [DEBUG] core.argyll_runner: [argyll] Re-seeding
2026-09-07 08:00:36,633 [DEBUG] core.argyll_runner: [argyll] It 4: Maxmv = 0.063933, MinPoint = 2.374, Min = 2.179, Avg. = 7.852, Max = 9.949, 0.1 secs.
2026-09-07 08:00:36,633 [DEBUG] core.argyll_runner: [argyll] Re-seeding
2026-09-07 08:00:36,633 [DEBUG] core.argyll_runner: [argyll] It 5: Maxmv = 0.048054, MinPoint = 2.374, Min = 2.179, Avg. = 7.807, Max = 10.085, 0.1 secs.
2026-09-07 08:00:36,634 [DEBUG] core.argyll_runner: [argyll] Re-seeding
2026-09-07 08:00:36,634 [DEBUG] core.argyll_runner: [argyll] It 6: Maxmv = 0.050656, MinPoint = 2.374, Min = 2.179, Avg. = 7.774, Max = 10.195, 0.1 secs.
2026-09-07 08:00:36,634 [DEBUG] core.argyll_runner: [argyll] Re-seeding
2026-09-07 08:00:36,634 [DEBUG] core.argyll_runner: [argyll] It 7: Maxmv = 0.043237, MinPoint = 2.374, Min = 2.179, Avg. = 7.732, Max = 9.702, 0.1 secs.
2026-09-07 08:00:36,635 [DEBUG] core.argyll_runner: [argyll] Re-seeding
2026-09-07 08:00:36,635 [DEBUG] core.argyll_runner: [argyll] It 8: Maxmv = 0.040114, MinPoint = 2.374, Min = 2.179, Avg. = 7.708, Max = 9.894, 0.1 secs.
2026-09-07 08:00:36,635 [DEBUG] core.argyll_runner: [argyll] Re-seeding
2026-09-07 08:00:36,635 [DEBUG] core.argyll_runner: [argyll] It 9: Maxmv = 0.032247, MinPoint = 2.374, Min = 2.179, Avg. = 7.677, Max = 9.492, 0.1 secs.
2026-09-07 08:00:36,636 [DEBUG] core.argyll_runner: [argyll] Re-seeding
2026-09-07 08:00:36,636 [DEBUG] core.argyll_runner: [argyll] It 10: Maxmv = 0.032726, MinPoint = 2.374, Min = 2.179, Avg. = 7.660, Max = 9.502, 0.1 secs.
2026-09-07 08:00:36,636 [DEBUG] core.argyll_runner: [argyll] Re-seeding
2026-09-07 08:00:36,636 [DEBUG] core.argyll_runner: [argyll] It 11: Maxmv = 0.025285, MinPoint = 2.374, Min = 2.179, Avg. = 7.644, Max = 9.363, 0.1 secs.
2026-09-07 08:00:36,637 [DEBUG] core.argyll_runner: [argyll] Re-seeding
2026-09-07 08:00:36,637 [DEBUG] core.argyll_runner: [argyll] It 12: Maxmv = 0.019371, MinPoint = 2.374, Min = 2.179, Avg. = 7.632, Max = 9.388, 0.1 secs.
2026-09-07 08:00:36,637 [DEBUG] core.argyll_runner: [argyll] Re-seeding
2026-09-07 08:00:36,637 [DEBUG] core.argyll_runner: [argyll] It 13: Maxmv = 0.017256, MinPoint = 2.374, Min = 2.179, Avg. = 7.620, Max = 9.135, 0.1 secs.
2026-09-07 08:00:36,638 [DEBUG] core.argyll_runner: [argyll] Re-seeding
2026-09-07 08:00:36,638 [DEBUG] core.argyll_runner: [argyll] It 14: Maxmv = 0.014695, MinPoint = 2.374, Min = 2.179, Avg. = 7.616, Max = 9.171, 0.1 secs.
2026-09-07 08:00:36,638 [DEBUG] core.argyll_runner: [argyll] Re-seeding
2026-09-07 08:00:36,638 [DEBUG] core.argyll_runner: [argyll] It 15: Maxmv = 0.009839, MinPoint = 2.374, Min = 2.179, Avg. = 7.615, Max = 9.109, 0.1 secs.
2026-09-07 08:00:36,639 [DEBUG] core.argyll_runner: [argyll] Re-seeding
2026-09-07 08:00:36,639 [DEBUG] core.argyll_runner: [argyll] It 16: Maxmv = 0.007405, MinPoint = 2.374, Min = 2.179, Avg. = 7.614, Max = 9.016, 0.1 secs.
2026-09-07 08:00:36,639 [DEBUG] core.argyll_runner: [argyll] Re-seeding
2026-09-07 08:00:36,639 [DEBUG] core.argyll_runner: [argyll] It 17: Maxmv = 0.004938, MinPoint = 2.374, Min = 2.179, Avg. = 7.612, Max = 8.988, 0.1 secs.
2026-09-07 08:00:36,640 [DEBUG] core.argyll_runner: [argyll] Re-seeding
2026-09-07 08:00:36,640 [DEBUG] core.argyll_runner: [argyll] It 18: Maxmv = 0.003181, MinPoint = 2.374, Min = 2.179, Avg. = 7.612, Max = 8.963, 0.1 secs.
2026-09-07 08:00:36,640 [DEBUG] core.argyll_runner: [argyll] Re-seeding
2026-09-07 08:00:36,640 [DEBUG] core.argyll_runner: [argyll] It 19: Maxmv = 0.001073, MinPoint = 2.374, Min = 2.179, Avg. = 7.612, Max = 8.952, 0.1 secs.
2026-09-07 08:00:36,641 [DEBUG] core.argyll_runner: [argyll] Re-seeding
2026-09-07 08:00:36,641 [DEBUG] core.argyll_runner: [argyll] It 20: Maxmv = 0.001104, MinPoint = 2.374, Min = 2.179, Avg. = 7.611, Max = 8.940, 0.1 secs.
2026-09-07 08:00:36,641 [DEBUG] core.argyll_runner: [argyll] After optimization: MinPoint = 2.374, Min = 2.179, Avg. = 7.611, Max = 8.940
2026-09-07 08:00:36,641 [DEBUG] core.argyll_runner: [argyll] Total number of patches = 1248
2026-09-07 08:00:36,642 [DEBUG] core.argyll_runner: [argyll] Execution time = 2.626155 seconds
2026-09-07 08:00:36,642 [INFO] core.argyll_runner: ArgyllRunner: finished with code 0
2026-09-07 08:00:37,492 [DEBUG] workflow.chart_creator: Wrote channel sidecar A2-Instruments.channels.json: ['r', 'g', 'b']
2026-09-07 08:00:37,653 [DEBUG] ui.tiff_preview: TiffPreview: loaded 1 page(s)
2026-09-07 08:00:37,653 [INFO] ui.tabs.tab_chart: Preview loaded: 1 TIFF(s)
2026-09-07 08:00:37,707 [DEBUG] ui.tiff_preview: TiffPreview: loaded 1 page(s)
2026-09-07 08:00:37,711 [DEBUG] ui.tiff_preview: TiffPreview: loaded 1 page(s)
2026-09-07 08:00:37,719 [DEBUG] ui.tabs.tab_chart: create-chart settings written for run1 (40 parameters + ui state)
2026-09-07 08:00:39,903 [INFO] assess:   shot Screenshots/A2-instruments/i1-noclip-420x297-preview.png  (2232x1136)
2026-09-07 08:00:39,904 [INFO] assess: [i1-noclip-420x297] ok=True 7.5s est_before={'total': 1248, 'fillup': 0, 'page_patches': 1248, 'rows': 26, 'cols': 48, 'pages': 1, 'patch': (8.02, 8.19), 'pitch': None} actual={'total': 1248, 'fillup': 0, 'page_patches': 1248, 'rows': 26, 'cols': 48, 'pages': 1, 'patch': (8.04, 8.13), 'pitch': None} status='Margins: OK' eng=['[ChromIQ layout engine] Drawing the pages. This part runs in one go and cannot be stopped, so the window will not respond until it is finished.', '[ChromIQ layout engine] 1248 patches (26×48), 1 page, random start 2084390719']
2026-09-07 08:00:39,904 [INFO] assess:   json Test Runs/logs/d02_matrix.json
2026-09-07 08:00:39,904 [INFO] assess:   armed: dialog ~'scanner' -> click 'OK' hex heads-up (hex modes only)
2026-09-07 08:00:39,904 [INFO] assess:   armed: dialog ~'quite fill' -> click 'OK' last page hint
2026-09-07 08:00:39,904 [INFO] assess:   armed: dialog ~'already' -> click 'Continue this project' S4.7 on 2nd+ build
2026-09-07 08:00:40,655 [DEBUG] core.settings: settings.set helper_markers_show = False
2026-09-07 08:00:40,655 [DEBUG] core.settings: settings.set helper_marker_edge_mm = 2.0
2026-09-07 08:00:40,655 [DEBUG] core.settings: settings.set helper_marker_len_mm = 2.0
2026-09-07 08:00:40,655 [DEBUG] core.settings: settings.set helper_marker_per_patch = 3
2026-09-07 08:00:40,655 [DEBUG] core.settings: settings.set helper_markers_top_bottom = True
2026-09-07 08:00:40,655 [DEBUG] core.settings: settings.set helper_markers_sides = True
2026-09-07 08:00:41,581 [INFO] ui.tabs.tab_chart: chart build (Generate Chart) in manual: patch set targen | manual panel: 200x200, 0x0 grid, margins T6.0 R6.0 B6.0 L26.0
2026-09-07 08:00:41,585 [DEBUG] core.settings: settings.set session_ti3_path = ''
2026-09-07 08:00:41,585 [DEBUG] core.settings: settings.set session_icc_path = ''
2026-09-07 08:00:41,585 [DEBUG] core.settings: settings.set session_cal_ti3_path = ''
2026-09-07 08:00:41,587 [DEBUG] core.file_manager: Target name set to: A2-Instruments (root /Users/Basti/ChromIQ-assessment/A2-Instruments)
2026-09-07 08:00:41,588 [INFO] core.file_manager: opened the EXISTING project at /Users/Basti/ChromIQ-assessment/A2-Instruments (1 run(s) on disk)
2026-09-07 08:00:41,639 [INFO] workflow.chart_creator: Chart generation: 420 patches, instrument=i1 paper=200x200 disable_lb=True
2026-09-07 08:00:41,639 [INFO] workflow.chart_creator: targen args: ['-v', '-d2', '-f420', '-e3', '-B3', '-G', '-g24', 'A2-Instruments']
2026-09-07 08:00:41,639 [INFO] core.argyll_runner: Run: /Applications/Argyll/bin/targen -v -d2 -f420 -e3 -B3 -G -g24 A2-Instruments  [cwd=/Users/Basti/ChromIQ-assessment/A2-Instruments/runs/run1]
2026-09-07 08:00:41,709 [DEBUG] core.argyll_runner: [argyll] iRGB test chart
2026-09-07 08:00:41,710 [DEBUG] core.argyll_runner: [argyll] White patches = 3
2026-09-07 08:00:41,710 [DEBUG] core.argyll_runner: [argyll] Black patches = 3
2026-09-07 08:00:41,710 [DEBUG] core.argyll_runner: [argyll] Composite Grey steps = 24
2026-09-07 08:00:41,710 [DEBUG] core.argyll_runner: [argyll] Full spread patches = 420
2026-09-07 08:00:41,710 [DEBUG] core.argyll_runner: [argyll] Degree of adaptation: 0.100
2026-09-07 08:00:41,710 [DEBUG] core.argyll_runner: [argyll] Adaptation weights: Device = 0.935, Perceptual = 0.065, Curvature = 0.010
2026-09-07 08:00:41,711 [DEBUG] core.argyll_runner: [argyll] Perceptual cache resolution = 9
2026-09-07 08:00:41,711 [DEBUG] core.argyll_runner: [argyll] Seeding cache...done
2026-09-07 08:00:41,711 [DEBUG] core.argyll_runner: [argyll] Acceleration grid res = 8
2026-09-07 08:00:41,711 [DEBUG] core.argyll_runner: [argyll] 
2026-09-07 08:00:41,711 [DEBUG] core.argyll_runner: [argyll] There are 24 unique fixed points to add (28 total fixed points)
2026-09-07 08:00:41,711 [DEBUG] core.argyll_runner: [argyll] There are 392 far spread points to add
2026-09-07 08:00:41,712 [DEBUG] core.argyll_runner: [argyll] 
2026-09-07 08:00:41,712 [DEBUG] core.argyll_runner: [argyll] Added 12/416
2026-09-07 08:00:41,712 [DEBUG] core.argyll_runner: [argyll] Added 23/416
2026-09-07 08:00:41,712 [DEBUG] core.argyll_runner: [argyll] Added 34/416
2026-09-07 08:00:41,712 [DEBUG] core.argyll_runner: [argyll] Added 45/416
2026-09-07 08:00:41,713 [DEBUG] core.argyll_runner: [argyll] Added 56/416
2026-09-07 08:00:41,713 [DEBUG] core.argyll_runner: [argyll] Added 67/416
2026-09-07 08:00:41,745 [DEBUG] core.argyll_runner: [argyll] 
2026-09-07 08:00:41,746 [DEBUG] core.argyll_runner: [argyll] Added 78/416
2026-09-07 08:00:41,746 [DEBUG] core.argyll_runner: [argyll] Added 89/416
2026-09-07 08:00:41,746 [DEBUG] core.argyll_runner: [argyll] Added 100/416
2026-09-07 08:00:41,747 [DEBUG] core.argyll_runner: [argyll] Added 111/416
2026-09-07 08:00:41,747 [DEBUG] core.argyll_runner: [argyll] Added 122/416
2026-09-07 08:00:41,748 [DEBUG] core.argyll_runner: [argyll] Added 133/416
2026-09-07 08:00:41,748 [DEBUG] core.argyll_runner: [argyll] Added 144/416
2026-09-07 08:00:41,749 [DEBUG] core.argyll_runner: [argyll] Added 155/416
2026-09-07 08:00:41,750 [DEBUG] core.argyll_runner: [argyll] Added 166/416
2026-09-07 08:00:41,751 [DEBUG] core.argyll_runner: [argyll] Added 177/416
2026-09-07 08:00:41,753 [DEBUG] core.argyll_runner: [argyll] Added 188/416
2026-09-07 08:00:41,754 [DEBUG] core.argyll_runner: [argyll] Added 199/416
2026-09-07 08:00:41,756 [DEBUG] core.argyll_runner: [argyll] Added 210/416
2026-09-07 08:00:41,757 [DEBUG] core.argyll_runner: [argyll] Added 221/416
2026-09-07 08:00:41,759 [DEBUG] core.argyll_runner: [argyll] Added 232/416
2026-09-07 08:00:41,761 [DEBUG] core.argyll_runner: [argyll] Added 243/416
2026-09-07 08:00:41,763 [DEBUG] core.argyll_runner: [argyll] Added 254/416
2026-09-07 08:00:41,765 [DEBUG] core.argyll_runner: [argyll] Added 265/416
2026-09-07 08:00:41,768 [DEBUG] core.argyll_runner: [argyll] Added 276/416
2026-09-07 08:00:41,770 [DEBUG] core.argyll_runner: [argyll] Added 287/416
2026-09-07 08:00:41,773 [DEBUG] core.argyll_runner: [argyll] Added 298/416
2026-09-07 08:00:41,775 [DEBUG] core.argyll_runner: [argyll] Added 309/416
2026-09-07 08:00:41,778 [DEBUG] core.argyll_runner: [argyll] Added 320/416
2026-09-07 08:00:41,781 [DEBUG] core.argyll_runner: [argyll] Added 331/416
2026-09-07 08:00:41,784 [DEBUG] core.argyll_runner: [argyll] Added 342/416
2026-09-07 08:00:41,787 [DEBUG] core.argyll_runner: [argyll] Added 353/416
2026-09-07 08:00:41,790 [DEBUG] core.argyll_runner: [argyll] Added 364/416
2026-09-07 08:00:41,794 [DEBUG] core.argyll_runner: [argyll] Added 375/416
2026-09-07 08:00:41,797 [DEBUG] core.argyll_runner: [argyll] Added 386/416
2026-09-07 08:00:41,801 [DEBUG] core.argyll_runner: [argyll] Added 397/416
2026-09-07 08:00:41,805 [DEBUG] core.argyll_runner: [argyll] Added 408/416
2026-09-07 08:00:41,809 [DEBUG] core.argyll_runner: [argyll] Added 416/416
2026-09-07 08:00:42,443 [DEBUG] core.argyll_runner: [argyll] 
2026-09-07 08:00:42,444 [DEBUG] core.argyll_runner: [argyll] After seeding points: MinPoint = 6.386, Min = 4.695, Avg. = 11.756, Max = 15.058, 0.0 secs
2026-09-07 08:00:42,444 [DEBUG] core.argyll_runner: [argyll] Re-seeding
2026-09-07 08:00:42,444 [DEBUG] core.argyll_runner: [argyll] It 1: Maxmv = 0.101573, MinPoint = 4.031, Min = 4.376, Avg. = 11.723, Max = 17.241, 0.0 secs.
2026-09-07 08:00:42,445 [DEBUG] core.argyll_runner: [argyll] Re-seeding
2026-09-07 08:00:42,445 [DEBUG] core.argyll_runner: [argyll] It 2: Maxmv = 0.098698, MinPoint = 5.027, Min = 6.314, Avg. = 11.649, Max = 15.055, 0.0 secs.
2026-09-07 08:00:42,445 [DEBUG] core.argyll_runner: [argyll] Re-seeding
2026-09-07 08:00:42,445 [DEBUG] core.argyll_runner: [argyll] It 3: Maxmv = 0.082408, MinPoint = 3.567, Min = 6.657, Avg. = 11.566, Max = 15.911, 0.0 secs.
2026-09-07 08:00:42,446 [DEBUG] core.argyll_runner: [argyll] Re-seeding
2026-09-07 08:00:42,446 [DEBUG] core.argyll_runner: [argyll] It 4: Maxmv = 0.086281, MinPoint = 5.240, Min = 6.657, Avg. = 11.485, Max = 15.168, 0.0 secs.
2026-09-07 08:00:42,446 [DEBUG] core.argyll_runner: [argyll] Re-seeding
2026-09-07 08:00:42,446 [DEBUG] core.argyll_runner: [argyll] It 5: Maxmv = 0.077843, MinPoint = 7.241, Min = 6.657, Avg. = 11.436, Max = 15.116, 0.0 secs.
2026-09-07 08:00:42,447 [DEBUG] core.argyll_runner: [argyll] Re-seeding
2026-09-07 08:00:42,447 [DEBUG] core.argyll_runner: [argyll] It 6: Maxmv = 0.077709, MinPoint = 7.241, Min = 6.622, Avg. = 11.353, Max = 14.500, 0.0 secs.
2026-09-07 08:00:42,447 [DEBUG] core.argyll_runner: [argyll] Re-seeding
2026-09-07 08:00:42,447 [DEBUG] core.argyll_runner: [argyll] It 7: Maxmv = 0.071354, MinPoint = 5.889, Min = 6.657, Avg. = 11.301, Max = 14.052, 0.0 secs.
2026-09-07 08:00:42,447 [DEBUG] core.argyll_runner: [argyll] Re-seeding
2026-09-07 08:00:42,448 [DEBUG] core.argyll_runner: [argyll] It 8: Maxmv = 0.060524, MinPoint = 7.241, Min = 6.657, Avg. = 11.251, Max = 14.090, 0.0 secs.
2026-09-07 08:00:42,448 [DEBUG] core.argyll_runner: [argyll] Re-seeding
2026-09-07 08:00:42,448 [DEBUG] core.argyll_runner: [argyll] It 9: Maxmv = 0.051687, MinPoint = 7.241, Min = 6.657, Avg. = 11.226, Max = 13.704, 0.0 secs.
2026-09-07 08:00:42,448 [DEBUG] core.argyll_runner: [argyll] Re-seeding
2026-09-07 08:00:42,449 [DEBUG] core.argyll_runner: [argyll] It 10: Maxmv = 0.045263, MinPoint = 7.241, Min = 6.657, Avg. = 11.199, Max = 13.453, 0.0 secs.
2026-09-07 08:00:42,449 [DEBUG] core.argyll_runner: [argyll] Re-seeding
2026-09-07 08:00:42,449 [DEBUG] core.argyll_runner: [argyll] It 11: Maxmv = 0.040416, MinPoint = 7.241, Min = 6.657, Avg. = 11.164, Max = 13.366, 0.0 secs.
2026-09-07 08:00:42,449 [DEBUG] core.argyll_runner: [argyll] Re-seeding
2026-09-07 08:00:42,449 [DEBUG] core.argyll_runner: [argyll] It 12: Maxmv = 0.034700, MinPoint = 7.241, Min = 6.657, Avg. = 11.168, Max = 13.525, 0.0 secs.
2026-09-07 08:00:42,450 [DEBUG] core.argyll_runner: [argyll] Re-seeding
2026-09-07 08:00:42,450 [DEBUG] core.argyll_runner: [argyll] It 13: Maxmv = 0.027979, MinPoint = 7.241, Min = 6.657, Avg. = 11.144, Max = 13.756, 0.0 secs.
2026-09-07 08:00:42,450 [DEBUG] core.argyll_runner: [argyll] Re-seeding
2026-09-07 08:00:42,450 [DEBUG] core.argyll_runner: [argyll] It 14: Maxmv = 0.022224, MinPoint = 7.241, Min = 6.657, Avg. = 11.148, Max = 13.755, 0.0 secs.
2026-09-07 08:00:42,451 [DEBUG] core.argyll_runner: [argyll] Re-seeding
2026-09-07 08:00:42,451 [DEBUG] core.argyll_runner: [argyll] It 15: Maxmv = 0.017799, MinPoint = 7.241, Min = 6.657, Avg. = 11.142, Max = 13.701, 0.0 secs.
2026-09-07 08:00:42,451 [DEBUG] core.argyll_runner: [argyll] Re-seeding
2026-09-07 08:00:42,451 [DEBUG] core.argyll_runner: [argyll] It 16: Maxmv = 0.014485, MinPoint = 7.241, Min = 6.657, Avg. = 11.138, Max = 13.348, 0.0 secs.
2026-09-07 08:00:42,452 [DEBUG] core.argyll_runner: [argyll] Re-seeding
2026-09-07 08:00:42,452 [DEBUG] core.argyll_runner: [argyll] It 17: Maxmv = 0.009372, MinPoint = 7.241, Min = 6.657, Avg. = 11.140, Max = 13.329, 0.0 secs.
2026-09-07 08:00:42,452 [DEBUG] core.argyll_runner: [argyll] Re-seeding
2026-09-07 08:00:42,452 [DEBUG] core.argyll_runner: [argyll] It 18: Maxmv = 0.004591, MinPoint = 7.241, Min = 6.657, Avg. = 11.140, Max = 13.202, 0.0 secs.
2026-09-07 08:00:42,453 [DEBUG] core.argyll_runner: [argyll] Re-seeding
2026-09-07 08:00:42,453 [DEBUG] core.argyll_runner: [argyll] It 19: Maxmv = 0.002096, MinPoint = 7.241, Min = 6.657, Avg. = 11.140, Max = 13.162, 0.0 secs.
2026-09-07 08:00:42,453 [DEBUG] core.argyll_runner: [argyll] Re-seeding
2026-09-07 08:00:42,453 [DEBUG] core.argyll_runner: [argyll] It 20: Maxmv = 0.001558, MinPoint = 7.241, Min = 6.657, Avg. = 11.142, Max = 13.087, 0.0 secs.
2026-09-07 08:00:42,453 [DEBUG] core.argyll_runner: [argyll] After optimization: MinPoint = 7.241, Min = 6.657, Avg. = 11.142, Max = 13.087
2026-09-07 08:00:42,454 [DEBUG] core.argyll_runner: [argyll] Total number of patches = 420
2026-09-07 08:00:42,454 [DEBUG] core.argyll_runner: [argyll] Execution time = 0.754291 seconds
2026-09-07 08:00:42,467 [INFO] core.argyll_runner: ArgyllRunner: finished with code 0
2026-09-07 08:00:42,841 [DEBUG] workflow.chart_creator: Wrote channel sidecar A2-Instruments.channels.json: ['r', 'g', 'b']
2026-09-07 08:00:42,898 [DEBUG] ui.tiff_preview: TiffPreview: loaded 1 page(s)
2026-09-07 08:00:42,898 [INFO] ui.tabs.tab_chart: Preview loaded: 1 TIFF(s)
2026-09-07 08:00:42,940 [DEBUG] ui.tiff_preview: TiffPreview: loaded 1 page(s)
2026-09-07 08:00:42,942 [DEBUG] ui.tiff_preview: TiffPreview: loaded 1 page(s)
2026-09-07 08:00:42,947 [DEBUG] ui.tabs.tab_chart: create-chart settings written for run1 (40 parameters + ui state)
2026-09-07 08:00:44,326 [INFO] assess:   shot Screenshots/A2-instruments/i1-noclip-custom_200x200-preview.png  (2232x1186)
2026-09-07 08:00:44,326 [INFO] assess: [i1-noclip-custom_200x200] ok=True 4.4s est_before={'total': 420, 'fillup': 0, 'page_patches': 420, 'rows': 20, 'cols': 21, 'pages': 1, 'patch': (7.99, 8.35), 'pitch': None} actual={'total': 420, 'fillup': 0, 'page_patches': 420, 'rows': 20, 'cols': 21, 'pages': 1, 'patch': (7.96, 8.3), 'pitch': None} status='' eng=['[ChromIQ layout engine] Drawing the pages. This part runs in one go and cannot be stopped, so the window will not respond until it is finished.', '[ChromIQ layout engine] 420 patches (20×21), 1 page, random start 498667511']
2026-09-07 08:00:44,327 [INFO] assess:   json Test Runs/logs/d02_matrix.json
2026-09-07 08:00:44,327 [INFO] assess:   armed: dialog ~'scanner' -> click 'OK' hex heads-up (hex modes only)
2026-09-07 08:00:44,327 [INFO] assess:   armed: dialog ~'quite fill' -> click 'OK' last page hint
2026-09-07 08:00:44,327 [INFO] assess:   armed: dialog ~'already' -> click 'Continue this project' S4.7 on 2nd+ build
2026-09-07 08:00:44,368 [DEBUG] core.settings: settings.set helper_markers_show = False
2026-09-07 08:00:44,368 [DEBUG] core.settings: settings.set helper_marker_edge_mm = 2.0
2026-09-07 08:00:44,368 [DEBUG] core.settings: settings.set helper_marker_len_mm = 2.0
2026-09-07 08:00:44,368 [DEBUG] core.settings: settings.set helper_marker_per_patch = 3
2026-09-07 08:00:44,368 [DEBUG] core.settings: settings.set helper_markers_top_bottom = True
2026-09-07 08:00:44,368 [DEBUG] core.settings: settings.set helper_markers_sides = True
2026-09-07 08:00:44,844 [DEBUG] core.settings: settings.set helper_markers_show = False
2026-09-07 08:00:44,844 [DEBUG] core.settings: settings.set helper_marker_edge_mm = 2.0
2026-09-07 08:00:44,844 [DEBUG] core.settings: settings.set helper_marker_len_mm = 2.0
2026-09-07 08:00:44,844 [DEBUG] core.settings: settings.set helper_marker_per_patch = 3
2026-09-07 08:00:44,844 [DEBUG] core.settings: settings.set helper_markers_top_bottom = True
2026-09-07 08:00:44,844 [DEBUG] core.settings: settings.set helper_markers_sides = True
2026-09-07 08:00:44,906 [DEBUG] core.settings: settings.set helper_markers_show = False
2026-09-07 08:00:44,906 [DEBUG] core.settings: settings.set helper_marker_edge_mm = 2.0
2026-09-07 08:00:44,906 [DEBUG] core.settings: settings.set helper_marker_len_mm = 2.0
2026-09-07 08:00:44,906 [DEBUG] core.settings: settings.set helper_marker_per_patch = 3
2026-09-07 08:00:44,906 [DEBUG] core.settings: settings.set helper_markers_top_bottom = True
2026-09-07 08:00:44,906 [DEBUG] core.settings: settings.set helper_markers_sides = True
2026-09-07 08:00:45,388 [DEBUG] core.settings: settings.set helper_markers_show = False
2026-09-07 08:00:45,388 [DEBUG] core.settings: settings.set helper_marker_edge_mm = 2.0
2026-09-07 08:00:45,388 [DEBUG] core.settings: settings.set helper_marker_len_mm = 2.0
2026-09-07 08:00:45,388 [DEBUG] core.settings: settings.set helper_marker_per_patch = 3
2026-09-07 08:00:45,388 [DEBUG] core.settings: settings.set helper_markers_top_bottom = True
2026-09-07 08:00:45,388 [DEBUG] core.settings: settings.set helper_markers_sides = True
2026-09-07 08:00:46,063 [INFO] ui.tabs.tab_chart: chart build (Generate Chart) in manual: patch set targen | manual panel: A4, 0x0 grid, margins T40.0 R9.0 B9.0 L28.0
2026-09-07 08:00:46,067 [DEBUG] core.settings: settings.set session_ti3_path = ''
2026-09-07 08:00:46,067 [DEBUG] core.settings: settings.set session_icc_path = ''
2026-09-07 08:00:46,067 [DEBUG] core.settings: settings.set session_cal_ti3_path = ''
2026-09-07 08:00:46,069 [DEBUG] core.file_manager: Target name set to: A2-Instruments (root /Users/Basti/ChromIQ-assessment/A2-Instruments)
2026-09-07 08:00:46,070 [INFO] core.file_manager: opened the EXISTING project at /Users/Basti/ChromIQ-assessment/A2-Instruments (1 run(s) on disk)
2026-09-07 08:00:46,120 [INFO] workflow.chart_creator: Chart generation: 120 patches, instrument=p3 paper=A4 disable_lb=True
2026-09-07 08:00:46,120 [INFO] workflow.chart_creator: targen args: ['-v', '-d2', '-f120', '-e2', '-B2', '-G', '-g8', 'A2-Instruments']
2026-09-07 08:00:46,120 [INFO] core.argyll_runner: Run: /Applications/Argyll/bin/targen -v -d2 -f120 -e2 -B2 -G -g8 A2-Instruments  [cwd=/Users/Basti/ChromIQ-assessment/A2-Instruments/runs/run1]
2026-09-07 08:00:46,195 [DEBUG] core.argyll_runner: [argyll] iRGB test chart
2026-09-07 08:00:46,196 [DEBUG] core.argyll_runner: [argyll] White patches = 2
2026-09-07 08:00:46,196 [DEBUG] core.argyll_runner: [argyll] Black patches = 2
2026-09-07 08:00:46,196 [DEBUG] core.argyll_runner: [argyll] Composite Grey steps = 8
2026-09-07 08:00:46,196 [DEBUG] core.argyll_runner: [argyll] Full spread patches = 120
2026-09-07 08:00:46,196 [DEBUG] core.argyll_runner: [argyll] Degree of adaptation: 0.100
2026-09-07 08:00:46,196 [DEBUG] core.argyll_runner: [argyll] Adaptation weights: Device = 0.935, Perceptual = 0.065, Curvature = 0.010
2026-09-07 08:00:46,197 [DEBUG] core.argyll_runner: [argyll] Perceptual cache resolution = 7
2026-09-07 08:00:46,197 [DEBUG] core.argyll_runner: [argyll] Seeding cache...done
2026-09-07 08:00:46,197 [DEBUG] core.argyll_runner: [argyll] Acceleration grid res = 5
2026-09-07 08:00:46,197 [DEBUG] core.argyll_runner: [argyll] 
2026-09-07 08:00:46,197 [DEBUG] core.argyll_runner: [argyll] There are 8 unique fixed points to add (10 total fixed points)
2026-09-07 08:00:46,197 [DEBUG] core.argyll_runner: [argyll] There are 110 far spread points to add
2026-09-07 08:00:46,198 [DEBUG] core.argyll_runner: [argyll] 
2026-09-07 08:00:46,198 [DEBUG] core.argyll_runner: [argyll] Added 12/118
2026-09-07 08:00:46,198 [DEBUG] core.argyll_runner: [argyll] Added 23/118
2026-09-07 08:00:46,198 [DEBUG] core.argyll_runner: [argyll] Added 34/118
2026-09-07 08:00:46,199 [DEBUG] core.argyll_runner: [argyll] Added 45/118
2026-09-07 08:00:46,199 [DEBUG] core.argyll_runner: [argyll] Added 56/118
2026-09-07 08:00:46,200 [DEBUG] core.argyll_runner: [argyll] Added 67/118
2026-09-07 08:00:46,200 [DEBUG] core.argyll_runner: [argyll] Added 78/118
2026-09-07 08:00:46,201 [DEBUG] core.argyll_runner: [argyll] Added 89/118
2026-09-07 08:00:46,202 [DEBUG] core.argyll_runner: [argyll] Added 100/118
2026-09-07 08:00:46,203 [DEBUG] core.argyll_runner: [argyll] Added 111/118
2026-09-07 08:00:46,205 [DEBUG] core.argyll_runner: [argyll] Added 118/118
2026-09-07 08:00:46,353 [DEBUG] core.argyll_runner: [argyll] 
2026-09-07 08:00:46,353 [DEBUG] core.argyll_runner: [argyll] After seeding points: MinPoint = 10.366, Min = 8.446, Avg. = 18.414, Max = 24.259, 0.0 secs
2026-09-07 08:00:46,354 [DEBUG] core.argyll_runner: [argyll] Re-seeding
2026-09-07 08:00:46,354 [DEBUG] core.argyll_runner: [argyll] It 1: Maxmv = 0.166190, MinPoint = 5.766, Min = 7.784, Avg. = 18.425, Max = 25.376, 0.0 secs.
2026-09-07 08:00:46,354 [DEBUG] core.argyll_runner: [argyll] Re-seeding
2026-09-07 08:00:46,354 [DEBUG] core.argyll_runner: [argyll] It 2: Maxmv = 0.124036, MinPoint = 9.212, Min = 9.707, Avg. = 18.295, Max = 24.423, 0.0 secs.
2026-09-07 08:00:46,355 [DEBUG] core.argyll_runner: [argyll] Re-seeding
2026-09-07 08:00:46,355 [DEBUG] core.argyll_runner: [argyll] It 3: Maxmv = 0.122801, MinPoint = 11.388, Min = 9.904, Avg. = 18.245, Max = 25.375, 0.0 secs.
2026-09-07 08:00:46,355 [DEBUG] core.argyll_runner: [argyll] Re-seeding
2026-09-07 08:00:46,355 [DEBUG] core.argyll_runner: [argyll] It 4: Maxmv = 0.108731, MinPoint = 14.316, Min = 11.919, Avg. = 18.050, Max = 23.448, 0.0 secs.
2026-09-07 08:00:46,356 [DEBUG] core.argyll_runner: [argyll] Re-seeding
2026-09-07 08:00:46,356 [DEBUG] core.argyll_runner: [argyll] It 5: Maxmv = 0.090025, MinPoint = 13.129, Min = 10.365, Avg. = 17.906, Max = 23.064, 0.0 secs.
2026-09-07 08:00:46,356 [DEBUG] core.argyll_runner: [argyll] Re-seeding
2026-09-07 08:00:46,356 [DEBUG] core.argyll_runner: [argyll] It 6: Maxmv = 0.100291, MinPoint = 14.881, Min = 13.235, Avg. = 17.875, Max = 22.233, 0.0 secs.
2026-09-07 08:00:46,357 [DEBUG] core.argyll_runner: [argyll] Re-seeding
2026-09-07 08:00:46,357 [DEBUG] core.argyll_runner: [argyll] It 7: Maxmv = 0.093338, MinPoint = 12.633, Min = 11.366, Avg. = 17.878, Max = 22.576, 0.0 secs.
2026-09-07 08:00:46,357 [DEBUG] core.argyll_runner: [argyll] Re-seeding
2026-09-07 08:00:46,357 [DEBUG] core.argyll_runner: [argyll] It 8: Maxmv = 0.087454, MinPoint = 16.403, Min = 13.787, Avg. = 17.822, Max = 22.966, 0.0 secs.
2026-09-07 08:00:46,357 [DEBUG] core.argyll_runner: [argyll] Re-seeding
2026-09-07 08:00:46,358 [DEBUG] core.argyll_runner: [argyll] It 9: Maxmv = 0.076241, MinPoint = 16.686, Min = 12.202, Avg. = 17.772, Max = 21.967, 0.0 secs.
2026-09-07 08:00:46,358 [DEBUG] core.argyll_runner: [argyll] Re-seeding
2026-09-07 08:00:46,358 [DEBUG] core.argyll_runner: [argyll] It 10: Maxmv = 0.069066, MinPoint = 16.107, Min = 13.339, Avg. = 17.680, Max = 21.282, 0.0 secs.
2026-09-07 08:00:46,358 [DEBUG] core.argyll_runner: [argyll] Re-seeding
2026-09-07 08:00:46,359 [DEBUG] core.argyll_runner: [argyll] It 11: Maxmv = 0.049627, MinPoint = 15.535, Min = 12.990, Avg. = 17.665, Max = 21.681, 0.0 secs.
2026-09-07 08:00:46,359 [DEBUG] core.argyll_runner: [argyll] Re-seeding
2026-09-07 08:00:46,359 [DEBUG] core.argyll_runner: [argyll] It 12: Maxmv = 0.053511, MinPoint = 16.953, Min = 12.101, Avg. = 17.673, Max = 22.005, 0.0 secs.
2026-09-07 08:00:46,359 [DEBUG] core.argyll_runner: [argyll] Re-seeding
2026-09-07 08:00:46,360 [DEBUG] core.argyll_runner: [argyll] It 13: Maxmv = 0.038858, MinPoint = 17.450, Min = 11.583, Avg. = 17.638, Max = 21.564, 0.0 secs.
2026-09-07 08:00:46,360 [DEBUG] core.argyll_runner: [argyll] Re-seeding
2026-09-07 08:00:46,360 [DEBUG] core.argyll_runner: [argyll] It 14: Maxmv = 0.033526, MinPoint = 16.531, Min = 13.231, Avg. = 17.619, Max = 20.962, 0.0 secs.
2026-09-07 08:00:46,360 [DEBUG] core.argyll_runner: [argyll] Re-seeding
2026-09-07 08:00:46,360 [DEBUG] core.argyll_runner: [argyll] It 15: Maxmv = 0.027370, MinPoint = 18.130, Min = 12.966, Avg. = 17.615, Max = 21.221, 0.0 secs.
2026-09-07 08:00:46,361 [DEBUG] core.argyll_runner: [argyll] Re-seeding
2026-09-07 08:00:46,361 [DEBUG] core.argyll_runner: [argyll] It 16: Maxmv = 0.020754, MinPoint = 17.799, Min = 12.583, Avg. = 17.615, Max = 20.627, 0.0 secs.
2026-09-07 08:00:46,361 [DEBUG] core.argyll_runner: [argyll] Re-seeding
2026-09-07 08:00:46,361 [DEBUG] core.argyll_runner: [argyll] It 17: Maxmv = 0.015507, MinPoint = 18.548, Min = 12.923, Avg. = 17.620, Max = 21.088, 0.0 secs.
2026-09-07 08:00:46,362 [DEBUG] core.argyll_runner: [argyll] Re-seeding
2026-09-07 08:00:46,362 [DEBUG] core.argyll_runner: [argyll] It 18: Maxmv = 0.009407, MinPoint = 18.266, Min = 12.900, Avg. = 17.611, Max = 20.849, 0.0 secs.
2026-09-07 08:00:46,362 [DEBUG] core.argyll_runner: [argyll] Re-seeding
2026-09-07 08:00:46,362 [DEBUG] core.argyll_runner: [argyll] It 19: Maxmv = 0.003039, MinPoint = 18.513, Min = 12.896, Avg. = 17.615, Max = 20.833, 0.0 secs.
2026-09-07 08:00:46,363 [DEBUG] core.argyll_runner: [argyll] Re-seeding
2026-09-07 08:00:46,363 [DEBUG] core.argyll_runner: [argyll] It 20: Maxmv = 0.003228, MinPoint = 18.740, Min = 12.900, Avg. = 17.620, Max = 20.730, 0.0 secs.
2026-09-07 08:00:46,363 [DEBUG] core.argyll_runner: [argyll] After optimization: MinPoint = 18.740, Min = 12.900, Avg. = 17.620, Max = 20.730
2026-09-07 08:00:46,363 [DEBUG] core.argyll_runner: [argyll] Total number of patches = 120
2026-09-07 08:00:46,364 [DEBUG] core.argyll_runner: [argyll] Execution time = 0.179858 seconds
2026-09-07 08:00:46,377 [INFO] core.argyll_runner: ArgyllRunner: finished with code 0
2026-09-07 08:00:46,601 [DEBUG] workflow.chart_creator: Wrote channel sidecar A2-Instruments.channels.json: ['r', 'g', 'b']
2026-09-07 08:00:46,683 [DEBUG] ui.tiff_preview: TiffPreview: loaded 1 page(s)
2026-09-07 08:00:46,683 [INFO] ui.tabs.tab_chart: Preview loaded: 1 TIFF(s)
2026-09-07 08:00:46,724 [DEBUG] ui.tiff_preview: TiffPreview: loaded 1 page(s)
2026-09-07 08:00:46,725 [DEBUG] ui.tiff_preview: TiffPreview: loaded 1 page(s)
2026-09-07 08:00:46,729 [DEBUG] ui.tabs.tab_chart: create-chart settings written for run1 (40 parameters + ui state)
2026-09-07 08:00:48,441 [INFO] assess:   shot Screenshots/A2-instruments/p3-clip-A4-preview.png  (2232x1186)
2026-09-07 08:00:48,441 [INFO] assess: [p3-clip-A4] ok=True 4.1s est_before={'total': 120, 'fillup': 0, 'page_patches': 120, 'rows': 12, 'cols': 10, 'pages': 1, 'patch': (17.29, 18.5), 'pitch': None} actual={'total': 120, 'fillup': 0, 'page_patches': 120, 'rows': 12, 'cols': 10, 'pages': 1, 'patch': (17.27, 18.54), 'pitch': None} status='' eng=['[ChromIQ layout engine] Drawing the pages. This part runs in one go and cannot be stopped, so the window will not respond until it is finished.', '[ChromIQ layout engine] 120 patches (12×10), 1 page, random start 1613700445']
2026-09-07 08:00:48,442 [INFO] assess:   json Test Runs/logs/d02_matrix.json
2026-09-07 08:00:48,442 [INFO] assess:   armed: dialog ~'scanner' -> click 'OK' hex heads-up (hex modes only)
2026-09-07 08:00:48,442 [INFO] assess:   armed: dialog ~'quite fill' -> click 'OK' last page hint
2026-09-07 08:00:48,442 [INFO] assess:   armed: dialog ~'already' -> click 'Continue this project' S4.7 on 2nd+ build
2026-09-07 08:00:49,267 [DEBUG] core.settings: settings.set helper_markers_show = False
2026-09-07 08:00:49,267 [DEBUG] core.settings: settings.set helper_marker_edge_mm = 2.0
2026-09-07 08:00:49,267 [DEBUG] core.settings: settings.set helper_marker_len_mm = 2.0
2026-09-07 08:00:49,267 [DEBUG] core.settings: settings.set helper_marker_per_patch = 3
2026-09-07 08:00:49,267 [DEBUG] core.settings: settings.set helper_markers_top_bottom = True
2026-09-07 08:00:49,267 [DEBUG] core.settings: settings.set helper_markers_sides = True
2026-09-07 08:00:49,930 [INFO] ui.tabs.tab_chart: chart build (Generate Chart) in manual: patch set targen | manual panel: A4R, 0x0 grid, margins T40.0 R9.0 B9.0 L28.0
2026-09-07 08:00:49,933 [DEBUG] core.settings: settings.set session_ti3_path = ''
2026-09-07 08:00:49,934 [DEBUG] core.settings: settings.set session_icc_path = ''
2026-09-07 08:00:49,934 [DEBUG] core.settings: settings.set session_cal_ti3_path = ''
2026-09-07 08:00:49,935 [DEBUG] core.file_manager: Target name set to: A2-Instruments (root /Users/Basti/ChromIQ-assessment/A2-Instruments)
2026-09-07 08:00:49,936 [INFO] core.file_manager: opened the EXISTING project at /Users/Basti/ChromIQ-assessment/A2-Instruments (1 run(s) on disk)
2026-09-07 08:00:49,987 [INFO] workflow.chart_creator: Chart generation: 128 patches, instrument=p3 paper=A4R disable_lb=True
2026-09-07 08:00:49,987 [INFO] workflow.chart_creator: targen args: ['-v', '-d2', '-f128', '-e2', '-B2', '-G', '-g8', 'A2-Instruments']
2026-09-07 08:00:49,987 [INFO] core.argyll_runner: Run: /Applications/Argyll/bin/targen -v -d2 -f128 -e2 -B2 -G -g8 A2-Instruments  [cwd=/Users/Basti/ChromIQ-assessment/A2-Instruments/runs/run1]
2026-09-07 08:00:50,059 [DEBUG] core.argyll_runner: [argyll] iRGB test chart
2026-09-07 08:00:50,059 [DEBUG] core.argyll_runner: [argyll] White patches = 2
2026-09-07 08:00:50,060 [DEBUG] core.argyll_runner: [argyll] Black patches = 2
2026-09-07 08:00:50,060 [DEBUG] core.argyll_runner: [argyll] Composite Grey steps = 8
2026-09-07 08:00:50,060 [DEBUG] core.argyll_runner: [argyll] Full spread patches = 128
2026-09-07 08:00:50,060 [DEBUG] core.argyll_runner: [argyll] Degree of adaptation: 0.100
2026-09-07 08:00:50,060 [DEBUG] core.argyll_runner: [argyll] Adaptation weights: Device = 0.935, Perceptual = 0.065, Curvature = 0.010
2026-09-07 08:00:50,060 [DEBUG] core.argyll_runner: [argyll] Perceptual cache resolution = 7
2026-09-07 08:00:50,061 [DEBUG] core.argyll_runner: [argyll] Seeding cache...done
2026-09-07 08:00:50,061 [DEBUG] core.argyll_runner: [argyll] Acceleration grid res = 5
2026-09-07 08:00:50,061 [DEBUG] core.argyll_runner: [argyll] 
2026-09-07 08:00:50,061 [DEBUG] core.argyll_runner: [argyll] There are 8 unique fixed points to add (10 total fixed points)
2026-09-07 08:00:50,061 [DEBUG] core.argyll_runner: [argyll] There are 118 far spread points to add
2026-09-07 08:00:50,061 [DEBUG] core.argyll_runner: [argyll] 
2026-09-07 08:00:50,061 [DEBUG] core.argyll_runner: [argyll] Added 12/126
2026-09-07 08:00:50,062 [DEBUG] core.argyll_runner: [argyll] Added 23/126
2026-09-07 08:00:50,062 [DEBUG] core.argyll_runner: [argyll] Added 34/126
2026-09-07 08:00:50,062 [DEBUG] core.argyll_runner: [argyll] Added 45/126
2026-09-07 08:00:50,063 [DEBUG] core.argyll_runner: [argyll] Added 56/126
2026-09-07 08:00:50,063 [DEBUG] core.argyll_runner: [argyll] Added 67/126
2026-09-07 08:00:50,064 [DEBUG] core.argyll_runner: [argyll] Added 78/126
2026-09-07 08:00:50,065 [DEBUG] core.argyll_runner: [argyll] Added 89/126
2026-09-07 08:00:50,066 [DEBUG] core.argyll_runner: [argyll] Added 100/126
2026-09-07 08:00:50,067 [DEBUG] core.argyll_runner: [argyll] Added 111/126
2026-09-07 08:00:50,068 [DEBUG] core.argyll_runner: [argyll] Added 122/126
2026-09-07 08:00:50,069 [DEBUG] core.argyll_runner: [argyll] Added 126/126
2026-09-07 08:00:50,228 [DEBUG] core.argyll_runner: [argyll] 
2026-09-07 08:00:50,229 [DEBUG] core.argyll_runner: [argyll] After seeding points: MinPoint = 8.730, Min = 6.587, Avg. = 17.970, Max = 22.768, 0.0 secs
2026-09-07 08:00:50,229 [DEBUG] core.argyll_runner: [argyll] Re-seeding
2026-09-07 08:00:50,229 [DEBUG] core.argyll_runner: [argyll] It 1: Maxmv = 0.183929, MinPoint = 10.034, Min = 8.837, Avg. = 17.907, Max = 24.263, 0.0 secs.
2026-09-07 08:00:50,230 [DEBUG] core.argyll_runner: [argyll] Re-seeding
2026-09-07 08:00:50,230 [DEBUG] core.argyll_runner: [argyll] It 2: Maxmv = 0.131181, MinPoint = 10.295, Min = 7.939, Avg. = 17.981, Max = 24.169, 0.0 secs.
2026-09-07 08:00:50,230 [DEBUG] core.argyll_runner: [argyll] Re-seeding
2026-09-07 08:00:50,230 [DEBUG] core.argyll_runner: [argyll] It 3: Maxmv = 0.105234, MinPoint = 8.853, Min = 10.551, Avg. = 17.755, Max = 23.305, 0.0 secs.
2026-09-07 08:00:50,231 [DEBUG] core.argyll_runner: [argyll] Re-seeding
2026-09-07 08:00:50,231 [DEBUG] core.argyll_runner: [argyll] It 4: Maxmv = 0.103634, MinPoint = 13.300, Min = 9.973, Avg. = 17.581, Max = 23.340, 0.0 secs.
2026-09-07 08:00:50,231 [DEBUG] core.argyll_runner: [argyll] Re-seeding
2026-09-07 08:00:50,231 [DEBUG] core.argyll_runner: [argyll] It 5: Maxmv = 0.092925, MinPoint = 13.004, Min = 11.089, Avg. = 17.515, Max = 22.644, 0.0 secs.
2026-09-07 08:00:50,232 [DEBUG] core.argyll_runner: [argyll] Re-seeding
2026-09-07 08:00:50,232 [DEBUG] core.argyll_runner: [argyll] It 6: Maxmv = 0.082269, MinPoint = 13.749, Min = 11.399, Avg. = 17.500, Max = 22.966, 0.0 secs.
2026-09-07 08:00:50,232 [DEBUG] core.argyll_runner: [argyll] Re-seeding
2026-09-07 08:00:50,232 [DEBUG] core.argyll_runner: [argyll] It 7: Maxmv = 0.083156, MinPoint = 15.323, Min = 11.968, Avg. = 17.478, Max = 22.394, 0.0 secs.
2026-09-07 08:00:50,233 [DEBUG] core.argyll_runner: [argyll] Re-seeding
2026-09-07 08:00:50,233 [DEBUG] core.argyll_runner: [argyll] It 8: Maxmv = 0.077237, MinPoint = 16.249, Min = 11.772, Avg. = 17.406, Max = 21.919, 0.0 secs.
2026-09-07 08:00:50,233 [DEBUG] core.argyll_runner: [argyll] Re-seeding
2026-09-07 08:00:50,233 [DEBUG] core.argyll_runner: [argyll] It 9: Maxmv = 0.068591, MinPoint = 15.380, Min = 10.936, Avg. = 17.403, Max = 21.544, 0.0 secs.
2026-09-07 08:00:50,233 [DEBUG] core.argyll_runner: [argyll] Re-seeding
2026-09-07 08:00:50,234 [DEBUG] core.argyll_runner: [argyll] It 10: Maxmv = 0.050786, MinPoint = 15.716, Min = 12.068, Avg. = 17.377, Max = 21.932, 0.0 secs.
2026-09-07 08:00:50,234 [DEBUG] core.argyll_runner: [argyll] Re-seeding
2026-09-07 08:00:50,234 [DEBUG] core.argyll_runner: [argyll] It 11: Maxmv = 0.062958, MinPoint = 16.060, Min = 11.492, Avg. = 17.346, Max = 21.373, 0.0 secs.
2026-09-07 08:00:50,234 [DEBUG] core.argyll_runner: [argyll] Re-seeding
2026-09-07 08:00:50,235 [DEBUG] core.argyll_runner: [argyll] It 12: Maxmv = 0.049866, MinPoint = 16.062, Min = 11.600, Avg. = 17.297, Max = 21.597, 0.0 secs.
2026-09-07 08:00:50,235 [DEBUG] core.argyll_runner: [argyll] Re-seeding
2026-09-07 08:00:50,235 [DEBUG] core.argyll_runner: [argyll] It 13: Maxmv = 0.045079, MinPoint = 16.583, Min = 11.205, Avg. = 17.231, Max = 21.602, 0.0 secs.
2026-09-07 08:00:50,235 [DEBUG] core.argyll_runner: [argyll] Re-seeding
2026-09-07 08:00:50,236 [DEBUG] core.argyll_runner: [argyll] It 14: Maxmv = 0.031720, MinPoint = 16.643, Min = 11.736, Avg. = 17.270, Max = 20.783, 0.0 secs.
2026-09-07 08:00:50,236 [DEBUG] core.argyll_runner: [argyll] Re-seeding
2026-09-07 08:00:50,236 [DEBUG] core.argyll_runner: [argyll] It 15: Maxmv = 0.027688, MinPoint = 16.064, Min = 11.844, Avg. = 17.240, Max = 20.722, 0.0 secs.
2026-09-07 08:00:50,236 [DEBUG] core.argyll_runner: [argyll] Re-seeding
2026-09-07 08:00:50,236 [DEBUG] core.argyll_runner: [argyll] It 16: Maxmv = 0.018542, MinPoint = 17.549, Min = 11.829, Avg. = 17.247, Max = 20.910, 0.0 secs.
2026-09-07 08:00:50,237 [DEBUG] core.argyll_runner: [argyll] Re-seeding
2026-09-07 08:00:50,237 [DEBUG] core.argyll_runner: [argyll] It 17: Maxmv = 0.018363, MinPoint = 16.981, Min = 11.782, Avg. = 17.244, Max = 20.864, 0.0 secs.
2026-09-07 08:00:50,237 [DEBUG] core.argyll_runner: [argyll] Re-seeding
2026-09-07 08:00:50,237 [DEBUG] core.argyll_runner: [argyll] It 18: Maxmv = 0.009656, MinPoint = 16.878, Min = 11.783, Avg. = 17.238, Max = 20.797, 0.0 secs.
2026-09-07 08:00:50,238 [DEBUG] core.argyll_runner: [argyll] Re-seeding
2026-09-07 08:00:50,238 [DEBUG] core.argyll_runner: [argyll] It 19: Maxmv = 0.003330, MinPoint = 16.874, Min = 11.782, Avg. = 17.248, Max = 20.855, 0.0 secs.
2026-09-07 08:00:50,238 [DEBUG] core.argyll_runner: [argyll] Re-seeding
2026-09-07 08:00:50,238 [DEBUG] core.argyll_runner: [argyll] It 20: Maxmv = 0.004250, MinPoint = 16.874, Min = 11.781, Avg. = 17.246, Max = 20.868, 0.0 secs.
2026-09-07 08:00:50,239 [DEBUG] core.argyll_runner: [argyll] After optimization: MinPoint = 16.874, Min = 11.781, Avg. = 17.246, Max = 20.868
2026-09-07 08:00:50,239 [DEBUG] core.argyll_runner: [argyll] Total number of patches = 128
2026-09-07 08:00:50,239 [DEBUG] core.argyll_runner: [argyll] Execution time = 0.191675 seconds
2026-09-07 08:00:50,252 [INFO] core.argyll_runner: ArgyllRunner: finished with code 0
2026-09-07 08:00:50,568 [DEBUG] workflow.chart_creator: Wrote channel sidecar A2-Instruments.channels.json: ['r', 'g', 'b']
2026-09-07 08:00:50,648 [DEBUG] ui.tiff_preview: TiffPreview: loaded 1 page(s)
2026-09-07 08:00:50,648 [INFO] ui.tabs.tab_chart: Preview loaded: 1 TIFF(s)
2026-09-07 08:00:50,690 [DEBUG] ui.tiff_preview: TiffPreview: loaded 1 page(s)
2026-09-07 08:00:50,691 [DEBUG] ui.tiff_preview: TiffPreview: loaded 1 page(s)
2026-09-07 08:00:50,695 [DEBUG] ui.tabs.tab_chart: create-chart settings written for run1 (40 parameters + ui state)
2026-09-07 08:00:52,435 [INFO] assess:   shot Screenshots/A2-instruments/p3-clip-A4R-preview.png  (2232x1136)
2026-09-07 08:00:52,436 [INFO] assess: [p3-clip-A4R] ok=True 4.0s est_before={'total': 128, 'fillup': 0, 'page_patches': 128, 'rows': 8, 'cols': 16, 'pages': 1, 'patch': (16.24, 17.87), 'pitch': None} actual={'total': 128, 'fillup': 0, 'page_patches': 128, 'rows': 8, 'cols': 16, 'pages': 1, 'patch': (16.26, 17.86), 'pitch': None} status='Margins: OK' eng=['[ChromIQ layout engine] building chart from the targen .ti1…', '[ChromIQ layout engine] Drawing the pages. This part runs in one go and cannot be stopped, so the window will not respond until it is finished.']
2026-09-07 08:00:52,436 [INFO] assess:   json Test Runs/logs/d02_matrix.json
2026-09-07 08:00:52,436 [INFO] assess:   armed: dialog ~'scanner' -> click 'OK' hex heads-up (hex modes only)
2026-09-07 08:00:52,436 [INFO] assess:   armed: dialog ~'quite fill' -> click 'OK' last page hint
2026-09-07 08:00:52,436 [INFO] assess:   armed: dialog ~'already' -> click 'Continue this project' S4.7 on 2nd+ build
2026-09-07 08:00:53,260 [DEBUG] core.settings: settings.set helper_markers_show = False
2026-09-07 08:00:53,260 [DEBUG] core.settings: settings.set helper_marker_edge_mm = 2.0
2026-09-07 08:00:53,260 [DEBUG] core.settings: settings.set helper_marker_len_mm = 2.0
2026-09-07 08:00:53,260 [DEBUG] core.settings: settings.set helper_marker_per_patch = 3
2026-09-07 08:00:53,260 [DEBUG] core.settings: settings.set helper_markers_top_bottom = True
2026-09-07 08:00:53,260 [DEBUG] core.settings: settings.set helper_markers_sides = True
2026-09-07 08:00:53,927 [INFO] ui.tabs.tab_chart: chart build (Generate Chart) in manual: patch set targen | manual panel: A3, 0x0 grid, margins T9.0 R9.0 B9.0 L9.0
2026-09-07 08:00:53,930 [DEBUG] core.settings: settings.set session_ti3_path = ''
2026-09-07 08:00:53,930 [DEBUG] core.settings: settings.set session_icc_path = ''
2026-09-07 08:00:53,930 [DEBUG] core.settings: settings.set session_cal_ti3_path = ''
2026-09-07 08:00:53,932 [DEBUG] core.file_manager: Target name set to: A2-Instruments (root /Users/Basti/ChromIQ-assessment/A2-Instruments)
2026-09-07 08:00:53,933 [INFO] core.file_manager: opened the EXISTING project at /Users/Basti/ChromIQ-assessment/A2-Instruments (1 run(s) on disk)
2026-09-07 08:00:53,982 [INFO] workflow.chart_creator: Chart generation: 336 patches, instrument=p3 paper=A3 disable_lb=True
2026-09-07 08:00:53,982 [INFO] workflow.chart_creator: targen args: ['-v', '-d2', '-f336', '-e2', '-B2', '-G', '-g19', 'A2-Instruments']
2026-09-07 08:00:53,982 [INFO] core.argyll_runner: Run: /Applications/Argyll/bin/targen -v -d2 -f336 -e2 -B2 -G -g19 A2-Instruments  [cwd=/Users/Basti/ChromIQ-assessment/A2-Instruments/runs/run1]
2026-09-07 08:00:54,051 [DEBUG] core.argyll_runner: [argyll] iRGB test chart
2026-09-07 08:00:54,051 [DEBUG] core.argyll_runner: [argyll] White patches = 2
2026-09-07 08:00:54,052 [DEBUG] core.argyll_runner: [argyll] Black patches = 2
2026-09-07 08:00:54,052 [DEBUG] core.argyll_runner: [argyll] Composite Grey steps = 19
2026-09-07 08:00:54,052 [DEBUG] core.argyll_runner: [argyll] Full spread patches = 336
2026-09-07 08:00:54,052 [DEBUG] core.argyll_runner: [argyll] Degree of adaptation: 0.100
2026-09-07 08:00:54,052 [DEBUG] core.argyll_runner: [argyll] Adaptation weights: Device = 0.935, Perceptual = 0.065, Curvature = 0.010
2026-09-07 08:00:54,052 [DEBUG] core.argyll_runner: [argyll] Perceptual cache resolution = 7
2026-09-07 08:00:54,053 [DEBUG] core.argyll_runner: [argyll] Seeding cache...done
2026-09-07 08:00:54,053 [DEBUG] core.argyll_runner: [argyll] Acceleration grid res = 7
2026-09-07 08:00:54,053 [DEBUG] core.argyll_runner: [argyll] 
2026-09-07 08:00:54,053 [DEBUG] core.argyll_runner: [argyll] There are 19 unique fixed points to add (21 total fixed points)
2026-09-07 08:00:54,053 [DEBUG] core.argyll_runner: [argyll] There are 315 far spread points to add
2026-09-07 08:00:54,053 [DEBUG] core.argyll_runner: [argyll] 
2026-09-07 08:00:54,053 [DEBUG] core.argyll_runner: [argyll] Added 12/334
2026-09-07 08:00:54,054 [DEBUG] core.argyll_runner: [argyll] Added 23/334
2026-09-07 08:00:54,054 [DEBUG] core.argyll_runner: [argyll] Added 34/334
2026-09-07 08:00:54,054 [DEBUG] core.argyll_runner: [argyll] Added 45/334
2026-09-07 08:00:54,055 [DEBUG] core.argyll_runner: [argyll] Added 56/334
2026-09-07 08:00:54,055 [DEBUG] core.argyll_runner: [argyll] Added 67/334
2026-09-07 08:00:54,056 [DEBUG] core.argyll_runner: [argyll] Added 78/334
2026-09-07 08:00:54,056 [DEBUG] core.argyll_runner: [argyll] Added 89/334
2026-09-07 08:00:54,057 [DEBUG] core.argyll_runner: [argyll] Added 100/334
2026-09-07 08:00:54,058 [DEBUG] core.argyll_runner: [argyll] Added 111/334
2026-09-07 08:00:54,060 [DEBUG] core.argyll_runner: [argyll] Added 122/334
2026-09-07 08:00:54,061 [DEBUG] core.argyll_runner: [argyll] Added 133/334
2026-09-07 08:00:54,062 [DEBUG] core.argyll_runner: [argyll] Added 144/334
2026-09-07 08:00:54,096 [DEBUG] core.argyll_runner: [argyll] 
2026-09-07 08:00:54,096 [DEBUG] core.argyll_runner: [argyll] Added 155/334
2026-09-07 08:00:54,096 [DEBUG] core.argyll_runner: [argyll] Added 166/334
2026-09-07 08:00:54,097 [DEBUG] core.argyll_runner: [argyll] Added 177/334
2026-09-07 08:00:54,097 [DEBUG] core.argyll_runner: [argyll] Added 188/334
2026-09-07 08:00:54,097 [DEBUG] core.argyll_runner: [argyll] Added 199/334
2026-09-07 08:00:54,098 [DEBUG] core.argyll_runner: [argyll] Added 210/334
2026-09-07 08:00:54,099 [DEBUG] core.argyll_runner: [argyll] Added 221/334
2026-09-07 08:00:54,100 [DEBUG] core.argyll_runner: [argyll] Added 232/334
2026-09-07 08:00:54,101 [DEBUG] core.argyll_runner: [argyll] Added 243/334
2026-09-07 08:00:54,102 [DEBUG] core.argyll_runner: [argyll] Added 254/334
2026-09-07 08:00:54,103 [DEBUG] core.argyll_runner: [argyll] Added 265/334
2026-09-07 08:00:54,105 [DEBUG] core.argyll_runner: [argyll] Added 276/334
2026-09-07 08:00:54,106 [DEBUG] core.argyll_runner: [argyll] Added 287/334
2026-09-07 08:00:54,108 [DEBUG] core.argyll_runner: [argyll] Added 298/334
2026-09-07 08:00:54,109 [DEBUG] core.argyll_runner: [argyll] Added 309/334
2026-09-07 08:00:54,111 [DEBUG] core.argyll_runner: [argyll] Added 320/334
2026-09-07 08:00:54,113 [DEBUG] core.argyll_runner: [argyll] Added 331/334
2026-09-07 08:00:54,116 [DEBUG] core.argyll_runner: [argyll] Added 334/334
2026-09-07 08:00:54,626 [DEBUG] core.argyll_runner: [argyll] 
2026-09-07 08:00:54,627 [DEBUG] core.argyll_runner: [argyll] After seeding points: MinPoint = 6.316, Min = 4.952, Avg. = 12.747, Max = 16.154, 0.0 secs
2026-09-07 08:00:54,628 [DEBUG] core.argyll_runner: [argyll] Re-seeding
2026-09-07 08:00:54,628 [DEBUG] core.argyll_runner: [argyll] It 1: Maxmv = 0.106746, MinPoint = 4.882, Min = 6.781, Avg. = 12.697, Max = 17.057, 0.0 secs.
2026-09-07 08:00:54,628 [DEBUG] core.argyll_runner: [argyll] Re-seeding
2026-09-07 08:00:54,628 [DEBUG] core.argyll_runner: [argyll] It 2: Maxmv = 0.105280, MinPoint = 5.724, Min = 6.106, Avg. = 12.612, Max = 17.160, 0.0 secs.
2026-09-07 08:00:54,629 [DEBUG] core.argyll_runner: [argyll] Re-seeding
2026-09-07 08:00:54,629 [DEBUG] core.argyll_runner: [argyll] It 3: Maxmv = 0.109899, MinPoint = 6.571, Min = 7.079, Avg. = 12.536, Max = 16.261, 0.0 secs.
2026-09-07 08:00:54,629 [DEBUG] core.argyll_runner: [argyll] Re-seeding
2026-09-07 08:00:54,629 [DEBUG] core.argyll_runner: [argyll] It 4: Maxmv = 0.096637, MinPoint = 8.061, Min = 6.890, Avg. = 12.446, Max = 16.105, 0.0 secs.
2026-09-07 08:00:54,630 [DEBUG] core.argyll_runner: [argyll] Re-seeding
2026-09-07 08:00:54,630 [DEBUG] core.argyll_runner: [argyll] It 5: Maxmv = 0.098059, MinPoint = 7.935, Min = 7.169, Avg. = 12.415, Max = 15.833, 0.0 secs.
2026-09-07 08:00:54,630 [DEBUG] core.argyll_runner: [argyll] Re-seeding
2026-09-07 08:00:54,630 [DEBUG] core.argyll_runner: [argyll] It 6: Maxmv = 0.070961, MinPoint = 6.945, Min = 7.555, Avg. = 12.325, Max = 16.295, 0.0 secs.
2026-09-07 08:00:54,631 [DEBUG] core.argyll_runner: [argyll] Re-seeding
2026-09-07 08:00:54,631 [DEBUG] core.argyll_runner: [argyll] It 7: Maxmv = 0.075629, MinPoint = 8.802, Min = 7.368, Avg. = 12.320, Max = 15.535, 0.0 secs.
2026-09-07 08:00:54,631 [DEBUG] core.argyll_runner: [argyll] Re-seeding
2026-09-07 08:00:54,632 [DEBUG] core.argyll_runner: [argyll] It 8: Maxmv = 0.058490, MinPoint = 9.271, Min = 7.644, Avg. = 12.281, Max = 15.802, 0.0 secs.
2026-09-07 08:00:54,632 [DEBUG] core.argyll_runner: [argyll] Re-seeding
2026-09-07 08:00:54,632 [DEBUG] core.argyll_runner: [argyll] It 9: Maxmv = 0.057444, MinPoint = 8.052, Min = 7.490, Avg. = 12.234, Max = 15.297, 0.0 secs.
2026-09-07 08:00:54,632 [DEBUG] core.argyll_runner: [argyll] Re-seeding
2026-09-07 08:00:54,633 [DEBUG] core.argyll_runner: [argyll] It 10: Maxmv = 0.046413, MinPoint = 9.271, Min = 7.793, Avg. = 12.189, Max = 15.168, 0.0 secs.
2026-09-07 08:00:54,633 [DEBUG] core.argyll_runner: [argyll] Re-seeding
2026-09-07 08:00:54,633 [DEBUG] core.argyll_runner: [argyll] It 11: Maxmv = 0.035889, MinPoint = 9.271, Min = 7.568, Avg. = 12.181, Max = 15.004, 0.0 secs.
2026-09-07 08:00:54,633 [DEBUG] core.argyll_runner: [argyll] Re-seeding
2026-09-07 08:00:54,634 [DEBUG] core.argyll_runner: [argyll] It 12: Maxmv = 0.034924, MinPoint = 9.271, Min = 7.921, Avg. = 12.150, Max = 15.083, 0.0 secs.
2026-09-07 08:00:54,634 [DEBUG] core.argyll_runner: [argyll] Re-seeding
2026-09-07 08:00:54,634 [DEBUG] core.argyll_runner: [argyll] It 13: Maxmv = 0.024783, MinPoint = 9.271, Min = 7.610, Avg. = 12.134, Max = 14.745, 0.0 secs.
2026-09-07 08:00:54,634 [DEBUG] core.argyll_runner: [argyll] Re-seeding
2026-09-07 08:00:54,635 [DEBUG] core.argyll_runner: [argyll] It 14: Maxmv = 0.020752, MinPoint = 9.271, Min = 7.859, Avg. = 12.125, Max = 14.670, 0.0 secs.
2026-09-07 08:00:54,635 [DEBUG] core.argyll_runner: [argyll] Re-seeding
2026-09-07 08:00:54,635 [DEBUG] core.argyll_runner: [argyll] It 15: Maxmv = 0.016845, MinPoint = 9.271, Min = 7.846, Avg. = 12.121, Max = 14.878, 0.0 secs.
2026-09-07 08:00:54,635 [DEBUG] core.argyll_runner: [argyll] Re-seeding
2026-09-07 08:00:54,636 [DEBUG] core.argyll_runner: [argyll] It 16: Maxmv = 0.014039, MinPoint = 9.271, Min = 7.831, Avg. = 12.113, Max = 14.909, 0.0 secs.
2026-09-07 08:00:54,636 [DEBUG] core.argyll_runner: [argyll] Re-seeding
2026-09-07 08:00:54,636 [DEBUG] core.argyll_runner: [argyll] It 17: Maxmv = 0.009528, MinPoint = 9.271, Min = 7.829, Avg. = 12.114, Max = 15.025, 0.0 secs.
2026-09-07 08:00:54,636 [DEBUG] core.argyll_runner: [argyll] Re-seeding
2026-09-07 08:00:54,637 [DEBUG] core.argyll_runner: [argyll] It 18: Maxmv = 0.006853, MinPoint = 9.271, Min = 7.828, Avg. = 12.111, Max = 14.906, 0.0 secs.
2026-09-07 08:00:54,637 [DEBUG] core.argyll_runner: [argyll] Re-seeding
2026-09-07 08:00:54,637 [DEBUG] core.argyll_runner: [argyll] It 19: Maxmv = 0.002058, MinPoint = 9.271, Min = 7.827, Avg. = 12.112, Max = 14.921, 0.0 secs.
2026-09-07 08:00:54,637 [DEBUG] core.argyll_runner: [argyll] Re-seeding
2026-09-07 08:00:54,638 [DEBUG] core.argyll_runner: [argyll] It 20: Maxmv = 0.001992, MinPoint = 9.271, Min = 7.827, Avg. = 12.115, Max = 14.957, 0.0 secs.
2026-09-07 08:00:54,638 [DEBUG] core.argyll_runner: [argyll] After optimization: MinPoint = 9.271, Min = 7.827, Avg. = 12.115, Max = 14.957
2026-09-07 08:00:54,638 [DEBUG] core.argyll_runner: [argyll] Total number of patches = 336
2026-09-07 08:00:54,639 [DEBUG] core.argyll_runner: [argyll] Execution time = 0.574863 seconds
2026-09-07 08:00:54,639 [INFO] core.argyll_runner: ArgyllRunner: finished with code 0
2026-09-07 08:00:54,999 [DEBUG] workflow.chart_creator: Wrote channel sidecar A2-Instruments.channels.json: ['r', 'g', 'b']
2026-09-07 08:00:55,143 [DEBUG] ui.tiff_preview: TiffPreview: loaded 1 page(s)
2026-09-07 08:00:55,143 [INFO] ui.tabs.tab_chart: Preview loaded: 1 TIFF(s)
2026-09-07 08:00:55,188 [DEBUG] ui.tiff_preview: TiffPreview: loaded 1 page(s)
2026-09-07 08:00:55,189 [DEBUG] ui.tiff_preview: TiffPreview: loaded 1 page(s)
2026-09-07 08:00:55,194 [DEBUG] ui.tabs.tab_chart: create-chart settings written for run1 (40 parameters + ui state)
2026-09-07 08:00:57,611 [INFO] assess:   shot Screenshots/A2-instruments/p3-clip-A3-preview.png  (2232x1186)
2026-09-07 08:00:57,612 [INFO] assess: [p3-clip-A3] ok=True 5.2s est_before={'total': 336, 'fillup': 0, 'page_patches': 336, 'rows': 21, 'cols': 16, 'pages': 1, 'patch': (16.37, 17.04), 'pitch': None} actual={'total': 336, 'fillup': 0, 'page_patches': 336, 'rows': 21, 'cols': 16, 'pages': 1, 'patch': (16.34, 17.02), 'pitch': None} status='' eng=['[ChromIQ layout engine] Drawing the pages. This part runs in one go and cannot be stopped, so the window will not respond until it is finished.', '[ChromIQ layout engine] 336 patches (21×16), 1 page, random start 1205264676']
2026-09-07 08:00:57,612 [INFO] assess:   json Test Runs/logs/d02_matrix.json
2026-09-07 08:00:57,612 [INFO] assess:   armed: dialog ~'scanner' -> click 'OK' hex heads-up (hex modes only)
2026-09-07 08:00:57,612 [INFO] assess:   armed: dialog ~'quite fill' -> click 'OK' last page hint
2026-09-07 08:00:57,612 [INFO] assess:   armed: dialog ~'already' -> click 'Continue this project' S4.7 on 2nd+ build
2026-09-07 08:00:58,427 [DEBUG] core.settings: settings.set helper_markers_show = False
2026-09-07 08:00:58,427 [DEBUG] core.settings: settings.set helper_marker_edge_mm = 2.0
2026-09-07 08:00:58,427 [DEBUG] core.settings: settings.set helper_marker_len_mm = 2.0
2026-09-07 08:00:58,427 [DEBUG] core.settings: settings.set helper_marker_per_patch = 3
2026-09-07 08:00:58,427 [DEBUG] core.settings: settings.set helper_markers_top_bottom = True
2026-09-07 08:00:58,427 [DEBUG] core.settings: settings.set helper_markers_sides = True
2026-09-07 08:00:59,088 [INFO] ui.tabs.tab_chart: chart build (Generate Chart) in manual: patch set targen | manual panel: 420x297, 0x0 grid, margins T40.0 R9.0 B9.0 L28.0
2026-09-07 08:00:59,092 [DEBUG] core.settings: settings.set session_ti3_path = ''
2026-09-07 08:00:59,092 [DEBUG] core.settings: settings.set session_icc_path = ''
2026-09-07 08:00:59,092 [DEBUG] core.settings: settings.set session_cal_ti3_path = ''
2026-09-07 08:00:59,094 [DEBUG] core.file_manager: Target name set to: A2-Instruments (root /Users/Basti/ChromIQ-assessment/A2-Instruments)
2026-09-07 08:00:59,094 [INFO] core.file_manager: opened the EXISTING project at /Users/Basti/ChromIQ-assessment/A2-Instruments (1 run(s) on disk)
2026-09-07 08:00:59,141 [INFO] workflow.chart_creator: Chart generation: 299 patches, instrument=p3 paper=420x297 disable_lb=True
2026-09-07 08:00:59,141 [INFO] workflow.chart_creator: targen args: ['-v', '-d2', '-f299', '-e2', '-B2', '-G', '-g17', 'A2-Instruments']
2026-09-07 08:00:59,141 [INFO] core.argyll_runner: Run: /Applications/Argyll/bin/targen -v -d2 -f299 -e2 -B2 -G -g17 A2-Instruments  [cwd=/Users/Basti/ChromIQ-assessment/A2-Instruments/runs/run1]
2026-09-07 08:00:59,215 [DEBUG] core.argyll_runner: [argyll] iRGB test chart
2026-09-07 08:00:59,215 [DEBUG] core.argyll_runner: [argyll] White patches = 2
2026-09-07 08:00:59,216 [DEBUG] core.argyll_runner: [argyll] Black patches = 2
2026-09-07 08:00:59,216 [DEBUG] core.argyll_runner: [argyll] Composite Grey steps = 17
2026-09-07 08:00:59,216 [DEBUG] core.argyll_runner: [argyll] Full spread patches = 299
2026-09-07 08:00:59,216 [DEBUG] core.argyll_runner: [argyll] Degree of adaptation: 0.100
2026-09-07 08:00:59,216 [DEBUG] core.argyll_runner: [argyll] Adaptation weights: Device = 0.935, Perceptual = 0.065, Curvature = 0.010
2026-09-07 08:00:59,216 [DEBUG] core.argyll_runner: [argyll] Perceptual cache resolution = 7
2026-09-07 08:00:59,217 [DEBUG] core.argyll_runner: [argyll] Seeding cache...done
2026-09-07 08:00:59,217 [DEBUG] core.argyll_runner: [argyll] Acceleration grid res = 7
2026-09-07 08:00:59,217 [DEBUG] core.argyll_runner: [argyll] 
2026-09-07 08:00:59,217 [DEBUG] core.argyll_runner: [argyll] There are 17 unique fixed points to add (19 total fixed points)
2026-09-07 08:00:59,217 [DEBUG] core.argyll_runner: [argyll] There are 280 far spread points to add
2026-09-07 08:00:59,217 [DEBUG] core.argyll_runner: [argyll] 
2026-09-07 08:00:59,217 [DEBUG] core.argyll_runner: [argyll] Added 12/297
2026-09-07 08:00:59,218 [DEBUG] core.argyll_runner: [argyll] Added 23/297
2026-09-07 08:00:59,218 [DEBUG] core.argyll_runner: [argyll] Added 34/297
2026-09-07 08:00:59,218 [DEBUG] core.argyll_runner: [argyll] Added 45/297
2026-09-07 08:00:59,218 [DEBUG] core.argyll_runner: [argyll] Added 56/297
2026-09-07 08:00:59,219 [DEBUG] core.argyll_runner: [argyll] Added 67/297
2026-09-07 08:00:59,220 [DEBUG] core.argyll_runner: [argyll] Added 78/297
2026-09-07 08:00:59,220 [DEBUG] core.argyll_runner: [argyll] Added 89/297
2026-09-07 08:00:59,221 [DEBUG] core.argyll_runner: [argyll] Added 100/297
2026-09-07 08:00:59,222 [DEBUG] core.argyll_runner: [argyll] Added 111/297
2026-09-07 08:00:59,224 [DEBUG] core.argyll_runner: [argyll] Added 122/297
2026-09-07 08:00:59,225 [DEBUG] core.argyll_runner: [argyll] Added 133/297
2026-09-07 08:00:59,226 [DEBUG] core.argyll_runner: [argyll] Added 144/297
2026-09-07 08:00:59,260 [DEBUG] core.argyll_runner: [argyll] 
2026-09-07 08:00:59,261 [DEBUG] core.argyll_runner: [argyll] Added 155/297
2026-09-07 08:00:59,261 [DEBUG] core.argyll_runner: [argyll] Added 166/297
2026-09-07 08:00:59,261 [DEBUG] core.argyll_runner: [argyll] Added 177/297
2026-09-07 08:00:59,261 [DEBUG] core.argyll_runner: [argyll] Added 188/297
2026-09-07 08:00:59,262 [DEBUG] core.argyll_runner: [argyll] Added 199/297
2026-09-07 08:00:59,262 [DEBUG] core.argyll_runner: [argyll] Added 210/297
2026-09-07 08:00:59,263 [DEBUG] core.argyll_runner: [argyll] Added 221/297
2026-09-07 08:00:59,264 [DEBUG] core.argyll_runner: [argyll] Added 232/297
2026-09-07 08:00:59,265 [DEBUG] core.argyll_runner: [argyll] Added 243/297
2026-09-07 08:00:59,266 [DEBUG] core.argyll_runner: [argyll] Added 254/297
2026-09-07 08:00:59,267 [DEBUG] core.argyll_runner: [argyll] Added 265/297
2026-09-07 08:00:59,269 [DEBUG] core.argyll_runner: [argyll] Added 276/297
2026-09-07 08:00:59,270 [DEBUG] core.argyll_runner: [argyll] Added 287/297
2026-09-07 08:00:59,272 [DEBUG] core.argyll_runner: [argyll] Added 297/297
2026-09-07 08:00:59,711 [DEBUG] core.argyll_runner: [argyll] 
2026-09-07 08:00:59,712 [DEBUG] core.argyll_runner: [argyll] After seeding points: MinPoint = 5.207, Min = 3.996, Avg. = 13.262, Max = 17.493, 0.0 secs
2026-09-07 08:00:59,712 [DEBUG] core.argyll_runner: [argyll] Re-seeding
2026-09-07 08:00:59,712 [DEBUG] core.argyll_runner: [argyll] It 1: Maxmv = 0.128648, MinPoint = 4.897, Min = 7.510, Avg. = 13.212, Max = 17.046, 0.0 secs.
2026-09-07 08:00:59,713 [DEBUG] core.argyll_runner: [argyll] Re-seeding
2026-09-07 08:00:59,713 [DEBUG] core.argyll_runner: [argyll] It 2: Maxmv = 0.112188, MinPoint = 6.958, Min = 7.819, Avg. = 13.190, Max = 17.397, 0.0 secs.
2026-09-07 08:00:59,713 [DEBUG] core.argyll_runner: [argyll] Re-seeding
2026-09-07 08:00:59,713 [DEBUG] core.argyll_runner: [argyll] It 3: Maxmv = 0.105358, MinPoint = 8.443, Min = 8.109, Avg. = 13.100, Max = 17.105, 0.0 secs.
2026-09-07 08:00:59,714 [DEBUG] core.argyll_runner: [argyll] Re-seeding
2026-09-07 08:00:59,714 [DEBUG] core.argyll_runner: [argyll] It 4: Maxmv = 0.088926, MinPoint = 6.194, Min = 7.125, Avg. = 13.061, Max = 17.282, 0.0 secs.
2026-09-07 08:00:59,714 [DEBUG] core.argyll_runner: [argyll] Re-seeding
2026-09-07 08:00:59,714 [DEBUG] core.argyll_runner: [argyll] It 5: Maxmv = 0.100532, MinPoint = 9.565, Min = 8.211, Avg. = 12.921, Max = 16.914, 0.0 secs.
2026-09-07 08:00:59,715 [DEBUG] core.argyll_runner: [argyll] Re-seeding
2026-09-07 08:00:59,715 [DEBUG] core.argyll_runner: [argyll] It 6: Maxmv = 0.073937, MinPoint = 8.017, Min = 8.173, Avg. = 12.867, Max = 16.444, 0.0 secs.
2026-09-07 08:00:59,715 [DEBUG] core.argyll_runner: [argyll] Re-seeding
2026-09-07 08:00:59,715 [DEBUG] core.argyll_runner: [argyll] It 7: Maxmv = 0.059232, MinPoint = 9.407, Min = 8.776, Avg. = 12.794, Max = 16.158, 0.0 secs.
2026-09-07 08:00:59,716 [DEBUG] core.argyll_runner: [argyll] Re-seeding
2026-09-07 08:00:59,716 [DEBUG] core.argyll_runner: [argyll] It 8: Maxmv = 0.057280, MinPoint = 9.233, Min = 7.965, Avg. = 12.790, Max = 16.218, 0.0 secs.
2026-09-07 08:00:59,716 [DEBUG] core.argyll_runner: [argyll] Re-seeding
2026-09-07 08:00:59,716 [DEBUG] core.argyll_runner: [argyll] It 9: Maxmv = 0.051813, MinPoint = 9.150, Min = 9.022, Avg. = 12.739, Max = 15.350, 0.0 secs.
2026-09-07 08:00:59,717 [DEBUG] core.argyll_runner: [argyll] Re-seeding
2026-09-07 08:00:59,717 [DEBUG] core.argyll_runner: [argyll] It 10: Maxmv = 0.042415, MinPoint = 10.429, Min = 8.373, Avg. = 12.738, Max = 16.974, 0.0 secs.
2026-09-07 08:00:59,717 [DEBUG] core.argyll_runner: [argyll] Re-seeding
2026-09-07 08:00:59,717 [DEBUG] core.argyll_runner: [argyll] It 11: Maxmv = 0.042810, MinPoint = 10.429, Min = 8.108, Avg. = 12.701, Max = 15.798, 0.0 secs.
2026-09-07 08:00:59,718 [DEBUG] core.argyll_runner: [argyll] Re-seeding
2026-09-07 08:00:59,718 [DEBUG] core.argyll_runner: [argyll] It 12: Maxmv = 0.028053, MinPoint = 10.429, Min = 8.039, Avg. = 12.717, Max = 16.765, 0.0 secs.
2026-09-07 08:00:59,718 [DEBUG] core.argyll_runner: [argyll] Re-seeding
2026-09-07 08:00:59,718 [DEBUG] core.argyll_runner: [argyll] It 13: Maxmv = 0.028666, MinPoint = 10.429, Min = 7.955, Avg. = 12.695, Max = 15.667, 0.0 secs.
2026-09-07 08:00:59,719 [DEBUG] core.argyll_runner: [argyll] Re-seeding
2026-09-07 08:00:59,719 [DEBUG] core.argyll_runner: [argyll] It 14: Maxmv = 0.020085, MinPoint = 10.429, Min = 8.132, Avg. = 12.683, Max = 15.473, 0.0 secs.
2026-09-07 08:00:59,719 [DEBUG] core.argyll_runner: [argyll] Re-seeding
2026-09-07 08:00:59,719 [DEBUG] core.argyll_runner: [argyll] It 15: Maxmv = 0.017972, MinPoint = 10.429, Min = 8.078, Avg. = 12.675, Max = 15.071, 0.0 secs.
2026-09-07 08:00:59,720 [DEBUG] core.argyll_runner: [argyll] Re-seeding
2026-09-07 08:00:59,720 [DEBUG] core.argyll_runner: [argyll] It 16: Maxmv = 0.015043, MinPoint = 10.429, Min = 8.398, Avg. = 12.676, Max = 14.904, 0.0 secs.
2026-09-07 08:00:59,720 [DEBUG] core.argyll_runner: [argyll] Re-seeding
2026-09-07 08:00:59,720 [DEBUG] core.argyll_runner: [argyll] It 17: Maxmv = 0.009254, MinPoint = 10.429, Min = 8.364, Avg. = 12.671, Max = 15.052, 0.0 secs.
2026-09-07 08:00:59,721 [DEBUG] core.argyll_runner: [argyll] Re-seeding
2026-09-07 08:00:59,721 [DEBUG] core.argyll_runner: [argyll] It 18: Maxmv = 0.005644, MinPoint = 10.429, Min = 8.403, Avg. = 12.671, Max = 15.086, 0.0 secs.
2026-09-07 08:00:59,721 [DEBUG] core.argyll_runner: [argyll] Re-seeding
2026-09-07 08:00:59,721 [DEBUG] core.argyll_runner: [argyll] It 19: Maxmv = 0.002456, MinPoint = 10.429, Min = 8.482, Avg. = 12.673, Max = 15.084, 0.0 secs.
2026-09-07 08:00:59,722 [DEBUG] core.argyll_runner: [argyll] Re-seeding
2026-09-07 08:00:59,722 [DEBUG] core.argyll_runner: [argyll] It 20: Maxmv = 0.001876, MinPoint = 10.429, Min = 8.501, Avg. = 12.675, Max = 15.064, 0.0 secs.
2026-09-07 08:00:59,722 [DEBUG] core.argyll_runner: [argyll] After optimization: MinPoint = 10.429, Min = 8.501, Avg. = 12.675, Max = 15.064
2026-09-07 08:00:59,723 [DEBUG] core.argyll_runner: [argyll] Total number of patches = 299
2026-09-07 08:00:59,723 [DEBUG] core.argyll_runner: [argyll] Execution time = 0.498349 seconds
2026-09-07 08:00:59,723 [INFO] core.argyll_runner: ArgyllRunner: finished with code 0
2026-09-07 08:01:00,192 [DEBUG] workflow.chart_creator: Wrote channel sidecar A2-Instruments.channels.json: ['r', 'g', 'b']
2026-09-07 08:01:00,355 [DEBUG] ui.tiff_preview: TiffPreview: loaded 1 page(s)
2026-09-07 08:01:00,355 [INFO] ui.tabs.tab_chart: Preview loaded: 1 TIFF(s)
2026-09-07 08:01:00,400 [DEBUG] ui.tiff_preview: TiffPreview: loaded 1 page(s)
2026-09-07 08:01:00,401 [DEBUG] ui.tiff_preview: TiffPreview: loaded 1 page(s)
2026-09-07 08:01:00,405 [DEBUG] ui.tabs.tab_chart: create-chart settings written for run1 (40 parameters + ui state)
2026-09-07 08:01:02,889 [INFO] assess:   shot Screenshots/A2-instruments/p3-clip-420x297-preview.png  (2232x1186)
2026-09-07 08:01:02,889 [INFO] assess: [p3-clip-420x297] ok=True 5.3s est_before={'total': 299, 'fillup': 0, 'page_patches': 299, 'rows': 13, 'cols': 23, 'pages': 1, 'patch': (16.65, 16.92), 'pitch': None} actual={'total': 299, 'fillup': 0, 'page_patches': 299, 'rows': 13, 'cols': 23, 'pages': 1, 'patch': (16.59, 16.93), 'pitch': None} status='' eng=['[ChromIQ layout engine] Drawing the pages. This part runs in one go and cannot be stopped, so the window will not respond until it is finished.', '[ChromIQ layout engine] 299 patches (13×23), 1 page, random start 1241514264']
2026-09-07 08:01:02,890 [INFO] assess:   json Test Runs/logs/d02_matrix.json
2026-09-07 08:01:02,890 [INFO] assess:   armed: dialog ~'scanner' -> click 'OK' hex heads-up (hex modes only)
2026-09-07 08:01:02,890 [INFO] assess:   armed: dialog ~'quite fill' -> click 'OK' last page hint
2026-09-07 08:01:02,890 [INFO] assess:   armed: dialog ~'already' -> click 'Continue this project' S4.7 on 2nd+ build
2026-09-07 08:01:03,691 [DEBUG] core.settings: settings.set helper_markers_show = False
2026-09-07 08:01:03,691 [DEBUG] core.settings: settings.set helper_marker_edge_mm = 2.0
2026-09-07 08:01:03,691 [DEBUG] core.settings: settings.set helper_marker_len_mm = 2.0
2026-09-07 08:01:03,691 [DEBUG] core.settings: settings.set helper_marker_per_patch = 3
2026-09-07 08:01:03,691 [DEBUG] core.settings: settings.set helper_markers_top_bottom = True
2026-09-07 08:01:03,691 [DEBUG] core.settings: settings.set helper_markers_sides = True
2026-09-07 08:01:04,612 [INFO] ui.tabs.tab_chart: chart build (Generate Chart) in manual: patch set targen | manual panel: 200x200, 0x0 grid, margins T6.0 R6.0 B6.0 L26.0
2026-09-07 08:01:04,616 [DEBUG] core.settings: settings.set session_ti3_path = ''
2026-09-07 08:01:04,616 [DEBUG] core.settings: settings.set session_icc_path = ''
2026-09-07 08:01:04,616 [DEBUG] core.settings: settings.set session_cal_ti3_path = ''
2026-09-07 08:01:04,618 [DEBUG] core.file_manager: Target name set to: A2-Instruments (root /Users/Basti/ChromIQ-assessment/A2-Instruments)
2026-09-07 08:01:04,618 [INFO] core.file_manager: opened the EXISTING project at /Users/Basti/ChromIQ-assessment/A2-Instruments (1 run(s) on disk)
2026-09-07 08:01:04,668 [INFO] workflow.chart_creator: Chart generation: 90 patches, instrument=p3 paper=200x200 disable_lb=True
2026-09-07 08:01:04,668 [INFO] workflow.chart_creator: targen args: ['-v', '-d2', '-f90', '-e2', '-B2', '-G', '-g8', 'A2-Instruments']
2026-09-07 08:01:04,668 [INFO] core.argyll_runner: Run: /Applications/Argyll/bin/targen -v -d2 -f90 -e2 -B2 -G -g8 A2-Instruments  [cwd=/Users/Basti/ChromIQ-assessment/A2-Instruments/runs/run1]
2026-09-07 08:01:04,741 [DEBUG] core.argyll_runner: [argyll] iRGB test chart
2026-09-07 08:01:04,742 [DEBUG] core.argyll_runner: [argyll] White patches = 2
2026-09-07 08:01:04,742 [DEBUG] core.argyll_runner: [argyll] Black patches = 2
2026-09-07 08:01:04,742 [DEBUG] core.argyll_runner: [argyll] Composite Grey steps = 8
2026-09-07 08:01:04,742 [DEBUG] core.argyll_runner: [argyll] Full spread patches = 90
2026-09-07 08:01:04,742 [DEBUG] core.argyll_runner: [argyll] Degree of adaptation: 0.100
2026-09-07 08:01:04,742 [DEBUG] core.argyll_runner: [argyll] Adaptation weights: Device = 0.935, Perceptual = 0.065, Curvature = 0.010
2026-09-07 08:01:04,743 [DEBUG] core.argyll_runner: [argyll] Perceptual cache resolution = 7
2026-09-07 08:01:04,743 [DEBUG] core.argyll_runner: [argyll] Seeding cache...done
2026-09-07 08:01:04,743 [DEBUG] core.argyll_runner: [argyll] Acceleration grid res = 5
2026-09-07 08:01:04,743 [DEBUG] core.argyll_runner: [argyll] 
2026-09-07 08:01:04,743 [DEBUG] core.argyll_runner: [argyll] There are 8 unique fixed points to add (10 total fixed points)
2026-09-07 08:01:04,743 [DEBUG] core.argyll_runner: [argyll] There are 80 far spread points to add
2026-09-07 08:01:04,744 [DEBUG] core.argyll_runner: [argyll] 
2026-09-07 08:01:04,744 [DEBUG] core.argyll_runner: [argyll] Added 12/88
2026-09-07 08:01:04,744 [DEBUG] core.argyll_runner: [argyll] Added 23/88
2026-09-07 08:01:04,744 [DEBUG] core.argyll_runner: [argyll] Added 34/88
2026-09-07 08:01:04,745 [DEBUG] core.argyll_runner: [argyll] Added 45/88
2026-09-07 08:01:04,745 [DEBUG] core.argyll_runner: [argyll] Added 56/88
2026-09-07 08:01:04,746 [DEBUG] core.argyll_runner: [argyll] Added 67/88
2026-09-07 08:01:04,746 [DEBUG] core.argyll_runner: [argyll] Added 78/88
2026-09-07 08:01:04,747 [DEBUG] core.argyll_runner: [argyll] Added 88/88
2026-09-07 08:01:04,870 [DEBUG] core.argyll_runner: [argyll] 
2026-09-07 08:01:04,871 [DEBUG] core.argyll_runner: [argyll] After seeding points: MinPoint = 10.532, Min = 6.897, Avg. = 20.338, Max = 25.924, 0.0 secs
2026-09-07 08:01:04,871 [DEBUG] core.argyll_runner: [argyll] Re-seeding
2026-09-07 08:01:04,871 [DEBUG] core.argyll_runner: [argyll] It 1: Maxmv = 0.177127, MinPoint = 13.978, Min = 13.406, Avg. = 20.407, Max = 27.897, 0.0 secs.
2026-09-07 08:01:04,872 [DEBUG] core.argyll_runner: [argyll] Re-seeding
2026-09-07 08:01:04,872 [DEBUG] core.argyll_runner: [argyll] It 2: Maxmv = 0.131079, MinPoint = 7.264, Min = 12.528, Avg. = 20.431, Max = 26.348, 0.0 secs.
2026-09-07 08:01:04,872 [DEBUG] core.argyll_runner: [argyll] Re-seeding
2026-09-07 08:01:04,873 [DEBUG] core.argyll_runner: [argyll] It 3: Maxmv = 0.155229, MinPoint = 11.427, Min = 13.020, Avg. = 20.203, Max = 26.772, 0.0 secs.
2026-09-07 08:01:04,873 [DEBUG] core.argyll_runner: [argyll] Re-seeding
2026-09-07 08:01:04,873 [DEBUG] core.argyll_runner: [argyll] It 4: Maxmv = 0.135504, MinPoint = 12.867, Min = 13.748, Avg. = 20.093, Max = 25.187, 0.0 secs.
2026-09-07 08:01:04,873 [DEBUG] core.argyll_runner: [argyll] Re-seeding
2026-09-07 08:01:04,874 [DEBUG] core.argyll_runner: [argyll] It 5: Maxmv = 0.101657, MinPoint = 17.592, Min = 15.207, Avg. = 20.055, Max = 27.360, 0.0 secs.
2026-09-07 08:01:04,874 [DEBUG] core.argyll_runner: [argyll] Re-seeding
2026-09-07 08:01:04,874 [DEBUG] core.argyll_runner: [argyll] It 6: Maxmv = 0.090897, MinPoint = 16.401, Min = 15.052, Avg. = 20.042, Max = 25.864, 0.0 secs.
2026-09-07 08:01:04,874 [DEBUG] core.argyll_runner: [argyll] Re-seeding
2026-09-07 08:01:04,875 [DEBUG] core.argyll_runner: [argyll] It 7: Maxmv = 0.086729, MinPoint = 18.082, Min = 14.136, Avg. = 19.910, Max = 25.903, 0.0 secs.
2026-09-07 08:01:04,875 [DEBUG] core.argyll_runner: [argyll] Re-seeding
2026-09-07 08:01:04,875 [DEBUG] core.argyll_runner: [argyll] It 8: Maxmv = 0.082363, MinPoint = 18.035, Min = 15.396, Avg. = 19.832, Max = 26.364, 0.0 secs.
2026-09-07 08:01:04,876 [DEBUG] core.argyll_runner: [argyll] Re-seeding
2026-09-07 08:01:04,876 [DEBUG] core.argyll_runner: [argyll] It 9: Maxmv = 0.066125, MinPoint = 18.037, Min = 14.386, Avg. = 19.803, Max = 25.921, 0.0 secs.
2026-09-07 08:01:04,876 [DEBUG] core.argyll_runner: [argyll] Re-seeding
2026-09-07 08:01:04,876 [DEBUG] core.argyll_runner: [argyll] It 10: Maxmv = 0.079870, MinPoint = 18.118, Min = 14.048, Avg. = 19.690, Max = 25.845, 0.0 secs.
2026-09-07 08:01:04,877 [DEBUG] core.argyll_runner: [argyll] Re-seeding
2026-09-07 08:01:04,877 [DEBUG] core.argyll_runner: [argyll] It 11: Maxmv = 0.058405, MinPoint = 19.742, Min = 15.309, Avg. = 19.732, Max = 25.786, 0.0 secs.
2026-09-07 08:01:04,877 [DEBUG] core.argyll_runner: [argyll] Re-seeding
2026-09-07 08:01:04,877 [DEBUG] core.argyll_runner: [argyll] It 12: Maxmv = 0.050850, MinPoint = 18.813, Min = 14.552, Avg. = 19.657, Max = 25.979, 0.0 secs.
2026-09-07 08:01:04,878 [DEBUG] core.argyll_runner: [argyll] Re-seeding
2026-09-07 08:01:04,878 [DEBUG] core.argyll_runner: [argyll] It 13: Maxmv = 0.040429, MinPoint = 19.946, Min = 14.106, Avg. = 19.663, Max = 25.878, 0.0 secs.
2026-09-07 08:01:04,878 [DEBUG] core.argyll_runner: [argyll] Re-seeding
2026-09-07 08:01:04,878 [DEBUG] core.argyll_runner: [argyll] It 14: Maxmv = 0.036860, MinPoint = 20.194, Min = 15.117, Avg. = 19.604, Max = 26.009, 0.0 secs.
2026-09-07 08:01:04,879 [DEBUG] core.argyll_runner: [argyll] Re-seeding
2026-09-07 08:01:04,879 [DEBUG] core.argyll_runner: [argyll] It 15: Maxmv = 0.027429, MinPoint = 18.935, Min = 15.147, Avg. = 19.632, Max = 25.550, 0.0 secs.
2026-09-07 08:01:04,879 [DEBUG] core.argyll_runner: [argyll] Re-seeding
2026-09-07 08:01:04,879 [DEBUG] core.argyll_runner: [argyll] It 16: Maxmv = 0.020001, MinPoint = 20.746, Min = 15.092, Avg. = 19.632, Max = 25.534, 0.0 secs.
2026-09-07 08:01:04,880 [DEBUG] core.argyll_runner: [argyll] Re-seeding
2026-09-07 08:01:04,880 [DEBUG] core.argyll_runner: [argyll] It 17: Maxmv = 0.019012, MinPoint = 20.060, Min = 15.036, Avg. = 19.614, Max = 25.072, 0.0 secs.
2026-09-07 08:01:04,880 [DEBUG] core.argyll_runner: [argyll] Re-seeding
2026-09-07 08:01:04,880 [DEBUG] core.argyll_runner: [argyll] It 18: Maxmv = 0.011053, MinPoint = 20.660, Min = 15.014, Avg. = 19.634, Max = 25.459, 0.0 secs.
2026-09-07 08:01:04,881 [DEBUG] core.argyll_runner: [argyll] Re-seeding
2026-09-07 08:01:04,881 [DEBUG] core.argyll_runner: [argyll] It 19: Maxmv = 0.004369, MinPoint = 20.531, Min = 14.999, Avg. = 19.640, Max = 25.503, 0.0 secs.
2026-09-07 08:01:04,881 [DEBUG] core.argyll_runner: [argyll] Re-seeding
2026-09-07 08:01:04,882 [DEBUG] core.argyll_runner: [argyll] It 20: Maxmv = 0.003276, MinPoint = 20.755, Min = 14.986, Avg. = 19.637, Max = 25.590, 0.0 secs.
2026-09-07 08:01:04,882 [DEBUG] core.argyll_runner: [argyll] After optimization: MinPoint = 20.755, Min = 14.986, Avg. = 19.637, Max = 25.590
2026-09-07 08:01:04,882 [DEBUG] core.argyll_runner: [argyll] Total number of patches = 90
2026-09-07 08:01:04,883 [DEBUG] core.argyll_runner: [argyll] Execution time = 0.129366 seconds
2026-09-07 08:01:04,883 [INFO] core.argyll_runner: ArgyllRunner: finished with code 0
2026-09-07 08:01:05,091 [DEBUG] workflow.chart_creator: Wrote channel sidecar A2-Instruments.channels.json: ['r', 'g', 'b']
2026-09-07 08:01:05,148 [DEBUG] ui.tiff_preview: TiffPreview: loaded 1 page(s)
2026-09-07 08:01:05,148 [INFO] ui.tabs.tab_chart: Preview loaded: 1 TIFF(s)
2026-09-07 08:01:05,188 [DEBUG] ui.tiff_preview: TiffPreview: loaded 1 page(s)
2026-09-07 08:01:05,189 [DEBUG] ui.tiff_preview: TiffPreview: loaded 1 page(s)
2026-09-07 08:01:05,193 [DEBUG] ui.tabs.tab_chart: create-chart settings written for run1 (40 parameters + ui state)
2026-09-07 08:01:07,091 [INFO] assess:   shot Screenshots/A2-instruments/p3-clip-custom_200x200-preview.png  (2232x1186)
2026-09-07 08:01:07,091 [INFO] assess: [p3-clip-custom_200x200] ok=True 4.2s est_before={'total': 90, 'fillup': 0, 'page_patches': 90, 'rows': 9, 'cols': 10, 'pages': 1, 'patch': (16.79, 18.66), 'pitch': None} actual={'total': 90, 'fillup': 0, 'page_patches': 90, 'rows': 9, 'cols': 10, 'pages': 1, 'patch': (16.76, 18.71), 'pitch': None} status='' eng=['[ChromIQ layout engine] building chart from the targen .ti1…', '[ChromIQ layout engine] Drawing the pages. This part runs in one go and cannot be stopped, so the window will not respond until it is finished.']
2026-09-07 08:01:07,092 [INFO] assess:   json Test Runs/logs/d02_matrix.json
2026-09-07 08:01:07,092 [INFO] assess:   armed: dialog ~'scanner' -> click 'OK' hex heads-up (hex modes only)
2026-09-07 08:01:07,092 [INFO] assess:   armed: dialog ~'quite fill' -> click 'OK' last page hint
2026-09-07 08:01:07,092 [INFO] assess:   armed: dialog ~'already' -> click 'Continue this project' S4.7 on 2nd+ build
2026-09-07 08:01:07,493 [DEBUG] core.settings: settings.set helper_markers_show = False
2026-09-07 08:01:07,493 [DEBUG] core.settings: settings.set helper_marker_edge_mm = 2.0
2026-09-07 08:01:07,493 [DEBUG] core.settings: settings.set helper_marker_len_mm = 2.0
2026-09-07 08:01:07,493 [DEBUG] core.settings: settings.set helper_marker_per_patch = 3
2026-09-07 08:01:07,493 [DEBUG] core.settings: settings.set helper_markers_top_bottom = True
2026-09-07 08:01:07,493 [DEBUG] core.settings: settings.set helper_markers_sides = True
2026-09-07 08:01:07,520 [DEBUG] core.settings: settings.set helper_markers_show = False
2026-09-07 08:01:07,520 [DEBUG] core.settings: settings.set helper_marker_edge_mm = 2.0
2026-09-07 08:01:07,520 [DEBUG] core.settings: settings.set helper_marker_len_mm = 2.0
2026-09-07 08:01:07,520 [DEBUG] core.settings: settings.set helper_marker_per_patch = 3
2026-09-07 08:01:07,520 [DEBUG] core.settings: settings.set helper_markers_top_bottom = True
2026-09-07 08:01:07,520 [DEBUG] core.settings: settings.set helper_markers_sides = True
2026-09-07 08:01:07,928 [DEBUG] core.settings: settings.set helper_markers_show = False
2026-09-07 08:01:07,928 [DEBUG] core.settings: settings.set helper_marker_edge_mm = 2.0
2026-09-07 08:01:07,928 [DEBUG] core.settings: settings.set helper_marker_len_mm = 2.0
2026-09-07 08:01:07,928 [DEBUG] core.settings: settings.set helper_marker_per_patch = 3
2026-09-07 08:01:07,928 [DEBUG] core.settings: settings.set helper_markers_top_bottom = True
2026-09-07 08:01:07,928 [DEBUG] core.settings: settings.set helper_markers_sides = True
2026-09-07 08:01:08,596 [INFO] ui.tabs.tab_chart: chart build (Generate Chart) in manual: patch set targen | manual panel: A4, 0x0 grid, margins T40.0 R9.0 B9.0 L28.0
2026-09-07 08:01:08,599 [DEBUG] core.settings: settings.set session_ti3_path = ''
2026-09-07 08:01:08,599 [DEBUG] core.settings: settings.set session_icc_path = ''
2026-09-07 08:01:08,599 [DEBUG] core.settings: settings.set session_cal_ti3_path = ''
2026-09-07 08:01:08,601 [DEBUG] core.file_manager: Target name set to: A2-Instruments (root /Users/Basti/ChromIQ-assessment/A2-Instruments)
2026-09-07 08:01:08,602 [INFO] core.file_manager: opened the EXISTING project at /Users/Basti/ChromIQ-assessment/A2-Instruments (1 run(s) on disk)
2026-09-07 08:01:08,652 [INFO] workflow.chart_creator: Chart generation: 120 patches, instrument=p3 paper=A4 disable_lb=True
2026-09-07 08:01:08,652 [INFO] workflow.chart_creator: targen args: ['-v', '-d2', '-f120', '-e2', '-B2', '-G', '-g8', 'A2-Instruments']
2026-09-07 08:01:08,652 [INFO] core.argyll_runner: Run: /Applications/Argyll/bin/targen -v -d2 -f120 -e2 -B2 -G -g8 A2-Instruments  [cwd=/Users/Basti/ChromIQ-assessment/A2-Instruments/runs/run1]
2026-09-07 08:01:08,727 [DEBUG] core.argyll_runner: [argyll] iRGB test chart
2026-09-07 08:01:08,728 [DEBUG] core.argyll_runner: [argyll] White patches = 2
2026-09-07 08:01:08,728 [DEBUG] core.argyll_runner: [argyll] Black patches = 2
2026-09-07 08:01:08,728 [DEBUG] core.argyll_runner: [argyll] Composite Grey steps = 8
2026-09-07 08:01:08,728 [DEBUG] core.argyll_runner: [argyll] Full spread patches = 120
2026-09-07 08:01:08,728 [DEBUG] core.argyll_runner: [argyll] Degree of adaptation: 0.100
2026-09-07 08:01:08,728 [DEBUG] core.argyll_runner: [argyll] Adaptation weights: Device = 0.935, Perceptual = 0.065, Curvature = 0.010
2026-09-07 08:01:08,729 [DEBUG] core.argyll_runner: [argyll] Perceptual cache resolution = 7
2026-09-07 08:01:08,729 [DEBUG] core.argyll_runner: [argyll] Seeding cache...done
2026-09-07 08:01:08,729 [DEBUG] core.argyll_runner: [argyll] Acceleration grid res = 5
2026-09-07 08:01:08,729 [DEBUG] core.argyll_runner: [argyll] 
2026-09-07 08:01:08,729 [DEBUG] core.argyll_runner: [argyll] There are 8 unique fixed points to add (10 total fixed points)
2026-09-07 08:01:08,729 [DEBUG] core.argyll_runner: [argyll] There are 110 far spread points to add
2026-09-07 08:01:08,730 [DEBUG] core.argyll_runner: [argyll] 
2026-09-07 08:01:08,730 [DEBUG] core.argyll_runner: [argyll] Added 12/118
2026-09-07 08:01:08,730 [DEBUG] core.argyll_runner: [argyll] Added 23/118
2026-09-07 08:01:08,730 [DEBUG] core.argyll_runner: [argyll] Added 34/118
2026-09-07 08:01:08,730 [DEBUG] core.argyll_runner: [argyll] Added 45/118
2026-09-07 08:01:08,731 [DEBUG] core.argyll_runner: [argyll] Added 56/118
2026-09-07 08:01:08,732 [DEBUG] core.argyll_runner: [argyll] Added 67/118
2026-09-07 08:01:08,732 [DEBUG] core.argyll_runner: [argyll] Added 78/118
2026-09-07 08:01:08,733 [DEBUG] core.argyll_runner: [argyll] Added 89/118
2026-09-07 08:01:08,734 [DEBUG] core.argyll_runner: [argyll] Added 100/118
2026-09-07 08:01:08,735 [DEBUG] core.argyll_runner: [argyll] Added 111/118
2026-09-07 08:01:08,737 [DEBUG] core.argyll_runner: [argyll] Added 118/118
2026-09-07 08:01:08,886 [DEBUG] core.argyll_runner: [argyll] 
2026-09-07 08:01:08,886 [DEBUG] core.argyll_runner: [argyll] After seeding points: MinPoint = 10.366, Min = 8.446, Avg. = 18.414, Max = 24.259, 0.0 secs
2026-09-07 08:01:08,886 [DEBUG] core.argyll_runner: [argyll] Re-seeding
2026-09-07 08:01:08,887 [DEBUG] core.argyll_runner: [argyll] It 1: Maxmv = 0.166190, MinPoint = 5.766, Min = 7.784, Avg. = 18.425, Max = 25.376, 0.0 secs.
2026-09-07 08:01:08,887 [DEBUG] core.argyll_runner: [argyll] Re-seeding
2026-09-07 08:01:08,887 [DEBUG] core.argyll_runner: [argyll] It 2: Maxmv = 0.124036, MinPoint = 9.212, Min = 9.707, Avg. = 18.295, Max = 24.423, 0.0 secs.
2026-09-07 08:01:08,887 [DEBUG] core.argyll_runner: [argyll] Re-seeding
2026-09-07 08:01:08,888 [DEBUG] core.argyll_runner: [argyll] It 3: Maxmv = 0.122801, MinPoint = 11.388, Min = 9.904, Avg. = 18.245, Max = 25.375, 0.0 secs.
2026-09-07 08:01:08,888 [DEBUG] core.argyll_runner: [argyll] Re-seeding
2026-09-07 08:01:08,888 [DEBUG] core.argyll_runner: [argyll] It 4: Maxmv = 0.108731, MinPoint = 14.316, Min = 11.919, Avg. = 18.050, Max = 23.448, 0.0 secs.
2026-09-07 08:01:08,888 [DEBUG] core.argyll_runner: [argyll] Re-seeding
2026-09-07 08:01:08,889 [DEBUG] core.argyll_runner: [argyll] It 5: Maxmv = 0.090025, MinPoint = 13.129, Min = 10.365, Avg. = 17.906, Max = 23.064, 0.0 secs.
2026-09-07 08:01:08,889 [DEBUG] core.argyll_runner: [argyll] Re-seeding
2026-09-07 08:01:08,889 [DEBUG] core.argyll_runner: [argyll] It 6: Maxmv = 0.100291, MinPoint = 14.881, Min = 13.235, Avg. = 17.875, Max = 22.233, 0.0 secs.
2026-09-07 08:01:08,889 [DEBUG] core.argyll_runner: [argyll] Re-seeding
2026-09-07 08:01:08,890 [DEBUG] core.argyll_runner: [argyll] It 7: Maxmv = 0.093338, MinPoint = 12.633, Min = 11.366, Avg. = 17.878, Max = 22.576, 0.0 secs.
2026-09-07 08:01:08,890 [DEBUG] core.argyll_runner: [argyll] Re-seeding
2026-09-07 08:01:08,890 [DEBUG] core.argyll_runner: [argyll] It 8: Maxmv = 0.087454, MinPoint = 16.403, Min = 13.787, Avg. = 17.822, Max = 22.966, 0.0 secs.
2026-09-07 08:01:08,890 [DEBUG] core.argyll_runner: [argyll] Re-seeding
2026-09-07 08:01:08,890 [DEBUG] core.argyll_runner: [argyll] It 9: Maxmv = 0.076241, MinPoint = 16.686, Min = 12.202, Avg. = 17.772, Max = 21.967, 0.0 secs.
2026-09-07 08:01:08,891 [DEBUG] core.argyll_runner: [argyll] Re-seeding
2026-09-07 08:01:08,891 [DEBUG] core.argyll_runner: [argyll] It 10: Maxmv = 0.069066, MinPoint = 16.107, Min = 13.339, Avg. = 17.680, Max = 21.282, 0.0 secs.
2026-09-07 08:01:08,891 [DEBUG] core.argyll_runner: [argyll] Re-seeding
2026-09-07 08:01:08,891 [DEBUG] core.argyll_runner: [argyll] It 11: Maxmv = 0.049627, MinPoint = 15.535, Min = 12.990, Avg. = 17.665, Max = 21.681, 0.0 secs.
2026-09-07 08:01:08,892 [DEBUG] core.argyll_runner: [argyll] Re-seeding
2026-09-07 08:01:08,892 [DEBUG] core.argyll_runner: [argyll] It 12: Maxmv = 0.053511, MinPoint = 16.953, Min = 12.101, Avg. = 17.673, Max = 22.005, 0.0 secs.
2026-09-07 08:01:08,892 [DEBUG] core.argyll_runner: [argyll] Re-seeding
2026-09-07 08:01:08,892 [DEBUG] core.argyll_runner: [argyll] It 13: Maxmv = 0.038858, MinPoint = 17.450, Min = 11.583, Avg. = 17.638, Max = 21.564, 0.0 secs.
2026-09-07 08:01:08,893 [DEBUG] core.argyll_runner: [argyll] Re-seeding
2026-09-07 08:01:08,893 [DEBUG] core.argyll_runner: [argyll] It 14: Maxmv = 0.033526, MinPoint = 16.531, Min = 13.231, Avg. = 17.619, Max = 20.962, 0.0 secs.
2026-09-07 08:01:08,893 [DEBUG] core.argyll_runner: [argyll] Re-seeding
2026-09-07 08:01:08,893 [DEBUG] core.argyll_runner: [argyll] It 15: Maxmv = 0.027370, MinPoint = 18.130, Min = 12.966, Avg. = 17.615, Max = 21.221, 0.0 secs.
2026-09-07 08:01:08,894 [DEBUG] core.argyll_runner: [argyll] Re-seeding
2026-09-07 08:01:08,894 [DEBUG] core.argyll_runner: [argyll] It 16: Maxmv = 0.020754, MinPoint = 17.799, Min = 12.583, Avg. = 17.615, Max = 20.627, 0.0 secs.
2026-09-07 08:01:08,894 [DEBUG] core.argyll_runner: [argyll] Re-seeding
2026-09-07 08:01:08,894 [DEBUG] core.argyll_runner: [argyll] It 17: Maxmv = 0.015507, MinPoint = 18.548, Min = 12.923, Avg. = 17.620, Max = 21.088, 0.0 secs.
2026-09-07 08:01:08,894 [DEBUG] core.argyll_runner: [argyll] Re-seeding
2026-09-07 08:01:08,895 [DEBUG] core.argyll_runner: [argyll] It 18: Maxmv = 0.009407, MinPoint = 18.266, Min = 12.900, Avg. = 17.611, Max = 20.849, 0.0 secs.
2026-09-07 08:01:08,895 [DEBUG] core.argyll_runner: [argyll] Re-seeding
2026-09-07 08:01:08,895 [DEBUG] core.argyll_runner: [argyll] It 19: Maxmv = 0.003039, MinPoint = 18.513, Min = 12.896, Avg. = 17.615, Max = 20.833, 0.0 secs.
2026-09-07 08:01:08,895 [DEBUG] core.argyll_runner: [argyll] Re-seeding
2026-09-07 08:01:08,896 [DEBUG] core.argyll_runner: [argyll] It 20: Maxmv = 0.003228, MinPoint = 18.740, Min = 12.900, Avg. = 17.620, Max = 20.730, 0.0 secs.
2026-09-07 08:01:08,896 [DEBUG] core.argyll_runner: [argyll] After optimization: MinPoint = 18.740, Min = 12.900, Avg. = 17.620, Max = 20.730
2026-09-07 08:01:08,896 [DEBUG] core.argyll_runner: [argyll] Total number of patches = 120
2026-09-07 08:01:08,896 [DEBUG] core.argyll_runner: [argyll] Execution time = 0.179237 seconds
2026-09-07 08:01:08,910 [INFO] core.argyll_runner: ArgyllRunner: finished with code 0
2026-09-07 08:01:09,126 [DEBUG] workflow.chart_creator: Wrote channel sidecar A2-Instruments.channels.json: ['r', 'g', 'b']
2026-09-07 08:01:09,209 [DEBUG] ui.tiff_preview: TiffPreview: loaded 1 page(s)
2026-09-07 08:01:09,209 [INFO] ui.tabs.tab_chart: Preview loaded: 1 TIFF(s)
2026-09-07 08:01:09,251 [DEBUG] ui.tiff_preview: TiffPreview: loaded 1 page(s)
2026-09-07 08:01:09,251 [DEBUG] ui.tiff_preview: TiffPreview: loaded 1 page(s)
2026-09-07 08:01:09,255 [DEBUG] ui.tabs.tab_chart: create-chart settings written for run1 (40 parameters + ui state)
2026-09-07 08:01:10,768 [INFO] assess:   shot Screenshots/A2-instruments/p3-noclip-A4-preview.png  (2232x1186)
2026-09-07 08:01:10,769 [INFO] assess: [p3-noclip-A4] ok=True 3.7s est_before={'total': 120, 'fillup': 0, 'page_patches': 120, 'rows': 12, 'cols': 10, 'pages': 1, 'patch': (17.29, 18.5), 'pitch': None} actual={'total': 120, 'fillup': 0, 'page_patches': 120, 'rows': 12, 'cols': 10, 'pages': 1, 'patch': (17.27, 18.54), 'pitch': None} status='' eng=['[ChromIQ layout engine] Drawing the pages. This part runs in one go and cannot be stopped, so the window will not respond until it is finished.', '[ChromIQ layout engine] 120 patches (12×10), 1 page, random start 516368789']
2026-09-07 08:01:10,770 [INFO] assess:   json Test Runs/logs/d02_matrix.json
2026-09-07 08:01:10,770 [INFO] assess:   armed: dialog ~'scanner' -> click 'OK' hex heads-up (hex modes only)
2026-09-07 08:01:10,770 [INFO] assess:   armed: dialog ~'quite fill' -> click 'OK' last page hint
2026-09-07 08:01:10,770 [INFO] assess:   armed: dialog ~'already' -> click 'Continue this project' S4.7 on 2nd+ build
2026-09-07 08:01:11,539 [DEBUG] core.settings: settings.set helper_markers_show = False
2026-09-07 08:01:11,539 [DEBUG] core.settings: settings.set helper_marker_edge_mm = 2.0
2026-09-07 08:01:11,539 [DEBUG] core.settings: settings.set helper_marker_len_mm = 2.0
2026-09-07 08:01:11,539 [DEBUG] core.settings: settings.set helper_marker_per_patch = 3
2026-09-07 08:01:11,539 [DEBUG] core.settings: settings.set helper_markers_top_bottom = True
2026-09-07 08:01:11,539 [DEBUG] core.settings: settings.set helper_markers_sides = True
2026-09-07 08:01:12,243 [INFO] ui.tabs.tab_chart: chart build (Generate Chart) in manual: patch set targen | manual panel: A4R, 0x0 grid, margins T40.0 R9.0 B9.0 L28.0
2026-09-07 08:01:12,246 [DEBUG] core.settings: settings.set session_ti3_path = ''
2026-09-07 08:01:12,246 [DEBUG] core.settings: settings.set session_icc_path = ''
2026-09-07 08:01:12,246 [DEBUG] core.settings: settings.set session_cal_ti3_path = ''
2026-09-07 08:01:12,248 [DEBUG] core.file_manager: Target name set to: A2-Instruments (root /Users/Basti/ChromIQ-assessment/A2-Instruments)
2026-09-07 08:01:12,248 [INFO] core.file_manager: opened the EXISTING project at /Users/Basti/ChromIQ-assessment/A2-Instruments (1 run(s) on disk)
2026-09-07 08:01:12,301 [INFO] workflow.chart_creator: Chart generation: 128 patches, instrument=p3 paper=A4R disable_lb=True
2026-09-07 08:01:12,301 [INFO] workflow.chart_creator: targen args: ['-v', '-d2', '-f128', '-e2', '-B2', '-G', '-g8', 'A2-Instruments']
2026-09-07 08:01:12,301 [INFO] core.argyll_runner: Run: /Applications/Argyll/bin/targen -v -d2 -f128 -e2 -B2 -G -g8 A2-Instruments  [cwd=/Users/Basti/ChromIQ-assessment/A2-Instruments/runs/run1]
2026-09-07 08:01:12,377 [DEBUG] core.argyll_runner: [argyll] iRGB test chart
2026-09-07 08:01:12,377 [DEBUG] core.argyll_runner: [argyll] White patches = 2
2026-09-07 08:01:12,378 [DEBUG] core.argyll_runner: [argyll] Black patches = 2
2026-09-07 08:01:12,378 [DEBUG] core.argyll_runner: [argyll] Composite Grey steps = 8
2026-09-07 08:01:12,378 [DEBUG] core.argyll_runner: [argyll] Full spread patches = 128
2026-09-07 08:01:12,378 [DEBUG] core.argyll_runner: [argyll] Degree of adaptation: 0.100
2026-09-07 08:01:12,378 [DEBUG] core.argyll_runner: [argyll] Adaptation weights: Device = 0.935, Perceptual = 0.065, Curvature = 0.010
2026-09-07 08:01:12,378 [DEBUG] core.argyll_runner: [argyll] Perceptual cache resolution = 7
2026-09-07 08:01:12,379 [DEBUG] core.argyll_runner: [argyll] Seeding cache...done
2026-09-07 08:01:12,379 [DEBUG] core.argyll_runner: [argyll] Acceleration grid res = 5
2026-09-07 08:01:12,379 [DEBUG] core.argyll_runner: [argyll] 
2026-09-07 08:01:12,379 [DEBUG] core.argyll_runner: [argyll] There are 8 unique fixed points to add (10 total fixed points)
2026-09-07 08:01:12,379 [DEBUG] core.argyll_runner: [argyll] There are 118 far spread points to add
2026-09-07 08:01:12,379 [DEBUG] core.argyll_runner: [argyll] 
2026-09-07 08:01:12,379 [DEBUG] core.argyll_runner: [argyll] Added 12/126
2026-09-07 08:01:12,380 [DEBUG] core.argyll_runner: [argyll] Added 23/126
2026-09-07 08:01:12,380 [DEBUG] core.argyll_runner: [argyll] Added 34/126
2026-09-07 08:01:12,380 [DEBUG] core.argyll_runner: [argyll] Added 45/126
2026-09-07 08:01:12,381 [DEBUG] core.argyll_runner: [argyll] Added 56/126
2026-09-07 08:01:12,381 [DEBUG] core.argyll_runner: [argyll] Added 67/126
2026-09-07 08:01:12,382 [DEBUG] core.argyll_runner: [argyll] Added 78/126
2026-09-07 08:01:12,383 [DEBUG] core.argyll_runner: [argyll] Added 89/126
2026-09-07 08:01:12,384 [DEBUG] core.argyll_runner: [argyll] Added 100/126
2026-09-07 08:01:12,385 [DEBUG] core.argyll_runner: [argyll] Added 111/126
2026-09-07 08:01:12,386 [DEBUG] core.argyll_runner: [argyll] Added 122/126
2026-09-07 08:01:12,388 [DEBUG] core.argyll_runner: [argyll] Added 126/126
2026-09-07 08:01:12,547 [DEBUG] core.argyll_runner: [argyll] 
2026-09-07 08:01:12,548 [DEBUG] core.argyll_runner: [argyll] After seeding points: MinPoint = 8.730, Min = 6.587, Avg. = 17.970, Max = 22.768, 0.0 secs
2026-09-07 08:01:12,548 [DEBUG] core.argyll_runner: [argyll] Re-seeding
2026-09-07 08:01:12,548 [DEBUG] core.argyll_runner: [argyll] It 1: Maxmv = 0.183929, MinPoint = 10.034, Min = 8.837, Avg. = 17.907, Max = 24.263, 0.0 secs.
2026-09-07 08:01:12,548 [DEBUG] core.argyll_runner: [argyll] Re-seeding
2026-09-07 08:01:12,549 [DEBUG] core.argyll_runner: [argyll] It 2: Maxmv = 0.131181, MinPoint = 10.295, Min = 7.939, Avg. = 17.981, Max = 24.169, 0.0 secs.
2026-09-07 08:01:12,549 [DEBUG] core.argyll_runner: [argyll] Re-seeding
2026-09-07 08:01:12,549 [DEBUG] core.argyll_runner: [argyll] It 3: Maxmv = 0.105234, MinPoint = 8.853, Min = 10.551, Avg. = 17.755, Max = 23.305, 0.0 secs.
2026-09-07 08:01:12,549 [DEBUG] core.argyll_runner: [argyll] Re-seeding
2026-09-07 08:01:12,549 [DEBUG] core.argyll_runner: [argyll] It 4: Maxmv = 0.103634, MinPoint = 13.300, Min = 9.973, Avg. = 17.581, Max = 23.340, 0.0 secs.
2026-09-07 08:01:12,550 [DEBUG] core.argyll_runner: [argyll] Re-seeding
2026-09-07 08:01:12,550 [DEBUG] core.argyll_runner: [argyll] It 5: Maxmv = 0.092925, MinPoint = 13.004, Min = 11.089, Avg. = 17.515, Max = 22.644, 0.0 secs.
2026-09-07 08:01:12,550 [DEBUG] core.argyll_runner: [argyll] Re-seeding
2026-09-07 08:01:12,550 [DEBUG] core.argyll_runner: [argyll] It 6: Maxmv = 0.082269, MinPoint = 13.749, Min = 11.399, Avg. = 17.500, Max = 22.966, 0.0 secs.
2026-09-07 08:01:12,551 [DEBUG] core.argyll_runner: [argyll] Re-seeding
2026-09-07 08:01:12,551 [DEBUG] core.argyll_runner: [argyll] It 7: Maxmv = 0.083156, MinPoint = 15.323, Min = 11.968, Avg. = 17.478, Max = 22.394, 0.0 secs.
2026-09-07 08:01:12,551 [DEBUG] core.argyll_runner: [argyll] Re-seeding
2026-09-07 08:01:12,551 [DEBUG] core.argyll_runner: [argyll] It 8: Maxmv = 0.077237, MinPoint = 16.249, Min = 11.772, Avg. = 17.406, Max = 21.919, 0.0 secs.
2026-09-07 08:01:12,552 [DEBUG] core.argyll_runner: [argyll] Re-seeding
2026-09-07 08:01:12,552 [DEBUG] core.argyll_runner: [argyll] It 9: Maxmv = 0.068591, MinPoint = 15.380, Min = 10.936, Avg. = 17.403, Max = 21.544, 0.0 secs.
2026-09-07 08:01:12,552 [DEBUG] core.argyll_runner: [argyll] Re-seeding
2026-09-07 08:01:12,552 [DEBUG] core.argyll_runner: [argyll] It 10: Maxmv = 0.050786, MinPoint = 15.716, Min = 12.068, Avg. = 17.377, Max = 21.932, 0.0 secs.
2026-09-07 08:01:12,553 [DEBUG] core.argyll_runner: [argyll] Re-seeding
2026-09-07 08:01:12,553 [DEBUG] core.argyll_runner: [argyll] It 11: Maxmv = 0.062958, MinPoint = 16.060, Min = 11.492, Avg. = 17.346, Max = 21.373, 0.0 secs.
2026-09-07 08:01:12,553 [DEBUG] core.argyll_runner: [argyll] Re-seeding
2026-09-07 08:01:12,553 [DEBUG] core.argyll_runner: [argyll] It 12: Maxmv = 0.049866, MinPoint = 16.062, Min = 11.600, Avg. = 17.297, Max = 21.597, 0.0 secs.
2026-09-07 08:01:12,554 [DEBUG] core.argyll_runner: [argyll] Re-seeding
2026-09-07 08:01:12,554 [DEBUG] core.argyll_runner: [argyll] It 13: Maxmv = 0.045079, MinPoint = 16.583, Min = 11.205, Avg. = 17.231, Max = 21.602, 0.0 secs.
2026-09-07 08:01:12,554 [DEBUG] core.argyll_runner: [argyll] Re-seeding
2026-09-07 08:01:12,554 [DEBUG] core.argyll_runner: [argyll] It 14: Maxmv = 0.031720, MinPoint = 16.643, Min = 11.736, Avg. = 17.270, Max = 20.783, 0.0 secs.
2026-09-07 08:01:12,554 [DEBUG] core.argyll_runner: [argyll] Re-seeding
2026-09-07 08:01:12,555 [DEBUG] core.argyll_runner: [argyll] It 15: Maxmv = 0.027688, MinPoint = 16.064, Min = 11.844, Avg. = 17.240, Max = 20.722, 0.0 secs.
2026-09-07 08:01:12,555 [DEBUG] core.argyll_runner: [argyll] Re-seeding
2026-09-07 08:01:12,555 [DEBUG] core.argyll_runner: [argyll] It 16: Maxmv = 0.018542, MinPoint = 17.549, Min = 11.829, Avg. = 17.247, Max = 20.910, 0.0 secs.
2026-09-07 08:01:12,555 [DEBUG] core.argyll_runner: [argyll] Re-seeding
2026-09-07 08:01:12,556 [DEBUG] core.argyll_runner: [argyll] It 17: Maxmv = 0.018363, MinPoint = 16.981, Min = 11.782, Avg. = 17.244, Max = 20.864, 0.0 secs.
2026-09-07 08:01:12,556 [DEBUG] core.argyll_runner: [argyll] Re-seeding
2026-09-07 08:01:12,556 [DEBUG] core.argyll_runner: [argyll] It 18: Maxmv = 0.009656, MinPoint = 16.878, Min = 11.783, Avg. = 17.238, Max = 20.797, 0.0 secs.
2026-09-07 08:01:12,556 [DEBUG] core.argyll_runner: [argyll] Re-seeding
2026-09-07 08:01:12,557 [DEBUG] core.argyll_runner: [argyll] It 19: Maxmv = 0.003330, MinPoint = 16.874, Min = 11.782, Avg. = 17.248, Max = 20.855, 0.0 secs.
2026-09-07 08:01:12,557 [DEBUG] core.argyll_runner: [argyll] Re-seeding
2026-09-07 08:01:12,557 [DEBUG] core.argyll_runner: [argyll] It 20: Maxmv = 0.004250, MinPoint = 16.874, Min = 11.781, Avg. = 17.246, Max = 20.868, 0.0 secs.
2026-09-07 08:01:12,557 [DEBUG] core.argyll_runner: [argyll] After optimization: MinPoint = 16.874, Min = 11.781, Avg. = 17.246, Max = 20.868
2026-09-07 08:01:12,558 [DEBUG] core.argyll_runner: [argyll] Total number of patches = 128
2026-09-07 08:01:12,558 [DEBUG] core.argyll_runner: [argyll] Execution time = 0.191501 seconds
2026-09-07 08:01:12,571 [INFO] core.argyll_runner: ArgyllRunner: finished with code 0
2026-09-07 08:01:12,881 [DEBUG] workflow.chart_creator: Wrote channel sidecar A2-Instruments.channels.json: ['r', 'g', 'b']
2026-09-07 08:01:12,965 [DEBUG] ui.tiff_preview: TiffPreview: loaded 1 page(s)
2026-09-07 08:01:12,965 [INFO] ui.tabs.tab_chart: Preview loaded: 1 TIFF(s)
2026-09-07 08:01:13,006 [DEBUG] ui.tiff_preview: TiffPreview: loaded 1 page(s)
2026-09-07 08:01:13,007 [DEBUG] ui.tiff_preview: TiffPreview: loaded 1 page(s)
2026-09-07 08:01:13,011 [DEBUG] ui.tabs.tab_chart: create-chart settings written for run1 (40 parameters + ui state)
2026-09-07 08:01:14,568 [INFO] assess:   shot Screenshots/A2-instruments/p3-noclip-A4R-preview.png  (2232x1136)
2026-09-07 08:01:14,569 [INFO] assess: [p3-noclip-A4R] ok=True 3.8s est_before={'total': 128, 'fillup': 0, 'page_patches': 128, 'rows': 8, 'cols': 16, 'pages': 1, 'patch': (16.24, 17.87), 'pitch': None} actual={'total': 128, 'fillup': 0, 'page_patches': 128, 'rows': 8, 'cols': 16, 'pages': 1, 'patch': (16.26, 17.86), 'pitch': None} status='Margins: OK' eng=['[ChromIQ layout engine] Drawing the pages. This part runs in one go and cannot be stopped, so the window will not respond until it is finished.', '[ChromIQ layout engine] 128 patches (8×16), 1 page, random start 2093485747']
2026-09-07 08:01:14,571 [INFO] assess:   json Test Runs/logs/d02_matrix.json
2026-09-07 08:01:14,571 [INFO] assess:   armed: dialog ~'scanner' -> click 'OK' hex heads-up (hex modes only)
2026-09-07 08:01:14,571 [INFO] assess:   armed: dialog ~'quite fill' -> click 'OK' last page hint
2026-09-07 08:01:14,571 [INFO] assess:   armed: dialog ~'already' -> click 'Continue this project' S4.7 on 2nd+ build
2026-09-07 08:01:15,330 [DEBUG] core.settings: settings.set helper_markers_show = False
2026-09-07 08:01:15,330 [DEBUG] core.settings: settings.set helper_marker_edge_mm = 2.0
2026-09-07 08:01:15,330 [DEBUG] core.settings: settings.set helper_marker_len_mm = 2.0
2026-09-07 08:01:15,330 [DEBUG] core.settings: settings.set helper_marker_per_patch = 3
2026-09-07 08:01:15,330 [DEBUG] core.settings: settings.set helper_markers_top_bottom = True
2026-09-07 08:01:15,330 [DEBUG] core.settings: settings.set helper_markers_sides = True
2026-09-07 08:01:15,996 [INFO] ui.tabs.tab_chart: chart build (Generate Chart) in manual: patch set targen | manual panel: A3, 0x0 grid, margins T9.0 R9.0 B9.0 L9.0
2026-09-07 08:01:16,000 [DEBUG] core.settings: settings.set session_ti3_path = ''
2026-09-07 08:01:16,000 [DEBUG] core.settings: settings.set session_icc_path = ''
2026-09-07 08:01:16,000 [DEBUG] core.settings: settings.set session_cal_ti3_path = ''
2026-09-07 08:01:16,002 [DEBUG] core.file_manager: Target name set to: A2-Instruments (root /Users/Basti/ChromIQ-assessment/A2-Instruments)
2026-09-07 08:01:16,003 [INFO] core.file_manager: opened the EXISTING project at /Users/Basti/ChromIQ-assessment/A2-Instruments (1 run(s) on disk)
2026-09-07 08:01:16,055 [INFO] workflow.chart_creator: Chart generation: 357 patches, instrument=p3 paper=A3 disable_lb=True
2026-09-07 08:01:16,055 [INFO] workflow.chart_creator: targen args: ['-v', '-d2', '-f357', '-e2', '-B2', '-G', '-g20', 'A2-Instruments']
2026-09-07 08:01:16,055 [INFO] core.argyll_runner: Run: /Applications/Argyll/bin/targen -v -d2 -f357 -e2 -B2 -G -g20 A2-Instruments  [cwd=/Users/Basti/ChromIQ-assessment/A2-Instruments/runs/run1]
2026-09-07 08:01:16,130 [DEBUG] core.argyll_runner: [argyll] iRGB test chart
2026-09-07 08:01:16,131 [DEBUG] core.argyll_runner: [argyll] White patches = 2
2026-09-07 08:01:16,131 [DEBUG] core.argyll_runner: [argyll] Black patches = 2
2026-09-07 08:01:16,131 [DEBUG] core.argyll_runner: [argyll] Composite Grey steps = 20
2026-09-07 08:01:16,131 [DEBUG] core.argyll_runner: [argyll] Full spread patches = 357
2026-09-07 08:01:16,131 [DEBUG] core.argyll_runner: [argyll] Degree of adaptation: 0.100
2026-09-07 08:01:16,131 [DEBUG] core.argyll_runner: [argyll] Adaptation weights: Device = 0.935, Perceptual = 0.065, Curvature = 0.010
2026-09-07 08:01:16,132 [DEBUG] core.argyll_runner: [argyll] Perceptual cache resolution = 9
2026-09-07 08:01:16,132 [DEBUG] core.argyll_runner: [argyll] Seeding cache...done
2026-09-07 08:01:16,132 [DEBUG] core.argyll_runner: [argyll] Acceleration grid res = 8
2026-09-07 08:01:16,132 [DEBUG] core.argyll_runner: [argyll] 
2026-09-07 08:01:16,132 [DEBUG] core.argyll_runner: [argyll] There are 20 unique fixed points to add (22 total fixed points)
2026-09-07 08:01:16,133 [DEBUG] core.argyll_runner: [argyll] There are 335 far spread points to add
2026-09-07 08:01:16,133 [DEBUG] core.argyll_runner: [argyll] 
2026-09-07 08:01:16,133 [DEBUG] core.argyll_runner: [argyll] Added 12/355
2026-09-07 08:01:16,133 [DEBUG] core.argyll_runner: [argyll] Added 23/355
2026-09-07 08:01:16,133 [DEBUG] core.argyll_runner: [argyll] Added 34/355
2026-09-07 08:01:16,133 [DEBUG] core.argyll_runner: [argyll] Added 45/355
2026-09-07 08:01:16,134 [DEBUG] core.argyll_runner: [argyll] Added 56/355
2026-09-07 08:01:16,134 [DEBUG] core.argyll_runner: [argyll] Added 67/355
2026-09-07 08:01:16,135 [DEBUG] core.argyll_runner: [argyll] Added 78/355
2026-09-07 08:01:16,136 [DEBUG] core.argyll_runner: [argyll] Added 89/355
2026-09-07 08:01:16,137 [DEBUG] core.argyll_runner: [argyll] Added 100/355
2026-09-07 08:01:16,169 [DEBUG] core.argyll_runner: [argyll] 
2026-09-07 08:01:16,169 [DEBUG] core.argyll_runner: [argyll] Added 111/355
2026-09-07 08:01:16,169 [DEBUG] core.argyll_runner: [argyll] Added 122/355
2026-09-07 08:01:16,170 [DEBUG] core.argyll_runner: [argyll] Added 133/355
2026-09-07 08:01:16,170 [DEBUG] core.argyll_runner: [argyll] Added 144/355
2026-09-07 08:01:16,170 [DEBUG] core.argyll_runner: [argyll] Added 155/355
2026-09-07 08:01:16,171 [DEBUG] core.argyll_runner: [argyll] Added 166/355
2026-09-07 08:01:16,172 [DEBUG] core.argyll_runner: [argyll] Added 177/355
2026-09-07 08:01:16,173 [DEBUG] core.argyll_runner: [argyll] Added 188/355
2026-09-07 08:01:16,174 [DEBUG] core.argyll_runner: [argyll] Added 199/355
2026-09-07 08:01:16,175 [DEBUG] core.argyll_runner: [argyll] Added 210/355
2026-09-07 08:01:16,176 [DEBUG] core.argyll_runner: [argyll] Added 221/355
2026-09-07 08:01:16,178 [DEBUG] core.argyll_runner: [argyll] Added 232/355
2026-09-07 08:01:16,179 [DEBUG] core.argyll_runner: [argyll] Added 243/355
2026-09-07 08:01:16,181 [DEBUG] core.argyll_runner: [argyll] Added 254/355
2026-09-07 08:01:16,182 [DEBUG] core.argyll_runner: [argyll] Added 265/355
2026-09-07 08:01:16,184 [DEBUG] core.argyll_runner: [argyll] Added 276/355
2026-09-07 08:01:16,186 [DEBUG] core.argyll_runner: [argyll] Added 287/355
2026-09-07 08:01:16,188 [DEBUG] core.argyll_runner: [argyll] Added 298/355
2026-09-07 08:01:16,191 [DEBUG] core.argyll_runner: [argyll] Added 309/355
2026-09-07 08:01:16,193 [DEBUG] core.argyll_runner: [argyll] Added 320/355
2026-09-07 08:01:16,196 [DEBUG] core.argyll_runner: [argyll] Added 331/355
2026-09-07 08:01:16,198 [DEBUG] core.argyll_runner: [argyll] Added 342/355
2026-09-07 08:01:16,201 [DEBUG] core.argyll_runner: [argyll] Added 353/355
2026-09-07 08:01:16,204 [DEBUG] core.argyll_runner: [argyll] Added 355/355
2026-09-07 08:01:16,752 [DEBUG] core.argyll_runner: [argyll] 
2026-09-07 08:01:16,753 [DEBUG] core.argyll_runner: [argyll] After seeding points: MinPoint = 6.143, Min = 4.807, Avg. = 12.425, Max = 16.080, 0.0 secs
2026-09-07 08:01:16,753 [DEBUG] core.argyll_runner: [argyll] Re-seeding
2026-09-07 08:01:16,753 [DEBUG] core.argyll_runner: [argyll] It 1: Maxmv = 0.113299, MinPoint = 4.282, Min = 5.763, Avg. = 12.359, Max = 16.759, 0.0 secs.
2026-09-07 08:01:16,754 [DEBUG] core.argyll_runner: [argyll] Re-seeding
2026-09-07 08:01:16,754 [DEBUG] core.argyll_runner: [argyll] It 2: Maxmv = 0.094711, MinPoint = 8.103, Min = 7.169, Avg. = 12.294, Max = 17.254, 0.0 secs.
2026-09-07 08:01:16,754 [DEBUG] core.argyll_runner: [argyll] Re-seeding
2026-09-07 08:01:16,754 [DEBUG] core.argyll_runner: [argyll] It 3: Maxmv = 0.086791, MinPoint = 5.137, Min = 7.118, Avg. = 12.218, Max = 15.792, 0.0 secs.
2026-09-07 08:01:16,755 [DEBUG] core.argyll_runner: [argyll] Re-seeding
2026-09-07 08:01:16,755 [DEBUG] core.argyll_runner: [argyll] It 4: Maxmv = 0.085722, MinPoint = 7.712, Min = 6.955, Avg. = 12.177, Max = 16.297, 0.0 secs.
2026-09-07 08:01:16,755 [DEBUG] core.argyll_runner: [argyll] Re-seeding
2026-09-07 08:01:16,755 [DEBUG] core.argyll_runner: [argyll] It 5: Maxmv = 0.084765, MinPoint = 7.535, Min = 7.861, Avg. = 12.103, Max = 15.604, 0.0 secs.
2026-09-07 08:01:16,756 [DEBUG] core.argyll_runner: [argyll] Re-seeding
2026-09-07 08:01:16,756 [DEBUG] core.argyll_runner: [argyll] It 6: Maxmv = 0.070068, MinPoint = 8.412, Min = 7.939, Avg. = 12.100, Max = 15.619, 0.0 secs.
2026-09-07 08:01:16,756 [DEBUG] core.argyll_runner: [argyll] Re-seeding
2026-09-07 08:01:16,756 [DEBUG] core.argyll_runner: [argyll] It 7: Maxmv = 0.060615, MinPoint = 8.765, Min = 8.059, Avg. = 12.019, Max = 14.973, 0.0 secs.
2026-09-07 08:01:16,757 [DEBUG] core.argyll_runner: [argyll] Re-seeding
2026-09-07 08:01:16,757 [DEBUG] core.argyll_runner: [argyll] It 8: Maxmv = 0.058877, MinPoint = 8.765, Min = 8.059, Avg. = 12.001, Max = 14.872, 0.0 secs.
2026-09-07 08:01:16,757 [DEBUG] core.argyll_runner: [argyll] Re-seeding
2026-09-07 08:01:16,757 [DEBUG] core.argyll_runner: [argyll] It 9: Maxmv = 0.049567, MinPoint = 8.765, Min = 8.059, Avg. = 11.927, Max = 14.970, 0.0 secs.
2026-09-07 08:01:16,758 [DEBUG] core.argyll_runner: [argyll] Re-seeding
2026-09-07 08:01:16,758 [DEBUG] core.argyll_runner: [argyll] It 10: Maxmv = 0.047812, MinPoint = 8.765, Min = 8.059, Avg. = 11.908, Max = 14.572, 0.0 secs.
2026-09-07 08:01:16,758 [DEBUG] core.argyll_runner: [argyll] Re-seeding
2026-09-07 08:01:16,758 [DEBUG] core.argyll_runner: [argyll] It 11: Maxmv = 0.036432, MinPoint = 8.765, Min = 8.059, Avg. = 11.888, Max = 14.606, 0.0 secs.
2026-09-07 08:01:16,759 [DEBUG] core.argyll_runner: [argyll] Re-seeding
2026-09-07 08:01:16,759 [DEBUG] core.argyll_runner: [argyll] It 12: Maxmv = 0.031938, MinPoint = 8.765, Min = 8.059, Avg. = 11.860, Max = 14.151, 0.0 secs.
2026-09-07 08:01:16,759 [DEBUG] core.argyll_runner: [argyll] Re-seeding
2026-09-07 08:01:16,759 [DEBUG] core.argyll_runner: [argyll] It 13: Maxmv = 0.023457, MinPoint = 8.765, Min = 8.059, Avg. = 11.847, Max = 14.575, 0.0 secs.
2026-09-07 08:01:16,760 [DEBUG] core.argyll_runner: [argyll] Re-seeding
2026-09-07 08:01:16,760 [DEBUG] core.argyll_runner: [argyll] It 14: Maxmv = 0.020584, MinPoint = 8.765, Min = 8.059, Avg. = 11.836, Max = 14.476, 0.0 secs.
2026-09-07 08:01:16,760 [DEBUG] core.argyll_runner: [argyll] Re-seeding
2026-09-07 08:01:16,760 [DEBUG] core.argyll_runner: [argyll] It 15: Maxmv = 0.017864, MinPoint = 8.765, Min = 8.059, Avg. = 11.825, Max = 14.104, 0.0 secs.
2026-09-07 08:01:16,761 [DEBUG] core.argyll_runner: [argyll] Re-seeding
2026-09-07 08:01:16,761 [DEBUG] core.argyll_runner: [argyll] It 16: Maxmv = 0.011762, MinPoint = 8.765, Min = 8.059, Avg. = 11.822, Max = 14.189, 0.0 secs.
2026-09-07 08:01:16,761 [DEBUG] core.argyll_runner: [argyll] Re-seeding
2026-09-07 08:01:16,761 [DEBUG] core.argyll_runner: [argyll] It 17: Maxmv = 0.008903, MinPoint = 8.765, Min = 8.059, Avg. = 11.809, Max = 14.253, 0.0 secs.
2026-09-07 08:01:16,762 [DEBUG] core.argyll_runner: [argyll] Re-seeding
2026-09-07 08:01:16,762 [DEBUG] core.argyll_runner: [argyll] It 18: Maxmv = 0.005759, MinPoint = 8.765, Min = 8.059, Avg. = 11.807, Max = 14.185, 0.0 secs.
2026-09-07 08:01:16,762 [DEBUG] core.argyll_runner: [argyll] Re-seeding
2026-09-07 08:01:16,762 [DEBUG] core.argyll_runner: [argyll] It 19: Maxmv = 0.002061, MinPoint = 8.765, Min = 8.059, Avg. = 11.803, Max = 14.149, 0.0 secs.
2026-09-07 08:01:16,763 [DEBUG] core.argyll_runner: [argyll] Re-seeding
2026-09-07 08:01:16,763 [DEBUG] core.argyll_runner: [argyll] It 20: Maxmv = 0.001967, MinPoint = 8.765, Min = 8.059, Avg. = 11.802, Max = 14.117, 0.0 secs.
2026-09-07 08:01:16,763 [DEBUG] core.argyll_runner: [argyll] After optimization: MinPoint = 8.765, Min = 8.059, Avg. = 11.802, Max = 14.117
2026-09-07 08:01:16,764 [DEBUG] core.argyll_runner: [argyll] Total number of patches = 357
2026-09-07 08:01:16,764 [DEBUG] core.argyll_runner: [argyll] Execution time = 0.629691 seconds
2026-09-07 08:01:16,764 [INFO] core.argyll_runner: ArgyllRunner: finished with code 0
2026-09-07 08:01:17,136 [DEBUG] workflow.chart_creator: Wrote channel sidecar A2-Instruments.channels.json: ['r', 'g', 'b']
2026-09-07 08:01:17,293 [DEBUG] ui.tiff_preview: TiffPreview: loaded 1 page(s)
2026-09-07 08:01:17,293 [INFO] ui.tabs.tab_chart: Preview loaded: 1 TIFF(s)
2026-09-07 08:01:17,339 [DEBUG] ui.tiff_preview: TiffPreview: loaded 1 page(s)
2026-09-07 08:01:17,340 [DEBUG] ui.tiff_preview: TiffPreview: loaded 1 page(s)
2026-09-07 08:01:17,345 [DEBUG] ui.tabs.tab_chart: create-chart settings written for run1 (40 parameters + ui state)
2026-09-07 08:01:19,472 [INFO] assess:   shot Screenshots/A2-instruments/p3-noclip-A3-preview.png  (2232x1186)
2026-09-07 08:01:19,472 [INFO] assess: [p3-noclip-A3] ok=True 4.9s est_before={'total': 357, 'fillup': 0, 'page_patches': 357, 'rows': 21, 'cols': 17, 'pages': 1, 'patch': (16.41, 17.04), 'pitch': None} actual={'total': 357, 'fillup': 0, 'page_patches': 357, 'rows': 21, 'cols': 17, 'pages': 1, 'patch': (16.43, 17.02), 'pitch': None} status='' eng=['[ChromIQ layout engine] Drawing the pages. This part runs in one go and cannot be stopped, so the window will not respond until it is finished.', '[ChromIQ layout engine] 357 patches (21×17), 1 page, random start 197120483']
2026-09-07 08:01:19,472 [INFO] assess:   json Test Runs/logs/d02_matrix.json
2026-09-07 08:01:19,472 [INFO] assess:   armed: dialog ~'scanner' -> click 'OK' hex heads-up (hex modes only)
2026-09-07 08:01:19,473 [INFO] assess:   armed: dialog ~'quite fill' -> click 'OK' last page hint
2026-09-07 08:01:19,473 [INFO] assess:   armed: dialog ~'already' -> click 'Continue this project' S4.7 on 2nd+ build
2026-09-07 08:01:20,226 [DEBUG] core.settings: settings.set helper_markers_show = False
2026-09-07 08:01:20,226 [DEBUG] core.settings: settings.set helper_marker_edge_mm = 2.0
2026-09-07 08:01:20,226 [DEBUG] core.settings: settings.set helper_marker_len_mm = 2.0
2026-09-07 08:01:20,227 [DEBUG] core.settings: settings.set helper_marker_per_patch = 3
2026-09-07 08:01:20,227 [DEBUG] core.settings: settings.set helper_markers_top_bottom = True
2026-09-07 08:01:20,227 [DEBUG] core.settings: settings.set helper_markers_sides = True
2026-09-07 08:01:20,892 [INFO] ui.tabs.tab_chart: chart build (Generate Chart) in manual: patch set targen | manual panel: 420x297, 0x0 grid, margins T40.0 R9.0 B9.0 L28.0
2026-09-07 08:01:20,896 [DEBUG] core.settings: settings.set session_ti3_path = ''
2026-09-07 08:01:20,896 [DEBUG] core.settings: settings.set session_icc_path = ''
2026-09-07 08:01:20,896 [DEBUG] core.settings: settings.set session_cal_ti3_path = ''
2026-09-07 08:01:20,898 [DEBUG] core.file_manager: Target name set to: A2-Instruments (root /Users/Basti/ChromIQ-assessment/A2-Instruments)
2026-09-07 08:01:20,899 [INFO] core.file_manager: opened the EXISTING project at /Users/Basti/ChromIQ-assessment/A2-Instruments (1 run(s) on disk)
2026-09-07 08:01:20,950 [INFO] workflow.chart_creator: Chart generation: 299 patches, instrument=p3 paper=420x297 disable_lb=True
2026-09-07 08:01:20,950 [INFO] workflow.chart_creator: targen args: ['-v', '-d2', '-f299', '-e2', '-B2', '-G', '-g17', 'A2-Instruments']
2026-09-07 08:01:20,950 [INFO] core.argyll_runner: Run: /Applications/Argyll/bin/targen -v -d2 -f299 -e2 -B2 -G -g17 A2-Instruments  [cwd=/Users/Basti/ChromIQ-assessment/A2-Instruments/runs/run1]
2026-09-07 08:01:21,020 [DEBUG] core.argyll_runner: [argyll] iRGB test chart
2026-09-07 08:01:21,020 [DEBUG] core.argyll_runner: [argyll] White patches = 2
2026-09-07 08:01:21,020 [DEBUG] core.argyll_runner: [argyll] Black patches = 2
2026-09-07 08:01:21,020 [DEBUG] core.argyll_runner: [argyll] Composite Grey steps = 17
2026-09-07 08:01:21,020 [DEBUG] core.argyll_runner: [argyll] Full spread patches = 299
2026-09-07 08:01:21,021 [DEBUG] core.argyll_runner: [argyll] Degree of adaptation: 0.100
2026-09-07 08:01:21,021 [DEBUG] core.argyll_runner: [argyll] Adaptation weights: Device = 0.935, Perceptual = 0.065, Curvature = 0.010
2026-09-07 08:01:21,021 [DEBUG] core.argyll_runner: [argyll] Perceptual cache resolution = 7
2026-09-07 08:01:21,021 [DEBUG] core.argyll_runner: [argyll] Seeding cache...done
2026-09-07 08:01:21,021 [DEBUG] core.argyll_runner: [argyll] Acceleration grid res = 7
2026-09-07 08:01:21,021 [DEBUG] core.argyll_runner: [argyll] 
2026-09-07 08:01:21,022 [DEBUG] core.argyll_runner: [argyll] There are 17 unique fixed points to add (19 total fixed points)
2026-09-07 08:01:21,022 [DEBUG] core.argyll_runner: [argyll] There are 280 far spread points to add
2026-09-07 08:01:21,022 [DEBUG] core.argyll_runner: [argyll] 
2026-09-07 08:01:21,022 [DEBUG] core.argyll_runner: [argyll] Added 12/297
2026-09-07 08:01:21,022 [DEBUG] core.argyll_runner: [argyll] Added 23/297
2026-09-07 08:01:21,022 [DEBUG] core.argyll_runner: [argyll] Added 34/297
2026-09-07 08:01:21,023 [DEBUG] core.argyll_runner: [argyll] Added 45/297
2026-09-07 08:01:21,023 [DEBUG] core.argyll_runner: [argyll] Added 56/297
2026-09-07 08:01:21,024 [DEBUG] core.argyll_runner: [argyll] Added 67/297
2026-09-07 08:01:21,024 [DEBUG] core.argyll_runner: [argyll] Added 78/297
2026-09-07 08:01:21,025 [DEBUG] core.argyll_runner: [argyll] Added 89/297
2026-09-07 08:01:21,026 [DEBUG] core.argyll_runner: [argyll] Added 100/297
2026-09-07 08:01:21,047 [DEBUG] core.argyll_runner: [argyll] 
2026-09-07 08:01:21,048 [DEBUG] core.argyll_runner: [argyll] Added 111/297
2026-09-07 08:01:21,048 [DEBUG] core.argyll_runner: [argyll] Added 122/297
2026-09-07 08:01:21,048 [DEBUG] core.argyll_runner: [argyll] Added 133/297
2026-09-07 08:01:21,048 [DEBUG] core.argyll_runner: [argyll] Added 144/297
2026-09-07 08:01:21,049 [DEBUG] core.argyll_runner: [argyll] Added 155/297
2026-09-07 08:01:21,050 [DEBUG] core.argyll_runner: [argyll] Added 166/297
2026-09-07 08:01:21,050 [DEBUG] core.argyll_runner: [argyll] Added 177/297
2026-09-07 08:01:21,051 [DEBUG] core.argyll_runner: [argyll] Added 188/297
2026-09-07 08:01:21,052 [DEBUG] core.argyll_runner: [argyll] Added 199/297
2026-09-07 08:01:21,053 [DEBUG] core.argyll_runner: [argyll] Added 210/297
2026-09-07 08:01:21,055 [DEBUG] core.argyll_runner: [argyll] Added 221/297
2026-09-07 08:01:21,056 [DEBUG] core.argyll_runner: [argyll] Added 232/297
2026-09-07 08:01:21,057 [DEBUG] core.argyll_runner: [argyll] Added 243/297
2026-09-07 08:01:21,059 [DEBUG] core.argyll_runner: [argyll] Added 254/297
2026-09-07 08:01:21,061 [DEBUG] core.argyll_runner: [argyll] Added 265/297
2026-09-07 08:01:21,063 [DEBUG] core.argyll_runner: [argyll] Added 276/297
2026-09-07 08:01:21,065 [DEBUG] core.argyll_runner: [argyll] Added 287/297
2026-09-07 08:01:21,067 [DEBUG] core.argyll_runner: [argyll] Added 297/297
2026-09-07 08:01:21,521 [DEBUG] core.argyll_runner: [argyll] 
2026-09-07 08:01:21,522 [DEBUG] core.argyll_runner: [argyll] After seeding points: MinPoint = 5.207, Min = 3.996, Avg. = 13.262, Max = 17.493, 0.0 secs
2026-09-07 08:01:21,522 [DEBUG] core.argyll_runner: [argyll] Re-seeding
2026-09-07 08:01:21,522 [DEBUG] core.argyll_runner: [argyll] It 1: Maxmv = 0.128648, MinPoint = 4.897, Min = 7.510, Avg. = 13.212, Max = 17.046, 0.0 secs.
2026-09-07 08:01:21,522 [DEBUG] core.argyll_runner: [argyll] Re-seeding
2026-09-07 08:01:21,523 [DEBUG] core.argyll_runner: [argyll] It 2: Maxmv = 0.112188, MinPoint = 6.958, Min = 7.819, Avg. = 13.190, Max = 17.397, 0.0 secs.
2026-09-07 08:01:21,523 [DEBUG] core.argyll_runner: [argyll] Re-seeding
2026-09-07 08:01:21,523 [DEBUG] core.argyll_runner: [argyll] It 3: Maxmv = 0.105358, MinPoint = 8.443, Min = 8.109, Avg. = 13.100, Max = 17.105, 0.0 secs.
2026-09-07 08:01:21,523 [DEBUG] core.argyll_runner: [argyll] Re-seeding
2026-09-07 08:01:21,524 [DEBUG] core.argyll_runner: [argyll] It 4: Maxmv = 0.088926, MinPoint = 6.194, Min = 7.125, Avg. = 13.061, Max = 17.282, 0.0 secs.
2026-09-07 08:01:21,524 [DEBUG] core.argyll_runner: [argyll] Re-seeding
2026-09-07 08:01:21,524 [DEBUG] core.argyll_runner: [argyll] It 5: Maxmv = 0.100532, MinPoint = 9.565, Min = 8.211, Avg. = 12.921, Max = 16.914, 0.0 secs.
2026-09-07 08:01:21,524 [DEBUG] core.argyll_runner: [argyll] Re-seeding
2026-09-07 08:01:21,525 [DEBUG] core.argyll_runner: [argyll] It 6: Maxmv = 0.073937, MinPoint = 8.017, Min = 8.173, Avg. = 12.867, Max = 16.444, 0.0 secs.
2026-09-07 08:01:21,525 [DEBUG] core.argyll_runner: [argyll] Re-seeding
2026-09-07 08:01:21,525 [DEBUG] core.argyll_runner: [argyll] It 7: Maxmv = 0.059232, MinPoint = 9.407, Min = 8.776, Avg. = 12.794, Max = 16.158, 0.0 secs.
2026-09-07 08:01:21,526 [DEBUG] core.argyll_runner: [argyll] Re-seeding
2026-09-07 08:01:21,526 [DEBUG] core.argyll_runner: [argyll] It 8: Maxmv = 0.057280, MinPoint = 9.233, Min = 7.965, Avg. = 12.790, Max = 16.218, 0.0 secs.
2026-09-07 08:01:21,526 [DEBUG] core.argyll_runner: [argyll] Re-seeding
2026-09-07 08:01:21,526 [DEBUG] core.argyll_runner: [argyll] It 9: Maxmv = 0.051813, MinPoint = 9.150, Min = 9.022, Avg. = 12.739, Max = 15.350, 0.0 secs.
2026-09-07 08:01:21,527 [DEBUG] core.argyll_runner: [argyll] Re-seeding
2026-09-07 08:01:21,527 [DEBUG] core.argyll_runner: [argyll] It 10: Maxmv = 0.042415, MinPoint = 10.429, Min = 8.373, Avg. = 12.738, Max = 16.974, 0.0 secs.
2026-09-07 08:01:21,527 [DEBUG] core.argyll_runner: [argyll] Re-seeding
2026-09-07 08:01:21,527 [DEBUG] core.argyll_runner: [argyll] It 11: Maxmv = 0.042810, MinPoint = 10.429, Min = 8.108, Avg. = 12.701, Max = 15.798, 0.0 secs.
2026-09-07 08:01:21,528 [DEBUG] core.argyll_runner: [argyll] Re-seeding
2026-09-07 08:01:21,528 [DEBUG] core.argyll_runner: [argyll] It 12: Maxmv = 0.028053, MinPoint = 10.429, Min = 8.039, Avg. = 12.717, Max = 16.765, 0.0 secs.
2026-09-07 08:01:21,528 [DEBUG] core.argyll_runner: [argyll] Re-seeding
2026-09-07 08:01:21,528 [DEBUG] core.argyll_runner: [argyll] It 13: Maxmv = 0.028666, MinPoint = 10.429, Min = 7.955, Avg. = 12.695, Max = 15.667, 0.0 secs.
2026-09-07 08:01:21,529 [DEBUG] core.argyll_runner: [argyll] Re-seeding
2026-09-07 08:01:21,529 [DEBUG] core.argyll_runner: [argyll] It 14: Maxmv = 0.020085, MinPoint = 10.429, Min = 8.132, Avg. = 12.683, Max = 15.473, 0.0 secs.
2026-09-07 08:01:21,529 [DEBUG] core.argyll_runner: [argyll] Re-seeding
2026-09-07 08:01:21,529 [DEBUG] core.argyll_runner: [argyll] It 15: Maxmv = 0.017972, MinPoint = 10.429, Min = 8.078, Avg. = 12.675, Max = 15.071, 0.0 secs.
2026-09-07 08:01:21,530 [DEBUG] core.argyll_runner: [argyll] Re-seeding
2026-09-07 08:01:21,530 [DEBUG] core.argyll_runner: [argyll] It 16: Maxmv = 0.015043, MinPoint = 10.429, Min = 8.398, Avg. = 12.676, Max = 14.904, 0.0 secs.
2026-09-07 08:01:21,530 [DEBUG] core.argyll_runner: [argyll] Re-seeding
2026-09-07 08:01:21,530 [DEBUG] core.argyll_runner: [argyll] It 17: Maxmv = 0.009254, MinPoint = 10.429, Min = 8.364, Avg. = 12.671, Max = 15.052, 0.0 secs.
2026-09-07 08:01:21,531 [DEBUG] core.argyll_runner: [argyll] Re-seeding
2026-09-07 08:01:21,531 [DEBUG] core.argyll_runner: [argyll] It 18: Maxmv = 0.005644, MinPoint = 10.429, Min = 8.403, Avg. = 12.671, Max = 15.086, 0.0 secs.
2026-09-07 08:01:21,531 [DEBUG] core.argyll_runner: [argyll] Re-seeding
2026-09-07 08:01:21,531 [DEBUG] core.argyll_runner: [argyll] It 19: Maxmv = 0.002456, MinPoint = 10.429, Min = 8.482, Avg. = 12.673, Max = 15.084, 0.0 secs.
2026-09-07 08:01:21,532 [DEBUG] core.argyll_runner: [argyll] Re-seeding
2026-09-07 08:01:21,532 [DEBUG] core.argyll_runner: [argyll] It 20: Maxmv = 0.001876, MinPoint = 10.429, Min = 8.501, Avg. = 12.675, Max = 15.064, 0.0 secs.
2026-09-07 08:01:21,532 [DEBUG] core.argyll_runner: [argyll] After optimization: MinPoint = 10.429, Min = 8.501, Avg. = 12.675, Max = 15.064
2026-09-07 08:01:21,533 [DEBUG] core.argyll_runner: [argyll] Total number of patches = 299
2026-09-07 08:01:21,533 [DEBUG] core.argyll_runner: [argyll] Execution time = 0.499504 seconds
2026-09-07 08:01:21,533 [INFO] core.argyll_runner: ArgyllRunner: finished with code 0
2026-09-07 08:01:21,991 [DEBUG] workflow.chart_creator: Wrote channel sidecar A2-Instruments.channels.json: ['r', 'g', 'b']
2026-09-07 08:01:22,146 [DEBUG] ui.tiff_preview: TiffPreview: loaded 1 page(s)
2026-09-07 08:01:22,146 [INFO] ui.tabs.tab_chart: Preview loaded: 1 TIFF(s)
2026-09-07 08:01:22,190 [DEBUG] ui.tiff_preview: TiffPreview: loaded 1 page(s)
2026-09-07 08:01:22,192 [DEBUG] ui.tiff_preview: TiffPreview: loaded 1 page(s)
2026-09-07 08:01:22,196 [DEBUG] ui.tabs.tab_chart: create-chart settings written for run1 (40 parameters + ui state)
2026-09-07 08:01:24,335 [INFO] assess:   shot Screenshots/A2-instruments/p3-noclip-420x297-preview.png  (2232x1186)
2026-09-07 08:01:24,335 [INFO] assess: [p3-noclip-420x297] ok=True 4.9s est_before={'total': 299, 'fillup': 0, 'page_patches': 299, 'rows': 13, 'cols': 23, 'pages': 1, 'patch': (16.65, 16.92), 'pitch': None} actual={'total': 299, 'fillup': 0, 'page_patches': 299, 'rows': 13, 'cols': 23, 'pages': 1, 'patch': (16.59, 16.93), 'pitch': None} status='' eng=['[ChromIQ layout engine] Drawing the pages. This part runs in one go and cannot be stopped, so the window will not respond until it is finished.', '[ChromIQ layout engine] 299 patches (13×23), 1 page, random start 527475285']
2026-09-07 08:01:24,336 [INFO] assess:   json Test Runs/logs/d02_matrix.json
2026-09-07 08:01:24,336 [INFO] assess:   armed: dialog ~'scanner' -> click 'OK' hex heads-up (hex modes only)
2026-09-07 08:01:24,336 [INFO] assess:   armed: dialog ~'quite fill' -> click 'OK' last page hint
2026-09-07 08:01:24,336 [INFO] assess:   armed: dialog ~'already' -> click 'Continue this project' S4.7 on 2nd+ build
2026-09-07 08:01:25,098 [DEBUG] core.settings: settings.set helper_markers_show = False
2026-09-07 08:01:25,098 [DEBUG] core.settings: settings.set helper_marker_edge_mm = 2.0
2026-09-07 08:01:25,098 [DEBUG] core.settings: settings.set helper_marker_len_mm = 2.0
2026-09-07 08:01:25,098 [DEBUG] core.settings: settings.set helper_marker_per_patch = 3
2026-09-07 08:01:25,098 [DEBUG] core.settings: settings.set helper_markers_top_bottom = True
2026-09-07 08:01:25,098 [DEBUG] core.settings: settings.set helper_markers_sides = True
2026-09-07 08:01:26,016 [INFO] ui.tabs.tab_chart: chart build (Generate Chart) in manual: patch set targen | manual panel: 200x200, 0x0 grid, margins T6.0 R6.0 B6.0 L26.0
2026-09-07 08:01:26,020 [DEBUG] core.settings: settings.set session_ti3_path = ''
2026-09-07 08:01:26,020 [DEBUG] core.settings: settings.set session_icc_path = ''
2026-09-07 08:01:26,020 [DEBUG] core.settings: settings.set session_cal_ti3_path = ''
2026-09-07 08:01:26,022 [DEBUG] core.file_manager: Target name set to: A2-Instruments (root /Users/Basti/ChromIQ-assessment/A2-Instruments)
2026-09-07 08:01:26,023 [INFO] core.file_manager: opened the EXISTING project at /Users/Basti/ChromIQ-assessment/A2-Instruments (1 run(s) on disk)
2026-09-07 08:01:26,074 [INFO] workflow.chart_creator: Chart generation: 90 patches, instrument=p3 paper=200x200 disable_lb=True
2026-09-07 08:01:26,074 [INFO] workflow.chart_creator: targen args: ['-v', '-d2', '-f90', '-e2', '-B2', '-G', '-g8', 'A2-Instruments']
2026-09-07 08:01:26,074 [INFO] core.argyll_runner: Run: /Applications/Argyll/bin/targen -v -d2 -f90 -e2 -B2 -G -g8 A2-Instruments  [cwd=/Users/Basti/ChromIQ-assessment/A2-Instruments/runs/run1]
2026-09-07 08:01:26,148 [DEBUG] core.argyll_runner: [argyll] iRGB test chart
2026-09-07 08:01:26,148 [DEBUG] core.argyll_runner: [argyll] White patches = 2
2026-09-07 08:01:26,148 [DEBUG] core.argyll_runner: [argyll] Black patches = 2
2026-09-07 08:01:26,148 [DEBUG] core.argyll_runner: [argyll] Composite Grey steps = 8
2026-09-07 08:01:26,148 [DEBUG] core.argyll_runner: [argyll] Full spread patches = 90
2026-09-07 08:01:26,149 [DEBUG] core.argyll_runner: [argyll] Degree of adaptation: 0.100
2026-09-07 08:01:26,149 [DEBUG] core.argyll_runner: [argyll] Adaptation weights: Device = 0.935, Perceptual = 0.065, Curvature = 0.010
2026-09-07 08:01:26,149 [DEBUG] core.argyll_runner: [argyll] Perceptual cache resolution = 7
2026-09-07 08:01:26,149 [DEBUG] core.argyll_runner: [argyll] Seeding cache...done
2026-09-07 08:01:26,149 [DEBUG] core.argyll_runner: [argyll] Acceleration grid res = 5
2026-09-07 08:01:26,150 [DEBUG] core.argyll_runner: [argyll] 
2026-09-07 08:01:26,150 [DEBUG] core.argyll_runner: [argyll] There are 8 unique fixed points to add (10 total fixed points)
2026-09-07 08:01:26,150 [DEBUG] core.argyll_runner: [argyll] There are 80 far spread points to add
2026-09-07 08:01:26,150 [DEBUG] core.argyll_runner: [argyll] 
2026-09-07 08:01:26,150 [DEBUG] core.argyll_runner: [argyll] Added 12/88
2026-09-07 08:01:26,150 [DEBUG] core.argyll_runner: [argyll] Added 23/88
2026-09-07 08:01:26,150 [DEBUG] core.argyll_runner: [argyll] Added 34/88
2026-09-07 08:01:26,151 [DEBUG] core.argyll_runner: [argyll] Added 45/88
2026-09-07 08:01:26,151 [DEBUG] core.argyll_runner: [argyll] Added 56/88
2026-09-07 08:01:26,152 [DEBUG] core.argyll_runner: [argyll] Added 67/88
2026-09-07 08:01:26,153 [DEBUG] core.argyll_runner: [argyll] Added 78/88
2026-09-07 08:01:26,154 [DEBUG] core.argyll_runner: [argyll] Added 88/88
2026-09-07 08:01:26,277 [DEBUG] core.argyll_runner: [argyll] 
2026-09-07 08:01:26,278 [DEBUG] core.argyll_runner: [argyll] After seeding points: MinPoint = 10.532, Min = 6.897, Avg. = 20.338, Max = 25.924, 0.0 secs
2026-09-07 08:01:26,278 [DEBUG] core.argyll_runner: [argyll] Re-seeding
2026-09-07 08:01:26,278 [DEBUG] core.argyll_runner: [argyll] It 1: Maxmv = 0.177127, MinPoint = 13.978, Min = 13.406, Avg. = 20.407, Max = 27.897, 0.0 secs.
2026-09-07 08:01:26,278 [DEBUG] core.argyll_runner: [argyll] Re-seeding
2026-09-07 08:01:26,279 [DEBUG] core.argyll_runner: [argyll] It 2: Maxmv = 0.131079, MinPoint = 7.264, Min = 12.528, Avg. = 20.431, Max = 26.348, 0.0 secs.
2026-09-07 08:01:26,279 [DEBUG] core.argyll_runner: [argyll] Re-seeding
2026-09-07 08:01:26,279 [DEBUG] core.argyll_runner: [argyll] It 3: Maxmv = 0.155229, MinPoint = 11.427, Min = 13.020, Avg. = 20.203, Max = 26.772, 0.0 secs.
2026-09-07 08:01:26,280 [DEBUG] core.argyll_runner: [argyll] Re-seeding
2026-09-07 08:01:26,280 [DEBUG] core.argyll_runner: [argyll] It 4: Maxmv = 0.135504, MinPoint = 12.867, Min = 13.748, Avg. = 20.093, Max = 25.187, 0.0 secs.
2026-09-07 08:01:26,280 [DEBUG] core.argyll_runner: [argyll] Re-seeding
2026-09-07 08:01:26,280 [DEBUG] core.argyll_runner: [argyll] It 5: Maxmv = 0.101657, MinPoint = 17.592, Min = 15.207, Avg. = 20.055, Max = 27.360, 0.0 secs.
2026-09-07 08:01:26,281 [DEBUG] core.argyll_runner: [argyll] Re-seeding
2026-09-07 08:01:26,281 [DEBUG] core.argyll_runner: [argyll] It 6: Maxmv = 0.090897, MinPoint = 16.401, Min = 15.052, Avg. = 20.042, Max = 25.864, 0.0 secs.
2026-09-07 08:01:26,281 [DEBUG] core.argyll_runner: [argyll] Re-seeding
2026-09-07 08:01:26,281 [DEBUG] core.argyll_runner: [argyll] It 7: Maxmv = 0.086729, MinPoint = 18.082, Min = 14.136, Avg. = 19.910, Max = 25.903, 0.0 secs.
2026-09-07 08:01:26,282 [DEBUG] core.argyll_runner: [argyll] Re-seeding
2026-09-07 08:01:26,282 [DEBUG] core.argyll_runner: [argyll] It 8: Maxmv = 0.082363, MinPoint = 18.035, Min = 15.396, Avg. = 19.832, Max = 26.364, 0.0 secs.
2026-09-07 08:01:26,282 [DEBUG] core.argyll_runner: [argyll] Re-seeding
2026-09-07 08:01:26,282 [DEBUG] core.argyll_runner: [argyll] It 9: Maxmv = 0.066125, MinPoint = 18.037, Min = 14.386, Avg. = 19.803, Max = 25.921, 0.0 secs.
2026-09-07 08:01:26,283 [DEBUG] core.argyll_runner: [argyll] Re-seeding
2026-09-07 08:01:26,283 [DEBUG] core.argyll_runner: [argyll] It 10: Maxmv = 0.079870, MinPoint = 18.118, Min = 14.048, Avg. = 19.690, Max = 25.845, 0.0 secs.
2026-09-07 08:01:26,283 [DEBUG] core.argyll_runner: [argyll] Re-seeding
2026-09-07 08:01:26,283 [DEBUG] core.argyll_runner: [argyll] It 11: Maxmv = 0.058405, MinPoint = 19.742, Min = 15.309, Avg. = 19.732, Max = 25.786, 0.0 secs.
2026-09-07 08:01:26,284 [DEBUG] core.argyll_runner: [argyll] Re-seeding
2026-09-07 08:01:26,284 [DEBUG] core.argyll_runner: [argyll] It 12: Maxmv = 0.050850, MinPoint = 18.813, Min = 14.552, Avg. = 19.657, Max = 25.979, 0.0 secs.
2026-09-07 08:01:26,284 [DEBUG] core.argyll_runner: [argyll] Re-seeding
2026-09-07 08:01:26,285 [DEBUG] core.argyll_runner: [argyll] It 13: Maxmv = 0.040429, MinPoint = 19.946, Min = 14.106, Avg. = 19.663, Max = 25.878, 0.0 secs.
2026-09-07 08:01:26,285 [DEBUG] core.argyll_runner: [argyll] Re-seeding
2026-09-07 08:01:26,285 [DEBUG] core.argyll_runner: [argyll] It 14: Maxmv = 0.036860, MinPoint = 20.194, Min = 15.117, Avg. = 19.604, Max = 26.009, 0.0 secs.
2026-09-07 08:01:26,285 [DEBUG] core.argyll_runner: [argyll] Re-seeding
2026-09-07 08:01:26,286 [DEBUG] core.argyll_runner: [argyll] It 15: Maxmv = 0.027429, MinPoint = 18.935, Min = 15.147, Avg. = 19.632, Max = 25.550, 0.0 secs.
2026-09-07 08:01:26,286 [DEBUG] core.argyll_runner: [argyll] Re-seeding
2026-09-07 08:01:26,286 [DEBUG] core.argyll_runner: [argyll] It 16: Maxmv = 0.020001, MinPoint = 20.746, Min = 15.092, Avg. = 19.632, Max = 25.534, 0.0 secs.
2026-09-07 08:01:26,286 [DEBUG] core.argyll_runner: [argyll] Re-seeding
2026-09-07 08:01:26,287 [DEBUG] core.argyll_runner: [argyll] It 17: Maxmv = 0.019012, MinPoint = 20.060, Min = 15.036, Avg. = 19.614, Max = 25.072, 0.0 secs.
2026-09-07 08:01:26,287 [DEBUG] core.argyll_runner: [argyll] Re-seeding
2026-09-07 08:01:26,287 [DEBUG] core.argyll_runner: [argyll] It 18: Maxmv = 0.011053, MinPoint = 20.660, Min = 15.014, Avg. = 19.634, Max = 25.459, 0.0 secs.
2026-09-07 08:01:26,287 [DEBUG] core.argyll_runner: [argyll] Re-seeding
2026-09-07 08:01:26,288 [DEBUG] core.argyll_runner: [argyll] It 19: Maxmv = 0.004369, MinPoint = 20.531, Min = 14.999, Avg. = 19.640, Max = 25.503, 0.0 secs.
2026-09-07 08:01:26,288 [DEBUG] core.argyll_runner: [argyll] Re-seeding
2026-09-07 08:01:26,288 [DEBUG] core.argyll_runner: [argyll] It 20: Maxmv = 0.003276, MinPoint = 20.755, Min = 14.986, Avg. = 19.637, Max = 25.590, 0.0 secs.
2026-09-07 08:01:26,289 [DEBUG] core.argyll_runner: [argyll] After optimization: MinPoint = 20.755, Min = 14.986, Avg. = 19.637, Max = 25.590
2026-09-07 08:01:26,289 [DEBUG] core.argyll_runner: [argyll] Total number of patches = 90
2026-09-07 08:01:26,289 [DEBUG] core.argyll_runner: [argyll] Execution time = 0.129095 seconds
2026-09-07 08:01:26,289 [INFO] core.argyll_runner: ArgyllRunner: finished with code 0
2026-09-07 08:01:26,491 [DEBUG] workflow.chart_creator: Wrote channel sidecar A2-Instruments.channels.json: ['r', 'g', 'b']
2026-09-07 08:01:26,548 [DEBUG] ui.tiff_preview: TiffPreview: loaded 1 page(s)
2026-09-07 08:01:26,548 [INFO] ui.tabs.tab_chart: Preview loaded: 1 TIFF(s)
2026-09-07 08:01:26,590 [DEBUG] ui.tiff_preview: TiffPreview: loaded 1 page(s)
2026-09-07 08:01:26,591 [DEBUG] ui.tiff_preview: TiffPreview: loaded 1 page(s)
2026-09-07 08:01:26,594 [DEBUG] ui.tabs.tab_chart: create-chart settings written for run1 (40 parameters + ui state)
2026-09-07 08:01:28,360 [INFO] assess:   shot Screenshots/A2-instruments/p3-noclip-custom_200x200-preview.png  (2232x1186)
2026-09-07 08:01:28,360 [INFO] assess: [p3-noclip-custom_200x200] ok=True 4.0s est_before={'total': 90, 'fillup': 0, 'page_patches': 90, 'rows': 9, 'cols': 10, 'pages': 1, 'patch': (16.79, 18.66), 'pitch': None} actual={'total': 90, 'fillup': 0, 'page_patches': 90, 'rows': 9, 'cols': 10, 'pages': 1, 'patch': (16.76, 18.71), 'pitch': None} status='' eng=['[ChromIQ layout engine] Drawing the pages. This part runs in one go and cannot be stopped, so the window will not respond until it is finished.', '[ChromIQ layout engine] 90 patches (9×10), 1 page, random start 1687715768']
2026-09-07 08:01:28,362 [INFO] assess:   json Test Runs/logs/d02_matrix.json
2026-09-07 08:01:28,362 [INFO] assess:   armed: dialog ~'scanner' -> click 'OK' hex heads-up (hex modes only)
2026-09-07 08:01:28,362 [INFO] assess:   armed: dialog ~'quite fill' -> click 'OK' last page hint
2026-09-07 08:01:28,362 [INFO] assess:   armed: dialog ~'already' -> click 'Continue this project' S4.7 on 2nd+ build
2026-09-07 08:01:28,405 [DEBUG] core.settings: settings.set helper_markers_show = False
2026-09-07 08:01:28,405 [DEBUG] core.settings: settings.set helper_marker_edge_mm = 2.0
2026-09-07 08:01:28,405 [DEBUG] core.settings: settings.set helper_marker_len_mm = 2.0
2026-09-07 08:01:28,405 [DEBUG] core.settings: settings.set helper_marker_per_patch = 3
2026-09-07 08:01:28,405 [DEBUG] core.settings: settings.set helper_markers_top_bottom = True
2026-09-07 08:01:28,405 [DEBUG] core.settings: settings.set helper_markers_sides = True
2026-09-07 08:01:29,207 [DEBUG] core.settings: settings.set helper_markers_show = False
2026-09-07 08:01:29,207 [DEBUG] core.settings: settings.set helper_marker_edge_mm = 2.0
2026-09-07 08:01:29,207 [DEBUG] core.settings: settings.set helper_marker_len_mm = 2.0
2026-09-07 08:01:29,207 [DEBUG] core.settings: settings.set helper_marker_per_patch = 3
2026-09-07 08:01:29,207 [DEBUG] core.settings: settings.set helper_markers_top_bottom = True
2026-09-07 08:01:29,207 [DEBUG] core.settings: settings.set helper_markers_sides = True
2026-09-07 08:01:29,869 [INFO] ui.tabs.tab_chart: chart build (Generate Chart) in manual: patch set targen | manual panel: A4, 0x0 grid, margins T33.0 R6.0 B10.0 L6.0
2026-09-07 08:01:29,872 [DEBUG] core.settings: settings.set session_ti3_path = ''
2026-09-07 08:01:29,873 [DEBUG] core.settings: settings.set session_icc_path = ''
2026-09-07 08:01:29,873 [DEBUG] core.settings: settings.set session_cal_ti3_path = ''
2026-09-07 08:01:29,874 [DEBUG] core.file_manager: Target name set to: A2-Instruments (root /Users/Basti/ChromIQ-assessment/A2-Instruments)
2026-09-07 08:01:29,874 [INFO] core.file_manager: opened the EXISTING project at /Users/Basti/ChromIQ-assessment/A2-Instruments (1 run(s) on disk)
2026-09-07 08:01:29,919 [INFO] workflow.chart_creator: Chart generation: 56 patches, instrument=CM paper=A4 disable_lb=True
2026-09-07 08:01:29,919 [INFO] workflow.chart_creator: targen args: ['-v', '-d2', '-f56', '-e2', '-B2', '-G', '-g8', 'A2-Instruments']
2026-09-07 08:01:29,919 [INFO] core.argyll_runner: Run: /Applications/Argyll/bin/targen -v -d2 -f56 -e2 -B2 -G -g8 A2-Instruments  [cwd=/Users/Basti/ChromIQ-assessment/A2-Instruments/runs/run1]
2026-09-07 08:01:29,992 [DEBUG] core.argyll_runner: [argyll] iRGB test chart
2026-09-07 08:01:29,993 [DEBUG] core.argyll_runner: [argyll] White patches = 2
2026-09-07 08:01:29,993 [DEBUG] core.argyll_runner: [argyll] Black patches = 2
2026-09-07 08:01:29,993 [DEBUG] core.argyll_runner: [argyll] Composite Grey steps = 8
2026-09-07 08:01:29,993 [DEBUG] core.argyll_runner: [argyll] Full spread patches = 56
2026-09-07 08:01:29,993 [DEBUG] core.argyll_runner: [argyll] Degree of adaptation: 0.100
2026-09-07 08:01:29,993 [DEBUG] core.argyll_runner: [argyll] Adaptation weights: Device = 0.935, Perceptual = 0.065, Curvature = 0.010
2026-09-07 08:01:29,994 [DEBUG] core.argyll_runner: [argyll] Perceptual cache resolution = 7
2026-09-07 08:01:29,994 [DEBUG] core.argyll_runner: [argyll] Seeding cache...done
2026-09-07 08:01:29,994 [DEBUG] core.argyll_runner: [argyll] Acceleration grid res = 4
2026-09-07 08:01:29,994 [DEBUG] core.argyll_runner: [argyll] 
2026-09-07 08:01:29,994 [DEBUG] core.argyll_runner: [argyll] There are 8 unique fixed points to add (10 total fixed points)
2026-09-07 08:01:29,994 [DEBUG] core.argyll_runner: [argyll] There are 46 far spread points to add
2026-09-07 08:01:29,994 [DEBUG] core.argyll_runner: [argyll] 
2026-09-07 08:01:29,995 [DEBUG] core.argyll_runner: [argyll] Added 12/54
2026-09-07 08:01:29,995 [DEBUG] core.argyll_runner: [argyll] Added 23/54
2026-09-07 08:01:29,995 [DEBUG] core.argyll_runner: [argyll] Added 34/54
2026-09-07 08:01:29,995 [DEBUG] core.argyll_runner: [argyll] Added 45/54
2026-09-07 08:01:29,996 [DEBUG] core.argyll_runner: [argyll] Added 54/54
2026-09-07 08:01:30,047 [DEBUG] core.argyll_runner: [argyll] 
2026-09-07 08:01:30,047 [DEBUG] core.argyll_runner: [argyll] After seeding points: MinPoint = 18.916, Min = 10.750, Avg. = 24.523, Max = 34.137, 0.0 secs
2026-09-07 08:01:30,048 [DEBUG] core.argyll_runner: [argyll] Re-seeding
2026-09-07 08:01:30,048 [DEBUG] core.argyll_runner: [argyll] It 1: Maxmv = 0.207551, MinPoint = 15.709, Min = 13.620, Avg. = 24.784, Max = 34.363, 0.0 secs.
2026-09-07 08:01:30,048 [DEBUG] core.argyll_runner: [argyll] Re-seeding
2026-09-07 08:01:30,048 [DEBUG] core.argyll_runner: [argyll] It 2: Maxmv = 0.194274, MinPoint = 17.045, Min = 13.601, Avg. = 24.673, Max = 34.167, 0.0 secs.
2026-09-07 08:01:30,049 [DEBUG] core.argyll_runner: [argyll] Re-seeding
2026-09-07 08:01:30,049 [DEBUG] core.argyll_runner: [argyll] It 3: Maxmv = 0.144761, MinPoint = 20.927, Min = 17.727, Avg. = 24.715, Max = 34.796, 0.0 secs.
2026-09-07 08:01:30,049 [DEBUG] core.argyll_runner: [argyll] Re-seeding
2026-09-07 08:01:30,049 [DEBUG] core.argyll_runner: [argyll] It 4: Maxmv = 0.139959, MinPoint = 18.653, Min = 15.840, Avg. = 24.614, Max = 34.081, 0.0 secs.
2026-09-07 08:01:30,050 [DEBUG] core.argyll_runner: [argyll] Re-seeding
2026-09-07 08:01:30,050 [DEBUG] core.argyll_runner: [argyll] It 5: Maxmv = 0.136130, MinPoint = 19.641, Min = 17.598, Avg. = 24.594, Max = 32.490, 0.0 secs.
2026-09-07 08:01:30,050 [DEBUG] core.argyll_runner: [argyll] Re-seeding
2026-09-07 08:01:30,050 [DEBUG] core.argyll_runner: [argyll] It 6: Maxmv = 0.131254, MinPoint = 15.942, Min = 14.822, Avg. = 24.418, Max = 32.292, 0.0 secs.
2026-09-07 08:01:30,051 [DEBUG] core.argyll_runner: [argyll] Re-seeding
2026-09-07 08:01:30,051 [DEBUG] core.argyll_runner: [argyll] It 7: Maxmv = 0.123060, MinPoint = 20.991, Min = 17.428, Avg. = 24.309, Max = 30.791, 0.0 secs.
2026-09-07 08:01:30,051 [DEBUG] core.argyll_runner: [argyll] Re-seeding
2026-09-07 08:01:30,051 [DEBUG] core.argyll_runner: [argyll] It 8: Maxmv = 0.098237, MinPoint = 20.348, Min = 18.900, Avg. = 24.425, Max = 30.961, 0.0 secs.
2026-09-07 08:01:30,051 [DEBUG] core.argyll_runner: [argyll] Re-seeding
2026-09-07 08:01:30,052 [DEBUG] core.argyll_runner: [argyll] It 9: Maxmv = 0.085966, MinPoint = 23.839, Min = 17.678, Avg. = 24.157, Max = 30.250, 0.0 secs.
2026-09-07 08:01:30,052 [DEBUG] core.argyll_runner: [argyll] Re-seeding
2026-09-07 08:01:30,052 [DEBUG] core.argyll_runner: [argyll] It 10: Maxmv = 0.081586, MinPoint = 22.178, Min = 17.204, Avg. = 24.154, Max = 31.048, 0.0 secs.
2026-09-07 08:01:30,052 [DEBUG] core.argyll_runner: [argyll] Re-seeding
2026-09-07 08:01:30,053 [DEBUG] core.argyll_runner: [argyll] It 11: Maxmv = 0.076550, MinPoint = 22.488, Min = 18.146, Avg. = 24.039, Max = 29.486, 0.0 secs.
2026-09-07 08:01:30,053 [DEBUG] core.argyll_runner: [argyll] Re-seeding
2026-09-07 08:01:30,053 [DEBUG] core.argyll_runner: [argyll] It 12: Maxmv = 0.064274, MinPoint = 21.036, Min = 18.997, Avg. = 24.121, Max = 29.248, 0.0 secs.
2026-09-07 08:01:30,053 [DEBUG] core.argyll_runner: [argyll] Re-seeding
2026-09-07 08:01:30,054 [DEBUG] core.argyll_runner: [argyll] It 13: Maxmv = 0.044288, MinPoint = 21.836, Min = 19.435, Avg. = 23.970, Max = 28.779, 0.0 secs.
2026-09-07 08:01:30,054 [DEBUG] core.argyll_runner: [argyll] Re-seeding
2026-09-07 08:01:30,054 [DEBUG] core.argyll_runner: [argyll] It 14: Maxmv = 0.047616, MinPoint = 23.839, Min = 18.853, Avg. = 24.084, Max = 30.037, 0.0 secs.
2026-09-07 08:01:30,054 [DEBUG] core.argyll_runner: [argyll] Re-seeding
2026-09-07 08:01:30,054 [DEBUG] core.argyll_runner: [argyll] It 15: Maxmv = 0.043826, MinPoint = 23.839, Min = 18.809, Avg. = 23.999, Max = 28.663, 0.0 secs.
2026-09-07 08:01:30,055 [DEBUG] core.argyll_runner: [argyll] Re-seeding
2026-09-07 08:01:30,055 [DEBUG] core.argyll_runner: [argyll] It 16: Maxmv = 0.030749, MinPoint = 23.839, Min = 19.307, Avg. = 23.997, Max = 29.501, 0.0 secs.
2026-09-07 08:01:30,055 [DEBUG] core.argyll_runner: [argyll] Re-seeding
2026-09-07 08:01:30,055 [DEBUG] core.argyll_runner: [argyll] It 17: Maxmv = 0.023241, MinPoint = 23.839, Min = 19.050, Avg. = 23.984, Max = 28.720, 0.0 secs.
2026-09-07 08:01:30,056 [DEBUG] core.argyll_runner: [argyll] Re-seeding
2026-09-07 08:01:30,056 [DEBUG] core.argyll_runner: [argyll] It 18: Maxmv = 0.013750, MinPoint = 23.839, Min = 19.175, Avg. = 23.987, Max = 29.099, 0.0 secs.
2026-09-07 08:01:30,056 [DEBUG] core.argyll_runner: [argyll] Re-seeding
2026-09-07 08:01:30,056 [DEBUG] core.argyll_runner: [argyll] It 19: Maxmv = 0.004755, MinPoint = 23.839, Min = 19.138, Avg. = 23.990, Max = 28.889, 0.0 secs.
2026-09-07 08:01:30,057 [DEBUG] core.argyll_runner: [argyll] Re-seeding
2026-09-07 08:01:30,057 [DEBUG] core.argyll_runner: [argyll] It 20: Maxmv = 0.004599, MinPoint = 23.839, Min = 19.152, Avg. = 23.976, Max = 28.847, 0.0 secs.
2026-09-07 08:01:30,057 [DEBUG] core.argyll_runner: [argyll] After optimization: MinPoint = 23.839, Min = 19.152, Avg. = 23.976, Max = 28.847
2026-09-07 08:01:30,058 [DEBUG] core.argyll_runner: [argyll] Total number of patches = 56
2026-09-07 08:01:30,058 [DEBUG] core.argyll_runner: [argyll] Execution time = 0.075980 seconds
2026-09-07 08:01:30,071 [INFO] core.argyll_runner: ArgyllRunner: finished with code 0
2026-09-07 08:01:30,237 [DEBUG] workflow.chart_creator: Wrote channel sidecar A2-Instruments.channels.json: ['r', 'g', 'b']
2026-09-07 08:01:30,321 [DEBUG] ui.tiff_preview: TiffPreview: loaded 1 page(s)
2026-09-07 08:01:30,321 [INFO] ui.tabs.tab_chart: Preview loaded: 1 TIFF(s)
2026-09-07 08:01:30,362 [DEBUG] ui.tiff_preview: TiffPreview: loaded 1 page(s)
2026-09-07 08:01:30,362 [DEBUG] ui.tiff_preview: TiffPreview: loaded 1 page(s)
2026-09-07 08:01:30,366 [DEBUG] ui.tabs.tab_chart: create-chart settings written for run1 (40 parameters + ui state)
2026-09-07 08:01:32,282 [INFO] assess:   shot Screenshots/A2-instruments/CM-freehand-A4-preview.png  (2232x1136)
2026-09-07 08:01:32,282 [INFO] assess: [CM-freehand-A4] ok=True 3.9s est_before={'total': 56, 'fillup': 0, 'page_patches': 56, 'rows': 8, 'cols': 7, 'pages': 1, 'patch': (28.28, 30.62), 'pitch': None} actual={'total': 56, 'fillup': 0, 'page_patches': 56, 'rows': 8, 'cols': 7, 'pages': 1, 'patch': (28.28, 30.56), 'pitch': None} status='Margins: OK' eng=['[ChromIQ layout engine] Drawing the pages. This part runs in one go and cannot be stopped, so the window will not respond until it is finished.', '[ChromIQ layout engine] 56 patches (8×7), 1 page, random start 1833138284']
2026-09-07 08:01:32,284 [INFO] assess:   json Test Runs/logs/d02_matrix.json
2026-09-07 08:01:32,284 [INFO] assess:   armed: dialog ~'scanner' -> click 'OK' hex heads-up (hex modes only)
2026-09-07 08:01:32,284 [INFO] assess:   armed: dialog ~'quite fill' -> click 'OK' last page hint
2026-09-07 08:01:32,284 [INFO] assess:   armed: dialog ~'already' -> click 'Continue this project' S4.7 on 2nd+ build
2026-09-07 08:01:33,040 [DEBUG] core.settings: settings.set helper_markers_show = False
2026-09-07 08:01:33,041 [DEBUG] core.settings: settings.set helper_marker_edge_mm = 2.0
2026-09-07 08:01:33,041 [DEBUG] core.settings: settings.set helper_marker_len_mm = 2.0
2026-09-07 08:01:33,041 [DEBUG] core.settings: settings.set helper_marker_per_patch = 3
2026-09-07 08:01:33,041 [DEBUG] core.settings: settings.set helper_markers_top_bottom = True
2026-09-07 08:01:33,041 [DEBUG] core.settings: settings.set helper_markers_sides = True
2026-09-07 08:01:33,707 [INFO] ui.tabs.tab_chart: chart build (Generate Chart) in manual: patch set targen | manual panel: A4R, 0x0 grid, margins T33.0 R6.0 B10.0 L6.0
2026-09-07 08:01:33,711 [DEBUG] core.settings: settings.set session_ti3_path = ''
2026-09-07 08:01:33,711 [DEBUG] core.settings: settings.set session_icc_path = ''
2026-09-07 08:01:33,711 [DEBUG] core.settings: settings.set session_cal_ti3_path = ''
2026-09-07 08:01:33,713 [DEBUG] core.file_manager: Target name set to: A2-Instruments (root /Users/Basti/ChromIQ-assessment/A2-Instruments)
2026-09-07 08:01:33,713 [INFO] core.file_manager: opened the EXISTING project at /Users/Basti/ChromIQ-assessment/A2-Instruments (1 run(s) on disk)
2026-09-07 08:01:33,765 [INFO] workflow.chart_creator: Chart generation: 50 patches, instrument=CM paper=A4R disable_lb=True
2026-09-07 08:01:33,765 [INFO] workflow.chart_creator: targen args: ['-v', '-d2', '-f50', '-e2', '-B2', '-G', '-g8', 'A2-Instruments']
2026-09-07 08:01:33,765 [INFO] core.argyll_runner: Run: /Applications/Argyll/bin/targen -v -d2 -f50 -e2 -B2 -G -g8 A2-Instruments  [cwd=/Users/Basti/ChromIQ-assessment/A2-Instruments/runs/run1]
2026-09-07 08:01:33,838 [DEBUG] core.argyll_runner: [argyll] iRGB test chart
2026-09-07 08:01:33,838 [DEBUG] core.argyll_runner: [argyll] White patches = 2
2026-09-07 08:01:33,839 [DEBUG] core.argyll_runner: [argyll] Black patches = 2
2026-09-07 08:01:33,839 [DEBUG] core.argyll_runner: [argyll] Composite Grey steps = 8
2026-09-07 08:01:33,839 [DEBUG] core.argyll_runner: [argyll] Full spread patches = 50
2026-09-07 08:01:33,839 [DEBUG] core.argyll_runner: [argyll] Degree of adaptation: 0.100
2026-09-07 08:01:33,839 [DEBUG] core.argyll_runner: [argyll] Adaptation weights: Device = 0.935, Perceptual = 0.065, Curvature = 0.010
2026-09-07 08:01:33,839 [DEBUG] core.argyll_runner: [argyll] Perceptual cache resolution = 7
2026-09-07 08:01:33,840 [DEBUG] core.argyll_runner: [argyll] Seeding cache...done
2026-09-07 08:01:33,840 [DEBUG] core.argyll_runner: [argyll] Acceleration grid res = 4
2026-09-07 08:01:33,840 [DEBUG] core.argyll_runner: [argyll] 
2026-09-07 08:01:33,840 [DEBUG] core.argyll_runner: [argyll] There are 8 unique fixed points to add (10 total fixed points)
2026-09-07 08:01:33,840 [DEBUG] core.argyll_runner: [argyll] There are 40 far spread points to add
2026-09-07 08:01:33,840 [DEBUG] core.argyll_runner: [argyll] 
2026-09-07 08:01:33,840 [DEBUG] core.argyll_runner: [argyll] Added 12/48
2026-09-07 08:01:33,841 [DEBUG] core.argyll_runner: [argyll] Added 23/48
2026-09-07 08:01:33,841 [DEBUG] core.argyll_runner: [argyll] Added 34/48
2026-09-07 08:01:33,841 [DEBUG] core.argyll_runner: [argyll] Added 45/48
2026-09-07 08:01:33,842 [DEBUG] core.argyll_runner: [argyll] Added 48/48
2026-09-07 08:01:33,904 [DEBUG] core.argyll_runner: [argyll] 
2026-09-07 08:01:33,904 [DEBUG] core.argyll_runner: [argyll] After seeding points: MinPoint = 12.391, Min = 13.619, Avg. = 25.378, Max = 34.341, 0.0 secs
2026-09-07 08:01:33,905 [DEBUG] core.argyll_runner: [argyll] Re-seeding
2026-09-07 08:01:33,905 [DEBUG] core.argyll_runner: [argyll] It 1: Maxmv = 0.234264, MinPoint = 12.407, Min = 8.535, Avg. = 25.564, Max = 34.321, 0.0 secs.
2026-09-07 08:01:33,905 [DEBUG] core.argyll_runner: [argyll] Re-seeding
2026-09-07 08:01:33,905 [DEBUG] core.argyll_runner: [argyll] It 2: Maxmv = 0.163255, MinPoint = 21.280, Min = 11.052, Avg. = 24.959, Max = 35.614, 0.0 secs.
2026-09-07 08:01:33,906 [DEBUG] core.argyll_runner: [argyll] Re-seeding
2026-09-07 08:01:33,906 [DEBUG] core.argyll_runner: [argyll] It 3: Maxmv = 0.167388, MinPoint = 20.794, Min = 12.485, Avg. = 24.833, Max = 33.265, 0.0 secs.
2026-09-07 08:01:33,906 [DEBUG] core.argyll_runner: [argyll] Re-seeding
2026-09-07 08:01:33,906 [DEBUG] core.argyll_runner: [argyll] It 4: Maxmv = 0.162452, MinPoint = 23.395, Min = 18.356, Avg. = 24.763, Max = 30.573, 0.0 secs.
2026-09-07 08:01:33,907 [DEBUG] core.argyll_runner: [argyll] Re-seeding
2026-09-07 08:01:33,907 [DEBUG] core.argyll_runner: [argyll] It 5: Maxmv = 0.113178, MinPoint = 13.552, Min = 15.597, Avg. = 24.764, Max = 31.369, 0.0 secs.
2026-09-07 08:01:33,907 [DEBUG] core.argyll_runner: [argyll] Re-seeding
2026-09-07 08:01:33,907 [DEBUG] core.argyll_runner: [argyll] It 6: Maxmv = 0.113998, MinPoint = 22.658, Min = 17.681, Avg. = 24.875, Max = 31.512, 0.0 secs.
2026-09-07 08:01:33,908 [DEBUG] core.argyll_runner: [argyll] Re-seeding
2026-09-07 08:01:33,908 [DEBUG] core.argyll_runner: [argyll] It 7: Maxmv = 0.113597, MinPoint = 18.206, Min = 15.529, Avg. = 25.006, Max = 31.199, 0.0 secs.
2026-09-07 08:01:33,908 [DEBUG] core.argyll_runner: [argyll] Re-seeding
2026-09-07 08:01:33,908 [DEBUG] core.argyll_runner: [argyll] It 8: Maxmv = 0.099164, MinPoint = 23.647, Min = 17.617, Avg. = 24.809, Max = 30.649, 0.0 secs.
2026-09-07 08:01:33,909 [DEBUG] core.argyll_runner: [argyll] Re-seeding
2026-09-07 08:01:33,909 [DEBUG] core.argyll_runner: [argyll] It 9: Maxmv = 0.092212, MinPoint = 22.932, Min = 16.753, Avg. = 24.875, Max = 30.894, 0.0 secs.
2026-09-07 08:01:33,909 [DEBUG] core.argyll_runner: [argyll] Re-seeding
2026-09-07 08:01:33,910 [DEBUG] core.argyll_runner: [argyll] It 10: Maxmv = 0.087229, MinPoint = 23.333, Min = 17.425, Avg. = 24.892, Max = 31.197, 0.0 secs.
2026-09-07 08:01:33,910 [DEBUG] core.argyll_runner: [argyll] Re-seeding
2026-09-07 08:01:33,910 [DEBUG] core.argyll_runner: [argyll] It 11: Maxmv = 0.075080, MinPoint = 23.839, Min = 18.112, Avg. = 24.897, Max = 30.557, 0.0 secs.
2026-09-07 08:01:33,910 [DEBUG] core.argyll_runner: [argyll] Re-seeding
2026-09-07 08:01:33,911 [DEBUG] core.argyll_runner: [argyll] It 12: Maxmv = 0.065307, MinPoint = 21.836, Min = 16.682, Avg. = 24.828, Max = 30.675, 0.0 secs.
2026-09-07 08:01:33,911 [DEBUG] core.argyll_runner: [argyll] Re-seeding
2026-09-07 08:01:33,911 [DEBUG] core.argyll_runner: [argyll] It 13: Maxmv = 0.054731, MinPoint = 23.839, Min = 18.184, Avg. = 24.826, Max = 30.552, 0.0 secs.
2026-09-07 08:01:33,911 [DEBUG] core.argyll_runner: [argyll] Re-seeding
2026-09-07 08:01:33,912 [DEBUG] core.argyll_runner: [argyll] It 14: Maxmv = 0.044466, MinPoint = 23.839, Min = 18.227, Avg. = 24.817, Max = 30.720, 0.0 secs.
2026-09-07 08:01:33,912 [DEBUG] core.argyll_runner: [argyll] Re-seeding
2026-09-07 08:01:33,912 [DEBUG] core.argyll_runner: [argyll] It 15: Maxmv = 0.039128, MinPoint = 23.839, Min = 18.273, Avg. = 24.817, Max = 30.025, 0.0 secs.
2026-09-07 08:01:33,912 [DEBUG] core.argyll_runner: [argyll] Re-seeding
2026-09-07 08:01:33,913 [DEBUG] core.argyll_runner: [argyll] It 16: Maxmv = 0.030611, MinPoint = 23.839, Min = 18.043, Avg. = 24.780, Max = 30.062, 0.0 secs.
2026-09-07 08:01:33,913 [DEBUG] core.argyll_runner: [argyll] Re-seeding
2026-09-07 08:01:33,913 [DEBUG] core.argyll_runner: [argyll] It 17: Maxmv = 0.021441, MinPoint = 23.839, Min = 18.034, Avg. = 24.765, Max = 29.873, 0.0 secs.
2026-09-07 08:01:33,913 [DEBUG] core.argyll_runner: [argyll] Re-seeding
2026-09-07 08:01:33,914 [DEBUG] core.argyll_runner: [argyll] It 18: Maxmv = 0.013115, MinPoint = 23.839, Min = 18.132, Avg. = 24.778, Max = 29.926, 0.0 secs.
2026-09-07 08:01:33,914 [DEBUG] core.argyll_runner: [argyll] Re-seeding
2026-09-07 08:01:33,914 [DEBUG] core.argyll_runner: [argyll] It 19: Maxmv = 0.004845, MinPoint = 23.839, Min = 18.133, Avg. = 24.776, Max = 29.984, 0.0 secs.
2026-09-07 08:01:33,914 [DEBUG] core.argyll_runner: [argyll] Re-seeding
2026-09-07 08:01:33,915 [DEBUG] core.argyll_runner: [argyll] It 20: Maxmv = 0.004534, MinPoint = 23.839, Min = 18.136, Avg. = 24.767, Max = 29.907, 0.0 secs.
2026-09-07 08:01:33,915 [DEBUG] core.argyll_runner: [argyll] After optimization: MinPoint = 23.839, Min = 18.136, Avg. = 24.767, Max = 29.907
2026-09-07 08:01:33,915 [DEBUG] core.argyll_runner: [argyll] Total number of patches = 50
2026-09-07 08:01:33,916 [DEBUG] core.argyll_runner: [argyll] Execution time = 0.068988 seconds
2026-09-07 08:01:33,929 [INFO] core.argyll_runner: ArgyllRunner: finished with code 0
2026-09-07 08:01:34,145 [DEBUG] workflow.chart_creator: Wrote channel sidecar A2-Instruments.channels.json: ['r', 'g', 'b']
2026-09-07 08:01:34,225 [DEBUG] ui.tiff_preview: TiffPreview: loaded 1 page(s)
2026-09-07 08:01:34,225 [INFO] ui.tabs.tab_chart: Preview loaded: 1 TIFF(s)
2026-09-07 08:01:34,266 [DEBUG] ui.tiff_preview: TiffPreview: loaded 1 page(s)
2026-09-07 08:01:34,266 [DEBUG] ui.tiff_preview: TiffPreview: loaded 1 page(s)
2026-09-07 08:01:34,270 [DEBUG] ui.tabs.tab_chart: create-chart settings written for run1 (40 parameters + ui state)
2026-09-07 08:01:36,240 [INFO] assess:   shot Screenshots/A2-instruments/CM-freehand-A4R-preview.png  (2232x1136)
2026-09-07 08:01:36,240 [INFO] assess: [CM-freehand-A4R] ok=True 4.0s est_before={'total': 50, 'fillup': 0, 'page_patches': 50, 'rows': 5, 'cols': 10, 'pages': 1, 'patch': (28.49, 32.2), 'pitch': None} actual={'total': 50, 'fillup': 0, 'page_patches': 50, 'rows': 5, 'cols': 10, 'pages': 1, 'patch': (28.45, 32.17), 'pitch': None} status='Margins: OK' eng=['[ChromIQ layout engine] Drawing the pages. This part runs in one go and cannot be stopped, so the window will not respond until it is finished.', '[ChromIQ layout engine] 50 patches (5×10), 1 page, random start 59454136']
2026-09-07 08:01:36,241 [INFO] assess:   json Test Runs/logs/d02_matrix.json
2026-09-07 08:01:36,241 [INFO] assess:   armed: dialog ~'scanner' -> click 'OK' hex heads-up (hex modes only)
2026-09-07 08:01:36,241 [INFO] assess:   armed: dialog ~'quite fill' -> click 'OK' last page hint
2026-09-07 08:01:36,241 [INFO] assess:   armed: dialog ~'already' -> click 'Continue this project' S4.7 on 2nd+ build
2026-09-07 08:01:37,000 [DEBUG] core.settings: settings.set helper_markers_show = False
2026-09-07 08:01:37,000 [DEBUG] core.settings: settings.set helper_marker_edge_mm = 2.0
2026-09-07 08:01:37,000 [DEBUG] core.settings: settings.set helper_marker_len_mm = 2.0
2026-09-07 08:01:37,000 [DEBUG] core.settings: settings.set helper_marker_per_patch = 3
2026-09-07 08:01:37,000 [DEBUG] core.settings: settings.set helper_markers_top_bottom = True
2026-09-07 08:01:37,000 [DEBUG] core.settings: settings.set helper_markers_sides = True
2026-09-07 08:01:37,696 [INFO] ui.tabs.tab_chart: chart build (Generate Chart) in manual: patch set targen | manual panel: A3, 0x0 grid, margins T33.0 R6.0 B10.0 L6.0
2026-09-07 08:01:37,699 [DEBUG] core.settings: settings.set session_ti3_path = ''
2026-09-07 08:01:37,700 [DEBUG] core.settings: settings.set session_icc_path = ''
2026-09-07 08:01:37,700 [DEBUG] core.settings: settings.set session_cal_ti3_path = ''
2026-09-07 08:01:37,702 [DEBUG] core.file_manager: Target name set to: A2-Instruments (root /Users/Basti/ChromIQ-assessment/A2-Instruments)
2026-09-07 08:01:37,704 [INFO] core.file_manager: opened the EXISTING project at /Users/Basti/ChromIQ-assessment/A2-Instruments (1 run(s) on disk)
2026-09-07 08:01:37,754 [INFO] workflow.chart_creator: Chart generation: 120 patches, instrument=CM paper=A3 disable_lb=True
2026-09-07 08:01:37,754 [INFO] workflow.chart_creator: targen args: ['-v', '-d2', '-f120', '-e2', '-B2', '-G', '-g8', 'A2-Instruments']
2026-09-07 08:01:37,754 [INFO] core.argyll_runner: Run: /Applications/Argyll/bin/targen -v -d2 -f120 -e2 -B2 -G -g8 A2-Instruments  [cwd=/Users/Basti/ChromIQ-assessment/A2-Instruments/runs/run1]
2026-09-07 08:01:37,827 [DEBUG] core.argyll_runner: [argyll] iRGB test chart
2026-09-07 08:01:37,828 [DEBUG] core.argyll_runner: [argyll] White patches = 2
2026-09-07 08:01:37,828 [DEBUG] core.argyll_runner: [argyll] Black patches = 2
2026-09-07 08:01:37,828 [DEBUG] core.argyll_runner: [argyll] Composite Grey steps = 8
2026-09-07 08:01:37,828 [DEBUG] core.argyll_runner: [argyll] Full spread patches = 120
2026-09-07 08:01:37,828 [DEBUG] core.argyll_runner: [argyll] Degree of adaptation: 0.100
2026-09-07 08:01:37,828 [DEBUG] core.argyll_runner: [argyll] Adaptation weights: Device = 0.935, Perceptual = 0.065, Curvature = 0.010
2026-09-07 08:01:37,829 [DEBUG] core.argyll_runner: [argyll] Perceptual cache resolution = 7
2026-09-07 08:01:37,829 [DEBUG] core.argyll_runner: [argyll] Seeding cache...done
2026-09-07 08:01:37,829 [DEBUG] core.argyll_runner: [argyll] Acceleration grid res = 5
2026-09-07 08:01:37,829 [DEBUG] core.argyll_runner: [argyll] 
2026-09-07 08:01:37,829 [DEBUG] core.argyll_runner: [argyll] There are 8 unique fixed points to add (10 total fixed points)
2026-09-07 08:01:37,830 [DEBUG] core.argyll_runner: [argyll] There are 110 far spread points to add
2026-09-07 08:01:37,830 [DEBUG] core.argyll_runner: [argyll] 
2026-09-07 08:01:37,830 [DEBUG] core.argyll_runner: [argyll] Added 12/118
2026-09-07 08:01:37,830 [DEBUG] core.argyll_runner: [argyll] Added 23/118
2026-09-07 08:01:37,830 [DEBUG] core.argyll_runner: [argyll] Added 34/118
2026-09-07 08:01:37,831 [DEBUG] core.argyll_runner: [argyll] Added 45/118
2026-09-07 08:01:37,831 [DEBUG] core.argyll_runner: [argyll] Added 56/118
2026-09-07 08:01:37,832 [DEBUG] core.argyll_runner: [argyll] Added 67/118
2026-09-07 08:01:37,833 [DEBUG] core.argyll_runner: [argyll] Added 78/118
2026-09-07 08:01:37,833 [DEBUG] core.argyll_runner: [argyll] Added 89/118
2026-09-07 08:01:37,834 [DEBUG] core.argyll_runner: [argyll] Added 100/118
2026-09-07 08:01:37,836 [DEBUG] core.argyll_runner: [argyll] Added 111/118
2026-09-07 08:01:37,837 [DEBUG] core.argyll_runner: [argyll] Added 118/118
2026-09-07 08:01:37,997 [DEBUG] core.argyll_runner: [argyll] 
2026-09-07 08:01:37,998 [DEBUG] core.argyll_runner: [argyll] After seeding points: MinPoint = 10.366, Min = 8.446, Avg. = 18.414, Max = 24.259, 0.0 secs
2026-09-07 08:01:37,998 [DEBUG] core.argyll_runner: [argyll] Re-seeding
2026-09-07 08:01:37,998 [DEBUG] core.argyll_runner: [argyll] It 1: Maxmv = 0.166190, MinPoint = 5.766, Min = 7.784, Avg. = 18.425, Max = 25.376, 0.0 secs.
2026-09-07 08:01:37,999 [DEBUG] core.argyll_runner: [argyll] Re-seeding
2026-09-07 08:01:37,999 [DEBUG] core.argyll_runner: [argyll] It 2: Maxmv = 0.124036, MinPoint = 9.212, Min = 9.707, Avg. = 18.295, Max = 24.423, 0.0 secs.
2026-09-07 08:01:37,999 [DEBUG] core.argyll_runner: [argyll] Re-seeding
2026-09-07 08:01:38,000 [DEBUG] core.argyll_runner: [argyll] It 3: Maxmv = 0.122801, MinPoint = 11.388, Min = 9.904, Avg. = 18.245, Max = 25.375, 0.0 secs.
2026-09-07 08:01:38,000 [DEBUG] core.argyll_runner: [argyll] Re-seeding
2026-09-07 08:01:38,000 [DEBUG] core.argyll_runner: [argyll] It 4: Maxmv = 0.108731, MinPoint = 14.316, Min = 11.919, Avg. = 18.050, Max = 23.448, 0.0 secs.
2026-09-07 08:01:38,000 [DEBUG] core.argyll_runner: [argyll] Re-seeding
2026-09-07 08:01:38,001 [DEBUG] core.argyll_runner: [argyll] It 5: Maxmv = 0.090025, MinPoint = 13.129, Min = 10.365, Avg. = 17.906, Max = 23.064, 0.0 secs.
2026-09-07 08:01:38,001 [DEBUG] core.argyll_runner: [argyll] Re-seeding
2026-09-07 08:01:38,001 [DEBUG] core.argyll_runner: [argyll] It 6: Maxmv = 0.100291, MinPoint = 14.881, Min = 13.235, Avg. = 17.875, Max = 22.233, 0.0 secs.
2026-09-07 08:01:38,002 [DEBUG] core.argyll_runner: [argyll] Re-seeding
2026-09-07 08:01:38,002 [DEBUG] core.argyll_runner: [argyll] It 7: Maxmv = 0.093338, MinPoint = 12.633, Min = 11.366, Avg. = 17.878, Max = 22.576, 0.0 secs.
2026-09-07 08:01:38,002 [DEBUG] core.argyll_runner: [argyll] Re-seeding
2026-09-07 08:01:38,002 [DEBUG] core.argyll_runner: [argyll] It 8: Maxmv = 0.087454, MinPoint = 16.403, Min = 13.787, Avg. = 17.822, Max = 22.966, 0.0 secs.
2026-09-07 08:01:38,003 [DEBUG] core.argyll_runner: [argyll] Re-seeding
2026-09-07 08:01:38,003 [DEBUG] core.argyll_runner: [argyll] It 9: Maxmv = 0.076241, MinPoint = 16.686, Min = 12.202, Avg. = 17.772, Max = 21.967, 0.0 secs.
2026-09-07 08:01:38,003 [DEBUG] core.argyll_runner: [argyll] Re-seeding
2026-09-07 08:01:38,003 [DEBUG] core.argyll_runner: [argyll] It 10: Maxmv = 0.069066, MinPoint = 16.107, Min = 13.339, Avg. = 17.680, Max = 21.282, 0.0 secs.
2026-09-07 08:01:38,004 [DEBUG] core.argyll_runner: [argyll] Re-seeding
2026-09-07 08:01:38,004 [DEBUG] core.argyll_runner: [argyll] It 11: Maxmv = 0.049627, MinPoint = 15.535, Min = 12.990, Avg. = 17.665, Max = 21.681, 0.0 secs.
2026-09-07 08:01:38,004 [DEBUG] core.argyll_runner: [argyll] Re-seeding
2026-09-07 08:01:38,005 [DEBUG] core.argyll_runner: [argyll] It 12: Maxmv = 0.053511, MinPoint = 16.953, Min = 12.101, Avg. = 17.673, Max = 22.005, 0.0 secs.
2026-09-07 08:01:38,005 [DEBUG] core.argyll_runner: [argyll] Re-seeding
2026-09-07 08:01:38,005 [DEBUG] core.argyll_runner: [argyll] It 13: Maxmv = 0.038858, MinPoint = 17.450, Min = 11.583, Avg. = 17.638, Max = 21.564, 0.0 secs.
2026-09-07 08:01:38,005 [DEBUG] core.argyll_runner: [argyll] Re-seeding
2026-09-07 08:01:38,006 [DEBUG] core.argyll_runner: [argyll] It 14: Maxmv = 0.033526, MinPoint = 16.531, Min = 13.231, Avg. = 17.619, Max = 20.962, 0.0 secs.
2026-09-07 08:01:38,006 [DEBUG] core.argyll_runner: [argyll] Re-seeding
2026-09-07 08:01:38,006 [DEBUG] core.argyll_runner: [argyll] It 15: Maxmv = 0.027370, MinPoint = 18.130, Min = 12.966, Avg. = 17.615, Max = 21.221, 0.0 secs.
2026-09-07 08:01:38,007 [DEBUG] core.argyll_runner: [argyll] Re-seeding
2026-09-07 08:01:38,007 [DEBUG] core.argyll_runner: [argyll] It 16: Maxmv = 0.020754, MinPoint = 17.799, Min = 12.583, Avg. = 17.615, Max = 20.627, 0.0 secs.
2026-09-07 08:01:38,007 [DEBUG] core.argyll_runner: [argyll] Re-seeding
2026-09-07 08:01:38,007 [DEBUG] core.argyll_runner: [argyll] It 17: Maxmv = 0.015507, MinPoint = 18.548, Min = 12.923, Avg. = 17.620, Max = 21.088, 0.0 secs.
2026-09-07 08:01:38,008 [DEBUG] core.argyll_runner: [argyll] Re-seeding
2026-09-07 08:01:38,008 [DEBUG] core.argyll_runner: [argyll] It 18: Maxmv = 0.009407, MinPoint = 18.266, Min = 12.900, Avg. = 17.611, Max = 20.849, 0.0 secs.
2026-09-07 08:01:38,008 [DEBUG] core.argyll_runner: [argyll] Re-seeding
2026-09-07 08:01:38,008 [DEBUG] core.argyll_runner: [argyll] It 19: Maxmv = 0.003039, MinPoint = 18.513, Min = 12.896, Avg. = 17.615, Max = 20.833, 0.0 secs.
2026-09-07 08:01:38,009 [DEBUG] core.argyll_runner: [argyll] Re-seeding
2026-09-07 08:01:38,009 [DEBUG] core.argyll_runner: [argyll] It 20: Maxmv = 0.003228, MinPoint = 18.740, Min = 12.900, Avg. = 17.620, Max = 20.730, 0.0 secs.
2026-09-07 08:01:38,009 [DEBUG] core.argyll_runner: [argyll] After optimization: MinPoint = 18.740, Min = 12.900, Avg. = 17.620, Max = 20.730
2026-09-07 08:01:38,009 [DEBUG] core.argyll_runner: [argyll] Total number of patches = 120
2026-09-07 08:01:38,010 [DEBUG] core.argyll_runner: [argyll] Execution time = 0.179515 seconds
2026-09-07 08:01:38,010 [INFO] core.argyll_runner: ArgyllRunner: finished with code 0
2026-09-07 08:01:38,266 [DEBUG] workflow.chart_creator: Wrote channel sidecar A2-Instruments.channels.json: ['r', 'g', 'b']
2026-09-07 08:01:38,414 [DEBUG] ui.tiff_preview: TiffPreview: loaded 1 page(s)
2026-09-07 08:01:38,414 [INFO] ui.tabs.tab_chart: Preview loaded: 1 TIFF(s)
2026-09-07 08:01:38,456 [DEBUG] ui.tiff_preview: TiffPreview: loaded 1 page(s)
2026-09-07 08:01:38,457 [DEBUG] ui.tiff_preview: TiffPreview: loaded 1 page(s)
2026-09-07 08:01:38,461 [DEBUG] ui.tabs.tab_chart: create-chart settings written for run1 (40 parameters + ui state)
2026-09-07 08:01:40,521 [INFO] assess:   shot Screenshots/A2-instruments/CM-freehand-A3-preview.png  (2232x1136)
2026-09-07 08:01:40,522 [INFO] assess: [CM-freehand-A3] ok=True 4.3s est_before={'total': 120, 'fillup': 0, 'page_patches': 120, 'rows': 12, 'cols': 10, 'pages': 1, 'patch': (28.49, 30.33), 'pitch': None} actual={'total': 120, 'fillup': 0, 'page_patches': 120, 'rows': 12, 'cols': 10, 'pages': 1, 'patch': (28.45, 30.31), 'pitch': None} status='Margins: OK' eng=['[ChromIQ layout engine] building chart from the targen .ti1…', '[ChromIQ layout engine] Drawing the pages. This part runs in one go and cannot be stopped, so the window will not respond until it is finished.']
2026-09-07 08:01:40,524 [INFO] assess:   json Test Runs/logs/d02_matrix.json
2026-09-07 08:01:40,524 [INFO] assess:   armed: dialog ~'scanner' -> click 'OK' hex heads-up (hex modes only)
2026-09-07 08:01:40,524 [INFO] assess:   armed: dialog ~'quite fill' -> click 'OK' last page hint
2026-09-07 08:01:40,524 [INFO] assess:   armed: dialog ~'already' -> click 'Continue this project' S4.7 on 2nd+ build
2026-09-07 08:01:41,284 [DEBUG] core.settings: settings.set helper_markers_show = False
2026-09-07 08:01:41,284 [DEBUG] core.settings: settings.set helper_marker_edge_mm = 2.0
2026-09-07 08:01:41,284 [DEBUG] core.settings: settings.set helper_marker_len_mm = 2.0
2026-09-07 08:01:41,284 [DEBUG] core.settings: settings.set helper_marker_per_patch = 3
2026-09-07 08:01:41,284 [DEBUG] core.settings: settings.set helper_markers_top_bottom = True
2026-09-07 08:01:41,284 [DEBUG] core.settings: settings.set helper_markers_sides = True
2026-09-07 08:01:41,944 [INFO] ui.tabs.tab_chart: chart build (Generate Chart) in manual: patch set targen | manual panel: 420x297, 0x0 grid, margins T33.0 R6.0 B10.0 L6.0
2026-09-07 08:01:41,948 [DEBUG] core.settings: settings.set session_ti3_path = ''
2026-09-07 08:01:41,948 [DEBUG] core.settings: settings.set session_icc_path = ''
2026-09-07 08:01:41,948 [DEBUG] core.settings: settings.set session_cal_ti3_path = ''
2026-09-07 08:01:41,949 [DEBUG] core.file_manager: Target name set to: A2-Instruments (root /Users/Basti/ChromIQ-assessment/A2-Instruments)
2026-09-07 08:01:41,950 [INFO] core.file_manager: opened the EXISTING project at /Users/Basti/ChromIQ-assessment/A2-Instruments (1 run(s) on disk)
2026-09-07 08:01:41,997 [INFO] workflow.chart_creator: Chart generation: 112 patches, instrument=CM paper=420x297 disable_lb=True
2026-09-07 08:01:41,997 [INFO] workflow.chart_creator: targen args: ['-v', '-d2', '-f112', '-e2', '-B2', '-G', '-g8', 'A2-Instruments']
2026-09-07 08:01:41,997 [INFO] core.argyll_runner: Run: /Applications/Argyll/bin/targen -v -d2 -f112 -e2 -B2 -G -g8 A2-Instruments  [cwd=/Users/Basti/ChromIQ-assessment/A2-Instruments/runs/run1]
2026-09-07 08:01:42,069 [DEBUG] core.argyll_runner: [argyll] iRGB test chart
2026-09-07 08:01:42,070 [DEBUG] core.argyll_runner: [argyll] White patches = 2
2026-09-07 08:01:42,070 [DEBUG] core.argyll_runner: [argyll] Black patches = 2
2026-09-07 08:01:42,070 [DEBUG] core.argyll_runner: [argyll] Composite Grey steps = 8
2026-09-07 08:01:42,070 [DEBUG] core.argyll_runner: [argyll] Full spread patches = 112
2026-09-07 08:01:42,070 [DEBUG] core.argyll_runner: [argyll] Degree of adaptation: 0.100
2026-09-07 08:01:42,070 [DEBUG] core.argyll_runner: [argyll] Adaptation weights: Device = 0.935, Perceptual = 0.065, Curvature = 0.010
2026-09-07 08:01:42,071 [DEBUG] core.argyll_runner: [argyll] Perceptual cache resolution = 7
2026-09-07 08:01:42,071 [DEBUG] core.argyll_runner: [argyll] Seeding cache...done
2026-09-07 08:01:42,071 [DEBUG] core.argyll_runner: [argyll] Acceleration grid res = 5
2026-09-07 08:01:42,071 [DEBUG] core.argyll_runner: [argyll] 
2026-09-07 08:01:42,071 [DEBUG] core.argyll_runner: [argyll] There are 8 unique fixed points to add (10 total fixed points)
2026-09-07 08:01:42,071 [DEBUG] core.argyll_runner: [argyll] There are 102 far spread points to add
2026-09-07 08:01:42,072 [DEBUG] core.argyll_runner: [argyll] 
2026-09-07 08:01:42,072 [DEBUG] core.argyll_runner: [argyll] Added 12/110
2026-09-07 08:01:42,072 [DEBUG] core.argyll_runner: [argyll] Added 23/110
2026-09-07 08:01:42,072 [DEBUG] core.argyll_runner: [argyll] Added 34/110
2026-09-07 08:01:42,072 [DEBUG] core.argyll_runner: [argyll] Added 45/110
2026-09-07 08:01:42,073 [DEBUG] core.argyll_runner: [argyll] Added 56/110
2026-09-07 08:01:42,074 [DEBUG] core.argyll_runner: [argyll] Added 67/110
2026-09-07 08:01:42,074 [DEBUG] core.argyll_runner: [argyll] Added 78/110
2026-09-07 08:01:42,075 [DEBUG] core.argyll_runner: [argyll] Added 89/110
2026-09-07 08:01:42,076 [DEBUG] core.argyll_runner: [argyll] Added 100/110
2026-09-07 08:01:42,077 [DEBUG] core.argyll_runner: [argyll] Added 110/110
2026-09-07 08:01:42,237 [DEBUG] core.argyll_runner: [argyll] 
2026-09-07 08:01:42,238 [DEBUG] core.argyll_runner: [argyll] After seeding points: MinPoint = 7.431, Min = 7.773, Avg. = 18.738, Max = 24.685, 0.0 secs
2026-09-07 08:01:42,238 [DEBUG] core.argyll_runner: [argyll] Re-seeding
2026-09-07 08:01:42,238 [DEBUG] core.argyll_runner: [argyll] It 1: Maxmv = 0.175928, MinPoint = 5.458, Min = 7.777, Avg. = 18.722, Max = 25.654, 0.0 secs.
2026-09-07 08:01:42,238 [DEBUG] core.argyll_runner: [argyll] Re-seeding
2026-09-07 08:01:42,239 [DEBUG] core.argyll_runner: [argyll] It 2: Maxmv = 0.156190, MinPoint = 12.853, Min = 8.514, Avg. = 18.423, Max = 23.361, 0.0 secs.
2026-09-07 08:01:42,239 [DEBUG] core.argyll_runner: [argyll] Re-seeding
2026-09-07 08:01:42,239 [DEBUG] core.argyll_runner: [argyll] It 3: Maxmv = 0.105916, MinPoint = 12.783, Min = 9.800, Avg. = 18.545, Max = 24.970, 0.0 secs.
2026-09-07 08:01:42,239 [DEBUG] core.argyll_runner: [argyll] Re-seeding
2026-09-07 08:01:42,240 [DEBUG] core.argyll_runner: [argyll] It 4: Maxmv = 0.116051, MinPoint = 13.719, Min = 11.172, Avg. = 18.449, Max = 23.778, 0.0 secs.
2026-09-07 08:01:42,240 [DEBUG] core.argyll_runner: [argyll] Re-seeding
2026-09-07 08:01:42,240 [DEBUG] core.argyll_runner: [argyll] It 5: Maxmv = 0.093513, MinPoint = 12.961, Min = 8.968, Avg. = 18.402, Max = 23.444, 0.0 secs.
2026-09-07 08:01:42,240 [DEBUG] core.argyll_runner: [argyll] Re-seeding
2026-09-07 08:01:42,241 [DEBUG] core.argyll_runner: [argyll] It 6: Maxmv = 0.101280, MinPoint = 12.249, Min = 11.794, Avg. = 18.323, Max = 23.642, 0.0 secs.
2026-09-07 08:01:42,241 [DEBUG] core.argyll_runner: [argyll] Re-seeding
2026-09-07 08:01:42,241 [DEBUG] core.argyll_runner: [argyll] It 7: Maxmv = 0.086319, MinPoint = 14.148, Min = 10.595, Avg. = 18.347, Max = 23.896, 0.0 secs.
2026-09-07 08:01:42,241 [DEBUG] core.argyll_runner: [argyll] Re-seeding
2026-09-07 08:01:42,242 [DEBUG] core.argyll_runner: [argyll] It 8: Maxmv = 0.072246, MinPoint = 16.238, Min = 11.066, Avg. = 18.328, Max = 23.601, 0.0 secs.
2026-09-07 08:01:42,242 [DEBUG] core.argyll_runner: [argyll] Re-seeding
2026-09-07 08:01:42,242 [DEBUG] core.argyll_runner: [argyll] It 9: Maxmv = 0.073704, MinPoint = 14.398, Min = 11.323, Avg. = 18.216, Max = 23.219, 0.0 secs.
2026-09-07 08:01:42,242 [DEBUG] core.argyll_runner: [argyll] Re-seeding
2026-09-07 08:01:42,243 [DEBUG] core.argyll_runner: [argyll] It 10: Maxmv = 0.060719, MinPoint = 15.951, Min = 11.644, Avg. = 18.189, Max = 23.578, 0.0 secs.
2026-09-07 08:01:42,243 [DEBUG] core.argyll_runner: [argyll] Re-seeding
2026-09-07 08:01:42,243 [DEBUG] core.argyll_runner: [argyll] It 11: Maxmv = 0.058151, MinPoint = 15.558, Min = 11.060, Avg. = 18.111, Max = 21.863, 0.0 secs.
2026-09-07 08:01:42,243 [DEBUG] core.argyll_runner: [argyll] Re-seeding
2026-09-07 08:01:42,244 [DEBUG] core.argyll_runner: [argyll] It 12: Maxmv = 0.047756, MinPoint = 16.523, Min = 10.553, Avg. = 18.081, Max = 22.874, 0.0 secs.
2026-09-07 08:01:42,244 [DEBUG] core.argyll_runner: [argyll] Re-seeding
2026-09-07 08:01:42,244 [DEBUG] core.argyll_runner: [argyll] It 13: Maxmv = 0.042114, MinPoint = 15.645, Min = 12.153, Avg. = 18.010, Max = 21.859, 0.0 secs.
2026-09-07 08:01:42,245 [DEBUG] core.argyll_runner: [argyll] Re-seeding
2026-09-07 08:01:42,245 [DEBUG] core.argyll_runner: [argyll] It 14: Maxmv = 0.031815, MinPoint = 18.509, Min = 12.385, Avg. = 17.985, Max = 22.165, 0.0 secs.
2026-09-07 08:01:42,245 [DEBUG] core.argyll_runner: [argyll] Re-seeding
2026-09-07 08:01:42,245 [DEBUG] core.argyll_runner: [argyll] It 15: Maxmv = 0.028807, MinPoint = 16.426, Min = 12.295, Avg. = 17.953, Max = 22.121, 0.0 secs.
2026-09-07 08:01:42,246 [DEBUG] core.argyll_runner: [argyll] Re-seeding
2026-09-07 08:01:42,246 [DEBUG] core.argyll_runner: [argyll] It 16: Maxmv = 0.022262, MinPoint = 18.541, Min = 12.191, Avg. = 17.944, Max = 22.223, 0.0 secs.
2026-09-07 08:01:42,246 [DEBUG] core.argyll_runner: [argyll] Re-seeding
2026-09-07 08:01:42,246 [DEBUG] core.argyll_runner: [argyll] It 17: Maxmv = 0.018270, MinPoint = 17.670, Min = 12.306, Avg. = 17.926, Max = 22.069, 0.0 secs.
2026-09-07 08:01:42,247 [DEBUG] core.argyll_runner: [argyll] Re-seeding
2026-09-07 08:01:42,247 [DEBUG] core.argyll_runner: [argyll] It 18: Maxmv = 0.008754, MinPoint = 17.592, Min = 12.370, Avg. = 17.923, Max = 21.899, 0.0 secs.
2026-09-07 08:01:42,247 [DEBUG] core.argyll_runner: [argyll] Re-seeding
2026-09-07 08:01:42,247 [DEBUG] core.argyll_runner: [argyll] It 19: Maxmv = 0.004351, MinPoint = 17.451, Min = 12.363, Avg. = 17.929, Max = 21.863, 0.0 secs.
2026-09-07 08:01:42,248 [DEBUG] core.argyll_runner: [argyll] Re-seeding
2026-09-07 08:01:42,248 [DEBUG] core.argyll_runner: [argyll] It 20: Maxmv = 0.003506, MinPoint = 17.308, Min = 12.326, Avg. = 17.925, Max = 21.805, 0.0 secs.
2026-09-07 08:01:42,248 [DEBUG] core.argyll_runner: [argyll] After optimization: MinPoint = 17.308, Min = 12.326, Avg. = 17.925, Max = 21.805
2026-09-07 08:01:42,248 [DEBUG] core.argyll_runner: [argyll] Total number of patches = 112
2026-09-07 08:01:42,249 [DEBUG] core.argyll_runner: [argyll] Execution time = 0.170701 seconds
2026-09-07 08:01:42,249 [INFO] core.argyll_runner: ArgyllRunner: finished with code 0
2026-09-07 08:01:42,569 [DEBUG] workflow.chart_creator: Wrote channel sidecar A2-Instruments.channels.json: ['r', 'g', 'b']
2026-09-07 08:01:42,726 [DEBUG] ui.tiff_preview: TiffPreview: loaded 1 page(s)
2026-09-07 08:01:42,726 [INFO] ui.tabs.tab_chart: Preview loaded: 1 TIFF(s)
2026-09-07 08:01:42,768 [DEBUG] ui.tiff_preview: TiffPreview: loaded 1 page(s)
2026-09-07 08:01:42,769 [DEBUG] ui.tiff_preview: TiffPreview: loaded 1 page(s)
2026-09-07 08:01:42,772 [DEBUG] ui.tabs.tab_chart: create-chart settings written for run1 (40 parameters + ui state)
2026-09-07 08:01:44,884 [INFO] assess:   shot Screenshots/A2-instruments/CM-freehand-420x297-preview.png  (2232x1136)
2026-09-07 08:01:44,884 [INFO] assess: [CM-freehand-420x297] ok=True 4.4s est_before={'total': 112, 'fillup': 0, 'page_patches': 112, 'rows': 8, 'cols': 14, 'pages': 1, 'patch': (29.14, 30.62), 'pitch': None} actual={'total': 112, 'fillup': 0, 'page_patches': 112, 'rows': 8, 'cols': 14, 'pages': 1, 'patch': (29.13, 30.56), 'pitch': None} status='Margins: OK' eng=['[ChromIQ layout engine] Drawing the pages. This part runs in one go and cannot be stopped, so the window will not respond until it is finished.', '[ChromIQ layout engine] 112 patches (8×14), 1 page, random start 384143894']
2026-09-07 08:01:44,885 [INFO] assess:   json Test Runs/logs/d02_matrix.json
2026-09-07 08:01:44,885 [INFO] assess:   armed: dialog ~'scanner' -> click 'OK' hex heads-up (hex modes only)
2026-09-07 08:01:44,885 [INFO] assess:   armed: dialog ~'quite fill' -> click 'OK' last page hint
2026-09-07 08:01:44,885 [INFO] assess:   armed: dialog ~'already' -> click 'Continue this project' S4.7 on 2nd+ build
2026-09-07 08:01:45,650 [DEBUG] core.settings: settings.set helper_markers_show = False
2026-09-07 08:01:45,650 [DEBUG] core.settings: settings.set helper_marker_edge_mm = 2.0
2026-09-07 08:01:45,650 [DEBUG] core.settings: settings.set helper_marker_len_mm = 2.0
2026-09-07 08:01:45,650 [DEBUG] core.settings: settings.set helper_marker_per_patch = 3
2026-09-07 08:01:45,650 [DEBUG] core.settings: settings.set helper_markers_top_bottom = True
2026-09-07 08:01:45,650 [DEBUG] core.settings: settings.set helper_markers_sides = True
2026-09-07 08:01:46,565 [INFO] ui.tabs.tab_chart: chart build (Generate Chart) in manual: patch set targen | manual panel: 200x200, 0x0 grid, margins T6.0 R6.0 B6.0 L6.0
2026-09-07 08:01:46,569 [DEBUG] core.settings: settings.set session_ti3_path = ''
2026-09-07 08:01:46,569 [DEBUG] core.settings: settings.set session_icc_path = ''
2026-09-07 08:01:46,570 [DEBUG] core.settings: settings.set session_cal_ti3_path = ''
2026-09-07 08:01:46,571 [DEBUG] core.file_manager: Target name set to: A2-Instruments (root /Users/Basti/ChromIQ-assessment/A2-Instruments)
2026-09-07 08:01:46,573 [INFO] core.file_manager: opened the EXISTING project at /Users/Basti/ChromIQ-assessment/A2-Instruments (1 run(s) on disk)
2026-09-07 08:01:46,619 [INFO] workflow.chart_creator: Chart generation: 30 patches, instrument=CM paper=200x200 disable_lb=True
2026-09-07 08:01:46,619 [INFO] workflow.chart_creator: targen args: ['-v', '-d2', '-f30', '-e2', '-B2', '-G', '-g8', 'A2-Instruments']
2026-09-07 08:01:46,619 [INFO] core.argyll_runner: Run: /Applications/Argyll/bin/targen -v -d2 -f30 -e2 -B2 -G -g8 A2-Instruments  [cwd=/Users/Basti/ChromIQ-assessment/A2-Instruments/runs/run1]
2026-09-07 08:01:46,690 [DEBUG] core.argyll_runner: [argyll] iRGB test chart
2026-09-07 08:01:46,691 [DEBUG] core.argyll_runner: [argyll] White patches = 2
2026-09-07 08:01:46,691 [DEBUG] core.argyll_runner: [argyll] Black patches = 2
2026-09-07 08:01:46,691 [DEBUG] core.argyll_runner: [argyll] Composite Grey steps = 8
2026-09-07 08:01:46,691 [DEBUG] core.argyll_runner: [argyll] Full spread patches = 30
2026-09-07 08:01:46,691 [DEBUG] core.argyll_runner: [argyll] Degree of adaptation: 0.100
2026-09-07 08:01:46,691 [DEBUG] core.argyll_runner: [argyll] Adaptation weights: Device = 0.935, Perceptual = 0.065, Curvature = 0.010
2026-09-07 08:01:46,692 [DEBUG] core.argyll_runner: [argyll] Perceptual cache resolution = 7
2026-09-07 08:01:46,692 [DEBUG] core.argyll_runner: [argyll] Seeding cache...done
2026-09-07 08:01:46,692 [DEBUG] core.argyll_runner: [argyll] Acceleration grid res = 3
2026-09-07 08:01:46,692 [DEBUG] core.argyll_runner: [argyll] 
2026-09-07 08:01:46,692 [DEBUG] core.argyll_runner: [argyll] There are 8 unique fixed points to add (10 total fixed points)
2026-09-07 08:01:46,692 [DEBUG] core.argyll_runner: [argyll] There are 20 far spread points to add
2026-09-07 08:01:46,693 [DEBUG] core.argyll_runner: [argyll] 
2026-09-07 08:01:46,693 [DEBUG] core.argyll_runner: [argyll] Added 12/28
2026-09-07 08:01:46,693 [DEBUG] core.argyll_runner: [argyll] Added 23/28
2026-09-07 08:01:46,693 [DEBUG] core.argyll_runner: [argyll] Added 28/28
2026-09-07 08:01:46,725 [DEBUG] core.argyll_runner: [argyll] 
2026-09-07 08:01:46,725 [DEBUG] core.argyll_runner: [argyll] After seeding points: MinPoint = 23.839, Min = 14.037, Avg. = 31.170, Max = 46.474, 0.0 secs
2026-09-07 08:01:46,726 [DEBUG] core.argyll_runner: [argyll] Re-seeding
2026-09-07 08:01:46,726 [DEBUG] core.argyll_runner: [argyll] It 1: Maxmv = 0.313731, MinPoint = 23.839, Min = 21.826, Avg. = 31.833, Max = 46.474, 0.0 secs.
2026-09-07 08:01:46,726 [DEBUG] core.argyll_runner: [argyll] Re-seeding
2026-09-07 08:01:46,726 [DEBUG] core.argyll_runner: [argyll] It 2: Maxmv = 0.245914, MinPoint = 23.839, Min = 20.934, Avg. = 31.643, Max = 44.941, 0.0 secs.
2026-09-07 08:01:46,727 [DEBUG] core.argyll_runner: [argyll] Re-seeding
2026-09-07 08:01:46,727 [DEBUG] core.argyll_runner: [argyll] It 3: Maxmv = 0.160218, MinPoint = 23.839, Min = 21.879, Avg. = 32.189, Max = 45.663, 0.0 secs.
2026-09-07 08:01:46,727 [DEBUG] core.argyll_runner: [argyll] Re-seeding
2026-09-07 08:01:46,727 [DEBUG] core.argyll_runner: [argyll] It 4: Maxmv = 0.130112, MinPoint = 20.995, Min = 21.879, Avg. = 31.739, Max = 42.712, 0.0 secs.
2026-09-07 08:01:46,728 [DEBUG] core.argyll_runner: [argyll] Re-seeding
2026-09-07 08:01:46,728 [DEBUG] core.argyll_runner: [argyll] It 5: Maxmv = 0.163584, MinPoint = 23.839, Min = 21.879, Avg. = 31.944, Max = 44.235, 0.0 secs.
2026-09-07 08:01:46,728 [DEBUG] core.argyll_runner: [argyll] Re-seeding
2026-09-07 08:01:46,728 [DEBUG] core.argyll_runner: [argyll] It 6: Maxmv = 0.117620, MinPoint = 23.839, Min = 21.879, Avg. = 31.729, Max = 42.675, 0.0 secs.
2026-09-07 08:01:46,729 [DEBUG] core.argyll_runner: [argyll] Re-seeding
2026-09-07 08:01:46,729 [DEBUG] core.argyll_runner: [argyll] It 7: Maxmv = 0.120099, MinPoint = 21.420, Min = 21.879, Avg. = 31.556, Max = 42.212, 0.0 secs.
2026-09-07 08:01:46,729 [DEBUG] core.argyll_runner: [argyll] Re-seeding
2026-09-07 08:01:46,729 [DEBUG] core.argyll_runner: [argyll] It 8: Maxmv = 0.126789, MinPoint = 23.839, Min = 21.879, Avg. = 31.404, Max = 42.824, 0.0 secs.
2026-09-07 08:01:46,730 [DEBUG] core.argyll_runner: [argyll] Re-seeding
2026-09-07 08:01:46,730 [DEBUG] core.argyll_runner: [argyll] It 9: Maxmv = 0.103482, MinPoint = 23.839, Min = 21.879, Avg. = 31.625, Max = 44.904, 0.0 secs.
2026-09-07 08:01:46,730 [DEBUG] core.argyll_runner: [argyll] Re-seeding
2026-09-07 08:01:46,730 [DEBUG] core.argyll_runner: [argyll] It 10: Maxmv = 0.097930, MinPoint = 23.839, Min = 21.879, Avg. = 31.511, Max = 43.048, 0.0 secs.
2026-09-07 08:01:46,731 [DEBUG] core.argyll_runner: [argyll] Re-seeding
2026-09-07 08:01:46,731 [DEBUG] core.argyll_runner: [argyll] It 11: Maxmv = 0.082356, MinPoint = 23.839, Min = 21.879, Avg. = 31.410, Max = 42.587, 0.0 secs.
2026-09-07 08:01:46,731 [DEBUG] core.argyll_runner: [argyll] Re-seeding
2026-09-07 08:01:46,732 [DEBUG] core.argyll_runner: [argyll] It 12: Maxmv = 0.055042, MinPoint = 23.839, Min = 21.879, Avg. = 31.168, Max = 41.834, 0.0 secs.
2026-09-07 08:01:46,732 [DEBUG] core.argyll_runner: [argyll] Re-seeding
2026-09-07 08:01:46,732 [DEBUG] core.argyll_runner: [argyll] It 13: Maxmv = 0.047104, MinPoint = 23.839, Min = 21.879, Avg. = 31.359, Max = 43.121, 0.0 secs.
2026-09-07 08:01:46,732 [DEBUG] core.argyll_runner: [argyll] Re-seeding
2026-09-07 08:01:46,733 [DEBUG] core.argyll_runner: [argyll] It 14: Maxmv = 0.057211, MinPoint = 23.839, Min = 21.879, Avg. = 31.107, Max = 41.642, 0.0 secs.
2026-09-07 08:01:46,733 [DEBUG] core.argyll_runner: [argyll] Re-seeding
2026-09-07 08:01:46,733 [DEBUG] core.argyll_runner: [argyll] It 15: Maxmv = 0.052609, MinPoint = 23.839, Min = 21.879, Avg. = 31.017, Max = 42.136, 0.0 secs.
2026-09-07 08:01:46,733 [DEBUG] core.argyll_runner: [argyll] Re-seeding
2026-09-07 08:01:46,734 [DEBUG] core.argyll_runner: [argyll] It 16: Maxmv = 0.042324, MinPoint = 23.839, Min = 21.879, Avg. = 30.892, Max = 41.705, 0.0 secs.
2026-09-07 08:01:46,734 [DEBUG] core.argyll_runner: [argyll] Re-seeding
2026-09-07 08:01:46,734 [DEBUG] core.argyll_runner: [argyll] It 17: Maxmv = 0.026114, MinPoint = 23.839, Min = 21.879, Avg. = 30.700, Max = 41.571, 0.0 secs.
2026-09-07 08:01:46,734 [DEBUG] core.argyll_runner: [argyll] Re-seeding
2026-09-07 08:01:46,735 [DEBUG] core.argyll_runner: [argyll] It 18: Maxmv = 0.015814, MinPoint = 23.839, Min = 21.879, Avg. = 30.741, Max = 41.793, 0.0 secs.
2026-09-07 08:01:46,735 [DEBUG] core.argyll_runner: [argyll] Re-seeding
2026-09-07 08:01:46,735 [DEBUG] core.argyll_runner: [argyll] It 19: Maxmv = 0.006818, MinPoint = 23.839, Min = 21.879, Avg. = 30.910, Max = 41.592, 0.0 secs.
2026-09-07 08:01:46,735 [DEBUG] core.argyll_runner: [argyll] Re-seeding
2026-09-07 08:01:46,736 [DEBUG] core.argyll_runner: [argyll] It 20: Maxmv = 0.006959, MinPoint = 23.839, Min = 21.879, Avg. = 30.828, Max = 41.700, 0.0 secs.
2026-09-07 08:01:46,736 [DEBUG] core.argyll_runner: [argyll] After optimization: MinPoint = 23.839, Min = 21.879, Avg. = 30.828, Max = 41.700
2026-09-07 08:01:46,736 [DEBUG] core.argyll_runner: [argyll] Total number of patches = 30
2026-09-07 08:01:46,737 [DEBUG] core.argyll_runner: [argyll] Execution time = 0.041070 seconds
2026-09-07 08:01:46,737 [INFO] core.argyll_runner: ArgyllRunner: finished with code 0
2026-09-07 08:01:46,878 [DEBUG] workflow.chart_creator: Wrote channel sidecar A2-Instruments.channels.json: ['r', 'g', 'b']
2026-09-07 08:01:46,934 [DEBUG] ui.tiff_preview: TiffPreview: loaded 1 page(s)
2026-09-07 08:01:46,934 [INFO] ui.tabs.tab_chart: Preview loaded: 1 TIFF(s)
2026-09-07 08:01:46,974 [DEBUG] ui.tiff_preview: TiffPreview: loaded 1 page(s)
2026-09-07 08:01:46,974 [DEBUG] ui.tiff_preview: TiffPreview: loaded 1 page(s)
2026-09-07 08:01:46,978 [DEBUG] ui.tabs.tab_chart: create-chart settings written for run1 (40 parameters + ui state)
2026-09-07 08:01:48,718 [INFO] assess:   shot Screenshots/A2-instruments/CM-freehand-custom_200x200-preview.png  (2232x1186)
2026-09-07 08:01:48,719 [INFO] assess: [CM-freehand-custom_200x200] ok=True 3.8s est_before={'total': 30, 'fillup': 0, 'page_patches': 30, 'rows': 5, 'cols': 6, 'pages': 1, 'patch': (31.33, 36.4), 'pitch': None} actual={'total': 30, 'fillup': 0, 'page_patches': 30, 'rows': 5, 'cols': 6, 'pages': 1, 'patch': (31.33, 36.41), 'pitch': None} status='' eng=['[ChromIQ layout engine] building chart from the targen .ti1…', '[ChromIQ layout engine] Drawing the pages. This part runs in one go and cannot be stopped, so the window will not respond until it is finished.']
2026-09-07 08:01:48,719 [INFO] assess:   json Test Runs/logs/d02_matrix.json
2026-09-07 08:01:48,719 [INFO] assess:   armed: dialog ~'scanner' -> click 'OK' hex heads-up (hex modes only)
2026-09-07 08:01:48,719 [INFO] assess:   armed: dialog ~'quite fill' -> click 'OK' last page hint
2026-09-07 08:01:48,719 [INFO] assess:   armed: dialog ~'already' -> click 'Continue this project' S4.7 on 2nd+ build
2026-09-07 08:01:49,117 [DEBUG] core.settings: settings.set helper_markers_show = False
2026-09-07 08:01:49,117 [DEBUG] core.settings: settings.set helper_marker_edge_mm = 2.0
2026-09-07 08:01:49,117 [DEBUG] core.settings: settings.set helper_marker_len_mm = 2.0
2026-09-07 08:01:49,117 [DEBUG] core.settings: settings.set helper_marker_per_patch = 3
2026-09-07 08:01:49,117 [DEBUG] core.settings: settings.set helper_markers_top_bottom = True
2026-09-07 08:01:49,117 [DEBUG] core.settings: settings.set helper_markers_sides = True
2026-09-07 08:01:49,523 [DEBUG] core.settings: settings.set helper_markers_show = False
2026-09-07 08:01:49,523 [DEBUG] core.settings: settings.set helper_marker_edge_mm = 2.0
2026-09-07 08:01:49,523 [DEBUG] core.settings: settings.set helper_marker_len_mm = 2.0
2026-09-07 08:01:49,523 [DEBUG] core.settings: settings.set helper_marker_per_patch = 3
2026-09-07 08:01:49,523 [DEBUG] core.settings: settings.set helper_markers_top_bottom = True
2026-09-07 08:01:49,523 [DEBUG] core.settings: settings.set helper_markers_sides = True
2026-09-07 08:01:50,184 [INFO] ui.tabs.tab_chart: chart build (Generate Chart) in manual: patch set targen | manual panel: A4, 0x0 grid, margins T33.0 R6.0 B10.0 L6.0
2026-09-07 08:01:50,188 [DEBUG] core.settings: settings.set session_ti3_path = ''
2026-09-07 08:01:50,188 [DEBUG] core.settings: settings.set session_icc_path = ''
2026-09-07 08:01:50,188 [DEBUG] core.settings: settings.set session_cal_ti3_path = ''
2026-09-07 08:01:50,190 [DEBUG] core.file_manager: Target name set to: A2-Instruments (root /Users/Basti/ChromIQ-assessment/A2-Instruments)
2026-09-07 08:01:50,191 [INFO] core.file_manager: opened the EXISTING project at /Users/Basti/ChromIQ-assessment/A2-Instruments (1 run(s) on disk)
2026-09-07 08:01:50,243 [INFO] workflow.chart_creator: Chart generation: 224 patches, instrument=CM paper=A4 disable_lb=True
2026-09-07 08:01:50,243 [INFO] workflow.chart_creator: targen args: ['-v', '-d2', '-f224', '-e2', '-B2', '-G', '-g13', 'A2-Instruments']
2026-09-07 08:01:50,243 [INFO] core.argyll_runner: Run: /Applications/Argyll/bin/targen -v -d2 -f224 -e2 -B2 -G -g13 A2-Instruments  [cwd=/Users/Basti/ChromIQ-assessment/A2-Instruments/runs/run1]
2026-09-07 08:01:50,316 [DEBUG] core.argyll_runner: [argyll] iRGB test chart
2026-09-07 08:01:50,317 [DEBUG] core.argyll_runner: [argyll] White patches = 2
2026-09-07 08:01:50,317 [DEBUG] core.argyll_runner: [argyll] Black patches = 2
2026-09-07 08:01:50,317 [DEBUG] core.argyll_runner: [argyll] Composite Grey steps = 13
2026-09-07 08:01:50,317 [DEBUG] core.argyll_runner: [argyll] Full spread patches = 224
2026-09-07 08:01:50,317 [DEBUG] core.argyll_runner: [argyll] Degree of adaptation: 0.100
2026-09-07 08:01:50,317 [DEBUG] core.argyll_runner: [argyll] Adaptation weights: Device = 0.935, Perceptual = 0.065, Curvature = 0.010
2026-09-07 08:01:50,318 [DEBUG] core.argyll_runner: [argyll] Perceptual cache resolution = 7
2026-09-07 08:01:50,318 [DEBUG] core.argyll_runner: [argyll] Seeding cache...done
2026-09-07 08:01:50,318 [DEBUG] core.argyll_runner: [argyll] Acceleration grid res = 7
2026-09-07 08:01:50,318 [DEBUG] core.argyll_runner: [argyll] 
2026-09-07 08:01:50,318 [DEBUG] core.argyll_runner: [argyll] There are 13 unique fixed points to add (15 total fixed points)
2026-09-07 08:01:50,319 [DEBUG] core.argyll_runner: [argyll] There are 209 far spread points to add
2026-09-07 08:01:50,319 [DEBUG] core.argyll_runner: [argyll] 
2026-09-07 08:01:50,319 [DEBUG] core.argyll_runner: [argyll] Added 12/222
2026-09-07 08:01:50,319 [DEBUG] core.argyll_runner: [argyll] Added 23/222
2026-09-07 08:01:50,319 [DEBUG] core.argyll_runner: [argyll] Added 34/222
2026-09-07 08:01:50,320 [DEBUG] core.argyll_runner: [argyll] Added 45/222
2026-09-07 08:01:50,320 [DEBUG] core.argyll_runner: [argyll] Added 56/222
2026-09-07 08:01:50,321 [DEBUG] core.argyll_runner: [argyll] Added 67/222
2026-09-07 08:01:50,321 [DEBUG] core.argyll_runner: [argyll] Added 78/222
2026-09-07 08:01:50,322 [DEBUG] core.argyll_runner: [argyll] Added 89/222
2026-09-07 08:01:50,323 [DEBUG] core.argyll_runner: [argyll] Added 100/222
2026-09-07 08:01:50,324 [DEBUG] core.argyll_runner: [argyll] Added 111/222
2026-09-07 08:01:50,325 [DEBUG] core.argyll_runner: [argyll] Added 122/222
2026-09-07 08:01:50,327 [DEBUG] core.argyll_runner: [argyll] Added 133/222
2026-09-07 08:01:50,360 [DEBUG] core.argyll_runner: [argyll] 
2026-09-07 08:01:50,361 [DEBUG] core.argyll_runner: [argyll] Added 144/222
2026-09-07 08:01:50,361 [DEBUG] core.argyll_runner: [argyll] Added 155/222
2026-09-07 08:01:50,361 [DEBUG] core.argyll_runner: [argyll] Added 166/222
2026-09-07 08:01:50,361 [DEBUG] core.argyll_runner: [argyll] Added 177/222
2026-09-07 08:01:50,362 [DEBUG] core.argyll_runner: [argyll] Added 188/222
2026-09-07 08:01:50,362 [DEBUG] core.argyll_runner: [argyll] Added 199/222
2026-09-07 08:01:50,363 [DEBUG] core.argyll_runner: [argyll] Added 210/222
2026-09-07 08:01:50,364 [DEBUG] core.argyll_runner: [argyll] Added 221/222
2026-09-07 08:01:50,365 [DEBUG] core.argyll_runner: [argyll] Added 222/222
2026-09-07 08:01:50,683 [DEBUG] core.argyll_runner: [argyll] 
2026-09-07 08:01:50,683 [DEBUG] core.argyll_runner: [argyll] After seeding points: MinPoint = 5.993, Min = 5.278, Avg. = 14.646, Max = 18.649, 0.0 secs
2026-09-07 08:01:50,684 [DEBUG] core.argyll_runner: [argyll] Re-seeding
2026-09-07 08:01:50,684 [DEBUG] core.argyll_runner: [argyll] It 1: Maxmv = 0.134966, MinPoint = 4.018, Min = 8.371, Avg. = 14.768, Max = 19.737, 0.0 secs.
2026-09-07 08:01:50,684 [DEBUG] core.argyll_runner: [argyll] Re-seeding
2026-09-07 08:01:50,684 [DEBUG] core.argyll_runner: [argyll] It 2: Maxmv = 0.128888, MinPoint = 8.052, Min = 9.218, Avg. = 14.604, Max = 19.624, 0.0 secs.
2026-09-07 08:01:50,685 [DEBUG] core.argyll_runner: [argyll] Re-seeding
2026-09-07 08:01:50,685 [DEBUG] core.argyll_runner: [argyll] It 3: Maxmv = 0.100789, MinPoint = 8.661, Min = 8.739, Avg. = 14.516, Max = 19.599, 0.0 secs.
2026-09-07 08:01:50,685 [DEBUG] core.argyll_runner: [argyll] Re-seeding
2026-09-07 08:01:50,686 [DEBUG] core.argyll_runner: [argyll] It 4: Maxmv = 0.083992, MinPoint = 9.626, Min = 9.514, Avg. = 14.490, Max = 18.343, 0.0 secs.
2026-09-07 08:01:50,686 [DEBUG] core.argyll_runner: [argyll] Re-seeding
2026-09-07 08:01:50,686 [DEBUG] core.argyll_runner: [argyll] It 5: Maxmv = 0.085516, MinPoint = 8.632, Min = 9.011, Avg. = 14.397, Max = 18.990, 0.0 secs.
2026-09-07 08:01:50,686 [DEBUG] core.argyll_runner: [argyll] Re-seeding
2026-09-07 08:01:50,687 [DEBUG] core.argyll_runner: [argyll] It 6: Maxmv = 0.075708, MinPoint = 8.398, Min = 8.318, Avg. = 14.295, Max = 17.989, 0.0 secs.
2026-09-07 08:01:50,687 [DEBUG] core.argyll_runner: [argyll] Re-seeding
2026-09-07 08:01:50,687 [DEBUG] core.argyll_runner: [argyll] It 7: Maxmv = 0.066094, MinPoint = 9.869, Min = 8.733, Avg. = 14.220, Max = 18.399, 0.0 secs.
2026-09-07 08:01:50,687 [DEBUG] core.argyll_runner: [argyll] Re-seeding
2026-09-07 08:01:50,688 [DEBUG] core.argyll_runner: [argyll] It 8: Maxmv = 0.063258, MinPoint = 11.763, Min = 8.035, Avg. = 14.211, Max = 18.289, 0.0 secs.
2026-09-07 08:01:50,688 [DEBUG] core.argyll_runner: [argyll] Re-seeding
2026-09-07 08:01:50,688 [DEBUG] core.argyll_runner: [argyll] It 9: Maxmv = 0.055391, MinPoint = 10.079, Min = 8.588, Avg. = 14.117, Max = 17.564, 0.0 secs.
2026-09-07 08:01:50,688 [DEBUG] core.argyll_runner: [argyll] Re-seeding
2026-09-07 08:01:50,689 [DEBUG] core.argyll_runner: [argyll] It 10: Maxmv = 0.047039, MinPoint = 12.980, Min = 8.539, Avg. = 14.123, Max = 17.755, 0.0 secs.
2026-09-07 08:01:50,689 [DEBUG] core.argyll_runner: [argyll] Re-seeding
2026-09-07 08:01:50,689 [DEBUG] core.argyll_runner: [argyll] It 11: Maxmv = 0.043846, MinPoint = 11.627, Min = 7.772, Avg. = 14.096, Max = 17.436, 0.0 secs.
2026-09-07 08:01:50,689 [DEBUG] core.argyll_runner: [argyll] Re-seeding
2026-09-07 08:01:50,690 [DEBUG] core.argyll_runner: [argyll] It 12: Maxmv = 0.032926, MinPoint = 13.250, Min = 8.902, Avg. = 14.065, Max = 17.373, 0.0 secs.
2026-09-07 08:01:50,690 [DEBUG] core.argyll_runner: [argyll] Re-seeding
2026-09-07 08:01:50,690 [DEBUG] core.argyll_runner: [argyll] It 13: Maxmv = 0.028237, MinPoint = 13.085, Min = 9.097, Avg. = 14.069, Max = 16.863, 0.0 secs.
2026-09-07 08:01:50,690 [DEBUG] core.argyll_runner: [argyll] Re-seeding
2026-09-07 08:01:50,691 [DEBUG] core.argyll_runner: [argyll] It 14: Maxmv = 0.024043, MinPoint = 12.405, Min = 10.040, Avg. = 14.057, Max = 16.933, 0.0 secs.
2026-09-07 08:01:50,691 [DEBUG] core.argyll_runner: [argyll] Re-seeding
2026-09-07 08:01:50,691 [DEBUG] core.argyll_runner: [argyll] It 15: Maxmv = 0.018583, MinPoint = 13.096, Min = 10.620, Avg. = 14.052, Max = 16.815, 0.0 secs.
2026-09-07 08:01:50,691 [DEBUG] core.argyll_runner: [argyll] Re-seeding
2026-09-07 08:01:50,692 [DEBUG] core.argyll_runner: [argyll] It 16: Maxmv = 0.015112, MinPoint = 13.020, Min = 10.777, Avg. = 14.048, Max = 16.782, 0.0 secs.
2026-09-07 08:01:50,692 [DEBUG] core.argyll_runner: [argyll] Re-seeding
2026-09-07 08:01:50,692 [DEBUG] core.argyll_runner: [argyll] It 17: Maxmv = 0.011475, MinPoint = 12.921, Min = 10.840, Avg. = 14.047, Max = 16.708, 0.0 secs.
2026-09-07 08:01:50,692 [DEBUG] core.argyll_runner: [argyll] Re-seeding
2026-09-07 08:01:50,693 [DEBUG] core.argyll_runner: [argyll] It 18: Maxmv = 0.005375, MinPoint = 12.959, Min = 10.959, Avg. = 14.037, Max = 16.780, 0.0 secs.
2026-09-07 08:01:50,693 [DEBUG] core.argyll_runner: [argyll] Re-seeding
2026-09-07 08:01:50,693 [DEBUG] core.argyll_runner: [argyll] It 19: Maxmv = 0.002495, MinPoint = 13.043, Min = 10.991, Avg. = 14.030, Max = 16.762, 0.0 secs.
2026-09-07 08:01:50,693 [DEBUG] core.argyll_runner: [argyll] Re-seeding
2026-09-07 08:01:50,694 [DEBUG] core.argyll_runner: [argyll] It 20: Maxmv = 0.002126, MinPoint = 12.804, Min = 11.005, Avg. = 14.030, Max = 16.718, 0.0 secs.
2026-09-07 08:01:50,694 [DEBUG] core.argyll_runner: [argyll] After optimization: MinPoint = 12.804, Min = 11.005, Avg. = 14.030, Max = 16.718
2026-09-07 08:01:50,694 [DEBUG] core.argyll_runner: [argyll] Total number of patches = 224
2026-09-07 08:01:50,695 [DEBUG] core.argyll_runner: [argyll] Execution time = 0.367223 seconds
2026-09-07 08:01:50,695 [INFO] core.argyll_runner: ArgyllRunner: finished with code 0
2026-09-07 08:01:50,982 [DEBUG] workflow.chart_creator: Wrote channel sidecar A2-Instruments.channels.json: ['r', 'g', 'b']
2026-09-07 08:01:51,065 [DEBUG] ui.tiff_preview: TiffPreview: loaded 1 page(s)
2026-09-07 08:01:51,065 [INFO] ui.tabs.tab_chart: Preview loaded: 1 TIFF(s)
2026-09-07 08:01:51,108 [DEBUG] ui.tiff_preview: TiffPreview: loaded 1 page(s)
2026-09-07 08:01:51,109 [DEBUG] ui.tiff_preview: TiffPreview: loaded 1 page(s)
2026-09-07 08:01:51,113 [DEBUG] ui.tabs.tab_chart: create-chart settings written for run1 (40 parameters + ui state)
2026-09-07 08:01:52,648 [INFO] assess:   shot Screenshots/A2-instruments/CM-high-A4-preview.png  (2232x1136)
2026-09-07 08:01:52,648 [INFO] assess: [CM-high-A4] ok=True 3.9s est_before={'total': 224, 'fillup': 0, 'page_patches': 224, 'rows': 16, 'cols': 14, 'pages': 1, 'patch': (14.14, 14.81), 'pitch': None} actual={'total': 224, 'fillup': 0, 'page_patches': 224, 'rows': 16, 'cols': 14, 'pages': 1, 'patch': (14.14, 14.73), 'pitch': None} status='Margins: OK' eng=['[ChromIQ layout engine] Drawing the pages. This part runs in one go and cannot be stopped, so the window will not respond until it is finished.', '[ChromIQ layout engine] 224 patches (16×14), 1 page, random start 2122519248']
2026-09-07 08:01:52,649 [INFO] assess:   json Test Runs/logs/d02_matrix.json
2026-09-07 08:01:52,649 [INFO] assess:   armed: dialog ~'scanner' -> click 'OK' hex heads-up (hex modes only)
2026-09-07 08:01:52,649 [INFO] assess:   armed: dialog ~'quite fill' -> click 'OK' last page hint
2026-09-07 08:01:52,649 [INFO] assess:   armed: dialog ~'already' -> click 'Continue this project' S4.7 on 2nd+ build
2026-09-07 08:01:53,423 [DEBUG] core.settings: settings.set helper_markers_show = False
2026-09-07 08:01:53,423 [DEBUG] core.settings: settings.set helper_marker_edge_mm = 2.0
2026-09-07 08:01:53,423 [DEBUG] core.settings: settings.set helper_marker_len_mm = 2.0
2026-09-07 08:01:53,423 [DEBUG] core.settings: settings.set helper_marker_per_patch = 3
2026-09-07 08:01:53,423 [DEBUG] core.settings: settings.set helper_markers_top_bottom = True
2026-09-07 08:01:53,423 [DEBUG] core.settings: settings.set helper_markers_sides = True
2026-09-07 08:01:54,091 [INFO] ui.tabs.tab_chart: chart build (Generate Chart) in manual: patch set targen | manual panel: A4R, 0x0 grid, margins T33.0 R6.0 B10.0 L6.0
2026-09-07 08:01:54,095 [DEBUG] core.settings: settings.set session_ti3_path = ''
2026-09-07 08:01:54,095 [DEBUG] core.settings: settings.set session_icc_path = ''
2026-09-07 08:01:54,095 [DEBUG] core.settings: settings.set session_cal_ti3_path = ''
2026-09-07 08:01:54,097 [DEBUG] core.file_manager: Target name set to: A2-Instruments (root /Users/Basti/ChromIQ-assessment/A2-Instruments)
2026-09-07 08:01:54,098 [INFO] core.file_manager: opened the EXISTING project at /Users/Basti/ChromIQ-assessment/A2-Instruments (1 run(s) on disk)
2026-09-07 08:01:54,147 [INFO] workflow.chart_creator: Chart generation: 200 patches, instrument=CM paper=A4R disable_lb=True
2026-09-07 08:01:54,147 [INFO] workflow.chart_creator: targen args: ['-v', '-d2', '-f200', '-e2', '-B2', '-G', '-g11', 'A2-Instruments']
2026-09-07 08:01:54,147 [INFO] core.argyll_runner: Run: /Applications/Argyll/bin/targen -v -d2 -f200 -e2 -B2 -G -g11 A2-Instruments  [cwd=/Users/Basti/ChromIQ-assessment/A2-Instruments/runs/run1]
2026-09-07 08:01:54,219 [DEBUG] core.argyll_runner: [argyll] iRGB test chart
2026-09-07 08:01:54,220 [DEBUG] core.argyll_runner: [argyll] White patches = 2
2026-09-07 08:01:54,220 [DEBUG] core.argyll_runner: [argyll] Black patches = 2
2026-09-07 08:01:54,220 [DEBUG] core.argyll_runner: [argyll] Composite Grey steps = 11
2026-09-07 08:01:54,220 [DEBUG] core.argyll_runner: [argyll] Full spread patches = 200
2026-09-07 08:01:54,220 [DEBUG] core.argyll_runner: [argyll] Degree of adaptation: 0.100
2026-09-07 08:01:54,220 [DEBUG] core.argyll_runner: [argyll] Adaptation weights: Device = 0.935, Perceptual = 0.065, Curvature = 0.010
2026-09-07 08:01:54,221 [DEBUG] core.argyll_runner: [argyll] Perceptual cache resolution = 7
2026-09-07 08:01:54,221 [DEBUG] core.argyll_runner: [argyll] Seeding cache...done
2026-09-07 08:01:54,221 [DEBUG] core.argyll_runner: [argyll] Acceleration grid res = 6
2026-09-07 08:01:54,221 [DEBUG] core.argyll_runner: [argyll] 
2026-09-07 08:01:54,221 [DEBUG] core.argyll_runner: [argyll] There are 11 unique fixed points to add (13 total fixed points)
2026-09-07 08:01:54,222 [DEBUG] core.argyll_runner: [argyll] There are 187 far spread points to add
2026-09-07 08:01:54,222 [DEBUG] core.argyll_runner: [argyll] 
2026-09-07 08:01:54,222 [DEBUG] core.argyll_runner: [argyll] Added 12/198
2026-09-07 08:01:54,222 [DEBUG] core.argyll_runner: [argyll] Added 23/198
2026-09-07 08:01:54,222 [DEBUG] core.argyll_runner: [argyll] Added 34/198
2026-09-07 08:01:54,223 [DEBUG] core.argyll_runner: [argyll] Added 45/198
2026-09-07 08:01:54,223 [DEBUG] core.argyll_runner: [argyll] Added 56/198
2026-09-07 08:01:54,224 [DEBUG] core.argyll_runner: [argyll] Added 67/198
2026-09-07 08:01:54,224 [DEBUG] core.argyll_runner: [argyll] Added 78/198
2026-09-07 08:01:54,225 [DEBUG] core.argyll_runner: [argyll] Added 89/198
2026-09-07 08:01:54,226 [DEBUG] core.argyll_runner: [argyll] Added 100/198
2026-09-07 08:01:54,227 [DEBUG] core.argyll_runner: [argyll] Added 111/198
2026-09-07 08:01:54,228 [DEBUG] core.argyll_runner: [argyll] Added 122/198
2026-09-07 08:01:54,230 [DEBUG] core.argyll_runner: [argyll] Added 133/198
2026-09-07 08:01:54,231 [DEBUG] core.argyll_runner: [argyll] Added 144/198
2026-09-07 08:01:54,263 [DEBUG] core.argyll_runner: [argyll] 
2026-09-07 08:01:54,264 [DEBUG] core.argyll_runner: [argyll] Added 155/198
2026-09-07 08:01:54,264 [DEBUG] core.argyll_runner: [argyll] Added 166/198
2026-09-07 08:01:54,264 [DEBUG] core.argyll_runner: [argyll] Added 177/198
2026-09-07 08:01:54,265 [DEBUG] core.argyll_runner: [argyll] Added 188/198
2026-09-07 08:01:54,265 [DEBUG] core.argyll_runner: [argyll] Added 198/198
2026-09-07 08:01:54,536 [DEBUG] core.argyll_runner: [argyll] 
2026-09-07 08:01:54,536 [DEBUG] core.argyll_runner: [argyll] After seeding points: MinPoint = 8.769, Min = 5.983, Avg. = 15.182, Max = 18.543, 0.0 secs
2026-09-07 08:01:54,536 [DEBUG] core.argyll_runner: [argyll] Re-seeding
2026-09-07 08:01:54,536 [DEBUG] core.argyll_runner: [argyll] It 1: Maxmv = 0.138167, MinPoint = 4.633, Min = 8.419, Avg. = 15.174, Max = 20.513, 0.0 secs.
2026-09-07 08:01:54,537 [DEBUG] core.argyll_runner: [argyll] Re-seeding
2026-09-07 08:01:54,537 [DEBUG] core.argyll_runner: [argyll] It 2: Maxmv = 0.103548, MinPoint = 5.084, Min = 7.984, Avg. = 15.032, Max = 18.910, 0.0 secs.
2026-09-07 08:01:54,537 [DEBUG] core.argyll_runner: [argyll] Re-seeding
2026-09-07 08:01:54,537 [DEBUG] core.argyll_runner: [argyll] It 3: Maxmv = 0.109479, MinPoint = 8.395, Min = 9.707, Avg. = 15.076, Max = 19.694, 0.0 secs.
2026-09-07 08:01:54,538 [DEBUG] core.argyll_runner: [argyll] Re-seeding
2026-09-07 08:01:54,538 [DEBUG] core.argyll_runner: [argyll] It 4: Maxmv = 0.115278, MinPoint = 7.836, Min = 8.500, Avg. = 14.865, Max = 18.536, 0.0 secs.
2026-09-07 08:01:54,538 [DEBUG] core.argyll_runner: [argyll] Re-seeding
2026-09-07 08:01:54,538 [DEBUG] core.argyll_runner: [argyll] It 5: Maxmv = 0.087370, MinPoint = 10.585, Min = 10.509, Avg. = 14.878, Max = 18.412, 0.0 secs.
2026-09-07 08:01:54,539 [DEBUG] core.argyll_runner: [argyll] Re-seeding
2026-09-07 08:01:54,539 [DEBUG] core.argyll_runner: [argyll] It 6: Maxmv = 0.083907, MinPoint = 10.949, Min = 10.616, Avg. = 14.825, Max = 18.836, 0.0 secs.
2026-09-07 08:01:54,539 [DEBUG] core.argyll_runner: [argyll] Re-seeding
2026-09-07 08:01:54,539 [DEBUG] core.argyll_runner: [argyll] It 7: Maxmv = 0.067434, MinPoint = 13.313, Min = 9.743, Avg. = 14.750, Max = 18.542, 0.0 secs.
2026-09-07 08:01:54,540 [DEBUG] core.argyll_runner: [argyll] Re-seeding
2026-09-07 08:01:54,540 [DEBUG] core.argyll_runner: [argyll] It 8: Maxmv = 0.065064, MinPoint = 12.929, Min = 10.986, Avg. = 14.704, Max = 18.360, 0.0 secs.
2026-09-07 08:01:54,540 [DEBUG] core.argyll_runner: [argyll] Re-seeding
2026-09-07 08:01:54,540 [DEBUG] core.argyll_runner: [argyll] It 9: Maxmv = 0.047631, MinPoint = 13.715, Min = 10.992, Avg. = 14.734, Max = 18.587, 0.0 secs.
2026-09-07 08:01:54,541 [DEBUG] core.argyll_runner: [argyll] Re-seeding
2026-09-07 08:01:54,541 [DEBUG] core.argyll_runner: [argyll] It 10: Maxmv = 0.041882, MinPoint = 13.769, Min = 11.073, Avg. = 14.695, Max = 18.599, 0.0 secs.
2026-09-07 08:01:54,541 [DEBUG] core.argyll_runner: [argyll] Re-seeding
2026-09-07 08:01:54,541 [DEBUG] core.argyll_runner: [argyll] It 11: Maxmv = 0.037465, MinPoint = 14.698, Min = 10.760, Avg. = 14.676, Max = 17.853, 0.0 secs.
2026-09-07 08:01:54,542 [DEBUG] core.argyll_runner: [argyll] Re-seeding
2026-09-07 08:01:54,542 [DEBUG] core.argyll_runner: [argyll] It 12: Maxmv = 0.031772, MinPoint = 14.378, Min = 11.240, Avg. = 14.660, Max = 17.470, 0.0 secs.
2026-09-07 08:01:54,542 [DEBUG] core.argyll_runner: [argyll] Re-seeding
2026-09-07 08:01:54,542 [DEBUG] core.argyll_runner: [argyll] It 13: Maxmv = 0.027365, MinPoint = 15.362, Min = 10.913, Avg. = 14.645, Max = 17.788, 0.0 secs.
2026-09-07 08:01:54,543 [DEBUG] core.argyll_runner: [argyll] Re-seeding
2026-09-07 08:01:54,543 [DEBUG] core.argyll_runner: [argyll] It 14: Maxmv = 0.023704, MinPoint = 13.993, Min = 11.236, Avg. = 14.645, Max = 17.389, 0.0 secs.
2026-09-07 08:01:54,543 [DEBUG] core.argyll_runner: [argyll] Re-seeding
2026-09-07 08:01:54,543 [DEBUG] core.argyll_runner: [argyll] It 15: Maxmv = 0.020508, MinPoint = 14.943, Min = 11.315, Avg. = 14.630, Max = 17.417, 0.0 secs.
2026-09-07 08:01:54,544 [DEBUG] core.argyll_runner: [argyll] Re-seeding
2026-09-07 08:01:54,544 [DEBUG] core.argyll_runner: [argyll] It 16: Maxmv = 0.015147, MinPoint = 15.605, Min = 11.048, Avg. = 14.627, Max = 17.246, 0.0 secs.
2026-09-07 08:01:54,544 [DEBUG] core.argyll_runner: [argyll] Re-seeding
2026-09-07 08:01:54,544 [DEBUG] core.argyll_runner: [argyll] It 17: Maxmv = 0.009507, MinPoint = 15.528, Min = 11.263, Avg. = 14.637, Max = 17.198, 0.0 secs.
2026-09-07 08:01:54,545 [DEBUG] core.argyll_runner: [argyll] Re-seeding
2026-09-07 08:01:54,545 [DEBUG] core.argyll_runner: [argyll] It 18: Maxmv = 0.006160, MinPoint = 15.238, Min = 11.269, Avg. = 14.641, Max = 17.265, 0.0 secs.
2026-09-07 08:01:54,545 [DEBUG] core.argyll_runner: [argyll] Re-seeding
2026-09-07 08:01:54,545 [DEBUG] core.argyll_runner: [argyll] It 19: Maxmv = 0.002993, MinPoint = 15.101, Min = 11.252, Avg. = 14.640, Max = 17.226, 0.0 secs.
2026-09-07 08:01:54,546 [DEBUG] core.argyll_runner: [argyll] Re-seeding
2026-09-07 08:01:54,546 [DEBUG] core.argyll_runner: [argyll] It 20: Maxmv = 0.002418, MinPoint = 15.175, Min = 11.234, Avg. = 14.642, Max = 17.248, 0.0 secs.
2026-09-07 08:01:54,546 [DEBUG] core.argyll_runner: [argyll] After optimization: MinPoint = 15.175, Min = 11.234, Avg. = 14.642, Max = 17.248
2026-09-07 08:01:54,547 [DEBUG] core.argyll_runner: [argyll] Total number of patches = 200
2026-09-07 08:01:54,547 [DEBUG] core.argyll_runner: [argyll] Execution time = 0.319793 seconds
2026-09-07 08:01:54,547 [INFO] core.argyll_runner: ArgyllRunner: finished with code 0
2026-09-07 08:01:54,930 [DEBUG] workflow.chart_creator: Wrote channel sidecar A2-Instruments.channels.json: ['r', 'g', 'b']
2026-09-07 08:01:55,013 [DEBUG] ui.tiff_preview: TiffPreview: loaded 1 page(s)
2026-09-07 08:01:55,014 [INFO] ui.tabs.tab_chart: Preview loaded: 1 TIFF(s)
2026-09-07 08:01:55,056 [DEBUG] ui.tiff_preview: TiffPreview: loaded 1 page(s)
2026-09-07 08:01:55,057 [DEBUG] ui.tiff_preview: TiffPreview: loaded 1 page(s)
2026-09-07 08:01:55,061 [DEBUG] ui.tabs.tab_chart: create-chart settings written for run1 (40 parameters + ui state)
2026-09-07 08:01:56,671 [INFO] assess:   shot Screenshots/A2-instruments/CM-high-A4R-preview.png  (2232x1136)
2026-09-07 08:01:56,671 [INFO] assess: [CM-high-A4R] ok=True 4.0s est_before={'total': 200, 'fillup': 0, 'page_patches': 200, 'rows': 10, 'cols': 20, 'pages': 1, 'patch': (14.24, 15.6), 'pitch': None} actual={'total': 200, 'fillup': 0, 'page_patches': 200, 'rows': 10, 'cols': 20, 'pages': 1, 'patch': (14.22, 15.58), 'pitch': None} status='Margins: OK' eng=['[ChromIQ layout engine] Drawing the pages. This part runs in one go and cannot be stopped, so the window will not respond until it is finished.', '[ChromIQ layout engine] 200 patches (10×20), 1 page, random start 1593924229']
2026-09-07 08:01:56,672 [INFO] assess:   json Test Runs/logs/d02_matrix.json
2026-09-07 08:01:56,672 [INFO] assess:   armed: dialog ~'scanner' -> click 'OK' hex heads-up (hex modes only)
2026-09-07 08:01:56,672 [INFO] assess:   armed: dialog ~'quite fill' -> click 'OK' last page hint
2026-09-07 08:01:56,672 [INFO] assess:   armed: dialog ~'already' -> click 'Continue this project' S4.7 on 2nd+ build
2026-09-07 08:01:57,427 [DEBUG] core.settings: settings.set helper_markers_show = False
2026-09-07 08:01:57,427 [DEBUG] core.settings: settings.set helper_marker_edge_mm = 2.0
2026-09-07 08:01:57,427 [DEBUG] core.settings: settings.set helper_marker_len_mm = 2.0
2026-09-07 08:01:57,427 [DEBUG] core.settings: settings.set helper_marker_per_patch = 3
2026-09-07 08:01:57,427 [DEBUG] core.settings: settings.set helper_markers_top_bottom = True
2026-09-07 08:01:57,427 [DEBUG] core.settings: settings.set helper_markers_sides = True
2026-09-07 08:01:58,094 [INFO] ui.tabs.tab_chart: chart build (Generate Chart) in manual: patch set targen | manual panel: A3, 0x0 grid, margins T33.0 R6.0 B10.0 L6.0
2026-09-07 08:01:58,097 [DEBUG] core.settings: settings.set session_ti3_path = ''
2026-09-07 08:01:58,098 [DEBUG] core.settings: settings.set session_icc_path = ''
2026-09-07 08:01:58,098 [DEBUG] core.settings: settings.set session_cal_ti3_path = ''
2026-09-07 08:01:58,100 [DEBUG] core.file_manager: Target name set to: A2-Instruments (root /Users/Basti/ChromIQ-assessment/A2-Instruments)
2026-09-07 08:01:58,100 [INFO] core.file_manager: opened the EXISTING project at /Users/Basti/ChromIQ-assessment/A2-Instruments (1 run(s) on disk)
2026-09-07 08:01:58,154 [INFO] workflow.chart_creator: Chart generation: 480 patches, instrument=CM paper=A3 disable_lb=True
2026-09-07 08:01:58,154 [INFO] workflow.chart_creator: targen args: ['-v', '-d2', '-f480', '-e2', '-B2', '-G', '-g27', 'A2-Instruments']
2026-09-07 08:01:58,154 [INFO] core.argyll_runner: Run: /Applications/Argyll/bin/targen -v -d2 -f480 -e2 -B2 -G -g27 A2-Instruments  [cwd=/Users/Basti/ChromIQ-assessment/A2-Instruments/runs/run1]
2026-09-07 08:01:58,230 [DEBUG] core.argyll_runner: [argyll] iRGB test chart
2026-09-07 08:01:58,230 [DEBUG] core.argyll_runner: [argyll] White patches = 2
2026-09-07 08:01:58,230 [DEBUG] core.argyll_runner: [argyll] Black patches = 2
2026-09-07 08:01:58,230 [DEBUG] core.argyll_runner: [argyll] Composite Grey steps = 27
2026-09-07 08:01:58,230 [DEBUG] core.argyll_runner: [argyll] Full spread patches = 480
2026-09-07 08:01:58,231 [DEBUG] core.argyll_runner: [argyll] Degree of adaptation: 0.100
2026-09-07 08:01:58,231 [DEBUG] core.argyll_runner: [argyll] Adaptation weights: Device = 0.935, Perceptual = 0.065, Curvature = 0.010
2026-09-07 08:01:58,231 [DEBUG] core.argyll_runner: [argyll] Perceptual cache resolution = 9
2026-09-07 08:01:58,231 [DEBUG] core.argyll_runner: [argyll] Seeding cache...done
2026-09-07 08:01:58,231 [DEBUG] core.argyll_runner: [argyll] Acceleration grid res = 8
2026-09-07 08:01:58,231 [DEBUG] core.argyll_runner: [argyll] 
2026-09-07 08:01:58,232 [DEBUG] core.argyll_runner: [argyll] There are 27 unique fixed points to add (29 total fixed points)
2026-09-07 08:01:58,232 [DEBUG] core.argyll_runner: [argyll] There are 451 far spread points to add
2026-09-07 08:01:58,232 [DEBUG] core.argyll_runner: [argyll] 
2026-09-07 08:01:58,232 [DEBUG] core.argyll_runner: [argyll] Added 12/478
2026-09-07 08:01:58,232 [DEBUG] core.argyll_runner: [argyll] Added 23/478
2026-09-07 08:01:58,232 [DEBUG] core.argyll_runner: [argyll] Added 34/478
2026-09-07 08:01:58,233 [DEBUG] core.argyll_runner: [argyll] Added 45/478
2026-09-07 08:01:58,233 [DEBUG] core.argyll_runner: [argyll] Added 56/478
2026-09-07 08:01:58,233 [DEBUG] core.argyll_runner: [argyll] Added 67/478
2026-09-07 08:01:58,234 [DEBUG] core.argyll_runner: [argyll] Added 78/478
2026-09-07 08:01:58,267 [DEBUG] core.argyll_runner: [argyll] 
2026-09-07 08:01:58,267 [DEBUG] core.argyll_runner: [argyll] Added 89/478
2026-09-07 08:01:58,267 [DEBUG] core.argyll_runner: [argyll] Added 100/478
2026-09-07 08:01:58,268 [DEBUG] core.argyll_runner: [argyll] Added 111/478
2026-09-07 08:01:58,268 [DEBUG] core.argyll_runner: [argyll] Added 122/478
2026-09-07 08:01:58,269 [DEBUG] core.argyll_runner: [argyll] Added 133/478
2026-09-07 08:01:58,269 [DEBUG] core.argyll_runner: [argyll] Added 144/478
2026-09-07 08:01:58,270 [DEBUG] core.argyll_runner: [argyll] Added 155/478
2026-09-07 08:01:58,271 [DEBUG] core.argyll_runner: [argyll] Added 166/478
2026-09-07 08:01:58,272 [DEBUG] core.argyll_runner: [argyll] Added 177/478
2026-09-07 08:01:58,273 [DEBUG] core.argyll_runner: [argyll] Added 188/478
2026-09-07 08:01:58,274 [DEBUG] core.argyll_runner: [argyll] Added 199/478
2026-09-07 08:01:58,276 [DEBUG] core.argyll_runner: [argyll] Added 210/478
2026-09-07 08:01:58,277 [DEBUG] core.argyll_runner: [argyll] Added 221/478
2026-09-07 08:01:58,279 [DEBUG] core.argyll_runner: [argyll] Added 232/478
2026-09-07 08:01:58,281 [DEBUG] core.argyll_runner: [argyll] Added 243/478
2026-09-07 08:01:58,282 [DEBUG] core.argyll_runner: [argyll] Added 254/478
2026-09-07 08:01:58,284 [DEBUG] core.argyll_runner: [argyll] Added 265/478
2026-09-07 08:01:58,287 [DEBUG] core.argyll_runner: [argyll] Added 276/478
2026-09-07 08:01:58,289 [DEBUG] core.argyll_runner: [argyll] Added 287/478
2026-09-07 08:01:58,291 [DEBUG] core.argyll_runner: [argyll] Added 298/478
2026-09-07 08:01:58,294 [DEBUG] core.argyll_runner: [argyll] Added 309/478
2026-09-07 08:01:58,296 [DEBUG] core.argyll_runner: [argyll] Added 320/478
2026-09-07 08:01:58,299 [DEBUG] core.argyll_runner: [argyll] Added 331/478
2026-09-07 08:01:58,302 [DEBUG] core.argyll_runner: [argyll] Added 342/478
2026-09-07 08:01:58,305 [DEBUG] core.argyll_runner: [argyll] Added 353/478
2026-09-07 08:01:58,308 [DEBUG] core.argyll_runner: [argyll] Added 364/478
2026-09-07 08:01:58,312 [DEBUG] core.argyll_runner: [argyll] Added 375/478
2026-09-07 08:01:58,315 [DEBUG] core.argyll_runner: [argyll] Added 386/478
2026-09-07 08:01:58,319 [DEBUG] core.argyll_runner: [argyll] Added 397/478
2026-09-07 08:01:58,322 [DEBUG] core.argyll_runner: [argyll] Added 408/478
2026-09-07 08:01:58,327 [DEBUG] core.argyll_runner: [argyll] Added 419/478
2026-09-07 08:01:58,331 [DEBUG] core.argyll_runner: [argyll] Added 430/478
2026-09-07 08:01:58,335 [DEBUG] core.argyll_runner: [argyll] Added 441/478
2026-09-07 08:01:58,339 [DEBUG] core.argyll_runner: [argyll] Added 452/478
2026-09-07 08:01:58,344 [DEBUG] core.argyll_runner: [argyll] Added 463/478
2026-09-07 08:01:58,348 [DEBUG] core.argyll_runner: [argyll] Added 474/478
2026-09-07 08:01:58,353 [DEBUG] core.argyll_runner: [argyll] Added 478/478
2026-09-07 08:01:59,084 [DEBUG] core.argyll_runner: [argyll] 
2026-09-07 08:01:59,085 [DEBUG] core.argyll_runner: [argyll] After seeding points: MinPoint = 5.666, Min = 4.185, Avg. = 11.168, Max = 14.044, 0.1 secs
2026-09-07 08:01:59,085 [DEBUG] core.argyll_runner: [argyll] Re-seeding
2026-09-07 08:01:59,086 [DEBUG] core.argyll_runner: [argyll] It 1: Maxmv = 0.107639, MinPoint = 3.526, Min = 5.597, Avg. = 11.148, Max = 14.972, 0.0 secs.
2026-09-07 08:01:59,086 [DEBUG] core.argyll_runner: [argyll] Re-seeding
2026-09-07 08:01:59,086 [DEBUG] core.argyll_runner: [argyll] It 2: Maxmv = 0.094468, MinPoint = 4.868, Min = 5.889, Avg. = 11.055, Max = 14.274, 0.0 secs.
2026-09-07 08:01:59,086 [DEBUG] core.argyll_runner: [argyll] Re-seeding
2026-09-07 08:01:59,087 [DEBUG] core.argyll_runner: [argyll] It 3: Maxmv = 0.083529, MinPoint = 5.435, Min = 5.889, Avg. = 11.014, Max = 14.614, 0.0 secs.
2026-09-07 08:01:59,087 [DEBUG] core.argyll_runner: [argyll] Re-seeding
2026-09-07 08:01:59,087 [DEBUG] core.argyll_runner: [argyll] It 4: Maxmv = 0.081415, MinPoint = 3.016, Min = 5.889, Avg. = 10.946, Max = 14.010, 0.0 secs.
2026-09-07 08:01:59,087 [DEBUG] core.argyll_runner: [argyll] Re-seeding
2026-09-07 08:01:59,087 [DEBUG] core.argyll_runner: [argyll] It 5: Maxmv = 0.086285, MinPoint = 6.405, Min = 5.889, Avg. = 10.897, Max = 13.972, 0.0 secs.
2026-09-07 08:01:59,088 [DEBUG] core.argyll_runner: [argyll] Re-seeding
2026-09-07 08:01:59,088 [DEBUG] core.argyll_runner: [argyll] It 6: Maxmv = 0.067860, MinPoint = 6.405, Min = 5.889, Avg. = 10.845, Max = 14.309, 0.0 secs.
2026-09-07 08:01:59,088 [DEBUG] core.argyll_runner: [argyll] Re-seeding
2026-09-07 08:01:59,088 [DEBUG] core.argyll_runner: [argyll] It 7: Maxmv = 0.061404, MinPoint = 6.405, Min = 5.889, Avg. = 10.805, Max = 13.617, 0.0 secs.
2026-09-07 08:01:59,089 [DEBUG] core.argyll_runner: [argyll] Re-seeding
2026-09-07 08:01:59,089 [DEBUG] core.argyll_runner: [argyll] It 8: Maxmv = 0.048433, MinPoint = 6.405, Min = 5.889, Avg. = 10.764, Max = 13.341, 0.0 secs.
2026-09-07 08:01:59,089 [DEBUG] core.argyll_runner: [argyll] Re-seeding
2026-09-07 08:01:59,089 [DEBUG] core.argyll_runner: [argyll] It 9: Maxmv = 0.047239, MinPoint = 6.405, Min = 5.889, Avg. = 10.739, Max = 13.448, 0.0 secs.
2026-09-07 08:01:59,090 [DEBUG] core.argyll_runner: [argyll] Re-seeding
2026-09-07 08:01:59,090 [DEBUG] core.argyll_runner: [argyll] It 10: Maxmv = 0.033376, MinPoint = 6.405, Min = 5.889, Avg. = 10.718, Max = 13.081, 0.0 secs.
2026-09-07 08:01:59,090 [DEBUG] core.argyll_runner: [argyll] Re-seeding
2026-09-07 08:01:59,090 [DEBUG] core.argyll_runner: [argyll] It 11: Maxmv = 0.029860, MinPoint = 6.405, Min = 5.889, Avg. = 10.709, Max = 12.960, 0.0 secs.
2026-09-07 08:01:59,090 [DEBUG] core.argyll_runner: [argyll] Re-seeding
2026-09-07 08:01:59,091 [DEBUG] core.argyll_runner: [argyll] It 12: Maxmv = 0.023800, MinPoint = 6.405, Min = 5.889, Avg. = 10.694, Max = 12.870, 0.0 secs.
2026-09-07 08:01:59,091 [DEBUG] core.argyll_runner: [argyll] Re-seeding
2026-09-07 08:01:59,091 [DEBUG] core.argyll_runner: [argyll] It 13: Maxmv = 0.022410, MinPoint = 6.405, Min = 5.889, Avg. = 10.684, Max = 12.776, 0.0 secs.
2026-09-07 08:01:59,091 [DEBUG] core.argyll_runner: [argyll] Re-seeding
2026-09-07 08:01:59,092 [DEBUG] core.argyll_runner: [argyll] It 14: Maxmv = 0.020088, MinPoint = 6.405, Min = 5.889, Avg. = 10.681, Max = 12.605, 0.0 secs.
2026-09-07 08:01:59,092 [DEBUG] core.argyll_runner: [argyll] Re-seeding
2026-09-07 08:01:59,092 [DEBUG] core.argyll_runner: [argyll] It 15: Maxmv = 0.013603, MinPoint = 6.405, Min = 5.889, Avg. = 10.675, Max = 12.551, 0.0 secs.
2026-09-07 08:01:59,092 [DEBUG] core.argyll_runner: [argyll] Re-seeding
2026-09-07 08:01:59,092 [DEBUG] core.argyll_runner: [argyll] It 16: Maxmv = 0.011414, MinPoint = 6.405, Min = 5.889, Avg. = 10.672, Max = 12.663, 0.0 secs.
2026-09-07 08:01:59,093 [DEBUG] core.argyll_runner: [argyll] Re-seeding
2026-09-07 08:01:59,093 [DEBUG] core.argyll_runner: [argyll] It 17: Maxmv = 0.007130, MinPoint = 6.405, Min = 5.889, Avg. = 10.668, Max = 12.843, 0.0 secs.
2026-09-07 08:01:59,093 [DEBUG] core.argyll_runner: [argyll] Re-seeding
2026-09-07 08:01:59,093 [DEBUG] core.argyll_runner: [argyll] It 18: Maxmv = 0.004331, MinPoint = 6.405, Min = 5.889, Avg. = 10.670, Max = 12.797, 0.0 secs.
2026-09-07 08:01:59,094 [DEBUG] core.argyll_runner: [argyll] Re-seeding
2026-09-07 08:01:59,094 [DEBUG] core.argyll_runner: [argyll] It 19: Maxmv = 0.001520, MinPoint = 6.405, Min = 5.889, Avg. = 10.671, Max = 12.837, 0.0 secs.
2026-09-07 08:01:59,094 [DEBUG] core.argyll_runner: [argyll] Re-seeding
2026-09-07 08:01:59,094 [DEBUG] core.argyll_runner: [argyll] It 20: Maxmv = 0.001456, MinPoint = 6.405, Min = 5.889, Avg. = 10.672, Max = 12.876, 0.0 secs.
2026-09-07 08:01:59,095 [DEBUG] core.argyll_runner: [argyll] After optimization: MinPoint = 6.405, Min = 5.889, Avg. = 10.672, Max = 12.876
2026-09-07 08:01:59,095 [DEBUG] core.argyll_runner: [argyll] Total number of patches = 480
2026-09-07 08:01:59,095 [DEBUG] core.argyll_runner: [argyll] Execution time = 0.875561 seconds
2026-09-07 08:01:59,107 [INFO] core.argyll_runner: ArgyllRunner: finished with code 0
2026-09-07 08:01:59,536 [DEBUG] workflow.chart_creator: Wrote channel sidecar A2-Instruments.channels.json: ['r', 'g', 'b']
2026-09-07 08:01:59,693 [DEBUG] ui.tiff_preview: TiffPreview: loaded 1 page(s)
2026-09-07 08:01:59,693 [INFO] ui.tabs.tab_chart: Preview loaded: 1 TIFF(s)
2026-09-07 08:01:59,740 [DEBUG] ui.tiff_preview: TiffPreview: loaded 1 page(s)
2026-09-07 08:01:59,742 [DEBUG] ui.tiff_preview: TiffPreview: loaded 1 page(s)
2026-09-07 08:01:59,747 [DEBUG] ui.tabs.tab_chart: create-chart settings written for run1 (40 parameters + ui state)
2026-09-07 08:02:01,872 [INFO] assess:   shot Screenshots/A2-instruments/CM-high-A3-preview.png  (2232x1136)
2026-09-07 08:02:01,873 [INFO] assess: [CM-high-A3] ok=True 5.2s est_before={'total': 480, 'fillup': 0, 'page_patches': 480, 'rows': 24, 'cols': 20, 'pages': 1, 'patch': (14.24, 14.66), 'pitch': None} actual={'total': 480, 'fillup': 0, 'page_patches': 480, 'rows': 24, 'cols': 20, 'pages': 1, 'patch': (14.22, 14.65), 'pitch': None} status='Margins: OK' eng=['[ChromIQ layout engine] Drawing the pages. This part runs in one go and cannot be stopped, so the window will not respond until it is finished.', '[ChromIQ layout engine] 480 patches (24×20), 1 page, random start 1974125706']
2026-09-07 08:02:01,875 [INFO] assess:   json Test Runs/logs/d02_matrix.json
2026-09-07 08:02:01,875 [INFO] assess:   armed: dialog ~'scanner' -> click 'OK' hex heads-up (hex modes only)
2026-09-07 08:02:01,875 [INFO] assess:   armed: dialog ~'quite fill' -> click 'OK' last page hint
2026-09-07 08:02:01,875 [INFO] assess:   armed: dialog ~'already' -> click 'Continue this project' S4.7 on 2nd+ build
2026-09-07 08:02:02,638 [DEBUG] core.settings: settings.set helper_markers_show = False
2026-09-07 08:02:02,638 [DEBUG] core.settings: settings.set helper_marker_edge_mm = 2.0
2026-09-07 08:02:02,638 [DEBUG] core.settings: settings.set helper_marker_len_mm = 2.0
2026-09-07 08:02:02,638 [DEBUG] core.settings: settings.set helper_marker_per_patch = 3
2026-09-07 08:02:02,638 [DEBUG] core.settings: settings.set helper_markers_top_bottom = True
2026-09-07 08:02:02,638 [DEBUG] core.settings: settings.set helper_markers_sides = True
2026-09-07 08:02:03,307 [INFO] ui.tabs.tab_chart: chart build (Generate Chart) in manual: patch set targen | manual panel: 420x297, 0x0 grid, margins T33.0 R6.0 B10.0 L6.0
2026-09-07 08:02:03,310 [DEBUG] core.settings: settings.set session_ti3_path = ''
2026-09-07 08:02:03,310 [DEBUG] core.settings: settings.set session_icc_path = ''
2026-09-07 08:02:03,310 [DEBUG] core.settings: settings.set session_cal_ti3_path = ''
2026-09-07 08:02:03,311 [DEBUG] core.file_manager: Target name set to: A2-Instruments (root /Users/Basti/ChromIQ-assessment/A2-Instruments)
2026-09-07 08:02:03,313 [INFO] core.file_manager: opened the EXISTING project at /Users/Basti/ChromIQ-assessment/A2-Instruments (1 run(s) on disk)
2026-09-07 08:02:03,361 [INFO] workflow.chart_creator: Chart generation: 464 patches, instrument=CM paper=420x297 disable_lb=True
2026-09-07 08:02:03,362 [INFO] workflow.chart_creator: targen args: ['-v', '-d2', '-f464', '-e2', '-B2', '-G', '-g27', 'A2-Instruments']
2026-09-07 08:02:03,362 [INFO] core.argyll_runner: Run: /Applications/Argyll/bin/targen -v -d2 -f464 -e2 -B2 -G -g27 A2-Instruments  [cwd=/Users/Basti/ChromIQ-assessment/A2-Instruments/runs/run1]
2026-09-07 08:02:03,435 [DEBUG] core.argyll_runner: [argyll] iRGB test chart
2026-09-07 08:02:03,436 [DEBUG] core.argyll_runner: [argyll] White patches = 2
2026-09-07 08:02:03,436 [DEBUG] core.argyll_runner: [argyll] Black patches = 2
2026-09-07 08:02:03,436 [DEBUG] core.argyll_runner: [argyll] Composite Grey steps = 27
2026-09-07 08:02:03,436 [DEBUG] core.argyll_runner: [argyll] Full spread patches = 464
2026-09-07 08:02:03,436 [DEBUG] core.argyll_runner: [argyll] Degree of adaptation: 0.100
2026-09-07 08:02:03,436 [DEBUG] core.argyll_runner: [argyll] Adaptation weights: Device = 0.935, Perceptual = 0.065, Curvature = 0.010
2026-09-07 08:02:03,437 [DEBUG] core.argyll_runner: [argyll] Perceptual cache resolution = 9
2026-09-07 08:02:03,437 [DEBUG] core.argyll_runner: [argyll] Seeding cache...done
2026-09-07 08:02:03,437 [DEBUG] core.argyll_runner: [argyll] Acceleration grid res = 8
2026-09-07 08:02:03,437 [DEBUG] core.argyll_runner: [argyll] 
2026-09-07 08:02:03,437 [DEBUG] core.argyll_runner: [argyll] There are 27 unique fixed points to add (29 total fixed points)
2026-09-07 08:02:03,437 [DEBUG] core.argyll_runner: [argyll] There are 435 far spread points to add
2026-09-07 08:02:03,438 [DEBUG] core.argyll_runner: [argyll] 
2026-09-07 08:02:03,438 [DEBUG] core.argyll_runner: [argyll] Added 12/462
2026-09-07 08:02:03,438 [DEBUG] core.argyll_runner: [argyll] Added 23/462
2026-09-07 08:02:03,438 [DEBUG] core.argyll_runner: [argyll] Added 34/462
2026-09-07 08:02:03,438 [DEBUG] core.argyll_runner: [argyll] Added 45/462
2026-09-07 08:02:03,439 [DEBUG] core.argyll_runner: [argyll] Added 56/462
2026-09-07 08:02:03,439 [DEBUG] core.argyll_runner: [argyll] Added 67/462
2026-09-07 08:02:03,440 [DEBUG] core.argyll_runner: [argyll] Added 78/462
2026-09-07 08:02:03,440 [DEBUG] core.argyll_runner: [argyll] Added 89/462
2026-09-07 08:02:03,441 [DEBUG] core.argyll_runner: [argyll] Added 100/462
2026-09-07 08:02:03,442 [DEBUG] core.argyll_runner: [argyll] Added 111/462
2026-09-07 08:02:03,475 [DEBUG] core.argyll_runner: [argyll] 
2026-09-07 08:02:03,475 [DEBUG] core.argyll_runner: [argyll] Added 122/462
2026-09-07 08:02:03,475 [DEBUG] core.argyll_runner: [argyll] Added 133/462
2026-09-07 08:02:03,475 [DEBUG] core.argyll_runner: [argyll] Added 144/462
2026-09-07 08:02:03,476 [DEBUG] core.argyll_runner: [argyll] Added 155/462
2026-09-07 08:02:03,476 [DEBUG] core.argyll_runner: [argyll] Added 166/462
2026-09-07 08:02:03,477 [DEBUG] core.argyll_runner: [argyll] Added 177/462
2026-09-07 08:02:03,478 [DEBUG] core.argyll_runner: [argyll] Added 188/462
2026-09-07 08:02:03,479 [DEBUG] core.argyll_runner: [argyll] Added 199/462
2026-09-07 08:02:03,480 [DEBUG] core.argyll_runner: [argyll] Added 210/462
2026-09-07 08:02:03,481 [DEBUG] core.argyll_runner: [argyll] Added 221/462
2026-09-07 08:02:03,482 [DEBUG] core.argyll_runner: [argyll] Added 232/462
2026-09-07 08:02:03,483 [DEBUG] core.argyll_runner: [argyll] Added 243/462
2026-09-07 08:02:03,485 [DEBUG] core.argyll_runner: [argyll] Added 254/462
2026-09-07 08:02:03,486 [DEBUG] core.argyll_runner: [argyll] Added 265/462
2026-09-07 08:02:03,488 [DEBUG] core.argyll_runner: [argyll] Added 276/462
2026-09-07 08:02:03,490 [DEBUG] core.argyll_runner: [argyll] Added 287/462
2026-09-07 08:02:03,492 [DEBUG] core.argyll_runner: [argyll] Added 298/462
2026-09-07 08:02:03,494 [DEBUG] core.argyll_runner: [argyll] Added 309/462
2026-09-07 08:02:03,496 [DEBUG] core.argyll_runner: [argyll] Added 320/462
2026-09-07 08:02:03,499 [DEBUG] core.argyll_runner: [argyll] Added 331/462
2026-09-07 08:02:03,501 [DEBUG] core.argyll_runner: [argyll] Added 342/462
2026-09-07 08:02:03,504 [DEBUG] core.argyll_runner: [argyll] Added 353/462
2026-09-07 08:02:03,507 [DEBUG] core.argyll_runner: [argyll] Added 364/462
2026-09-07 08:02:03,510 [DEBUG] core.argyll_runner: [argyll] Added 375/462
2026-09-07 08:02:03,513 [DEBUG] core.argyll_runner: [argyll] Added 386/462
2026-09-07 08:02:03,516 [DEBUG] core.argyll_runner: [argyll] Added 397/462
2026-09-07 08:02:03,519 [DEBUG] core.argyll_runner: [argyll] Added 408/462
2026-09-07 08:02:03,522 [DEBUG] core.argyll_runner: [argyll] Added 419/462
2026-09-07 08:02:03,526 [DEBUG] core.argyll_runner: [argyll] Added 430/462
2026-09-07 08:02:03,530 [DEBUG] core.argyll_runner: [argyll] Added 441/462
2026-09-07 08:02:03,533 [DEBUG] core.argyll_runner: [argyll] Added 452/462
2026-09-07 08:02:03,537 [DEBUG] core.argyll_runner: [argyll] Added 462/462
2026-09-07 08:02:04,253 [DEBUG] core.argyll_runner: [argyll] 
2026-09-07 08:02:04,255 [DEBUG] core.argyll_runner: [argyll] After seeding points: MinPoint = 4.430, Min = 3.722, Avg. = 11.330, Max = 14.537, 0.1 secs
2026-09-07 08:02:04,255 [DEBUG] core.argyll_runner: [argyll] Re-seeding
2026-09-07 08:02:04,255 [DEBUG] core.argyll_runner: [argyll] It 1: Maxmv = 0.102060, MinPoint = 3.465, Min = 5.458, Avg. = 11.295, Max = 15.226, 0.0 secs.
2026-09-07 08:02:04,255 [DEBUG] core.argyll_runner: [argyll] Re-seeding
2026-09-07 08:02:04,256 [DEBUG] core.argyll_runner: [argyll] It 2: Maxmv = 0.094603, MinPoint = 4.986, Min = 5.889, Avg. = 11.200, Max = 15.075, 0.0 secs.
2026-09-07 08:02:04,256 [DEBUG] core.argyll_runner: [argyll] Re-seeding
2026-09-07 08:02:04,256 [DEBUG] core.argyll_runner: [argyll] It 3: Maxmv = 0.083706, MinPoint = 5.703, Min = 5.889, Avg. = 11.157, Max = 14.514, 0.0 secs.
2026-09-07 08:02:04,256 [DEBUG] core.argyll_runner: [argyll] Re-seeding
2026-09-07 08:02:04,256 [DEBUG] core.argyll_runner: [argyll] It 4: Maxmv = 0.076139, MinPoint = 4.707, Min = 5.889, Avg. = 11.104, Max = 14.881, 0.0 secs.
2026-09-07 08:02:04,257 [DEBUG] core.argyll_runner: [argyll] Re-seeding
2026-09-07 08:02:04,257 [DEBUG] core.argyll_runner: [argyll] It 5: Maxmv = 0.072923, MinPoint = 6.405, Min = 5.889, Avg. = 11.026, Max = 14.288, 0.0 secs.
2026-09-07 08:02:04,257 [DEBUG] core.argyll_runner: [argyll] Re-seeding
2026-09-07 08:02:04,257 [DEBUG] core.argyll_runner: [argyll] It 6: Maxmv = 0.056110, MinPoint = 6.405, Min = 5.889, Avg. = 11.031, Max = 14.060, 0.0 secs.
2026-09-07 08:02:04,258 [DEBUG] core.argyll_runner: [argyll] Re-seeding
2026-09-07 08:02:04,258 [DEBUG] core.argyll_runner: [argyll] It 7: Maxmv = 0.050238, MinPoint = 6.405, Min = 5.889, Avg. = 10.972, Max = 14.269, 0.0 secs.
2026-09-07 08:02:04,258 [DEBUG] core.argyll_runner: [argyll] Re-seeding
2026-09-07 08:02:04,258 [DEBUG] core.argyll_runner: [argyll] It 8: Maxmv = 0.051799, MinPoint = 6.405, Min = 5.889, Avg. = 10.938, Max = 14.041, 0.0 secs.
2026-09-07 08:02:04,259 [DEBUG] core.argyll_runner: [argyll] Re-seeding
2026-09-07 08:02:04,259 [DEBUG] core.argyll_runner: [argyll] It 9: Maxmv = 0.046342, MinPoint = 6.405, Min = 5.889, Avg. = 10.913, Max = 14.106, 0.0 secs.
2026-09-07 08:02:04,259 [DEBUG] core.argyll_runner: [argyll] Re-seeding
2026-09-07 08:02:04,259 [DEBUG] core.argyll_runner: [argyll] It 10: Maxmv = 0.034354, MinPoint = 6.405, Min = 5.889, Avg. = 10.880, Max = 13.776, 0.0 secs.
2026-09-07 08:02:04,260 [DEBUG] core.argyll_runner: [argyll] Re-seeding
2026-09-07 08:02:04,260 [DEBUG] core.argyll_runner: [argyll] It 11: Maxmv = 0.033322, MinPoint = 6.405, Min = 5.889, Avg. = 10.855, Max = 13.996, 0.0 secs.
2026-09-07 08:02:04,260 [DEBUG] core.argyll_runner: [argyll] Re-seeding
2026-09-07 08:02:04,260 [DEBUG] core.argyll_runner: [argyll] It 12: Maxmv = 0.023538, MinPoint = 6.405, Min = 5.889, Avg. = 10.842, Max = 13.534, 0.0 secs.
2026-09-07 08:02:04,260 [DEBUG] core.argyll_runner: [argyll] Re-seeding
2026-09-07 08:02:04,261 [DEBUG] core.argyll_runner: [argyll] It 13: Maxmv = 0.026209, MinPoint = 6.405, Min = 5.889, Avg. = 10.832, Max = 14.100, 0.0 secs.
2026-09-07 08:02:04,261 [DEBUG] core.argyll_runner: [argyll] Re-seeding
2026-09-07 08:02:04,261 [DEBUG] core.argyll_runner: [argyll] It 14: Maxmv = 0.018357, MinPoint = 6.405, Min = 5.889, Avg. = 10.828, Max = 13.642, 0.0 secs.
2026-09-07 08:02:04,261 [DEBUG] core.argyll_runner: [argyll] Re-seeding
2026-09-07 08:02:04,262 [DEBUG] core.argyll_runner: [argyll] It 15: Maxmv = 0.014129, MinPoint = 6.405, Min = 5.889, Avg. = 10.817, Max = 13.630, 0.0 secs.
2026-09-07 08:02:04,262 [DEBUG] core.argyll_runner: [argyll] Re-seeding
2026-09-07 08:02:04,262 [DEBUG] core.argyll_runner: [argyll] It 16: Maxmv = 0.010656, MinPoint = 6.405, Min = 5.889, Avg. = 10.811, Max = 13.539, 0.0 secs.
2026-09-07 08:02:04,262 [DEBUG] core.argyll_runner: [argyll] Re-seeding
2026-09-07 08:02:04,263 [DEBUG] core.argyll_runner: [argyll] It 17: Maxmv = 0.007530, MinPoint = 6.405, Min = 5.889, Avg. = 10.809, Max = 13.747, 0.0 secs.
2026-09-07 08:02:04,263 [DEBUG] core.argyll_runner: [argyll] Re-seeding
2026-09-07 08:02:04,263 [DEBUG] core.argyll_runner: [argyll] It 18: Maxmv = 0.004962, MinPoint = 6.405, Min = 5.889, Avg. = 10.807, Max = 13.640, 0.0 secs.
2026-09-07 08:02:04,263 [DEBUG] core.argyll_runner: [argyll] Re-seeding
2026-09-07 08:02:04,264 [DEBUG] core.argyll_runner: [argyll] It 19: Maxmv = 0.001970, MinPoint = 6.405, Min = 5.889, Avg. = 10.808, Max = 13.703, 0.0 secs.
2026-09-07 08:02:04,264 [DEBUG] core.argyll_runner: [argyll] Re-seeding
2026-09-07 08:02:04,264 [DEBUG] core.argyll_runner: [argyll] It 20: Maxmv = 0.001594, MinPoint = 6.405, Min = 5.889, Avg. = 10.807, Max = 13.755, 0.0 secs.
2026-09-07 08:02:04,264 [DEBUG] core.argyll_runner: [argyll] After optimization: MinPoint = 6.405, Min = 5.889, Avg. = 10.807, Max = 13.755
2026-09-07 08:02:04,265 [DEBUG] core.argyll_runner: [argyll] Total number of patches = 464
2026-09-07 08:02:04,265 [DEBUG] core.argyll_runner: [argyll] Execution time = 0.842279 seconds
2026-09-07 08:02:04,278 [INFO] core.argyll_runner: ArgyllRunner: finished with code 0
2026-09-07 08:02:04,848 [DEBUG] workflow.chart_creator: Wrote channel sidecar A2-Instruments.channels.json: ['r', 'g', 'b']
2026-09-07 08:02:05,003 [DEBUG] ui.tiff_preview: TiffPreview: loaded 1 page(s)
2026-09-07 08:02:05,003 [INFO] ui.tabs.tab_chart: Preview loaded: 1 TIFF(s)
2026-09-07 08:02:05,050 [DEBUG] ui.tiff_preview: TiffPreview: loaded 1 page(s)
2026-09-07 08:02:05,052 [DEBUG] ui.tiff_preview: TiffPreview: loaded 1 page(s)
2026-09-07 08:02:05,057 [DEBUG] ui.tabs.tab_chart: create-chart settings written for run1 (40 parameters + ui state)
2026-09-07 08:02:07,248 [INFO] assess:   shot Screenshots/A2-instruments/CM-high-420x297-preview.png  (2232x1136)
2026-09-07 08:02:07,248 [INFO] assess: [CM-high-420x297] ok=True 5.4s est_before={'total': 464, 'fillup': 0, 'page_patches': 464, 'rows': 16, 'cols': 29, 'pages': 1, 'patch': (14.06, 14.81), 'pitch': None} actual={'total': 464, 'fillup': 0, 'page_patches': 464, 'rows': 16, 'cols': 29, 'pages': 1, 'patch': (14.05, 14.73), 'pitch': None} status='Margins: OK' eng=['[ChromIQ layout engine] Drawing the pages. This part runs in one go and cannot be stopped, so the window will not respond until it is finished.', '[ChromIQ layout engine] 464 patches (16×29), 1 page, random start 282202216']
2026-09-07 08:02:07,249 [INFO] assess:   json Test Runs/logs/d02_matrix.json
2026-09-07 08:02:07,249 [INFO] assess:   armed: dialog ~'scanner' -> click 'OK' hex heads-up (hex modes only)
2026-09-07 08:02:07,249 [INFO] assess:   armed: dialog ~'quite fill' -> click 'OK' last page hint
2026-09-07 08:02:07,249 [INFO] assess:   armed: dialog ~'already' -> click 'Continue this project' S4.7 on 2nd+ build
2026-09-07 08:02:08,019 [DEBUG] core.settings: settings.set helper_markers_show = False
2026-09-07 08:02:08,019 [DEBUG] core.settings: settings.set helper_marker_edge_mm = 2.0
2026-09-07 08:02:08,019 [DEBUG] core.settings: settings.set helper_marker_len_mm = 2.0
2026-09-07 08:02:08,019 [DEBUG] core.settings: settings.set helper_marker_per_patch = 3
2026-09-07 08:02:08,019 [DEBUG] core.settings: settings.set helper_markers_top_bottom = True
2026-09-07 08:02:08,019 [DEBUG] core.settings: settings.set helper_markers_sides = True
2026-09-07 08:02:08,935 [INFO] ui.tabs.tab_chart: chart build (Generate Chart) in manual: patch set targen | manual panel: 200x200, 0x0 grid, margins T6.0 R6.0 B6.0 L6.0
2026-09-07 08:02:08,939 [DEBUG] core.settings: settings.set session_ti3_path = ''
2026-09-07 08:02:08,939 [DEBUG] core.settings: settings.set session_icc_path = ''
2026-09-07 08:02:08,939 [DEBUG] core.settings: settings.set session_cal_ti3_path = ''
2026-09-07 08:02:08,941 [DEBUG] core.file_manager: Target name set to: A2-Instruments (root /Users/Basti/ChromIQ-assessment/A2-Instruments)
2026-09-07 08:02:08,942 [INFO] core.file_manager: opened the EXISTING project at /Users/Basti/ChromIQ-assessment/A2-Instruments (1 run(s) on disk)
2026-09-07 08:02:08,994 [INFO] workflow.chart_creator: Chart generation: 156 patches, instrument=CM paper=200x200 disable_lb=True
2026-09-07 08:02:08,994 [INFO] workflow.chart_creator: targen args: ['-v', '-d2', '-f156', '-e2', '-B2', '-G', '-g9', 'A2-Instruments']
2026-09-07 08:02:08,994 [INFO] core.argyll_runner: Run: /Applications/Argyll/bin/targen -v -d2 -f156 -e2 -B2 -G -g9 A2-Instruments  [cwd=/Users/Basti/ChromIQ-assessment/A2-Instruments/runs/run1]
2026-09-07 08:02:09,066 [DEBUG] core.argyll_runner: [argyll] iRGB test chart
2026-09-07 08:02:09,066 [DEBUG] core.argyll_runner: [argyll] White patches = 2
2026-09-07 08:02:09,067 [DEBUG] core.argyll_runner: [argyll] Black patches = 2
2026-09-07 08:02:09,067 [DEBUG] core.argyll_runner: [argyll] Composite Grey steps = 9
2026-09-07 08:02:09,067 [DEBUG] core.argyll_runner: [argyll] Full spread patches = 156
2026-09-07 08:02:09,067 [DEBUG] core.argyll_runner: [argyll] Degree of adaptation: 0.100
2026-09-07 08:02:09,067 [DEBUG] core.argyll_runner: [argyll] Adaptation weights: Device = 0.935, Perceptual = 0.065, Curvature = 0.010
2026-09-07 08:02:09,067 [DEBUG] core.argyll_runner: [argyll] Perceptual cache resolution = 7
2026-09-07 08:02:09,068 [DEBUG] core.argyll_runner: [argyll] Seeding cache...done
2026-09-07 08:02:09,068 [DEBUG] core.argyll_runner: [argyll] Acceleration grid res = 6
2026-09-07 08:02:09,068 [DEBUG] core.argyll_runner: [argyll] 
2026-09-07 08:02:09,068 [DEBUG] core.argyll_runner: [argyll] There are 9 unique fixed points to add (11 total fixed points)
2026-09-07 08:02:09,068 [DEBUG] core.argyll_runner: [argyll] There are 145 far spread points to add
2026-09-07 08:02:09,068 [DEBUG] core.argyll_runner: [argyll] 
2026-09-07 08:02:09,069 [DEBUG] core.argyll_runner: [argyll] Added 12/154
2026-09-07 08:02:09,069 [DEBUG] core.argyll_runner: [argyll] Added 23/154
2026-09-07 08:02:09,069 [DEBUG] core.argyll_runner: [argyll] Added 34/154
2026-09-07 08:02:09,069 [DEBUG] core.argyll_runner: [argyll] Added 45/154
2026-09-07 08:02:09,070 [DEBUG] core.argyll_runner: [argyll] Added 56/154
2026-09-07 08:02:09,070 [DEBUG] core.argyll_runner: [argyll] Added 67/154
2026-09-07 08:02:09,071 [DEBUG] core.argyll_runner: [argyll] Added 78/154
2026-09-07 08:02:09,072 [DEBUG] core.argyll_runner: [argyll] Added 89/154
2026-09-07 08:02:09,073 [DEBUG] core.argyll_runner: [argyll] Added 100/154
2026-09-07 08:02:09,074 [DEBUG] core.argyll_runner: [argyll] Added 111/154
2026-09-07 08:02:09,075 [DEBUG] core.argyll_runner: [argyll] Added 122/154
2026-09-07 08:02:09,077 [DEBUG] core.argyll_runner: [argyll] Added 133/154
2026-09-07 08:02:09,111 [DEBUG] core.argyll_runner: [argyll] 
2026-09-07 08:02:09,112 [DEBUG] core.argyll_runner: [argyll] Added 144/154
2026-09-07 08:02:09,112 [DEBUG] core.argyll_runner: [argyll] Added 154/154
2026-09-07 08:02:09,285 [DEBUG] core.argyll_runner: [argyll] 
2026-09-07 08:02:09,285 [DEBUG] core.argyll_runner: [argyll] After seeding points: MinPoint = 7.737, Min = 7.702, Avg. = 16.543, Max = 21.189, 0.0 secs
2026-09-07 08:02:09,285 [DEBUG] core.argyll_runner: [argyll] Re-seeding
2026-09-07 08:02:09,286 [DEBUG] core.argyll_runner: [argyll] It 1: Maxmv = 0.124878, MinPoint = 8.703, Min = 8.714, Avg. = 16.517, Max = 21.872, 0.0 secs.
2026-09-07 08:02:09,286 [DEBUG] core.argyll_runner: [argyll] Re-seeding
2026-09-07 08:02:09,286 [DEBUG] core.argyll_runner: [argyll] It 2: Maxmv = 0.140550, MinPoint = 7.220, Min = 10.790, Avg. = 16.513, Max = 21.437, 0.0 secs.
2026-09-07 08:02:09,286 [DEBUG] core.argyll_runner: [argyll] Re-seeding
2026-09-07 08:02:09,287 [DEBUG] core.argyll_runner: [argyll] It 3: Maxmv = 0.110948, MinPoint = 10.346, Min = 10.398, Avg. = 16.530, Max = 21.978, 0.0 secs.
2026-09-07 08:02:09,287 [DEBUG] core.argyll_runner: [argyll] Re-seeding
2026-09-07 08:02:09,287 [DEBUG] core.argyll_runner: [argyll] It 4: Maxmv = 0.133281, MinPoint = 11.922, Min = 10.106, Avg. = 16.302, Max = 20.703, 0.0 secs.
2026-09-07 08:02:09,287 [DEBUG] core.argyll_runner: [argyll] Re-seeding
2026-09-07 08:02:09,288 [DEBUG] core.argyll_runner: [argyll] It 5: Maxmv = 0.108742, MinPoint = 12.166, Min = 9.804, Avg. = 16.395, Max = 20.885, 0.0 secs.
2026-09-07 08:02:09,288 [DEBUG] core.argyll_runner: [argyll] Re-seeding
2026-09-07 08:02:09,288 [DEBUG] core.argyll_runner: [argyll] It 6: Maxmv = 0.091735, MinPoint = 11.492, Min = 9.473, Avg. = 16.207, Max = 19.989, 0.0 secs.
2026-09-07 08:02:09,288 [DEBUG] core.argyll_runner: [argyll] Re-seeding
2026-09-07 08:02:09,288 [DEBUG] core.argyll_runner: [argyll] It 7: Maxmv = 0.086197, MinPoint = 13.379, Min = 10.993, Avg. = 16.251, Max = 20.577, 0.0 secs.
2026-09-07 08:02:09,289 [DEBUG] core.argyll_runner: [argyll] Re-seeding
2026-09-07 08:02:09,289 [DEBUG] core.argyll_runner: [argyll] It 8: Maxmv = 0.072660, MinPoint = 15.642, Min = 11.429, Avg. = 16.131, Max = 19.635, 0.0 secs.
2026-09-07 08:02:09,289 [DEBUG] core.argyll_runner: [argyll] Re-seeding
2026-09-07 08:02:09,289 [DEBUG] core.argyll_runner: [argyll] It 9: Maxmv = 0.063660, MinPoint = 15.831, Min = 11.174, Avg. = 16.079, Max = 20.064, 0.0 secs.
2026-09-07 08:02:09,290 [DEBUG] core.argyll_runner: [argyll] Re-seeding
2026-09-07 08:02:09,290 [DEBUG] core.argyll_runner: [argyll] It 10: Maxmv = 0.061314, MinPoint = 15.948, Min = 11.372, Avg. = 16.009, Max = 19.442, 0.0 secs.
2026-09-07 08:02:09,290 [DEBUG] core.argyll_runner: [argyll] Re-seeding
2026-09-07 08:02:09,290 [DEBUG] core.argyll_runner: [argyll] It 11: Maxmv = 0.049252, MinPoint = 15.851, Min = 11.199, Avg. = 15.998, Max = 19.108, 0.0 secs.
2026-09-07 08:02:09,291 [DEBUG] core.argyll_runner: [argyll] Re-seeding
2026-09-07 08:02:09,291 [DEBUG] core.argyll_runner: [argyll] It 12: Maxmv = 0.047618, MinPoint = 15.044, Min = 11.255, Avg. = 15.995, Max = 18.942, 0.0 secs.
2026-09-07 08:02:09,291 [DEBUG] core.argyll_runner: [argyll] Re-seeding
2026-09-07 08:02:09,291 [DEBUG] core.argyll_runner: [argyll] It 13: Maxmv = 0.044423, MinPoint = 17.014, Min = 11.379, Avg. = 15.978, Max = 19.479, 0.0 secs.
2026-09-07 08:02:09,292 [DEBUG] core.argyll_runner: [argyll] Re-seeding
2026-09-07 08:02:09,292 [DEBUG] core.argyll_runner: [argyll] It 14: Maxmv = 0.035216, MinPoint = 15.821, Min = 11.230, Avg. = 15.950, Max = 18.934, 0.0 secs.
2026-09-07 08:02:09,292 [DEBUG] core.argyll_runner: [argyll] Re-seeding
2026-09-07 08:02:09,292 [DEBUG] core.argyll_runner: [argyll] It 15: Maxmv = 0.024540, MinPoint = 16.608, Min = 11.187, Avg. = 15.959, Max = 18.871, 0.0 secs.
2026-09-07 08:02:09,293 [DEBUG] core.argyll_runner: [argyll] Re-seeding
2026-09-07 08:02:09,293 [DEBUG] core.argyll_runner: [argyll] It 16: Maxmv = 0.017786, MinPoint = 17.360, Min = 11.148, Avg. = 15.935, Max = 18.573, 0.0 secs.
2026-09-07 08:02:09,293 [DEBUG] core.argyll_runner: [argyll] Re-seeding
2026-09-07 08:02:09,293 [DEBUG] core.argyll_runner: [argyll] It 17: Maxmv = 0.015352, MinPoint = 17.406, Min = 11.133, Avg. = 15.932, Max = 18.593, 0.0 secs.
2026-09-07 08:02:09,294 [DEBUG] core.argyll_runner: [argyll] Re-seeding
2026-09-07 08:02:09,294 [DEBUG] core.argyll_runner: [argyll] It 18: Maxmv = 0.009117, MinPoint = 17.751, Min = 11.119, Avg. = 15.928, Max = 18.707, 0.0 secs.
2026-09-07 08:02:09,294 [DEBUG] core.argyll_runner: [argyll] Re-seeding
2026-09-07 08:02:09,294 [DEBUG] core.argyll_runner: [argyll] It 19: Maxmv = 0.002861, MinPoint = 17.721, Min = 11.114, Avg. = 15.931, Max = 18.623, 0.0 secs.
2026-09-07 08:02:09,294 [DEBUG] core.argyll_runner: [argyll] Re-seeding
2026-09-07 08:02:09,295 [DEBUG] core.argyll_runner: [argyll] It 20: Maxmv = 0.002795, MinPoint = 17.546, Min = 11.110, Avg. = 15.927, Max = 18.544, 0.0 secs.
2026-09-07 08:02:09,295 [DEBUG] core.argyll_runner: [argyll] After optimization: MinPoint = 17.546, Min = 11.110, Avg. = 15.927, Max = 18.544
2026-09-07 08:02:09,295 [DEBUG] core.argyll_runner: [argyll] Total number of patches = 156
2026-09-07 08:02:09,296 [DEBUG] core.argyll_runner: [argyll] Execution time = 0.237972 seconds
2026-09-07 08:02:09,309 [INFO] core.argyll_runner: ArgyllRunner: finished with code 0
2026-09-07 08:02:09,567 [DEBUG] workflow.chart_creator: Wrote channel sidecar A2-Instruments.channels.json: ['r', 'g', 'b']
2026-09-07 08:02:09,626 [DEBUG] ui.tiff_preview: TiffPreview: loaded 1 page(s)
2026-09-07 08:02:09,626 [INFO] ui.tabs.tab_chart: Preview loaded: 1 TIFF(s)
2026-09-07 08:02:09,667 [DEBUG] ui.tiff_preview: TiffPreview: loaded 1 page(s)
2026-09-07 08:02:09,668 [DEBUG] ui.tiff_preview: TiffPreview: loaded 1 page(s)
2026-09-07 08:02:09,672 [DEBUG] ui.tabs.tab_chart: create-chart settings written for run1 (40 parameters + ui state)
2026-09-07 08:02:11,056 [INFO] assess:   shot Screenshots/A2-instruments/CM-high-custom_200x200-preview.png  (2232x1186)
2026-09-07 08:02:11,056 [INFO] assess: [CM-high-custom_200x200] ok=True 3.8s est_before={'total': 156, 'fillup': 0, 'page_patches': 156, 'rows': 12, 'cols': 13, 'pages': 1, 'patch': (14.46, 14.58), 'pitch': None} actual={'total': 156, 'fillup': 0, 'page_patches': 156, 'rows': 12, 'cols': 13, 'pages': 1, 'patch': (14.48, 14.56), 'pitch': None} status='' eng=['[ChromIQ layout engine] Drawing the pages. This part runs in one go and cannot be stopped, so the window will not respond until it is finished.', '[ChromIQ layout engine] 156 patches (12×13), 1 page, random start 1147134788']
2026-09-07 08:02:11,057 [INFO] assess:   json Test Runs/logs/d02_matrix.json
2026-09-07 08:02:11,057 [INFO] assess:   armed: dialog ~'scanner' -> click 'OK' hex heads-up (hex modes only)
2026-09-07 08:02:11,057 [INFO] assess:   armed: dialog ~'quite fill' -> click 'OK' last page hint
2026-09-07 08:02:11,057 [INFO] assess:   armed: dialog ~'already' -> click 'Continue this project' S4.7 on 2nd+ build
2026-09-07 08:02:11,458 [DEBUG] core.settings: settings.set helper_markers_show = False
2026-09-07 08:02:11,458 [DEBUG] core.settings: settings.set helper_marker_edge_mm = 2.0
2026-09-07 08:02:11,458 [DEBUG] core.settings: settings.set helper_marker_len_mm = 2.0
2026-09-07 08:02:11,458 [DEBUG] core.settings: settings.set helper_marker_per_patch = 3
2026-09-07 08:02:11,458 [DEBUG] core.settings: settings.set helper_markers_top_bottom = True
2026-09-07 08:02:11,458 [DEBUG] core.settings: settings.set helper_markers_sides = True
2026-09-07 08:02:11,485 [DEBUG] core.settings: settings.set helper_markers_show = False
2026-09-07 08:02:11,485 [DEBUG] core.settings: settings.set helper_marker_edge_mm = 2.0
2026-09-07 08:02:11,485 [DEBUG] core.settings: settings.set helper_marker_len_mm = 2.0
2026-09-07 08:02:11,485 [DEBUG] core.settings: settings.set helper_marker_per_patch = 3
2026-09-07 08:02:11,485 [DEBUG] core.settings: settings.set helper_markers_top_bottom = True
2026-09-07 08:02:11,485 [DEBUG] core.settings: settings.set helper_markers_sides = True
2026-09-07 08:02:11,886 [DEBUG] core.settings: settings.set helper_markers_show = False
2026-09-07 08:02:11,886 [DEBUG] core.settings: settings.set helper_marker_edge_mm = 2.0
2026-09-07 08:02:11,886 [DEBUG] core.settings: settings.set helper_marker_len_mm = 2.0
2026-09-07 08:02:11,886 [DEBUG] core.settings: settings.set helper_marker_per_patch = 3
2026-09-07 08:02:11,886 [DEBUG] core.settings: settings.set helper_markers_top_bottom = True
2026-09-07 08:02:11,886 [DEBUG] core.settings: settings.set helper_markers_sides = True
2026-09-07 08:02:12,553 [INFO] ui.tabs.tab_chart: chart build (Generate Chart) in manual: patch set targen | manual panel: A4, 0x0 grid, margins T33.0 R6.0 B10.0 L6.0
2026-09-07 08:02:12,557 [DEBUG] core.settings: settings.set session_ti3_path = ''
2026-09-07 08:02:12,557 [DEBUG] core.settings: settings.set session_icc_path = ''
2026-09-07 08:02:12,557 [DEBUG] core.settings: settings.set session_cal_ti3_path = ''
2026-09-07 08:02:12,560 [DEBUG] core.file_manager: Target name set to: A2-Instruments (root /Users/Basti/ChromIQ-assessment/A2-Instruments)
2026-09-07 08:02:12,560 [INFO] core.file_manager: opened the EXISTING project at /Users/Basti/ChromIQ-assessment/A2-Instruments (1 run(s) on disk)
2026-09-07 08:02:12,611 [INFO] workflow.chart_creator: Chart generation: 399 patches, instrument=CM paper=A4 disable_lb=True
2026-09-07 08:02:12,611 [INFO] workflow.chart_creator: targen args: ['-v', '-d2', '-f399', '-e2', '-B2', '-G', '-g23', 'A2-Instruments']
2026-09-07 08:02:12,611 [INFO] core.argyll_runner: Run: /Applications/Argyll/bin/targen -v -d2 -f399 -e2 -B2 -G -g23 A2-Instruments  [cwd=/Users/Basti/ChromIQ-assessment/A2-Instruments/runs/run1]
2026-09-07 08:02:12,682 [DEBUG] core.argyll_runner: [argyll] iRGB test chart
2026-09-07 08:02:12,682 [DEBUG] core.argyll_runner: [argyll] White patches = 2
2026-09-07 08:02:12,682 [DEBUG] core.argyll_runner: [argyll] Black patches = 2
2026-09-07 08:02:12,682 [DEBUG] core.argyll_runner: [argyll] Composite Grey steps = 23
2026-09-07 08:02:12,682 [DEBUG] core.argyll_runner: [argyll] Full spread patches = 399
2026-09-07 08:02:12,682 [DEBUG] core.argyll_runner: [argyll] Degree of adaptation: 0.100
2026-09-07 08:02:12,683 [DEBUG] core.argyll_runner: [argyll] Adaptation weights: Device = 0.935, Perceptual = 0.065, Curvature = 0.010
2026-09-07 08:02:12,683 [DEBUG] core.argyll_runner: [argyll] Perceptual cache resolution = 9
2026-09-07 08:02:12,683 [DEBUG] core.argyll_runner: [argyll] Seeding cache...done
2026-09-07 08:02:12,683 [DEBUG] core.argyll_runner: [argyll] Acceleration grid res = 8
2026-09-07 08:02:12,683 [DEBUG] core.argyll_runner: [argyll] 
2026-09-07 08:02:12,683 [DEBUG] core.argyll_runner: [argyll] There are 23 unique fixed points to add (25 total fixed points)
2026-09-07 08:02:12,684 [DEBUG] core.argyll_runner: [argyll] There are 374 far spread points to add
2026-09-07 08:02:12,684 [DEBUG] core.argyll_runner: [argyll] 
2026-09-07 08:02:12,684 [DEBUG] core.argyll_runner: [argyll] Added 12/397
2026-09-07 08:02:12,684 [DEBUG] core.argyll_runner: [argyll] Added 23/397
2026-09-07 08:02:12,684 [DEBUG] core.argyll_runner: [argyll] Added 34/397
2026-09-07 08:02:12,685 [DEBUG] core.argyll_runner: [argyll] Added 45/397
2026-09-07 08:02:12,685 [DEBUG] core.argyll_runner: [argyll] Added 56/397
2026-09-07 08:02:12,685 [DEBUG] core.argyll_runner: [argyll] Added 67/397
2026-09-07 08:02:12,686 [DEBUG] core.argyll_runner: [argyll] Added 78/397
2026-09-07 08:02:12,687 [DEBUG] core.argyll_runner: [argyll] Added 89/397
2026-09-07 08:02:12,688 [DEBUG] core.argyll_runner: [argyll] Added 100/397
2026-09-07 08:02:12,689 [DEBUG] core.argyll_runner: [argyll] Added 111/397
2026-09-07 08:02:12,690 [DEBUG] core.argyll_runner: [argyll] Added 122/397
2026-09-07 08:02:12,710 [DEBUG] core.argyll_runner: [argyll] 
2026-09-07 08:02:12,710 [DEBUG] core.argyll_runner: [argyll] Added 133/397
2026-09-07 08:02:12,710 [DEBUG] core.argyll_runner: [argyll] Added 144/397
2026-09-07 08:02:12,710 [DEBUG] core.argyll_runner: [argyll] Added 155/397
2026-09-07 08:02:12,711 [DEBUG] core.argyll_runner: [argyll] Added 166/397
2026-09-07 08:02:12,711 [DEBUG] core.argyll_runner: [argyll] Added 177/397
2026-09-07 08:02:12,712 [DEBUG] core.argyll_runner: [argyll] Added 188/397
2026-09-07 08:02:12,713 [DEBUG] core.argyll_runner: [argyll] Added 199/397
2026-09-07 08:02:12,714 [DEBUG] core.argyll_runner: [argyll] Added 210/397
2026-09-07 08:02:12,715 [DEBUG] core.argyll_runner: [argyll] Added 221/397
2026-09-07 08:02:12,716 [DEBUG] core.argyll_runner: [argyll] Added 232/397
2026-09-07 08:02:12,717 [DEBUG] core.argyll_runner: [argyll] Added 243/397
2026-09-07 08:02:12,718 [DEBUG] core.argyll_runner: [argyll] Added 254/397
2026-09-07 08:02:12,720 [DEBUG] core.argyll_runner: [argyll] Added 265/397
2026-09-07 08:02:12,722 [DEBUG] core.argyll_runner: [argyll] Added 276/397
2026-09-07 08:02:12,724 [DEBUG] core.argyll_runner: [argyll] Added 287/397
2026-09-07 08:02:12,725 [DEBUG] core.argyll_runner: [argyll] Added 298/397
2026-09-07 08:02:12,728 [DEBUG] core.argyll_runner: [argyll] Added 309/397
2026-09-07 08:02:12,730 [DEBUG] core.argyll_runner: [argyll] Added 320/397
2026-09-07 08:02:12,732 [DEBUG] core.argyll_runner: [argyll] Added 331/397
2026-09-07 08:02:12,735 [DEBUG] core.argyll_runner: [argyll] Added 342/397
2026-09-07 08:02:12,737 [DEBUG] core.argyll_runner: [argyll] Added 353/397
2026-09-07 08:02:12,740 [DEBUG] core.argyll_runner: [argyll] Added 364/397
2026-09-07 08:02:12,743 [DEBUG] core.argyll_runner: [argyll] Added 375/397
2026-09-07 08:02:12,746 [DEBUG] core.argyll_runner: [argyll] Added 386/397
2026-09-07 08:02:12,749 [DEBUG] core.argyll_runner: [argyll] Added 397/397
2026-09-07 08:02:13,389 [DEBUG] core.argyll_runner: [argyll] 
2026-09-07 08:02:13,390 [DEBUG] core.argyll_runner: [argyll] After seeding points: MinPoint = 5.108, Min = 4.405, Avg. = 11.950, Max = 15.214, 0.0 secs
2026-09-07 08:02:13,390 [DEBUG] core.argyll_runner: [argyll] Re-seeding
2026-09-07 08:02:13,390 [DEBUG] core.argyll_runner: [argyll] It 1: Maxmv = 0.116913, MinPoint = 2.907, Min = 5.719, Avg. = 11.997, Max = 15.980, 0.0 secs.
2026-09-07 08:02:13,391 [DEBUG] core.argyll_runner: [argyll] Re-seeding
2026-09-07 08:02:13,391 [DEBUG] core.argyll_runner: [argyll] It 2: Maxmv = 0.101511, MinPoint = 3.029, Min = 4.908, Avg. = 11.932, Max = 15.281, 0.0 secs.
2026-09-07 08:02:13,391 [DEBUG] core.argyll_runner: [argyll] Re-seeding
2026-09-07 08:02:13,391 [DEBUG] core.argyll_runner: [argyll] It 3: Maxmv = 0.091936, MinPoint = 7.057, Min = 6.290, Avg. = 11.813, Max = 16.285, 0.0 secs.
2026-09-07 08:02:13,392 [DEBUG] core.argyll_runner: [argyll] Re-seeding
2026-09-07 08:02:13,392 [DEBUG] core.argyll_runner: [argyll] It 4: Maxmv = 0.079874, MinPoint = 4.681, Min = 6.960, Avg. = 11.763, Max = 15.842, 0.0 secs.
2026-09-07 08:02:13,392 [DEBUG] core.argyll_runner: [argyll] Re-seeding
2026-09-07 08:02:13,392 [DEBUG] core.argyll_runner: [argyll] It 5: Maxmv = 0.074931, MinPoint = 5.931, Min = 6.867, Avg. = 11.699, Max = 14.927, 0.0 secs.
2026-09-07 08:02:13,393 [DEBUG] core.argyll_runner: [argyll] Re-seeding
2026-09-07 08:02:13,393 [DEBUG] core.argyll_runner: [argyll] It 6: Maxmv = 0.061782, MinPoint = 7.570, Min = 6.960, Avg. = 11.615, Max = 14.996, 0.0 secs.
2026-09-07 08:02:13,393 [DEBUG] core.argyll_runner: [argyll] Re-seeding
2026-09-07 08:02:13,393 [DEBUG] core.argyll_runner: [argyll] It 7: Maxmv = 0.056118, MinPoint = 7.570, Min = 6.960, Avg. = 11.596, Max = 15.061, 0.0 secs.
2026-09-07 08:02:13,394 [DEBUG] core.argyll_runner: [argyll] Re-seeding
2026-09-07 08:02:13,394 [DEBUG] core.argyll_runner: [argyll] It 8: Maxmv = 0.054015, MinPoint = 7.570, Min = 6.960, Avg. = 11.548, Max = 14.490, 0.0 secs.
2026-09-07 08:02:13,394 [DEBUG] core.argyll_runner: [argyll] Re-seeding
2026-09-07 08:02:13,394 [DEBUG] core.argyll_runner: [argyll] It 9: Maxmv = 0.046263, MinPoint = 7.570, Min = 6.960, Avg. = 11.513, Max = 14.746, 0.0 secs.
2026-09-07 08:02:13,395 [DEBUG] core.argyll_runner: [argyll] Re-seeding
2026-09-07 08:02:13,395 [DEBUG] core.argyll_runner: [argyll] It 10: Maxmv = 0.039366, MinPoint = 7.570, Min = 6.960, Avg. = 11.516, Max = 14.931, 0.0 secs.
2026-09-07 08:02:13,395 [DEBUG] core.argyll_runner: [argyll] Re-seeding
2026-09-07 08:02:13,395 [DEBUG] core.argyll_runner: [argyll] It 11: Maxmv = 0.037816, MinPoint = 7.570, Min = 6.960, Avg. = 11.489, Max = 14.546, 0.0 secs.
2026-09-07 08:02:13,396 [DEBUG] core.argyll_runner: [argyll] Re-seeding
2026-09-07 08:02:13,396 [DEBUG] core.argyll_runner: [argyll] It 12: Maxmv = 0.027666, MinPoint = 7.570, Min = 6.960, Avg. = 11.471, Max = 13.809, 0.0 secs.
2026-09-07 08:02:13,396 [DEBUG] core.argyll_runner: [argyll] Re-seeding
2026-09-07 08:02:13,396 [DEBUG] core.argyll_runner: [argyll] It 13: Maxmv = 0.028527, MinPoint = 7.570, Min = 6.960, Avg. = 11.453, Max = 14.074, 0.0 secs.
2026-09-07 08:02:13,397 [DEBUG] core.argyll_runner: [argyll] Re-seeding
2026-09-07 08:02:13,397 [DEBUG] core.argyll_runner: [argyll] It 14: Maxmv = 0.026015, MinPoint = 7.570, Min = 6.960, Avg. = 11.449, Max = 13.989, 0.0 secs.
2026-09-07 08:02:13,397 [DEBUG] core.argyll_runner: [argyll] Re-seeding
2026-09-07 08:02:13,397 [DEBUG] core.argyll_runner: [argyll] It 15: Maxmv = 0.017959, MinPoint = 7.570, Min = 6.960, Avg. = 11.431, Max = 13.830, 0.0 secs.
2026-09-07 08:02:13,398 [DEBUG] core.argyll_runner: [argyll] Re-seeding
2026-09-07 08:02:13,398 [DEBUG] core.argyll_runner: [argyll] It 16: Maxmv = 0.011571, MinPoint = 7.570, Min = 6.960, Avg. = 11.430, Max = 13.795, 0.0 secs.
2026-09-07 08:02:13,398 [DEBUG] core.argyll_runner: [argyll] Re-seeding
2026-09-07 08:02:13,398 [DEBUG] core.argyll_runner: [argyll] It 17: Maxmv = 0.007886, MinPoint = 7.570, Min = 6.960, Avg. = 11.428, Max = 13.936, 0.0 secs.
2026-09-07 08:02:13,399 [DEBUG] core.argyll_runner: [argyll] Re-seeding
2026-09-07 08:02:13,399 [DEBUG] core.argyll_runner: [argyll] It 18: Maxmv = 0.004510, MinPoint = 7.570, Min = 6.960, Avg. = 11.428, Max = 13.927, 0.0 secs.
2026-09-07 08:02:13,399 [DEBUG] core.argyll_runner: [argyll] Re-seeding
2026-09-07 08:02:13,399 [DEBUG] core.argyll_runner: [argyll] It 19: Maxmv = 0.001789, MinPoint = 7.570, Min = 6.960, Avg. = 11.427, Max = 13.856, 0.0 secs.
2026-09-07 08:02:13,400 [DEBUG] core.argyll_runner: [argyll] Re-seeding
2026-09-07 08:02:13,400 [DEBUG] core.argyll_runner: [argyll] It 20: Maxmv = 0.001687, MinPoint = 7.570, Min = 6.960, Avg. = 11.427, Max = 13.823, 0.0 secs.
2026-09-07 08:02:13,400 [DEBUG] core.argyll_runner: [argyll] After optimization: MinPoint = 7.570, Min = 6.960, Avg. = 11.427, Max = 13.823
2026-09-07 08:02:13,400 [DEBUG] core.argyll_runner: [argyll] Total number of patches = 399
2026-09-07 08:02:13,401 [DEBUG] core.argyll_runner: [argyll] Execution time = 0.716526 seconds
2026-09-07 08:02:13,401 [INFO] core.argyll_runner: ArgyllRunner: finished with code 0
2026-09-07 08:02:13,766 [DEBUG] workflow.chart_creator: Wrote channel sidecar A2-Instruments.channels.json: ['r', 'g', 'b']
2026-09-07 08:02:13,852 [DEBUG] ui.tiff_preview: TiffPreview: loaded 1 page(s)
2026-09-07 08:02:13,852 [INFO] ui.tabs.tab_chart: Preview loaded: 1 TIFF(s)
2026-09-07 08:02:13,898 [DEBUG] ui.tiff_preview: TiffPreview: loaded 1 page(s)
2026-09-07 08:02:13,900 [DEBUG] ui.tiff_preview: TiffPreview: loaded 1 page(s)
2026-09-07 08:02:13,905 [DEBUG] ui.tabs.tab_chart: create-chart settings written for run1 (40 parameters + ui state)
2026-09-07 08:02:15,459 [INFO] assess:   shot Screenshots/A2-instruments/CM-extrahigh-A4-preview.png  (2232x1136)
2026-09-07 08:02:15,459 [INFO] assess: [CM-extrahigh-A4] ok=True 4.4s est_before={'total': 399, 'fillup': 0, 'page_patches': 399, 'rows': 21, 'cols': 19, 'pages': 1, 'patch': (10.42, 10.73), 'pitch': None} actual={'total': 399, 'fillup': 0, 'page_patches': 399, 'rows': 21, 'cols': 19, 'pages': 1, 'patch': (10.41, 10.67), 'pitch': None} status='Margins: OK' eng=['[ChromIQ layout engine] building chart from the targen .ti1…', '[ChromIQ layout engine] Drawing the pages. This part runs in one go and cannot be stopped, so the window will not respond until it is finished.']
2026-09-07 08:02:15,460 [INFO] assess:   json Test Runs/logs/d02_matrix.json
2026-09-07 08:02:15,460 [INFO] assess:   armed: dialog ~'scanner' -> click 'OK' hex heads-up (hex modes only)
2026-09-07 08:02:15,460 [INFO] assess:   armed: dialog ~'quite fill' -> click 'OK' last page hint
2026-09-07 08:02:15,460 [INFO] assess:   armed: dialog ~'already' -> click 'Continue this project' S4.7 on 2nd+ build
2026-09-07 08:02:16,232 [DEBUG] core.settings: settings.set helper_markers_show = False
2026-09-07 08:02:16,232 [DEBUG] core.settings: settings.set helper_marker_edge_mm = 2.0
2026-09-07 08:02:16,232 [DEBUG] core.settings: settings.set helper_marker_len_mm = 2.0
2026-09-07 08:02:16,232 [DEBUG] core.settings: settings.set helper_marker_per_patch = 3
2026-09-07 08:02:16,232 [DEBUG] core.settings: settings.set helper_markers_top_bottom = True
2026-09-07 08:02:16,232 [DEBUG] core.settings: settings.set helper_markers_sides = True
2026-09-07 08:02:16,898 [INFO] ui.tabs.tab_chart: chart build (Generate Chart) in manual: patch set targen | manual panel: A4R, 0x0 grid, margins T33.0 R6.0 B10.0 L6.0
2026-09-07 08:02:16,901 [DEBUG] core.settings: settings.set session_ti3_path = ''
2026-09-07 08:02:16,901 [DEBUG] core.settings: settings.set session_icc_path = ''
2026-09-07 08:02:16,902 [DEBUG] core.settings: settings.set session_cal_ti3_path = ''
2026-09-07 08:02:16,903 [DEBUG] core.file_manager: Target name set to: A2-Instruments (root /Users/Basti/ChromIQ-assessment/A2-Instruments)
2026-09-07 08:02:16,904 [INFO] core.file_manager: opened the EXISTING project at /Users/Basti/ChromIQ-assessment/A2-Instruments (1 run(s) on disk)
2026-09-07 08:02:16,955 [INFO] workflow.chart_creator: Chart generation: 351 patches, instrument=CM paper=A4R disable_lb=True
2026-09-07 08:02:16,955 [INFO] workflow.chart_creator: targen args: ['-v', '-d2', '-f351', '-e2', '-B2', '-G', '-g20', 'A2-Instruments']
2026-09-07 08:02:16,955 [INFO] core.argyll_runner: Run: /Applications/Argyll/bin/targen -v -d2 -f351 -e2 -B2 -G -g20 A2-Instruments  [cwd=/Users/Basti/ChromIQ-assessment/A2-Instruments/runs/run1]
2026-09-07 08:02:17,027 [DEBUG] core.argyll_runner: [argyll] iRGB test chart
2026-09-07 08:02:17,027 [DEBUG] core.argyll_runner: [argyll] White patches = 2
2026-09-07 08:02:17,027 [DEBUG] core.argyll_runner: [argyll] Black patches = 2
2026-09-07 08:02:17,027 [DEBUG] core.argyll_runner: [argyll] Composite Grey steps = 20
2026-09-07 08:02:17,028 [DEBUG] core.argyll_runner: [argyll] Full spread patches = 351
2026-09-07 08:02:17,028 [DEBUG] core.argyll_runner: [argyll] Degree of adaptation: 0.100
2026-09-07 08:02:17,028 [DEBUG] core.argyll_runner: [argyll] Adaptation weights: Device = 0.935, Perceptual = 0.065, Curvature = 0.010
2026-09-07 08:02:17,028 [DEBUG] core.argyll_runner: [argyll] Perceptual cache resolution = 9
2026-09-07 08:02:17,028 [DEBUG] core.argyll_runner: [argyll] Seeding cache...done
2026-09-07 08:02:17,028 [DEBUG] core.argyll_runner: [argyll] Acceleration grid res = 8
2026-09-07 08:02:17,029 [DEBUG] core.argyll_runner: [argyll] 
2026-09-07 08:02:17,029 [DEBUG] core.argyll_runner: [argyll] There are 20 unique fixed points to add (22 total fixed points)
2026-09-07 08:02:17,029 [DEBUG] core.argyll_runner: [argyll] There are 329 far spread points to add
2026-09-07 08:02:17,029 [DEBUG] core.argyll_runner: [argyll] 
2026-09-07 08:02:17,029 [DEBUG] core.argyll_runner: [argyll] Added 12/349
2026-09-07 08:02:17,029 [DEBUG] core.argyll_runner: [argyll] Added 23/349
2026-09-07 08:02:17,029 [DEBUG] core.argyll_runner: [argyll] Added 34/349
2026-09-07 08:02:17,030 [DEBUG] core.argyll_runner: [argyll] Added 45/349
2026-09-07 08:02:17,049 [DEBUG] core.argyll_runner: [argyll] 
2026-09-07 08:02:17,049 [DEBUG] core.argyll_runner: [argyll] Added 56/349
2026-09-07 08:02:17,049 [DEBUG] core.argyll_runner: [argyll] Added 67/349
2026-09-07 08:02:17,049 [DEBUG] core.argyll_runner: [argyll] Added 78/349
2026-09-07 08:02:17,050 [DEBUG] core.argyll_runner: [argyll] Added 89/349
2026-09-07 08:02:17,050 [DEBUG] core.argyll_runner: [argyll] Added 100/349
2026-09-07 08:02:17,051 [DEBUG] core.argyll_runner: [argyll] Added 111/349
2026-09-07 08:02:17,052 [DEBUG] core.argyll_runner: [argyll] Added 122/349
2026-09-07 08:02:17,052 [DEBUG] core.argyll_runner: [argyll] Added 133/349
2026-09-07 08:02:17,053 [DEBUG] core.argyll_runner: [argyll] Added 144/349
2026-09-07 08:02:17,055 [DEBUG] core.argyll_runner: [argyll] Added 155/349
2026-09-07 08:02:17,056 [DEBUG] core.argyll_runner: [argyll] Added 166/349
2026-09-07 08:02:17,057 [DEBUG] core.argyll_runner: [argyll] Added 177/349
2026-09-07 08:02:17,059 [DEBUG] core.argyll_runner: [argyll] Added 188/349
2026-09-07 08:02:17,060 [DEBUG] core.argyll_runner: [argyll] Added 199/349
2026-09-07 08:02:17,062 [DEBUG] core.argyll_runner: [argyll] Added 210/349
2026-09-07 08:02:17,064 [DEBUG] core.argyll_runner: [argyll] Added 221/349
2026-09-07 08:02:17,066 [DEBUG] core.argyll_runner: [argyll] Added 232/349
2026-09-07 08:02:17,068 [DEBUG] core.argyll_runner: [argyll] Added 243/349
2026-09-07 08:02:17,071 [DEBUG] core.argyll_runner: [argyll] Added 254/349
2026-09-07 08:02:17,073 [DEBUG] core.argyll_runner: [argyll] Added 265/349
2026-09-07 08:02:17,076 [DEBUG] core.argyll_runner: [argyll] Added 276/349
2026-09-07 08:02:17,078 [DEBUG] core.argyll_runner: [argyll] Added 287/349
2026-09-07 08:02:17,081 [DEBUG] core.argyll_runner: [argyll] Added 298/349
2026-09-07 08:02:17,084 [DEBUG] core.argyll_runner: [argyll] Added 309/349
2026-09-07 08:02:17,087 [DEBUG] core.argyll_runner: [argyll] Added 320/349
2026-09-07 08:02:17,091 [DEBUG] core.argyll_runner: [argyll] Added 331/349
2026-09-07 08:02:17,094 [DEBUG] core.argyll_runner: [argyll] Added 342/349
2026-09-07 08:02:17,111 [DEBUG] core.argyll_runner: [argyll] 
2026-09-07 08:02:17,112 [DEBUG] core.argyll_runner: [argyll] Added 349/349
2026-09-07 08:02:17,643 [DEBUG] core.argyll_runner: [argyll] 
2026-09-07 08:02:17,643 [DEBUG] core.argyll_runner: [argyll] After seeding points: MinPoint = 5.673, Min = 4.159, Avg. = 12.519, Max = 16.297, 0.0 secs
2026-09-07 08:02:17,643 [DEBUG] core.argyll_runner: [argyll] Re-seeding
2026-09-07 08:02:17,644 [DEBUG] core.argyll_runner: [argyll] It 1: Maxmv = 0.112077, MinPoint = 5.201, Min = 6.628, Avg. = 12.488, Max = 16.949, 0.0 secs.
2026-09-07 08:02:17,644 [DEBUG] core.argyll_runner: [argyll] Re-seeding
2026-09-07 08:02:17,644 [DEBUG] core.argyll_runner: [argyll] It 2: Maxmv = 0.096919, MinPoint = 5.630, Min = 7.500, Avg. = 12.392, Max = 16.099, 0.0 secs.
2026-09-07 08:02:17,645 [DEBUG] core.argyll_runner: [argyll] Re-seeding
2026-09-07 08:02:17,645 [DEBUG] core.argyll_runner: [argyll] It 3: Maxmv = 0.088572, MinPoint = 7.991, Min = 6.788, Avg. = 12.326, Max = 16.420, 0.0 secs.
2026-09-07 08:02:17,645 [DEBUG] core.argyll_runner: [argyll] Re-seeding
2026-09-07 08:02:17,645 [DEBUG] core.argyll_runner: [argyll] It 4: Maxmv = 0.082106, MinPoint = 2.770, Min = 7.093, Avg. = 12.252, Max = 15.445, 0.0 secs.
2026-09-07 08:02:17,646 [DEBUG] core.argyll_runner: [argyll] Re-seeding
2026-09-07 08:02:17,646 [DEBUG] core.argyll_runner: [argyll] It 5: Maxmv = 0.097403, MinPoint = 7.724, Min = 7.078, Avg. = 12.155, Max = 16.061, 0.0 secs.
2026-09-07 08:02:17,646 [DEBUG] core.argyll_runner: [argyll] Re-seeding
2026-09-07 08:02:17,646 [DEBUG] core.argyll_runner: [argyll] It 6: Maxmv = 0.069361, MinPoint = 7.776, Min = 7.996, Avg. = 12.101, Max = 15.917, 0.0 secs.
2026-09-07 08:02:17,647 [DEBUG] core.argyll_runner: [argyll] Re-seeding
2026-09-07 08:02:17,647 [DEBUG] core.argyll_runner: [argyll] It 7: Maxmv = 0.061600, MinPoint = 8.527, Min = 7.403, Avg. = 12.070, Max = 15.479, 0.0 secs.
2026-09-07 08:02:17,647 [DEBUG] core.argyll_runner: [argyll] Re-seeding
2026-09-07 08:02:17,647 [DEBUG] core.argyll_runner: [argyll] It 8: Maxmv = 0.057877, MinPoint = 8.765, Min = 8.059, Avg. = 12.022, Max = 15.656, 0.0 secs.
2026-09-07 08:02:17,648 [DEBUG] core.argyll_runner: [argyll] Re-seeding
2026-09-07 08:02:17,648 [DEBUG] core.argyll_runner: [argyll] It 9: Maxmv = 0.057130, MinPoint = 8.765, Min = 7.762, Avg. = 11.965, Max = 15.108, 0.0 secs.
2026-09-07 08:02:17,648 [DEBUG] core.argyll_runner: [argyll] Re-seeding
2026-09-07 08:02:17,648 [DEBUG] core.argyll_runner: [argyll] It 10: Maxmv = 0.040295, MinPoint = 8.765, Min = 8.059, Avg. = 11.968, Max = 15.178, 0.0 secs.
2026-09-07 08:02:17,649 [DEBUG] core.argyll_runner: [argyll] Re-seeding
2026-09-07 08:02:17,649 [DEBUG] core.argyll_runner: [argyll] It 11: Maxmv = 0.037132, MinPoint = 8.765, Min = 8.059, Avg. = 11.949, Max = 14.920, 0.0 secs.
2026-09-07 08:02:17,649 [DEBUG] core.argyll_runner: [argyll] Re-seeding
2026-09-07 08:02:17,649 [DEBUG] core.argyll_runner: [argyll] It 12: Maxmv = 0.033821, MinPoint = 8.765, Min = 8.059, Avg. = 11.944, Max = 14.806, 0.0 secs.
2026-09-07 08:02:17,650 [DEBUG] core.argyll_runner: [argyll] Re-seeding
2026-09-07 08:02:17,650 [DEBUG] core.argyll_runner: [argyll] It 13: Maxmv = 0.026830, MinPoint = 8.765, Min = 8.059, Avg. = 11.939, Max = 14.790, 0.0 secs.
2026-09-07 08:02:17,650 [DEBUG] core.argyll_runner: [argyll] Re-seeding
2026-09-07 08:02:17,651 [DEBUG] core.argyll_runner: [argyll] It 14: Maxmv = 0.023197, MinPoint = 8.765, Min = 8.059, Avg. = 11.937, Max = 14.311, 0.0 secs.
2026-09-07 08:02:17,651 [DEBUG] core.argyll_runner: [argyll] Re-seeding
2026-09-07 08:02:17,651 [DEBUG] core.argyll_runner: [argyll] It 15: Maxmv = 0.017451, MinPoint = 8.765, Min = 8.059, Avg. = 11.925, Max = 14.359, 0.0 secs.
2026-09-07 08:02:17,651 [DEBUG] core.argyll_runner: [argyll] Re-seeding
2026-09-07 08:02:17,652 [DEBUG] core.argyll_runner: [argyll] It 16: Maxmv = 0.013903, MinPoint = 8.765, Min = 8.059, Avg. = 11.930, Max = 14.155, 0.0 secs.
2026-09-07 08:02:17,652 [DEBUG] core.argyll_runner: [argyll] Re-seeding
2026-09-07 08:02:17,652 [DEBUG] core.argyll_runner: [argyll] It 17: Maxmv = 0.010490, MinPoint = 8.765, Min = 8.059, Avg. = 11.927, Max = 14.167, 0.0 secs.
2026-09-07 08:02:17,652 [DEBUG] core.argyll_runner: [argyll] Re-seeding
2026-09-07 08:02:17,653 [DEBUG] core.argyll_runner: [argyll] It 18: Maxmv = 0.005461, MinPoint = 8.765, Min = 8.059, Avg. = 11.932, Max = 14.154, 0.0 secs.
2026-09-07 08:02:17,653 [DEBUG] core.argyll_runner: [argyll] Re-seeding
2026-09-07 08:02:17,653 [DEBUG] core.argyll_runner: [argyll] It 19: Maxmv = 0.001812, MinPoint = 8.765, Min = 8.059, Avg. = 11.933, Max = 14.177, 0.0 secs.
2026-09-07 08:02:17,653 [DEBUG] core.argyll_runner: [argyll] Re-seeding
2026-09-07 08:02:17,654 [DEBUG] core.argyll_runner: [argyll] It 20: Maxmv = 0.001974, MinPoint = 8.765, Min = 8.059, Avg. = 11.935, Max = 14.184, 0.0 secs.
2026-09-07 08:02:17,654 [DEBUG] core.argyll_runner: [argyll] After optimization: MinPoint = 8.765, Min = 8.059, Avg. = 11.935, Max = 14.184
2026-09-07 08:02:17,654 [DEBUG] core.argyll_runner: [argyll] Total number of patches = 351
2026-09-07 08:02:17,655 [DEBUG] core.argyll_runner: [argyll] Execution time = 0.612583 seconds
2026-09-07 08:02:17,655 [INFO] core.argyll_runner: ArgyllRunner: finished with code 0
2026-09-07 08:02:18,148 [DEBUG] workflow.chart_creator: Wrote channel sidecar A2-Instruments.channels.json: ['r', 'g', 'b']
2026-09-07 08:02:18,234 [DEBUG] ui.tiff_preview: TiffPreview: loaded 1 page(s)
2026-09-07 08:02:18,234 [INFO] ui.tabs.tab_chart: Preview loaded: 1 TIFF(s)
2026-09-07 08:02:18,278 [DEBUG] ui.tiff_preview: TiffPreview: loaded 1 page(s)
2026-09-07 08:02:18,280 [DEBUG] ui.tiff_preview: TiffPreview: loaded 1 page(s)
2026-09-07 08:02:18,284 [DEBUG] ui.tabs.tab_chart: create-chart settings written for run1 (40 parameters + ui state)
2026-09-07 08:02:19,894 [INFO] assess:   shot Screenshots/A2-instruments/CM-extrahigh-A4R-preview.png  (2232x1136)
2026-09-07 08:02:19,895 [INFO] assess: [CM-extrahigh-A4R] ok=True 4.4s est_before={'total': 351, 'fillup': 0, 'page_patches': 351, 'rows': 13, 'cols': 27, 'pages': 1, 'patch': (10.55, 11.44), 'pitch': None} actual={'total': 351, 'fillup': 0, 'page_patches': 351, 'rows': 13, 'cols': 27, 'pages': 1, 'patch': (10.5, 11.43), 'pitch': None} status='Margins: OK' eng=['[ChromIQ layout engine] Drawing the pages. This part runs in one go and cannot be stopped, so the window will not respond until it is finished.', '[ChromIQ layout engine] 351 patches (13×27), 1 page, random start 633866639']
2026-09-07 08:02:19,896 [INFO] assess:   json Test Runs/logs/d02_matrix.json
2026-09-07 08:02:19,896 [INFO] assess:   armed: dialog ~'scanner' -> click 'OK' hex heads-up (hex modes only)
2026-09-07 08:02:19,896 [INFO] assess:   armed: dialog ~'quite fill' -> click 'OK' last page hint
2026-09-07 08:02:19,896 [INFO] assess:   armed: dialog ~'already' -> click 'Continue this project' S4.7 on 2nd+ build
2026-09-07 08:02:20,658 [DEBUG] core.settings: settings.set helper_markers_show = False
2026-09-07 08:02:20,658 [DEBUG] core.settings: settings.set helper_marker_edge_mm = 2.0
2026-09-07 08:02:20,658 [DEBUG] core.settings: settings.set helper_marker_len_mm = 2.0
2026-09-07 08:02:20,658 [DEBUG] core.settings: settings.set helper_marker_per_patch = 3
2026-09-07 08:02:20,658 [DEBUG] core.settings: settings.set helper_markers_top_bottom = True
2026-09-07 08:02:20,658 [DEBUG] core.settings: settings.set helper_markers_sides = True
2026-09-07 08:02:21,361 [INFO] ui.tabs.tab_chart: chart build (Generate Chart) in manual: patch set targen | manual panel: A3, 0x0 grid, margins T33.0 R6.0 B10.0 L6.0
2026-09-07 08:02:21,364 [DEBUG] core.settings: settings.set session_ti3_path = ''
2026-09-07 08:02:21,365 [DEBUG] core.settings: settings.set session_icc_path = ''
2026-09-07 08:02:21,365 [DEBUG] core.settings: settings.set session_cal_ti3_path = ''
2026-09-07 08:02:21,366 [DEBUG] core.file_manager: Target name set to: A2-Instruments (root /Users/Basti/ChromIQ-assessment/A2-Instruments)
2026-09-07 08:02:21,367 [INFO] core.file_manager: opened the EXISTING project at /Users/Basti/ChromIQ-assessment/A2-Instruments (1 run(s) on disk)
2026-09-07 08:02:21,420 [INFO] workflow.chart_creator: Chart generation: 837 patches, instrument=CM paper=A3 disable_lb=True
2026-09-07 08:02:21,420 [INFO] workflow.chart_creator: targen args: ['-v', '-d2', '-f837', '-e3', '-B3', '-G', '-g48', 'A2-Instruments']
2026-09-07 08:02:21,420 [INFO] core.argyll_runner: Run: /Applications/Argyll/bin/targen -v -d2 -f837 -e3 -B3 -G -g48 A2-Instruments  [cwd=/Users/Basti/ChromIQ-assessment/A2-Instruments/runs/run1]
2026-09-07 08:02:21,495 [DEBUG] core.argyll_runner: [argyll] iRGB test chart
2026-09-07 08:02:21,495 [DEBUG] core.argyll_runner: [argyll] White patches = 3
2026-09-07 08:02:21,496 [DEBUG] core.argyll_runner: [argyll] Black patches = 3
2026-09-07 08:02:21,496 [DEBUG] core.argyll_runner: [argyll] Composite Grey steps = 48
2026-09-07 08:02:21,496 [DEBUG] core.argyll_runner: [argyll] Full spread patches = 837
2026-09-07 08:02:21,496 [DEBUG] core.argyll_runner: [argyll] Degree of adaptation: 0.100
2026-09-07 08:02:21,496 [DEBUG] core.argyll_runner: [argyll] Adaptation weights: Device = 0.935, Perceptual = 0.065, Curvature = 0.010
2026-09-07 08:02:21,496 [DEBUG] core.argyll_runner: [argyll] Perceptual cache resolution = 11
2026-09-07 08:02:21,497 [DEBUG] core.argyll_runner: [argyll] Seeding cache...
2026-09-07 08:02:21,529 [DEBUG] core.argyll_runner: [argyll] done
2026-09-07 08:02:21,529 [DEBUG] core.argyll_runner: [argyll] Acceleration grid res = 10
2026-09-07 08:02:21,529 [DEBUG] core.argyll_runner: [argyll] 
2026-09-07 08:02:21,529 [DEBUG] core.argyll_runner: [argyll] There are 48 unique fixed points to add (52 total fixed points)
2026-09-07 08:02:21,529 [DEBUG] core.argyll_runner: [argyll] There are 785 far spread points to add
2026-09-07 08:02:21,529 [DEBUG] core.argyll_runner: [argyll] 
2026-09-07 08:02:21,529 [DEBUG] core.argyll_runner: [argyll] Added 12/833
2026-09-07 08:02:21,530 [DEBUG] core.argyll_runner: [argyll] Added 23/833
2026-09-07 08:02:21,530 [DEBUG] core.argyll_runner: [argyll] Added 34/833
2026-09-07 08:02:21,530 [DEBUG] core.argyll_runner: [argyll] Added 45/833
2026-09-07 08:02:21,530 [DEBUG] core.argyll_runner: [argyll] Added 56/833
2026-09-07 08:02:21,531 [DEBUG] core.argyll_runner: [argyll] Added 67/833
2026-09-07 08:02:21,531 [DEBUG] core.argyll_runner: [argyll] Added 78/833
2026-09-07 08:02:21,532 [DEBUG] core.argyll_runner: [argyll] Added 89/833
2026-09-07 08:02:21,533 [DEBUG] core.argyll_runner: [argyll] Added 100/833
2026-09-07 08:02:21,533 [DEBUG] core.argyll_runner: [argyll] Added 111/833
2026-09-07 08:02:21,534 [DEBUG] core.argyll_runner: [argyll] Added 122/833
2026-09-07 08:02:21,536 [DEBUG] core.argyll_runner: [argyll] Added 133/833
2026-09-07 08:02:21,537 [DEBUG] core.argyll_runner: [argyll] Added 144/833
2026-09-07 08:02:21,538 [DEBUG] core.argyll_runner: [argyll] Added 155/833
2026-09-07 08:02:21,540 [DEBUG] core.argyll_runner: [argyll] Added 166/833
2026-09-07 08:02:21,541 [DEBUG] core.argyll_runner: [argyll] Added 177/833
2026-09-07 08:02:21,543 [DEBUG] core.argyll_runner: [argyll] Added 188/833
2026-09-07 08:02:21,545 [DEBUG] core.argyll_runner: [argyll] Added 199/833
2026-09-07 08:02:21,547 [DEBUG] core.argyll_runner: [argyll] Added 210/833
2026-09-07 08:02:21,549 [DEBUG] core.argyll_runner: [argyll] Added 221/833
2026-09-07 08:02:21,552 [DEBUG] core.argyll_runner: [argyll] Added 232/833
2026-09-07 08:02:21,554 [DEBUG] core.argyll_runner: [argyll] Added 243/833
2026-09-07 08:02:21,557 [DEBUG] core.argyll_runner: [argyll] Added 254/833
2026-09-07 08:02:21,559 [DEBUG] core.argyll_runner: [argyll] Added 265/833
2026-09-07 08:02:21,562 [DEBUG] core.argyll_runner: [argyll] Added 276/833
2026-09-07 08:02:21,565 [DEBUG] core.argyll_runner: [argyll] Added 287/833
2026-09-07 08:02:21,569 [DEBUG] core.argyll_runner: [argyll] Added 298/833
2026-09-07 08:02:21,572 [DEBUG] core.argyll_runner: [argyll] Added 309/833
2026-09-07 08:02:21,575 [DEBUG] core.argyll_runner: [argyll] Added 320/833
2026-09-07 08:02:21,579 [DEBUG] core.argyll_runner: [argyll] Added 331/833
2026-09-07 08:02:21,583 [DEBUG] core.argyll_runner: [argyll] Added 342/833
2026-09-07 08:02:21,606 [DEBUG] core.argyll_runner: [argyll] 
2026-09-07 08:02:21,607 [DEBUG] core.argyll_runner: [argyll] Added 353/833
2026-09-07 08:02:21,608 [DEBUG] core.argyll_runner: [argyll] Added 364/833
2026-09-07 08:02:21,608 [DEBUG] core.argyll_runner: [argyll] Added 375/833
2026-09-07 08:02:21,608 [DEBUG] core.argyll_runner: [argyll] Added 386/833
2026-09-07 08:02:21,609 [DEBUG] core.argyll_runner: [argyll] Added 397/833
2026-09-07 08:02:21,609 [DEBUG] core.argyll_runner: [argyll] Added 408/833
2026-09-07 08:02:21,610 [DEBUG] core.argyll_runner: [argyll] Added 419/833
2026-09-07 08:02:21,611 [DEBUG] core.argyll_runner: [argyll] Added 430/833
2026-09-07 08:02:21,612 [DEBUG] core.argyll_runner: [argyll] Added 441/833
2026-09-07 08:02:21,613 [DEBUG] core.argyll_runner: [argyll] Added 452/833
2026-09-07 08:02:21,615 [DEBUG] core.argyll_runner: [argyll] Added 463/833
2026-09-07 08:02:21,616 [DEBUG] core.argyll_runner: [argyll] Added 474/833
2026-09-07 08:02:21,618 [DEBUG] core.argyll_runner: [argyll] Added 485/833
2026-09-07 08:02:21,620 [DEBUG] core.argyll_runner: [argyll] Added 496/833
2026-09-07 08:02:21,622 [DEBUG] core.argyll_runner: [argyll] Added 507/833
2026-09-07 08:02:21,624 [DEBUG] core.argyll_runner: [argyll] Added 518/833
2026-09-07 08:02:21,626 [DEBUG] core.argyll_runner: [argyll] Added 529/833
2026-09-07 08:02:21,628 [DEBUG] core.argyll_runner: [argyll] Added 540/833
2026-09-07 08:02:21,631 [DEBUG] core.argyll_runner: [argyll] Added 551/833
2026-09-07 08:02:21,633 [DEBUG] core.argyll_runner: [argyll] Added 562/833
2026-09-07 08:02:21,636 [DEBUG] core.argyll_runner: [argyll] Added 573/833
2026-09-07 08:02:21,639 [DEBUG] core.argyll_runner: [argyll] Added 584/833
2026-09-07 08:02:21,642 [DEBUG] core.argyll_runner: [argyll] Added 595/833
2026-09-07 08:02:21,645 [DEBUG] core.argyll_runner: [argyll] Added 606/833
2026-09-07 08:02:21,648 [DEBUG] core.argyll_runner: [argyll] Added 617/833
2026-09-07 08:02:21,651 [DEBUG] core.argyll_runner: [argyll] Added 628/833
2026-09-07 08:02:21,655 [DEBUG] core.argyll_runner: [argyll] Added 639/833
2026-09-07 08:02:21,659 [DEBUG] core.argyll_runner: [argyll] Added 650/833
2026-09-07 08:02:21,662 [DEBUG] core.argyll_runner: [argyll] Added 661/833
2026-09-07 08:02:21,666 [DEBUG] core.argyll_runner: [argyll] Added 672/833
2026-09-07 08:02:21,671 [DEBUG] core.argyll_runner: [argyll] Added 683/833
2026-09-07 08:02:21,675 [DEBUG] core.argyll_runner: [argyll] Added 694/833
2026-09-07 08:02:21,679 [DEBUG] core.argyll_runner: [argyll] Added 705/833
2026-09-07 08:02:21,684 [DEBUG] core.argyll_runner: [argyll] Added 716/833
2026-09-07 08:02:21,688 [DEBUG] core.argyll_runner: [argyll] Added 727/833
2026-09-07 08:02:21,693 [DEBUG] core.argyll_runner: [argyll] Added 738/833
2026-09-07 08:02:21,698 [DEBUG] core.argyll_runner: [argyll] Added 749/833
2026-09-07 08:02:21,703 [DEBUG] core.argyll_runner: [argyll] Added 760/833
2026-09-07 08:02:21,708 [DEBUG] core.argyll_runner: [argyll] Added 771/833
2026-09-07 08:02:21,714 [DEBUG] core.argyll_runner: [argyll] Added 782/833
2026-09-07 08:02:21,719 [DEBUG] core.argyll_runner: [argyll] Added 793/833
2026-09-07 08:02:21,725 [DEBUG] core.argyll_runner: [argyll] Added 804/833
2026-09-07 08:02:21,731 [DEBUG] core.argyll_runner: [argyll] Added 815/833
2026-09-07 08:02:21,737 [DEBUG] core.argyll_runner: [argyll] Added 826/833
2026-09-07 08:02:21,743 [DEBUG] core.argyll_runner: [argyll] Added 833/833
2026-09-07 08:02:23,197 [DEBUG] core.argyll_runner: [argyll] 
2026-09-07 08:02:23,198 [DEBUG] core.argyll_runner: [argyll] After seeding points: MinPoint = 3.539, Min = 2.667, Avg. = 9.262, Max = 11.731, 0.1 secs
2026-09-07 08:02:23,199 [DEBUG] core.argyll_runner: [argyll] Re-seeding
2026-09-07 08:02:23,199 [DEBUG] core.argyll_runner: [argyll] It 1: Maxmv = 0.086342, MinPoint = 2.163, Min = 3.251, Avg. = 9.235, Max = 12.693, 0.1 secs.
2026-09-07 08:02:23,199 [DEBUG] core.argyll_runner: [argyll] Re-seeding
2026-09-07 08:02:23,199 [DEBUG] core.argyll_runner: [argyll] It 2: Maxmv = 0.082791, MinPoint = 3.539, Min = 3.251, Avg. = 9.137, Max = 12.259, 0.1 secs.
2026-09-07 08:02:23,200 [DEBUG] core.argyll_runner: [argyll] Re-seeding
2026-09-07 08:02:23,200 [DEBUG] core.argyll_runner: [argyll] It 3: Maxmv = 0.072470, MinPoint = 3.539, Min = 3.251, Avg. = 9.078, Max = 11.842, 0.1 secs.
2026-09-07 08:02:23,200 [DEBUG] core.argyll_runner: [argyll] Re-seeding
2026-09-07 08:02:23,200 [DEBUG] core.argyll_runner: [argyll] It 4: Maxmv = 0.063263, MinPoint = 3.539, Min = 3.251, Avg. = 9.008, Max = 11.966, 0.1 secs.
2026-09-07 08:02:23,201 [DEBUG] core.argyll_runner: [argyll] Re-seeding
2026-09-07 08:02:23,201 [DEBUG] core.argyll_runner: [argyll] It 5: Maxmv = 0.065249, MinPoint = 3.539, Min = 3.251, Avg. = 8.968, Max = 11.921, 0.1 secs.
2026-09-07 08:02:23,201 [DEBUG] core.argyll_runner: [argyll] Re-seeding
2026-09-07 08:02:23,201 [DEBUG] core.argyll_runner: [argyll] It 6: Maxmv = 0.063804, MinPoint = 3.539, Min = 3.251, Avg. = 8.910, Max = 11.470, 0.1 secs.
2026-09-07 08:02:23,202 [DEBUG] core.argyll_runner: [argyll] Re-seeding
2026-09-07 08:02:23,202 [DEBUG] core.argyll_runner: [argyll] It 7: Maxmv = 0.044462, MinPoint = 3.539, Min = 3.251, Avg. = 8.873, Max = 11.118, 0.1 secs.
2026-09-07 08:02:23,202 [DEBUG] core.argyll_runner: [argyll] Re-seeding
2026-09-07 08:02:23,202 [DEBUG] core.argyll_runner: [argyll] It 8: Maxmv = 0.047129, MinPoint = 3.539, Min = 3.251, Avg. = 8.851, Max = 11.173, 0.1 secs.
2026-09-07 08:02:23,203 [DEBUG] core.argyll_runner: [argyll] Re-seeding
2026-09-07 08:02:23,203 [DEBUG] core.argyll_runner: [argyll] It 9: Maxmv = 0.033162, MinPoint = 3.539, Min = 3.251, Avg. = 8.814, Max = 10.917, 0.1 secs.
2026-09-07 08:02:23,203 [DEBUG] core.argyll_runner: [argyll] Re-seeding
2026-09-07 08:02:23,203 [DEBUG] core.argyll_runner: [argyll] It 10: Maxmv = 0.033301, MinPoint = 3.539, Min = 3.251, Avg. = 8.795, Max = 10.768, 0.1 secs.
2026-09-07 08:02:23,203 [DEBUG] core.argyll_runner: [argyll] Re-seeding
2026-09-07 08:02:23,204 [DEBUG] core.argyll_runner: [argyll] It 11: Maxmv = 0.029831, MinPoint = 3.539, Min = 3.251, Avg. = 8.783, Max = 10.660, 0.1 secs.
2026-09-07 08:02:23,204 [DEBUG] core.argyll_runner: [argyll] Re-seeding
2026-09-07 08:02:23,204 [DEBUG] core.argyll_runner: [argyll] It 12: Maxmv = 0.023888, MinPoint = 3.539, Min = 3.251, Avg. = 8.779, Max = 10.460, 0.1 secs.
2026-09-07 08:02:23,204 [DEBUG] core.argyll_runner: [argyll] Re-seeding
2026-09-07 08:02:23,205 [DEBUG] core.argyll_runner: [argyll] It 13: Maxmv = 0.020168, MinPoint = 3.539, Min = 3.251, Avg. = 8.768, Max = 10.359, 0.1 secs.
2026-09-07 08:02:23,205 [DEBUG] core.argyll_runner: [argyll] Re-seeding
2026-09-07 08:02:23,205 [DEBUG] core.argyll_runner: [argyll] It 14: Maxmv = 0.016745, MinPoint = 3.539, Min = 3.251, Avg. = 8.759, Max = 10.348, 0.1 secs.
2026-09-07 08:02:23,205 [DEBUG] core.argyll_runner: [argyll] Re-seeding
2026-09-07 08:02:23,206 [DEBUG] core.argyll_runner: [argyll] It 15: Maxmv = 0.013207, MinPoint = 3.539, Min = 3.251, Avg. = 8.757, Max = 10.248, 0.1 secs.
2026-09-07 08:02:23,206 [DEBUG] core.argyll_runner: [argyll] Re-seeding
2026-09-07 08:02:23,206 [DEBUG] core.argyll_runner: [argyll] It 16: Maxmv = 0.007842, MinPoint = 3.539, Min = 3.251, Avg. = 8.756, Max = 10.183, 0.1 secs.
2026-09-07 08:02:23,206 [DEBUG] core.argyll_runner: [argyll] Re-seeding
2026-09-07 08:02:23,207 [DEBUG] core.argyll_runner: [argyll] It 17: Maxmv = 0.007112, MinPoint = 3.539, Min = 3.251, Avg. = 8.755, Max = 10.148, 0.1 secs.
2026-09-07 08:02:23,207 [DEBUG] core.argyll_runner: [argyll] Re-seeding
2026-09-07 08:02:23,207 [DEBUG] core.argyll_runner: [argyll] It 18: Maxmv = 0.003392, MinPoint = 3.539, Min = 3.251, Avg. = 8.755, Max = 10.143, 0.1 secs.
2026-09-07 08:02:23,207 [DEBUG] core.argyll_runner: [argyll] Re-seeding
2026-09-07 08:02:23,207 [DEBUG] core.argyll_runner: [argyll] It 19: Maxmv = 0.001090, MinPoint = 3.539, Min = 3.251, Avg. = 8.756, Max = 10.148, 0.1 secs.
2026-09-07 08:02:23,208 [DEBUG] core.argyll_runner: [argyll] Re-seeding
2026-09-07 08:02:23,208 [DEBUG] core.argyll_runner: [argyll] It 20: Maxmv = 0.001151, MinPoint = 3.539, Min = 3.251, Avg. = 8.756, Max = 10.153, 0.1 secs.
2026-09-07 08:02:23,208 [DEBUG] core.argyll_runner: [argyll] After optimization: MinPoint = 3.539, Min = 3.251, Avg. = 8.756, Max = 10.153
2026-09-07 08:02:23,209 [DEBUG] core.argyll_runner: [argyll] Total number of patches = 837
2026-09-07 08:02:23,209 [DEBUG] core.argyll_runner: [argyll] Execution time = 1.722042 seconds
2026-09-07 08:02:23,222 [INFO] core.argyll_runner: ArgyllRunner: finished with code 0
2026-09-07 08:02:23,770 [DEBUG] workflow.chart_creator: Wrote channel sidecar A2-Instruments.channels.json: ['r', 'g', 'b']
2026-09-07 08:02:23,919 [DEBUG] ui.tiff_preview: TiffPreview: loaded 1 page(s)
2026-09-07 08:02:23,919 [INFO] ui.tabs.tab_chart: Preview loaded: 1 TIFF(s)
2026-09-07 08:02:23,971 [DEBUG] ui.tiff_preview: TiffPreview: loaded 1 page(s)
2026-09-07 08:02:23,974 [DEBUG] ui.tiff_preview: TiffPreview: loaded 1 page(s)
2026-09-07 08:02:23,981 [DEBUG] ui.tabs.tab_chart: create-chart settings written for run1 (40 parameters + ui state)
2026-09-07 08:02:26,123 [INFO] assess:   shot Screenshots/A2-instruments/CM-extrahigh-A3-preview.png  (2232x1136)
2026-09-07 08:02:26,123 [INFO] assess: [CM-extrahigh-A3] ok=True 6.2s est_before={'total': 837, 'fillup': 0, 'page_patches': 837, 'rows': 31, 'cols': 27, 'pages': 1, 'patch': (10.55, 10.81), 'pitch': None} actual={'total': 837, 'fillup': 0, 'page_patches': 837, 'rows': 31, 'cols': 27, 'pages': 1, 'patch': (10.5, 10.84), 'pitch': None} status='Margins: OK' eng=['[ChromIQ layout engine] Drawing the pages. This part runs in one go and cannot be stopped, so the window will not respond until it is finished.', '[ChromIQ layout engine] 837 patches (31×27), 1 page, random start 108602809']
2026-09-07 08:02:26,125 [INFO] assess:   json Test Runs/logs/d02_matrix.json
2026-09-07 08:02:26,125 [INFO] assess:   armed: dialog ~'scanner' -> click 'OK' hex heads-up (hex modes only)
2026-09-07 08:02:26,125 [INFO] assess:   armed: dialog ~'quite fill' -> click 'OK' last page hint
2026-09-07 08:02:26,125 [INFO] assess:   armed: dialog ~'already' -> click 'Continue this project' S4.7 on 2nd+ build
2026-09-07 08:02:26,887 [DEBUG] core.settings: settings.set helper_markers_show = False
2026-09-07 08:02:26,887 [DEBUG] core.settings: settings.set helper_marker_edge_mm = 2.0
2026-09-07 08:02:26,887 [DEBUG] core.settings: settings.set helper_marker_len_mm = 2.0
2026-09-07 08:02:26,887 [DEBUG] core.settings: settings.set helper_marker_per_patch = 3
2026-09-07 08:02:26,887 [DEBUG] core.settings: settings.set helper_markers_top_bottom = True
2026-09-07 08:02:26,887 [DEBUG] core.settings: settings.set helper_markers_sides = True
2026-09-07 08:02:27,559 [INFO] ui.tabs.tab_chart: chart build (Generate Chart) in manual: patch set targen | manual panel: 420x297, 0x0 grid, margins T33.0 R6.0 B10.0 L6.0
2026-09-07 08:02:27,563 [DEBUG] core.settings: settings.set session_ti3_path = ''
2026-09-07 08:02:27,563 [DEBUG] core.settings: settings.set session_icc_path = ''
2026-09-07 08:02:27,563 [DEBUG] core.settings: settings.set session_cal_ti3_path = ''
2026-09-07 08:02:27,565 [DEBUG] core.file_manager: Target name set to: A2-Instruments (root /Users/Basti/ChromIQ-assessment/A2-Instruments)
2026-09-07 08:02:27,566 [INFO] core.file_manager: opened the EXISTING project at /Users/Basti/ChromIQ-assessment/A2-Instruments (1 run(s) on disk)
2026-09-07 08:02:27,617 [INFO] workflow.chart_creator: Chart generation: 819 patches, instrument=CM paper=420x297 disable_lb=True
2026-09-07 08:02:27,617 [INFO] workflow.chart_creator: targen args: ['-v', '-d2', '-f819', '-e2', '-B2', '-G', '-g47', 'A2-Instruments']
2026-09-07 08:02:27,617 [INFO] core.argyll_runner: Run: /Applications/Argyll/bin/targen -v -d2 -f819 -e2 -B2 -G -g47 A2-Instruments  [cwd=/Users/Basti/ChromIQ-assessment/A2-Instruments/runs/run1]
2026-09-07 08:02:27,690 [DEBUG] core.argyll_runner: [argyll] iRGB test chart
2026-09-07 08:02:27,691 [DEBUG] core.argyll_runner: [argyll] White patches = 2
2026-09-07 08:02:27,691 [DEBUG] core.argyll_runner: [argyll] Black patches = 2
2026-09-07 08:02:27,691 [DEBUG] core.argyll_runner: [argyll] Composite Grey steps = 47
2026-09-07 08:02:27,691 [DEBUG] core.argyll_runner: [argyll] Full spread patches = 819
2026-09-07 08:02:27,691 [DEBUG] core.argyll_runner: [argyll] Degree of adaptation: 0.100
2026-09-07 08:02:27,691 [DEBUG] core.argyll_runner: [argyll] Adaptation weights: Device = 0.935, Perceptual = 0.065, Curvature = 0.010
2026-09-07 08:02:27,692 [DEBUG] core.argyll_runner: [argyll] Perceptual cache resolution = 11
2026-09-07 08:02:27,692 [DEBUG] core.argyll_runner: [argyll] Seeding cache...
2026-09-07 08:02:27,712 [DEBUG] core.argyll_runner: [argyll] done
2026-09-07 08:02:27,712 [DEBUG] core.argyll_runner: [argyll] Acceleration grid res = 10
2026-09-07 08:02:27,712 [DEBUG] core.argyll_runner: [argyll] 
2026-09-07 08:02:27,712 [DEBUG] core.argyll_runner: [argyll] There are 47 unique fixed points to add (49 total fixed points)
2026-09-07 08:02:27,712 [DEBUG] core.argyll_runner: [argyll] There are 770 far spread points to add
2026-09-07 08:02:27,713 [DEBUG] core.argyll_runner: [argyll] 
2026-09-07 08:02:27,713 [DEBUG] core.argyll_runner: [argyll] Added 12/817
2026-09-07 08:02:27,713 [DEBUG] core.argyll_runner: [argyll] Added 23/817
2026-09-07 08:02:27,713 [DEBUG] core.argyll_runner: [argyll] Added 34/817
2026-09-07 08:02:27,713 [DEBUG] core.argyll_runner: [argyll] Added 45/817
2026-09-07 08:02:27,714 [DEBUG] core.argyll_runner: [argyll] Added 56/817
2026-09-07 08:02:27,714 [DEBUG] core.argyll_runner: [argyll] Added 67/817
2026-09-07 08:02:27,715 [DEBUG] core.argyll_runner: [argyll] Added 78/817
2026-09-07 08:02:27,715 [DEBUG] core.argyll_runner: [argyll] Added 89/817
2026-09-07 08:02:27,716 [DEBUG] core.argyll_runner: [argyll] Added 100/817
2026-09-07 08:02:27,717 [DEBUG] core.argyll_runner: [argyll] Added 111/817
2026-09-07 08:02:27,718 [DEBUG] core.argyll_runner: [argyll] Added 122/817
2026-09-07 08:02:27,719 [DEBUG] core.argyll_runner: [argyll] Added 133/817
2026-09-07 08:02:27,720 [DEBUG] core.argyll_runner: [argyll] Added 144/817
2026-09-07 08:02:27,721 [DEBUG] core.argyll_runner: [argyll] Added 155/817
2026-09-07 08:02:27,723 [DEBUG] core.argyll_runner: [argyll] Added 166/817
2026-09-07 08:02:27,724 [DEBUG] core.argyll_runner: [argyll] Added 177/817
2026-09-07 08:02:27,726 [DEBUG] core.argyll_runner: [argyll] Added 188/817
2026-09-07 08:02:27,728 [DEBUG] core.argyll_runner: [argyll] Added 199/817
2026-09-07 08:02:27,742 [DEBUG] core.argyll_runner: [argyll] 
2026-09-07 08:02:27,743 [DEBUG] core.argyll_runner: [argyll] Added 210/817
2026-09-07 08:02:27,743 [DEBUG] core.argyll_runner: [argyll] Added 221/817
2026-09-07 08:02:27,743 [DEBUG] core.argyll_runner: [argyll] Added 232/817
2026-09-07 08:02:27,744 [DEBUG] core.argyll_runner: [argyll] Added 243/817
2026-09-07 08:02:27,744 [DEBUG] core.argyll_runner: [argyll] Added 254/817
2026-09-07 08:02:27,745 [DEBUG] core.argyll_runner: [argyll] Added 265/817
2026-09-07 08:02:27,746 [DEBUG] core.argyll_runner: [argyll] Added 276/817
2026-09-07 08:02:27,747 [DEBUG] core.argyll_runner: [argyll] Added 287/817
2026-09-07 08:02:27,748 [DEBUG] core.argyll_runner: [argyll] Added 298/817
2026-09-07 08:02:27,749 [DEBUG] core.argyll_runner: [argyll] Added 309/817
2026-09-07 08:02:27,750 [DEBUG] core.argyll_runner: [argyll] Added 320/817
2026-09-07 08:02:27,751 [DEBUG] core.argyll_runner: [argyll] Added 331/817
2026-09-07 08:02:27,753 [DEBUG] core.argyll_runner: [argyll] Added 342/817
2026-09-07 08:02:27,755 [DEBUG] core.argyll_runner: [argyll] Added 353/817
2026-09-07 08:02:27,756 [DEBUG] core.argyll_runner: [argyll] Added 364/817
2026-09-07 08:02:27,758 [DEBUG] core.argyll_runner: [argyll] Added 375/817
2026-09-07 08:02:27,760 [DEBUG] core.argyll_runner: [argyll] Added 386/817
2026-09-07 08:02:27,762 [DEBUG] core.argyll_runner: [argyll] Added 397/817
2026-09-07 08:02:27,765 [DEBUG] core.argyll_runner: [argyll] Added 408/817
2026-09-07 08:02:27,767 [DEBUG] core.argyll_runner: [argyll] Added 419/817
2026-09-07 08:02:27,770 [DEBUG] core.argyll_runner: [argyll] Added 430/817
2026-09-07 08:02:27,772 [DEBUG] core.argyll_runner: [argyll] Added 441/817
2026-09-07 08:02:27,775 [DEBUG] core.argyll_runner: [argyll] Added 452/817
2026-09-07 08:02:27,778 [DEBUG] core.argyll_runner: [argyll] Added 463/817
2026-09-07 08:02:27,781 [DEBUG] core.argyll_runner: [argyll] Added 474/817
2026-09-07 08:02:27,784 [DEBUG] core.argyll_runner: [argyll] Added 485/817
2026-09-07 08:02:27,787 [DEBUG] core.argyll_runner: [argyll] Added 496/817
2026-09-07 08:02:27,791 [DEBUG] core.argyll_runner: [argyll] Added 507/817
2026-09-07 08:02:27,794 [DEBUG] core.argyll_runner: [argyll] Added 518/817
2026-09-07 08:02:27,798 [DEBUG] core.argyll_runner: [argyll] Added 529/817
2026-09-07 08:02:27,802 [DEBUG] core.argyll_runner: [argyll] Added 540/817
2026-09-07 08:02:27,806 [DEBUG] core.argyll_runner: [argyll] Added 551/817
2026-09-07 08:02:27,810 [DEBUG] core.argyll_runner: [argyll] Added 562/817
2026-09-07 08:02:27,834 [DEBUG] core.argyll_runner: [argyll] 
2026-09-07 08:02:27,835 [DEBUG] core.argyll_runner: [argyll] Added 573/817
2026-09-07 08:02:27,835 [DEBUG] core.argyll_runner: [argyll] Added 584/817
2026-09-07 08:02:27,836 [DEBUG] core.argyll_runner: [argyll] Added 595/817
2026-09-07 08:02:27,836 [DEBUG] core.argyll_runner: [argyll] Added 606/817
2026-09-07 08:02:27,836 [DEBUG] core.argyll_runner: [argyll] Added 617/817
2026-09-07 08:02:27,837 [DEBUG] core.argyll_runner: [argyll] Added 628/817
2026-09-07 08:02:27,838 [DEBUG] core.argyll_runner: [argyll] Added 639/817
2026-09-07 08:02:27,839 [DEBUG] core.argyll_runner: [argyll] Added 650/817
2026-09-07 08:02:27,840 [DEBUG] core.argyll_runner: [argyll] Added 661/817
2026-09-07 08:02:27,841 [DEBUG] core.argyll_runner: [argyll] Added 672/817
2026-09-07 08:02:27,842 [DEBUG] core.argyll_runner: [argyll] Added 683/817
2026-09-07 08:02:27,844 [DEBUG] core.argyll_runner: [argyll] Added 694/817
2026-09-07 08:02:27,845 [DEBUG] core.argyll_runner: [argyll] Added 705/817
2026-09-07 08:02:27,847 [DEBUG] core.argyll_runner: [argyll] Added 716/817
2026-09-07 08:02:27,849 [DEBUG] core.argyll_runner: [argyll] Added 727/817
2026-09-07 08:02:27,851 [DEBUG] core.argyll_runner: [argyll] Added 738/817
2026-09-07 08:02:27,853 [DEBUG] core.argyll_runner: [argyll] Added 749/817
2026-09-07 08:02:27,855 [DEBUG] core.argyll_runner: [argyll] Added 760/817
2026-09-07 08:02:27,857 [DEBUG] core.argyll_runner: [argyll] Added 771/817
2026-09-07 08:02:27,860 [DEBUG] core.argyll_runner: [argyll] Added 782/817
2026-09-07 08:02:27,863 [DEBUG] core.argyll_runner: [argyll] Added 793/817
2026-09-07 08:02:27,865 [DEBUG] core.argyll_runner: [argyll] Added 804/817
2026-09-07 08:02:27,868 [DEBUG] core.argyll_runner: [argyll] Added 815/817
2026-09-07 08:02:27,872 [DEBUG] core.argyll_runner: [argyll] Added 817/817
2026-09-07 08:02:29,323 [DEBUG] core.argyll_runner: [argyll] 
2026-09-07 08:02:29,324 [DEBUG] core.argyll_runner: [argyll] After seeding points: MinPoint = 3.615, Min = 3.098, Avg. = 9.314, Max = 12.348, 0.1 secs
2026-09-07 08:02:29,324 [DEBUG] core.argyll_runner: [argyll] Re-seeding
2026-09-07 08:02:29,324 [DEBUG] core.argyll_runner: [argyll] It 1: Maxmv = 0.081792, MinPoint = 3.032, Min = 3.321, Avg. = 9.242, Max = 12.818, 0.1 secs.
2026-09-07 08:02:29,325 [DEBUG] core.argyll_runner: [argyll] Re-seeding
2026-09-07 08:02:29,325 [DEBUG] core.argyll_runner: [argyll] It 2: Maxmv = 0.082423, MinPoint = 1.429, Min = 3.321, Avg. = 9.191, Max = 12.372, 0.1 secs.
2026-09-07 08:02:29,325 [DEBUG] core.argyll_runner: [argyll] Re-seeding
2026-09-07 08:02:29,325 [DEBUG] core.argyll_runner: [argyll] It 3: Maxmv = 0.079691, MinPoint = 3.615, Min = 3.321, Avg. = 9.120, Max = 11.922, 0.1 secs.
2026-09-07 08:02:29,326 [DEBUG] core.argyll_runner: [argyll] Re-seeding
2026-09-07 08:02:29,326 [DEBUG] core.argyll_runner: [argyll] It 4: Maxmv = 0.068614, MinPoint = 3.615, Min = 3.321, Avg. = 9.053, Max = 12.115, 0.1 secs.
2026-09-07 08:02:29,326 [DEBUG] core.argyll_runner: [argyll] Re-seeding
2026-09-07 08:02:29,326 [DEBUG] core.argyll_runner: [argyll] It 5: Maxmv = 0.065631, MinPoint = 3.615, Min = 3.321, Avg. = 9.025, Max = 11.693, 0.1 secs.
2026-09-07 08:02:29,327 [DEBUG] core.argyll_runner: [argyll] Re-seeding
2026-09-07 08:02:29,327 [DEBUG] core.argyll_runner: [argyll] It 6: Maxmv = 0.055370, MinPoint = 3.615, Min = 3.321, Avg. = 8.972, Max = 11.757, 0.1 secs.
2026-09-07 08:02:29,327 [DEBUG] core.argyll_runner: [argyll] Re-seeding
2026-09-07 08:02:29,327 [DEBUG] core.argyll_runner: [argyll] It 7: Maxmv = 0.046424, MinPoint = 3.615, Min = 3.321, Avg. = 8.943, Max = 11.589, 0.1 secs.
2026-09-07 08:02:29,328 [DEBUG] core.argyll_runner: [argyll] Re-seeding
2026-09-07 08:02:29,328 [DEBUG] core.argyll_runner: [argyll] It 8: Maxmv = 0.045973, MinPoint = 3.615, Min = 3.321, Avg. = 8.912, Max = 11.041, 0.1 secs.
2026-09-07 08:02:29,328 [DEBUG] core.argyll_runner: [argyll] Re-seeding
2026-09-07 08:02:29,328 [DEBUG] core.argyll_runner: [argyll] It 9: Maxmv = 0.038159, MinPoint = 3.615, Min = 3.321, Avg. = 8.875, Max = 11.035, 0.1 secs.
2026-09-07 08:02:29,329 [DEBUG] core.argyll_runner: [argyll] Re-seeding
2026-09-07 08:02:29,329 [DEBUG] core.argyll_runner: [argyll] It 10: Maxmv = 0.030054, MinPoint = 3.615, Min = 3.321, Avg. = 8.856, Max = 11.012, 0.1 secs.
2026-09-07 08:02:29,329 [DEBUG] core.argyll_runner: [argyll] Re-seeding
2026-09-07 08:02:29,329 [DEBUG] core.argyll_runner: [argyll] It 11: Maxmv = 0.028727, MinPoint = 3.615, Min = 3.321, Avg. = 8.841, Max = 10.925, 0.1 secs.
2026-09-07 08:02:29,330 [DEBUG] core.argyll_runner: [argyll] Re-seeding
2026-09-07 08:02:29,330 [DEBUG] core.argyll_runner: [argyll] It 12: Maxmv = 0.024728, MinPoint = 3.615, Min = 3.321, Avg. = 8.840, Max = 10.805, 0.1 secs.
2026-09-07 08:02:29,330 [DEBUG] core.argyll_runner: [argyll] Re-seeding
2026-09-07 08:02:29,330 [DEBUG] core.argyll_runner: [argyll] It 13: Maxmv = 0.020995, MinPoint = 3.615, Min = 3.321, Avg. = 8.828, Max = 10.821, 0.1 secs.
2026-09-07 08:02:29,331 [DEBUG] core.argyll_runner: [argyll] Re-seeding
2026-09-07 08:02:29,331 [DEBUG] core.argyll_runner: [argyll] It 14: Maxmv = 0.015051, MinPoint = 3.615, Min = 3.321, Avg. = 8.823, Max = 10.784, 0.1 secs.
2026-09-07 08:02:29,331 [DEBUG] core.argyll_runner: [argyll] Re-seeding
2026-09-07 08:02:29,331 [DEBUG] core.argyll_runner: [argyll] It 15: Maxmv = 0.012476, MinPoint = 3.615, Min = 3.321, Avg. = 8.818, Max = 10.706, 0.1 secs.
2026-09-07 08:02:29,332 [DEBUG] core.argyll_runner: [argyll] Re-seeding
2026-09-07 08:02:29,332 [DEBUG] core.argyll_runner: [argyll] It 16: Maxmv = 0.011571, MinPoint = 3.615, Min = 3.321, Avg. = 8.817, Max = 10.772, 0.1 secs.
2026-09-07 08:02:29,332 [DEBUG] core.argyll_runner: [argyll] Re-seeding
2026-09-07 08:02:29,332 [DEBUG] core.argyll_runner: [argyll] It 17: Maxmv = 0.005855, MinPoint = 3.615, Min = 3.321, Avg. = 8.817, Max = 10.649, 0.1 secs.
2026-09-07 08:02:29,333 [DEBUG] core.argyll_runner: [argyll] Re-seeding
2026-09-07 08:02:29,333 [DEBUG] core.argyll_runner: [argyll] It 18: Maxmv = 0.003214, MinPoint = 3.615, Min = 3.321, Avg. = 8.817, Max = 10.700, 0.1 secs.
2026-09-07 08:02:29,333 [DEBUG] core.argyll_runner: [argyll] Re-seeding
2026-09-07 08:02:29,333 [DEBUG] core.argyll_runner: [argyll] It 19: Maxmv = 0.001293, MinPoint = 3.615, Min = 3.321, Avg. = 8.817, Max = 10.716, 0.1 secs.
2026-09-07 08:02:29,334 [DEBUG] core.argyll_runner: [argyll] Re-seeding
2026-09-07 08:02:29,334 [DEBUG] core.argyll_runner: [argyll] It 20: Maxmv = 0.001353, MinPoint = 3.615, Min = 3.321, Avg. = 8.817, Max = 10.698, 0.1 secs.
2026-09-07 08:02:29,334 [DEBUG] core.argyll_runner: [argyll] After optimization: MinPoint = 3.615, Min = 3.321, Avg. = 8.817, Max = 10.698
2026-09-07 08:02:29,334 [DEBUG] core.argyll_runner: [argyll] Total number of patches = 819
2026-09-07 08:02:29,335 [DEBUG] core.argyll_runner: [argyll] Execution time = 1.634535 seconds
2026-09-07 08:02:29,335 [INFO] core.argyll_runner: ArgyllRunner: finished with code 0
2026-09-07 08:02:30,072 [DEBUG] workflow.chart_creator: Wrote channel sidecar A2-Instruments.channels.json: ['r', 'g', 'b']
2026-09-07 08:02:30,239 [DEBUG] ui.tiff_preview: TiffPreview: loaded 1 page(s)
2026-09-07 08:02:30,239 [INFO] ui.tabs.tab_chart: Preview loaded: 1 TIFF(s)
2026-09-07 08:02:30,290 [DEBUG] ui.tiff_preview: TiffPreview: loaded 1 page(s)
2026-09-07 08:02:30,293 [DEBUG] ui.tiff_preview: TiffPreview: loaded 1 page(s)
2026-09-07 08:02:30,300 [DEBUG] ui.tabs.tab_chart: create-chart settings written for run1 (40 parameters + ui state)
2026-09-07 08:02:32,504 [INFO] assess:   shot Screenshots/A2-instruments/CM-extrahigh-420x297-preview.png  (2232x1136)
2026-09-07 08:02:32,505 [INFO] assess: [CM-extrahigh-420x297] ok=True 6.4s est_before={'total': 819, 'fillup': 0, 'page_patches': 819, 'rows': 21, 'cols': 39, 'pages': 1, 'patch': (10.46, 10.73), 'pitch': None} actual={'total': 819, 'fillup': 0, 'page_patches': 819, 'rows': 21, 'cols': 39, 'pages': 1, 'patch': (10.41, 10.67), 'pitch': None} status='Margins: OK' eng=['[ChromIQ layout engine] Drawing the pages. This part runs in one go and cannot be stopped, so the window will not respond until it is finished.', '[ChromIQ layout engine] 819 patches (21×39), 1 page, random start 2089570539']
2026-09-07 08:02:32,505 [INFO] assess:   json Test Runs/logs/d02_matrix.json
2026-09-07 08:02:32,505 [INFO] assess:   armed: dialog ~'scanner' -> click 'OK' hex heads-up (hex modes only)
2026-09-07 08:02:32,505 [INFO] assess:   armed: dialog ~'quite fill' -> click 'OK' last page hint
2026-09-07 08:02:32,505 [INFO] assess:   armed: dialog ~'already' -> click 'Continue this project' S4.7 on 2nd+ build
2026-09-07 08:02:33,263 [DEBUG] core.settings: settings.set helper_markers_show = False
2026-09-07 08:02:33,263 [DEBUG] core.settings: settings.set helper_marker_edge_mm = 2.0
2026-09-07 08:02:33,263 [DEBUG] core.settings: settings.set helper_marker_len_mm = 2.0
2026-09-07 08:02:33,263 [DEBUG] core.settings: settings.set helper_marker_per_patch = 3
2026-09-07 08:02:33,263 [DEBUG] core.settings: settings.set helper_markers_top_bottom = True
2026-09-07 08:02:33,263 [DEBUG] core.settings: settings.set helper_markers_sides = True
2026-09-07 08:02:34,182 [INFO] ui.tabs.tab_chart: chart build (Generate Chart) in manual: patch set targen | manual panel: 200x200, 0x0 grid, margins T6.0 R6.0 B6.0 L6.0
2026-09-07 08:02:34,185 [DEBUG] core.settings: settings.set session_ti3_path = ''
2026-09-07 08:02:34,185 [DEBUG] core.settings: settings.set session_icc_path = ''
2026-09-07 08:02:34,185 [DEBUG] core.settings: settings.set session_cal_ti3_path = ''
2026-09-07 08:02:34,187 [DEBUG] core.file_manager: Target name set to: A2-Instruments (root /Users/Basti/ChromIQ-assessment/A2-Instruments)
2026-09-07 08:02:34,188 [INFO] core.file_manager: opened the EXISTING project at /Users/Basti/ChromIQ-assessment/A2-Instruments (1 run(s) on disk)
2026-09-07 08:02:34,234 [INFO] workflow.chart_creator: Chart generation: 270 patches, instrument=CM paper=200x200 disable_lb=True
2026-09-07 08:02:34,234 [INFO] workflow.chart_creator: targen args: ['-v', '-d2', '-f270', '-e3', '-B3', '-G', '-g15', 'A2-Instruments']
2026-09-07 08:02:34,234 [INFO] core.argyll_runner: Run: /Applications/Argyll/bin/targen -v -d2 -f270 -e3 -B3 -G -g15 A2-Instruments  [cwd=/Users/Basti/ChromIQ-assessment/A2-Instruments/runs/run1]
2026-09-07 08:02:34,308 [DEBUG] core.argyll_runner: [argyll] iRGB test chart
2026-09-07 08:02:34,308 [DEBUG] core.argyll_runner: [argyll] White patches = 3
2026-09-07 08:02:34,309 [DEBUG] core.argyll_runner: [argyll] Black patches = 3
2026-09-07 08:02:34,309 [DEBUG] core.argyll_runner: [argyll] Composite Grey steps = 15
2026-09-07 08:02:34,309 [DEBUG] core.argyll_runner: [argyll] Full spread patches = 270
2026-09-07 08:02:34,309 [DEBUG] core.argyll_runner: [argyll] Degree of adaptation: 0.100
2026-09-07 08:02:34,309 [DEBUG] core.argyll_runner: [argyll] Adaptation weights: Device = 0.935, Perceptual = 0.065, Curvature = 0.010
2026-09-07 08:02:34,309 [DEBUG] core.argyll_runner: [argyll] Perceptual cache resolution = 7
2026-09-07 08:02:34,310 [DEBUG] core.argyll_runner: [argyll] Seeding cache...done
2026-09-07 08:02:34,310 [DEBUG] core.argyll_runner: [argyll] Acceleration grid res = 7
2026-09-07 08:02:34,310 [DEBUG] core.argyll_runner: [argyll] 
2026-09-07 08:02:34,310 [DEBUG] core.argyll_runner: [argyll] There are 15 unique fixed points to add (19 total fixed points)
2026-09-07 08:02:34,310 [DEBUG] core.argyll_runner: [argyll] There are 251 far spread points to add
2026-09-07 08:02:34,310 [DEBUG] core.argyll_runner: [argyll] 
2026-09-07 08:02:34,310 [DEBUG] core.argyll_runner: [argyll] Added 12/266
2026-09-07 08:02:34,310 [DEBUG] core.argyll_runner: [argyll] Added 23/266
2026-09-07 08:02:34,311 [DEBUG] core.argyll_runner: [argyll] Added 34/266
2026-09-07 08:02:34,311 [DEBUG] core.argyll_runner: [argyll] Added 45/266
2026-09-07 08:02:34,311 [DEBUG] core.argyll_runner: [argyll] Added 56/266
2026-09-07 08:02:34,312 [DEBUG] core.argyll_runner: [argyll] Added 67/266
2026-09-07 08:02:34,313 [DEBUG] core.argyll_runner: [argyll] Added 78/266
2026-09-07 08:02:34,313 [DEBUG] core.argyll_runner: [argyll] Added 89/266
2026-09-07 08:02:34,314 [DEBUG] core.argyll_runner: [argyll] Added 100/266
2026-09-07 08:02:34,315 [DEBUG] core.argyll_runner: [argyll] Added 111/266
2026-09-07 08:02:34,316 [DEBUG] core.argyll_runner: [argyll] Added 122/266
2026-09-07 08:02:34,318 [DEBUG] core.argyll_runner: [argyll] Added 133/266
2026-09-07 08:02:34,340 [DEBUG] core.argyll_runner: [argyll] 
2026-09-07 08:02:34,340 [DEBUG] core.argyll_runner: [argyll] Added 144/266
2026-09-07 08:02:34,340 [DEBUG] core.argyll_runner: [argyll] Added 155/266
2026-09-07 08:02:34,341 [DEBUG] core.argyll_runner: [argyll] Added 166/266
2026-09-07 08:02:34,341 [DEBUG] core.argyll_runner: [argyll] Added 177/266
2026-09-07 08:02:34,342 [DEBUG] core.argyll_runner: [argyll] Added 188/266
2026-09-07 08:02:34,342 [DEBUG] core.argyll_runner: [argyll] Added 199/266
2026-09-07 08:02:34,343 [DEBUG] core.argyll_runner: [argyll] Added 210/266
2026-09-07 08:02:34,344 [DEBUG] core.argyll_runner: [argyll] Added 221/266
2026-09-07 08:02:34,345 [DEBUG] core.argyll_runner: [argyll] Added 232/266
2026-09-07 08:02:34,346 [DEBUG] core.argyll_runner: [argyll] Added 243/266
2026-09-07 08:02:34,347 [DEBUG] core.argyll_runner: [argyll] Added 254/266
2026-09-07 08:02:34,349 [DEBUG] core.argyll_runner: [argyll] Added 265/266
2026-09-07 08:02:34,350 [DEBUG] core.argyll_runner: [argyll] Added 266/266
2026-09-07 08:02:34,753 [DEBUG] core.argyll_runner: [argyll] 
2026-09-07 08:02:34,754 [DEBUG] core.argyll_runner: [argyll] After seeding points: MinPoint = 7.960, Min = 4.795, Avg. = 13.782, Max = 18.072, 0.0 secs
2026-09-07 08:02:34,754 [DEBUG] core.argyll_runner: [argyll] Re-seeding
2026-09-07 08:02:34,754 [DEBUG] core.argyll_runner: [argyll] It 1: Maxmv = 0.133144, MinPoint = 4.585, Min = 2.519, Avg. = 13.703, Max = 18.129, 0.0 secs.
2026-09-07 08:02:34,754 [DEBUG] core.argyll_runner: [argyll] Re-seeding
2026-09-07 08:02:34,755 [DEBUG] core.argyll_runner: [argyll] It 2: Maxmv = 0.117199, MinPoint = 6.145, Min = 6.776, Avg. = 13.582, Max = 17.991, 0.0 secs.
2026-09-07 08:02:34,755 [DEBUG] core.argyll_runner: [argyll] Re-seeding
2026-09-07 08:02:34,755 [DEBUG] core.argyll_runner: [argyll] It 3: Maxmv = 0.094854, MinPoint = 7.082, Min = 7.089, Avg. = 13.492, Max = 17.586, 0.0 secs.
2026-09-07 08:02:34,755 [DEBUG] core.argyll_runner: [argyll] Re-seeding
2026-09-07 08:02:34,756 [DEBUG] core.argyll_runner: [argyll] It 4: Maxmv = 0.098006, MinPoint = 7.636, Min = 7.745, Avg. = 13.427, Max = 16.647, 0.0 secs.
2026-09-07 08:02:34,756 [DEBUG] core.argyll_runner: [argyll] Re-seeding
2026-09-07 08:02:34,756 [DEBUG] core.argyll_runner: [argyll] It 5: Maxmv = 0.111784, MinPoint = 8.152, Min = 8.982, Avg. = 13.330, Max = 17.058, 0.0 secs.
2026-09-07 08:02:34,757 [DEBUG] core.argyll_runner: [argyll] Re-seeding
2026-09-07 08:02:34,757 [DEBUG] core.argyll_runner: [argyll] It 6: Maxmv = 0.083750, MinPoint = 10.599, Min = 9.443, Avg. = 13.302, Max = 16.670, 0.0 secs.
2026-09-07 08:02:34,757 [DEBUG] core.argyll_runner: [argyll] Re-seeding
2026-09-07 08:02:34,757 [DEBUG] core.argyll_runner: [argyll] It 7: Maxmv = 0.072445, MinPoint = 9.960, Min = 8.946, Avg. = 13.253, Max = 16.881, 0.0 secs.
2026-09-07 08:02:34,758 [DEBUG] core.argyll_runner: [argyll] Re-seeding
2026-09-07 08:02:34,758 [DEBUG] core.argyll_runner: [argyll] It 8: Maxmv = 0.057694, MinPoint = 11.919, Min = 10.124, Avg. = 13.242, Max = 16.427, 0.0 secs.
2026-09-07 08:02:34,758 [DEBUG] core.argyll_runner: [argyll] Re-seeding
2026-09-07 08:02:34,758 [DEBUG] core.argyll_runner: [argyll] It 9: Maxmv = 0.060968, MinPoint = 11.033, Min = 9.431, Avg. = 13.207, Max = 16.181, 0.0 secs.
2026-09-07 08:02:34,759 [DEBUG] core.argyll_runner: [argyll] Re-seeding
2026-09-07 08:02:34,759 [DEBUG] core.argyll_runner: [argyll] It 10: Maxmv = 0.057804, MinPoint = 11.766, Min = 9.072, Avg. = 13.208, Max = 16.526, 0.0 secs.
2026-09-07 08:02:34,759 [DEBUG] core.argyll_runner: [argyll] Re-seeding
2026-09-07 08:02:34,759 [DEBUG] core.argyll_runner: [argyll] It 11: Maxmv = 0.040918, MinPoint = 10.338, Min = 10.203, Avg. = 13.210, Max = 16.049, 0.0 secs.
2026-09-07 08:02:34,760 [DEBUG] core.argyll_runner: [argyll] Re-seeding
2026-09-07 08:02:34,760 [DEBUG] core.argyll_runner: [argyll] It 12: Maxmv = 0.033624, MinPoint = 11.590, Min = 10.051, Avg. = 13.190, Max = 15.670, 0.0 secs.
2026-09-07 08:02:34,760 [DEBUG] core.argyll_runner: [argyll] Re-seeding
2026-09-07 08:02:34,760 [DEBUG] core.argyll_runner: [argyll] It 13: Maxmv = 0.032674, MinPoint = 11.838, Min = 10.323, Avg. = 13.179, Max = 15.783, 0.0 secs.
2026-09-07 08:02:34,761 [DEBUG] core.argyll_runner: [argyll] Re-seeding
2026-09-07 08:02:34,761 [DEBUG] core.argyll_runner: [argyll] It 14: Maxmv = 0.025433, MinPoint = 11.919, Min = 10.441, Avg. = 13.152, Max = 15.533, 0.0 secs.
2026-09-07 08:02:34,761 [DEBUG] core.argyll_runner: [argyll] Re-seeding
2026-09-07 08:02:34,761 [DEBUG] core.argyll_runner: [argyll] It 15: Maxmv = 0.019359, MinPoint = 11.919, Min = 10.197, Avg. = 13.146, Max = 15.824, 0.0 secs.
2026-09-07 08:02:34,762 [DEBUG] core.argyll_runner: [argyll] Re-seeding
2026-09-07 08:02:34,762 [DEBUG] core.argyll_runner: [argyll] It 16: Maxmv = 0.012438, MinPoint = 11.919, Min = 10.437, Avg. = 13.143, Max = 15.623, 0.0 secs.
2026-09-07 08:02:34,762 [DEBUG] core.argyll_runner: [argyll] Re-seeding
2026-09-07 08:02:34,762 [DEBUG] core.argyll_runner: [argyll] It 17: Maxmv = 0.009837, MinPoint = 11.919, Min = 10.548, Avg. = 13.149, Max = 15.825, 0.0 secs.
2026-09-07 08:02:34,763 [DEBUG] core.argyll_runner: [argyll] Re-seeding
2026-09-07 08:02:34,763 [DEBUG] core.argyll_runner: [argyll] It 18: Maxmv = 0.005911, MinPoint = 11.778, Min = 10.561, Avg. = 13.148, Max = 15.852, 0.0 secs.
2026-09-07 08:02:34,763 [DEBUG] core.argyll_runner: [argyll] Re-seeding
2026-09-07 08:02:34,763 [DEBUG] core.argyll_runner: [argyll] It 19: Maxmv = 0.002732, MinPoint = 11.873, Min = 10.527, Avg. = 13.146, Max = 15.887, 0.0 secs.
2026-09-07 08:02:34,764 [DEBUG] core.argyll_runner: [argyll] Re-seeding
2026-09-07 08:02:34,764 [DEBUG] core.argyll_runner: [argyll] It 20: Maxmv = 0.001799, MinPoint = 11.919, Min = 10.588, Avg. = 13.147, Max = 15.869, 0.0 secs.
2026-09-07 08:02:34,764 [DEBUG] core.argyll_runner: [argyll] After optimization: MinPoint = 11.919, Min = 10.588, Avg. = 13.147, Max = 15.869
2026-09-07 08:02:34,765 [DEBUG] core.argyll_runner: [argyll] Total number of patches = 270
2026-09-07 08:02:34,765 [DEBUG] core.argyll_runner: [argyll] Execution time = 0.448816 seconds
2026-09-07 08:02:34,765 [INFO] core.argyll_runner: ArgyllRunner: finished with code 0
2026-09-07 08:02:35,097 [DEBUG] workflow.chart_creator: Wrote channel sidecar A2-Instruments.channels.json: ['r', 'g', 'b']
2026-09-07 08:02:35,156 [DEBUG] ui.tiff_preview: TiffPreview: loaded 1 page(s)
2026-09-07 08:02:35,156 [INFO] ui.tabs.tab_chart: Preview loaded: 1 TIFF(s)
2026-09-07 08:02:35,198 [DEBUG] ui.tiff_preview: TiffPreview: loaded 1 page(s)
2026-09-07 08:02:35,199 [DEBUG] ui.tiff_preview: TiffPreview: loaded 1 page(s)
2026-09-07 08:02:35,204 [DEBUG] ui.tabs.tab_chart: create-chart settings written for run1 (40 parameters + ui state)
2026-09-07 08:02:36,596 [INFO] assess:   shot Screenshots/A2-instruments/CM-extrahigh-custom_200x200-preview.png  (2232x1186)
2026-09-07 08:02:36,596 [INFO] assess: [CM-extrahigh-custom_200x200] ok=True 4.1s est_before={'total': 270, 'fillup': 0, 'page_patches': 270, 'rows': 15, 'cols': 18, 'pages': 1, 'patch': (10.44, 11.14), 'pitch': None} actual={'total': 270, 'fillup': 0, 'page_patches': 270, 'rows': 15, 'cols': 18, 'pages': 1, 'patch': (10.41, 11.09), 'pitch': None} status='' eng=['[ChromIQ layout engine] Drawing the pages. This part runs in one go and cannot be stopped, so the window will not respond until it is finished.', '[ChromIQ layout engine] 270 patches (15×18), 1 page, random start 99325359']
2026-09-07 08:02:36,597 [INFO] assess:   json Test Runs/logs/d02_matrix.json
2026-09-07 08:02:36,597 [INFO] assess:   armed: dialog ~'scanner' -> click 'OK' hex heads-up (hex modes only)
2026-09-07 08:02:36,597 [INFO] assess:   armed: dialog ~'quite fill' -> click 'OK' last page hint
2026-09-07 08:02:36,597 [INFO] assess:   armed: dialog ~'already' -> click 'Continue this project' S4.7 on 2nd+ build
2026-09-07 08:02:36,644 [DEBUG] core.settings: settings.set helper_markers_show = False
2026-09-07 08:02:36,644 [DEBUG] core.settings: settings.set helper_marker_edge_mm = 2.0
2026-09-07 08:02:36,644 [DEBUG] core.settings: settings.set helper_marker_len_mm = 2.0
2026-09-07 08:02:36,644 [DEBUG] core.settings: settings.set helper_marker_per_patch = 3
2026-09-07 08:02:36,644 [DEBUG] core.settings: settings.set helper_markers_top_bottom = True
2026-09-07 08:02:36,644 [DEBUG] core.settings: settings.set helper_markers_sides = True
2026-09-07 08:02:37,387 [DEBUG] core.settings: settings.set helper_markers_show = False
2026-09-07 08:02:37,387 [DEBUG] core.settings: settings.set helper_marker_edge_mm = 2.0
2026-09-07 08:02:37,387 [DEBUG] core.settings: settings.set helper_marker_len_mm = 2.0
2026-09-07 08:02:37,387 [DEBUG] core.settings: settings.set helper_marker_per_patch = 3
2026-09-07 08:02:37,387 [DEBUG] core.settings: settings.set helper_markers_top_bottom = True
2026-09-07 08:02:37,387 [DEBUG] core.settings: settings.set helper_markers_sides = True
2026-09-07 08:02:38,053 [INFO] ui.tabs.tab_chart: chart build (Generate Chart) in manual: patch set targen | manual panel: A4, 0x0 grid, margins T6.0 R6.0 B6.0 L11.1
2026-09-07 08:02:38,057 [DEBUG] core.settings: settings.set session_ti3_path = ''
2026-09-07 08:02:38,057 [DEBUG] core.settings: settings.set session_icc_path = ''
2026-09-07 08:02:38,057 [DEBUG] core.settings: settings.set session_cal_ti3_path = ''
2026-09-07 08:02:38,059 [DEBUG] core.file_manager: Target name set to: A2-Instruments (root /Users/Basti/ChromIQ-assessment/A2-Instruments)
2026-09-07 08:02:38,060 [INFO] core.file_manager: opened the EXISTING project at /Users/Basti/ChromIQ-assessment/A2-Instruments (1 run(s) on disk)
2026-09-07 08:02:38,088 [INFO] workflow.chart_creator: Chart generation: 1080 patches, instrument=SS paper=A4 disable_lb=True
2026-09-07 08:02:38,088 [INFO] workflow.chart_creator: targen args: ['-v', '-d2', '-f1080', '-e8', '-B8', '-G', '-g62', 'A2-Instruments']
2026-09-07 08:02:38,088 [INFO] core.argyll_runner: Run: /Applications/Argyll/bin/targen -v -d2 -f1080 -e8 -B8 -G -g62 A2-Instruments  [cwd=/Users/Basti/ChromIQ-assessment/A2-Instruments/runs/run1]
2026-09-07 08:02:38,167 [DEBUG] core.argyll_runner: [argyll] iRGB test chart
2026-09-07 08:02:38,167 [DEBUG] core.argyll_runner: [argyll] White patches = 8
2026-09-07 08:02:38,167 [DEBUG] core.argyll_runner: [argyll] Black patches = 8
2026-09-07 08:02:38,167 [DEBUG] core.argyll_runner: [argyll] Composite Grey steps = 62
2026-09-07 08:02:38,168 [DEBUG] core.argyll_runner: [argyll] Full spread patches = 1080
2026-09-07 08:02:38,168 [DEBUG] core.argyll_runner: [argyll] Degree of adaptation: 0.100
2026-09-07 08:02:38,168 [DEBUG] core.argyll_runner: [argyll] Adaptation weights: Device = 0.935, Perceptual = 0.065, Curvature = 0.010
2026-09-07 08:02:38,168 [DEBUG] core.argyll_runner: [argyll] Perceptual cache resolution = 11
2026-09-07 08:02:38,168 [DEBUG] core.argyll_runner: [argyll] Seeding cache...
2026-09-07 08:02:38,201 [DEBUG] core.argyll_runner: [argyll] done
2026-09-07 08:02:38,201 [DEBUG] core.argyll_runner: [argyll] Acceleration grid res = 11
2026-09-07 08:02:38,202 [DEBUG] core.argyll_runner: [argyll] 
2026-09-07 08:02:38,202 [DEBUG] core.argyll_runner: [argyll] There are 62 unique fixed points to add (76 total fixed points)
2026-09-07 08:02:38,202 [DEBUG] core.argyll_runner: [argyll] There are 1004 far spread points to add
2026-09-07 08:02:38,202 [DEBUG] core.argyll_runner: [argyll] 
2026-09-07 08:02:38,202 [DEBUG] core.argyll_runner: [argyll] Added 12/1066
2026-09-07 08:02:38,202 [DEBUG] core.argyll_runner: [argyll] Added 23/1066
2026-09-07 08:02:38,203 [DEBUG] core.argyll_runner: [argyll] Added 34/1066
2026-09-07 08:02:38,203 [DEBUG] core.argyll_runner: [argyll] Added 45/1066
2026-09-07 08:02:38,203 [DEBUG] core.argyll_runner: [argyll] Added 56/1066
2026-09-07 08:02:38,204 [DEBUG] core.argyll_runner: [argyll] Added 67/1066
2026-09-07 08:02:38,204 [DEBUG] core.argyll_runner: [argyll] Added 78/1066
2026-09-07 08:02:38,205 [DEBUG] core.argyll_runner: [argyll] Added 89/1066
2026-09-07 08:02:38,205 [DEBUG] core.argyll_runner: [argyll] Added 100/1066
2026-09-07 08:02:38,206 [DEBUG] core.argyll_runner: [argyll] Added 111/1066
2026-09-07 08:02:38,207 [DEBUG] core.argyll_runner: [argyll] Added 122/1066
2026-09-07 08:02:38,208 [DEBUG] core.argyll_runner: [argyll] Added 133/1066
2026-09-07 08:02:38,209 [DEBUG] core.argyll_runner: [argyll] Added 144/1066
2026-09-07 08:02:38,210 [DEBUG] core.argyll_runner: [argyll] Added 155/1066
2026-09-07 08:02:38,212 [DEBUG] core.argyll_runner: [argyll] Added 166/1066
2026-09-07 08:02:38,213 [DEBUG] core.argyll_runner: [argyll] Added 177/1066
2026-09-07 08:02:38,215 [DEBUG] core.argyll_runner: [argyll] Added 188/1066
2026-09-07 08:02:38,217 [DEBUG] core.argyll_runner: [argyll] Added 199/1066
2026-09-07 08:02:38,219 [DEBUG] core.argyll_runner: [argyll] Added 210/1066
2026-09-07 08:02:38,221 [DEBUG] core.argyll_runner: [argyll] Added 221/1066
2026-09-07 08:02:38,223 [DEBUG] core.argyll_runner: [argyll] Added 232/1066
2026-09-07 08:02:38,225 [DEBUG] core.argyll_runner: [argyll] Added 243/1066
2026-09-07 08:02:38,227 [DEBUG] core.argyll_runner: [argyll] Added 254/1066
2026-09-07 08:02:38,230 [DEBUG] core.argyll_runner: [argyll] Added 265/1066
2026-09-07 08:02:38,232 [DEBUG] core.argyll_runner: [argyll] Added 276/1066
2026-09-07 08:02:38,235 [DEBUG] core.argyll_runner: [argyll] Added 287/1066
2026-09-07 08:02:38,238 [DEBUG] core.argyll_runner: [argyll] Added 298/1066
2026-09-07 08:02:38,241 [DEBUG] core.argyll_runner: [argyll] Added 309/1066
2026-09-07 08:02:38,263 [DEBUG] core.argyll_runner: [argyll] 
2026-09-07 08:02:38,265 [DEBUG] core.argyll_runner: [argyll] Added 320/1066
2026-09-07 08:02:38,265 [DEBUG] core.argyll_runner: [argyll] Added 331/1066
2026-09-07 08:02:38,265 [DEBUG] core.argyll_runner: [argyll] Added 342/1066
2026-09-07 08:02:38,265 [DEBUG] core.argyll_runner: [argyll] Added 353/1066
2026-09-07 08:02:38,266 [DEBUG] core.argyll_runner: [argyll] Added 364/1066
2026-09-07 08:02:38,266 [DEBUG] core.argyll_runner: [argyll] Added 375/1066
2026-09-07 08:02:38,267 [DEBUG] core.argyll_runner: [argyll] Added 386/1066
2026-09-07 08:02:38,268 [DEBUG] core.argyll_runner: [argyll] Added 397/1066
2026-09-07 08:02:38,269 [DEBUG] core.argyll_runner: [argyll] Added 408/1066
2026-09-07 08:02:38,270 [DEBUG] core.argyll_runner: [argyll] Added 419/1066
2026-09-07 08:02:38,272 [DEBUG] core.argyll_runner: [argyll] Added 430/1066
2026-09-07 08:02:38,273 [DEBUG] core.argyll_runner: [argyll] Added 441/1066
2026-09-07 08:02:38,274 [DEBUG] core.argyll_runner: [argyll] Added 452/1066
2026-09-07 08:02:38,276 [DEBUG] core.argyll_runner: [argyll] Added 463/1066
2026-09-07 08:02:38,278 [DEBUG] core.argyll_runner: [argyll] Added 474/1066
2026-09-07 08:02:38,280 [DEBUG] core.argyll_runner: [argyll] Added 485/1066
2026-09-07 08:02:38,282 [DEBUG] core.argyll_runner: [argyll] Added 496/1066
2026-09-07 08:02:38,284 [DEBUG] core.argyll_runner: [argyll] Added 507/1066
2026-09-07 08:02:38,286 [DEBUG] core.argyll_runner: [argyll] Added 518/1066
2026-09-07 08:02:38,289 [DEBUG] core.argyll_runner: [argyll] Added 529/1066
2026-09-07 08:02:38,291 [DEBUG] core.argyll_runner: [argyll] Added 540/1066
2026-09-07 08:02:38,294 [DEBUG] core.argyll_runner: [argyll] Added 551/1066
2026-09-07 08:02:38,297 [DEBUG] core.argyll_runner: [argyll] Added 562/1066
2026-09-07 08:02:38,300 [DEBUG] core.argyll_runner: [argyll] Added 573/1066
2026-09-07 08:02:38,303 [DEBUG] core.argyll_runner: [argyll] Added 584/1066
2026-09-07 08:02:38,306 [DEBUG] core.argyll_runner: [argyll] Added 595/1066
2026-09-07 08:02:38,309 [DEBUG] core.argyll_runner: [argyll] Added 606/1066
2026-09-07 08:02:38,313 [DEBUG] core.argyll_runner: [argyll] Added 617/1066
2026-09-07 08:02:38,316 [DEBUG] core.argyll_runner: [argyll] Added 628/1066
2026-09-07 08:02:38,320 [DEBUG] core.argyll_runner: [argyll] Added 639/1066
2026-09-07 08:02:38,324 [DEBUG] core.argyll_runner: [argyll] Added 650/1066
2026-09-07 08:02:38,328 [DEBUG] core.argyll_runner: [argyll] Added 661/1066
2026-09-07 08:02:38,332 [DEBUG] core.argyll_runner: [argyll] Added 672/1066
2026-09-07 08:02:38,336 [DEBUG] core.argyll_runner: [argyll] Added 683/1066
2026-09-07 08:02:38,341 [DEBUG] core.argyll_runner: [argyll] Added 694/1066
2026-09-07 08:02:38,345 [DEBUG] core.argyll_runner: [argyll] Added 705/1066
2026-09-07 08:02:38,350 [DEBUG] core.argyll_runner: [argyll] Added 716/1066
2026-09-07 08:02:38,355 [DEBUG] core.argyll_runner: [argyll] Added 727/1066
2026-09-07 08:02:38,360 [DEBUG] core.argyll_runner: [argyll] Added 738/1066
2026-09-07 08:02:38,365 [DEBUG] core.argyll_runner: [argyll] Added 749/1066
2026-09-07 08:02:38,371 [DEBUG] core.argyll_runner: [argyll] Added 760/1066
2026-09-07 08:02:38,376 [DEBUG] core.argyll_runner: [argyll] Added 771/1066
2026-09-07 08:02:38,382 [DEBUG] core.argyll_runner: [argyll] Added 782/1066
2026-09-07 08:02:38,387 [DEBUG] core.argyll_runner: [argyll] Added 793/1066
2026-09-07 08:02:38,393 [DEBUG] core.argyll_runner: [argyll] Added 804/1066
2026-09-07 08:02:38,399 [DEBUG] core.argyll_runner: [argyll] Added 815/1066
2026-09-07 08:02:38,405 [DEBUG] core.argyll_runner: [argyll] Added 826/1066
2026-09-07 08:02:38,411 [DEBUG] core.argyll_runner: [argyll] Added 837/1066
2026-09-07 08:02:38,418 [DEBUG] core.argyll_runner: [argyll] Added 848/1066
2026-09-07 08:02:38,424 [DEBUG] core.argyll_runner: [argyll] Added 859/1066
2026-09-07 08:02:38,431 [DEBUG] core.argyll_runner: [argyll] Added 870/1066
2026-09-07 08:02:38,438 [DEBUG] core.argyll_runner: [argyll] Added 881/1066
2026-09-07 08:02:38,444 [DEBUG] core.argyll_runner: [argyll] Added 892/1066
2026-09-07 08:02:38,451 [DEBUG] core.argyll_runner: [argyll] Added 903/1066
2026-09-07 08:02:38,458 [DEBUG] core.argyll_runner: [argyll] Added 914/1066
2026-09-07 08:02:38,466 [DEBUG] core.argyll_runner: [argyll] Added 925/1066
2026-09-07 08:02:38,473 [DEBUG] core.argyll_runner: [argyll] Added 936/1066
2026-09-07 08:02:38,481 [DEBUG] core.argyll_runner: [argyll] Added 947/1066
2026-09-07 08:02:38,488 [DEBUG] core.argyll_runner: [argyll] Added 958/1066
2026-09-07 08:02:38,496 [DEBUG] core.argyll_runner: [argyll] Added 969/1066
2026-09-07 08:02:38,504 [DEBUG] core.argyll_runner: [argyll] Added 980/1066
2026-09-07 08:02:38,512 [DEBUG] core.argyll_runner: [argyll] Added 991/1066
2026-09-07 08:02:38,520 [DEBUG] core.argyll_runner: [argyll] Added 1002/1066
2026-09-07 08:02:38,529 [DEBUG] core.argyll_runner: [argyll] Added 1013/1066
2026-09-07 08:02:38,537 [DEBUG] core.argyll_runner: [argyll] Added 1024/1066
2026-09-07 08:02:38,546 [DEBUG] core.argyll_runner: [argyll] Added 1035/1066
2026-09-07 08:02:38,569 [DEBUG] core.argyll_runner: [argyll] 
2026-09-07 08:02:38,572 [DEBUG] core.argyll_runner: [argyll] Added 1046/1066
2026-09-07 08:02:38,572 [DEBUG] core.argyll_runner: [argyll] Added 1057/1066
2026-09-07 08:02:38,572 [DEBUG] core.argyll_runner: [argyll] Added 1066/1066
2026-09-07 08:02:40,410 [DEBUG] core.argyll_runner: [argyll] 
2026-09-07 08:02:40,410 [DEBUG] core.argyll_runner: [argyll] After seeding points: MinPoint = 2.726, Min = 2.505, Avg. = 8.460, Max = 11.279, 0.1 secs
2026-09-07 08:02:40,410 [DEBUG] core.argyll_runner: [argyll] Re-seeding
2026-09-07 08:02:40,411 [DEBUG] core.argyll_runner: [argyll] It 1: Maxmv = 0.075963, MinPoint = 1.542, Min = 2.505, Avg. = 8.434, Max = 11.657, 0.1 secs.
2026-09-07 08:02:40,411 [DEBUG] core.argyll_runner: [argyll] Re-seeding
2026-09-07 08:02:40,411 [DEBUG] core.argyll_runner: [argyll] It 2: Maxmv = 0.075049, MinPoint = 2.726, Min = 2.505, Avg. = 8.362, Max = 11.134, 0.1 secs.
2026-09-07 08:02:40,411 [DEBUG] core.argyll_runner: [argyll] Re-seeding
2026-09-07 08:02:40,412 [DEBUG] core.argyll_runner: [argyll] It 3: Maxmv = 0.075813, MinPoint = 2.726, Min = 2.505, Avg. = 8.309, Max = 11.372, 0.1 secs.
2026-09-07 08:02:40,412 [DEBUG] core.argyll_runner: [argyll] Re-seeding
2026-09-07 08:02:40,412 [DEBUG] core.argyll_runner: [argyll] It 4: Maxmv = 0.063469, MinPoint = 2.726, Min = 2.505, Avg. = 8.254, Max = 10.818, 0.1 secs.
2026-09-07 08:02:40,412 [DEBUG] core.argyll_runner: [argyll] Re-seeding
2026-09-07 08:02:40,413 [DEBUG] core.argyll_runner: [argyll] It 5: Maxmv = 0.055855, MinPoint = 2.726, Min = 2.505, Avg. = 8.211, Max = 10.505, 0.1 secs.
2026-09-07 08:02:40,413 [DEBUG] core.argyll_runner: [argyll] Re-seeding
2026-09-07 08:02:40,413 [DEBUG] core.argyll_runner: [argyll] It 6: Maxmv = 0.050535, MinPoint = 2.726, Min = 2.505, Avg. = 8.177, Max = 10.640, 0.1 secs.
2026-09-07 08:02:40,413 [DEBUG] core.argyll_runner: [argyll] Re-seeding
2026-09-07 08:02:40,413 [DEBUG] core.argyll_runner: [argyll] It 7: Maxmv = 0.053024, MinPoint = 2.726, Min = 2.505, Avg. = 8.130, Max = 10.637, 0.1 secs.
2026-09-07 08:02:40,414 [DEBUG] core.argyll_runner: [argyll] Re-seeding
2026-09-07 08:02:40,414 [DEBUG] core.argyll_runner: [argyll] It 8: Maxmv = 0.035585, MinPoint = 2.726, Min = 2.505, Avg. = 8.113, Max = 10.261, 0.1 secs.
2026-09-07 08:02:40,414 [DEBUG] core.argyll_runner: [argyll] Re-seeding
2026-09-07 08:02:40,414 [DEBUG] core.argyll_runner: [argyll] It 9: Maxmv = 0.034124, MinPoint = 2.726, Min = 2.505, Avg. = 8.094, Max = 9.997, 0.1 secs.
2026-09-07 08:02:40,415 [DEBUG] core.argyll_runner: [argyll] Re-seeding
2026-09-07 08:02:40,415 [DEBUG] core.argyll_runner: [argyll] It 10: Maxmv = 0.027474, MinPoint = 2.726, Min = 2.505, Avg. = 8.075, Max = 9.992, 0.1 secs.
2026-09-07 08:02:40,415 [DEBUG] core.argyll_runner: [argyll] Re-seeding
2026-09-07 08:02:40,415 [DEBUG] core.argyll_runner: [argyll] It 11: Maxmv = 0.026655, MinPoint = 2.726, Min = 2.505, Avg. = 8.066, Max = 9.800, 0.1 secs.
2026-09-07 08:02:40,416 [DEBUG] core.argyll_runner: [argyll] Re-seeding
2026-09-07 08:02:40,416 [DEBUG] core.argyll_runner: [argyll] It 12: Maxmv = 0.022217, MinPoint = 2.726, Min = 2.505, Avg. = 8.050, Max = 9.676, 0.1 secs.
2026-09-07 08:02:40,416 [DEBUG] core.argyll_runner: [argyll] Re-seeding
2026-09-07 08:02:40,416 [DEBUG] core.argyll_runner: [argyll] It 13: Maxmv = 0.020071, MinPoint = 2.726, Min = 2.505, Avg. = 8.038, Max = 9.573, 0.1 secs.
2026-09-07 08:02:40,417 [DEBUG] core.argyll_runner: [argyll] Re-seeding
2026-09-07 08:02:40,417 [DEBUG] core.argyll_runner: [argyll] It 14: Maxmv = 0.014860, MinPoint = 2.726, Min = 2.505, Avg. = 8.032, Max = 9.527, 0.1 secs.
2026-09-07 08:02:40,417 [DEBUG] core.argyll_runner: [argyll] Re-seeding
2026-09-07 08:02:40,417 [DEBUG] core.argyll_runner: [argyll] It 15: Maxmv = 0.010392, MinPoint = 2.726, Min = 2.505, Avg. = 8.030, Max = 9.502, 0.1 secs.
2026-09-07 08:02:40,417 [DEBUG] core.argyll_runner: [argyll] Re-seeding
2026-09-07 08:02:40,418 [DEBUG] core.argyll_runner: [argyll] It 16: Maxmv = 0.009435, MinPoint = 2.726, Min = 2.505, Avg. = 8.029, Max = 9.371, 0.1 secs.
2026-09-07 08:02:40,418 [DEBUG] core.argyll_runner: [argyll] Re-seeding
2026-09-07 08:02:40,418 [DEBUG] core.argyll_runner: [argyll] It 17: Maxmv = 0.005123, MinPoint = 2.726, Min = 2.505, Avg. = 8.027, Max = 9.377, 0.1 secs.
2026-09-07 08:02:40,418 [DEBUG] core.argyll_runner: [argyll] Re-seeding
2026-09-07 08:02:40,419 [DEBUG] core.argyll_runner: [argyll] It 18: Maxmv = 0.002765, MinPoint = 2.726, Min = 2.505, Avg. = 8.027, Max = 9.339, 0.1 secs.
2026-09-07 08:02:40,419 [DEBUG] core.argyll_runner: [argyll] Re-seeding
2026-09-07 08:02:40,419 [DEBUG] core.argyll_runner: [argyll] It 19: Maxmv = 0.001520, MinPoint = 2.726, Min = 2.505, Avg. = 8.028, Max = 9.331, 0.1 secs.
2026-09-07 08:02:40,419 [DEBUG] core.argyll_runner: [argyll] Re-seeding
2026-09-07 08:02:40,419 [DEBUG] core.argyll_runner: [argyll] It 20: Maxmv = 0.001226, MinPoint = 2.726, Min = 2.505, Avg. = 8.028, Max = 9.324, 0.1 secs.
2026-09-07 08:02:40,420 [DEBUG] core.argyll_runner: [argyll] After optimization: MinPoint = 2.726, Min = 2.505, Avg. = 8.028, Max = 9.324
2026-09-07 08:02:40,420 [DEBUG] core.argyll_runner: [argyll] Total number of patches = 1080
2026-09-07 08:02:40,420 [DEBUG] core.argyll_runner: [argyll] Execution time = 2.264328 seconds
2026-09-07 08:02:40,433 [INFO] core.argyll_runner: ArgyllRunner: finished with code 0
2026-09-07 08:02:40,492 [DEBUG] workflow.chart_creator: Wrote channel sidecar A2-Instruments.channels.json: ['r', 'g', 'b']
2026-09-07 08:02:40,582 [DEBUG] ui.tiff_preview: TiffPreview: loaded 1 page(s)
2026-09-07 08:02:40,582 [INFO] ui.tabs.tab_chart: Preview loaded: 1 TIFF(s)
2026-09-07 08:02:40,603 [DEBUG] ui.tiff_preview: TiffPreview: loaded 1 page(s)
2026-09-07 08:02:40,606 [DEBUG] ui.tiff_preview: TiffPreview: loaded 1 page(s)
2026-09-07 08:02:40,613 [DEBUG] ui.tabs.tab_chart: create-chart settings written for run1 (40 parameters + ui state)
2026-09-07 08:02:42,300 [INFO] assess:   shot Screenshots/A2-instruments/SS-flat-A4-preview.png  (2232x1146)
2026-09-07 08:02:42,301 [INFO] assess: [SS-flat-A4] ok=True 5.7s est_before={'total': 1080, 'fillup': 0, 'page_patches': 1080, 'rows': 40, 'cols': 27, 'pages': 1, 'patch': (7.0, 7.0), 'pitch': None} actual={'total': 1080, 'fillup': 0, 'page_patches': 1080, 'rows': 40, 'cols': 27, 'pages': 1, 'patch': (7.03, 7.03), 'pitch': None} status='No instrument margins set for this instrument and paper size.' eng=['[ChromIQ layout engine] Drawing the pages. This part runs in one go and cannot be stopped, so the window will not respond until it is finished.', '[ChromIQ layout engine] 1080 patches (40×27), 1 page, random start 1754561615']
2026-09-07 08:02:42,301 [INFO] assess:   json Test Runs/logs/d02_matrix.json
2026-09-07 08:02:42,301 [INFO] assess:   armed: dialog ~'scanner' -> click 'OK' hex heads-up (hex modes only)
2026-09-07 08:02:42,301 [INFO] assess:   armed: dialog ~'quite fill' -> click 'OK' last page hint
2026-09-07 08:02:42,301 [INFO] assess:   armed: dialog ~'already' -> click 'Continue this project' S4.7 on 2nd+ build
2026-09-07 08:02:43,028 [DEBUG] core.settings: settings.set helper_markers_show = False
2026-09-07 08:02:43,029 [DEBUG] core.settings: settings.set helper_marker_edge_mm = 2.0
2026-09-07 08:02:43,029 [DEBUG] core.settings: settings.set helper_marker_len_mm = 2.0
2026-09-07 08:02:43,029 [DEBUG] core.settings: settings.set helper_marker_per_patch = 3
2026-09-07 08:02:43,029 [DEBUG] core.settings: settings.set helper_markers_top_bottom = True
2026-09-07 08:02:43,029 [DEBUG] core.settings: settings.set helper_markers_sides = True
2026-09-07 08:02:43,700 [INFO] ui.tabs.tab_chart: chart build (Generate Chart) in manual: patch set targen | manual panel: A4R, 0x0 grid, margins T6.0 R6.0 B6.0 L11.1
2026-09-07 08:02:43,704 [DEBUG] core.settings: settings.set session_ti3_path = ''
2026-09-07 08:02:43,704 [DEBUG] core.settings: settings.set session_icc_path = ''
2026-09-07 08:02:43,704 [DEBUG] core.settings: settings.set session_cal_ti3_path = ''
2026-09-07 08:02:43,706 [DEBUG] core.file_manager: Target name set to: A2-Instruments (root /Users/Basti/ChromIQ-assessment/A2-Instruments)
2026-09-07 08:02:43,707 [INFO] core.file_manager: opened the EXISTING project at /Users/Basti/ChromIQ-assessment/A2-Instruments (1 run(s) on disk)
2026-09-07 08:02:43,739 [INFO] workflow.chart_creator: Chart generation: 1092 patches, instrument=SS paper=A4R disable_lb=True
2026-09-07 08:02:43,739 [INFO] workflow.chart_creator: targen args: ['-v', '-d2', '-f1092', '-e8', '-B8', '-G', '-g62', 'A2-Instruments']
2026-09-07 08:02:43,739 [INFO] core.argyll_runner: Run: /Applications/Argyll/bin/targen -v -d2 -f1092 -e8 -B8 -G -g62 A2-Instruments  [cwd=/Users/Basti/ChromIQ-assessment/A2-Instruments/runs/run1]
2026-09-07 08:02:43,819 [DEBUG] core.argyll_runner: [argyll] iRGB test chart
2026-09-07 08:02:43,819 [DEBUG] core.argyll_runner: [argyll] White patches = 8
2026-09-07 08:02:43,819 [DEBUG] core.argyll_runner: [argyll] Black patches = 8
2026-09-07 08:02:43,819 [DEBUG] core.argyll_runner: [argyll] Composite Grey steps = 62
2026-09-07 08:02:43,820 [DEBUG] core.argyll_runner: [argyll] Full spread patches = 1092
2026-09-07 08:02:43,820 [DEBUG] core.argyll_runner: [argyll] Degree of adaptation: 0.100
2026-09-07 08:02:43,820 [DEBUG] core.argyll_runner: [argyll] Adaptation weights: Device = 0.935, Perceptual = 0.065, Curvature = 0.010
2026-09-07 08:02:43,820 [DEBUG] core.argyll_runner: [argyll] Perceptual cache resolution = 11
2026-09-07 08:02:43,820 [DEBUG] core.argyll_runner: [argyll] Seeding cache...
2026-09-07 08:02:43,841 [DEBUG] core.argyll_runner: [argyll] done
2026-09-07 08:02:43,841 [DEBUG] core.argyll_runner: [argyll] Acceleration grid res = 11
2026-09-07 08:02:43,842 [DEBUG] core.argyll_runner: [argyll] 
2026-09-07 08:02:43,842 [DEBUG] core.argyll_runner: [argyll] There are 62 unique fixed points to add (76 total fixed points)
2026-09-07 08:02:43,842 [DEBUG] core.argyll_runner: [argyll] There are 1016 far spread points to add
2026-09-07 08:02:43,842 [DEBUG] core.argyll_runner: [argyll] 
2026-09-07 08:02:43,842 [DEBUG] core.argyll_runner: [argyll] Added 12/1078
2026-09-07 08:02:43,842 [DEBUG] core.argyll_runner: [argyll] Added 23/1078
2026-09-07 08:02:43,843 [DEBUG] core.argyll_runner: [argyll] Added 34/1078
2026-09-07 08:02:43,843 [DEBUG] core.argyll_runner: [argyll] Added 45/1078
2026-09-07 08:02:43,843 [DEBUG] core.argyll_runner: [argyll] Added 56/1078
2026-09-07 08:02:43,844 [DEBUG] core.argyll_runner: [argyll] Added 67/1078
2026-09-07 08:02:43,844 [DEBUG] core.argyll_runner: [argyll] Added 78/1078
2026-09-07 08:02:43,845 [DEBUG] core.argyll_runner: [argyll] Added 89/1078
2026-09-07 08:02:43,845 [DEBUG] core.argyll_runner: [argyll] Added 100/1078
2026-09-07 08:02:43,846 [DEBUG] core.argyll_runner: [argyll] Added 111/1078
2026-09-07 08:02:43,847 [DEBUG] core.argyll_runner: [argyll] Added 122/1078
2026-09-07 08:02:43,848 [DEBUG] core.argyll_runner: [argyll] Added 133/1078
2026-09-07 08:02:43,849 [DEBUG] core.argyll_runner: [argyll] Added 144/1078
2026-09-07 08:02:43,850 [DEBUG] core.argyll_runner: [argyll] Added 155/1078
2026-09-07 08:02:43,852 [DEBUG] core.argyll_runner: [argyll] Added 166/1078
2026-09-07 08:02:43,853 [DEBUG] core.argyll_runner: [argyll] Added 177/1078
2026-09-07 08:02:43,886 [DEBUG] core.argyll_runner: [argyll] 
2026-09-07 08:02:43,886 [DEBUG] core.argyll_runner: [argyll] Added 188/1078
2026-09-07 08:02:43,887 [DEBUG] core.argyll_runner: [argyll] Added 199/1078
2026-09-07 08:02:43,887 [DEBUG] core.argyll_runner: [argyll] Added 210/1078
2026-09-07 08:02:43,887 [DEBUG] core.argyll_runner: [argyll] Added 221/1078
2026-09-07 08:02:43,888 [DEBUG] core.argyll_runner: [argyll] Added 232/1078
2026-09-07 08:02:43,888 [DEBUG] core.argyll_runner: [argyll] Added 243/1078
2026-09-07 08:02:43,889 [DEBUG] core.argyll_runner: [argyll] Added 254/1078
2026-09-07 08:02:43,890 [DEBUG] core.argyll_runner: [argyll] Added 265/1078
2026-09-07 08:02:43,891 [DEBUG] core.argyll_runner: [argyll] Added 276/1078
2026-09-07 08:02:43,892 [DEBUG] core.argyll_runner: [argyll] Added 287/1078
2026-09-07 08:02:43,893 [DEBUG] core.argyll_runner: [argyll] Added 298/1078
2026-09-07 08:02:43,895 [DEBUG] core.argyll_runner: [argyll] Added 309/1078
2026-09-07 08:02:43,896 [DEBUG] core.argyll_runner: [argyll] Added 320/1078
2026-09-07 08:02:43,898 [DEBUG] core.argyll_runner: [argyll] Added 331/1078
2026-09-07 08:02:43,900 [DEBUG] core.argyll_runner: [argyll] Added 342/1078
2026-09-07 08:02:43,902 [DEBUG] core.argyll_runner: [argyll] Added 353/1078
2026-09-07 08:02:43,904 [DEBUG] core.argyll_runner: [argyll] Added 364/1078
2026-09-07 08:02:43,906 [DEBUG] core.argyll_runner: [argyll] Added 375/1078
2026-09-07 08:02:43,908 [DEBUG] core.argyll_runner: [argyll] Added 386/1078
2026-09-07 08:02:43,910 [DEBUG] core.argyll_runner: [argyll] Added 397/1078
2026-09-07 08:02:43,913 [DEBUG] core.argyll_runner: [argyll] Added 408/1078
2026-09-07 08:02:43,916 [DEBUG] core.argyll_runner: [argyll] Added 419/1078
2026-09-07 08:02:43,918 [DEBUG] core.argyll_runner: [argyll] Added 430/1078
2026-09-07 08:02:43,921 [DEBUG] core.argyll_runner: [argyll] Added 441/1078
2026-09-07 08:02:43,924 [DEBUG] core.argyll_runner: [argyll] Added 452/1078
2026-09-07 08:02:43,927 [DEBUG] core.argyll_runner: [argyll] Added 463/1078
2026-09-07 08:02:43,931 [DEBUG] core.argyll_runner: [argyll] Added 474/1078
2026-09-07 08:02:43,934 [DEBUG] core.argyll_runner: [argyll] Added 485/1078
2026-09-07 08:02:43,938 [DEBUG] core.argyll_runner: [argyll] Added 496/1078
2026-09-07 08:02:43,941 [DEBUG] core.argyll_runner: [argyll] Added 507/1078
2026-09-07 08:02:43,945 [DEBUG] core.argyll_runner: [argyll] Added 518/1078
2026-09-07 08:02:43,949 [DEBUG] core.argyll_runner: [argyll] Added 529/1078
2026-09-07 08:02:43,953 [DEBUG] core.argyll_runner: [argyll] Added 540/1078
2026-09-07 08:02:43,958 [DEBUG] core.argyll_runner: [argyll] Added 551/1078
2026-09-07 08:02:43,962 [DEBUG] core.argyll_runner: [argyll] Added 562/1078
2026-09-07 08:02:43,967 [DEBUG] core.argyll_runner: [argyll] Added 573/1078
2026-09-07 08:02:43,971 [DEBUG] core.argyll_runner: [argyll] Added 584/1078
2026-09-07 08:02:43,977 [DEBUG] core.argyll_runner: [argyll] Added 595/1078
2026-09-07 08:02:43,982 [DEBUG] core.argyll_runner: [argyll] Added 606/1078
2026-09-07 08:02:43,987 [DEBUG] core.argyll_runner: [argyll] Added 617/1078
2026-09-07 08:02:43,992 [DEBUG] core.argyll_runner: [argyll] Added 628/1078
2026-09-07 08:02:43,997 [DEBUG] core.argyll_runner: [argyll] Added 639/1078
2026-09-07 08:02:44,003 [DEBUG] core.argyll_runner: [argyll] Added 650/1078
2026-09-07 08:02:44,008 [DEBUG] core.argyll_runner: [argyll] Added 661/1078
2026-09-07 08:02:44,014 [DEBUG] core.argyll_runner: [argyll] Added 672/1078
2026-09-07 08:02:44,020 [DEBUG] core.argyll_runner: [argyll] Added 683/1078
2026-09-07 08:02:44,026 [DEBUG] core.argyll_runner: [argyll] Added 694/1078
2026-09-07 08:02:44,046 [DEBUG] core.argyll_runner: [argyll] 
2026-09-07 08:02:44,048 [DEBUG] core.argyll_runner: [argyll] Added 705/1078
2026-09-07 08:02:44,048 [DEBUG] core.argyll_runner: [argyll] Added 716/1078
2026-09-07 08:02:44,048 [DEBUG] core.argyll_runner: [argyll] Added 727/1078
2026-09-07 08:02:44,048 [DEBUG] core.argyll_runner: [argyll] Added 738/1078
2026-09-07 08:02:44,049 [DEBUG] core.argyll_runner: [argyll] Added 749/1078
2026-09-07 08:02:44,049 [DEBUG] core.argyll_runner: [argyll] Added 760/1078
2026-09-07 08:02:44,050 [DEBUG] core.argyll_runner: [argyll] Added 771/1078
2026-09-07 08:02:44,051 [DEBUG] core.argyll_runner: [argyll] Added 782/1078
2026-09-07 08:02:44,052 [DEBUG] core.argyll_runner: [argyll] Added 793/1078
2026-09-07 08:02:44,053 [DEBUG] core.argyll_runner: [argyll] Added 804/1078
2026-09-07 08:02:44,054 [DEBUG] core.argyll_runner: [argyll] Added 815/1078
2026-09-07 08:02:44,056 [DEBUG] core.argyll_runner: [argyll] Added 826/1078
2026-09-07 08:02:44,057 [DEBUG] core.argyll_runner: [argyll] Added 837/1078
2026-09-07 08:02:44,059 [DEBUG] core.argyll_runner: [argyll] Added 848/1078
2026-09-07 08:02:44,061 [DEBUG] core.argyll_runner: [argyll] Added 859/1078
2026-09-07 08:02:44,063 [DEBUG] core.argyll_runner: [argyll] Added 870/1078
2026-09-07 08:02:44,065 [DEBUG] core.argyll_runner: [argyll] Added 881/1078
2026-09-07 08:02:44,067 [DEBUG] core.argyll_runner: [argyll] Added 892/1078
2026-09-07 08:02:44,069 [DEBUG] core.argyll_runner: [argyll] Added 903/1078
2026-09-07 08:02:44,071 [DEBUG] core.argyll_runner: [argyll] Added 914/1078
2026-09-07 08:02:44,074 [DEBUG] core.argyll_runner: [argyll] Added 925/1078
2026-09-07 08:02:44,077 [DEBUG] core.argyll_runner: [argyll] Added 936/1078
2026-09-07 08:02:44,080 [DEBUG] core.argyll_runner: [argyll] Added 947/1078
2026-09-07 08:02:44,083 [DEBUG] core.argyll_runner: [argyll] Added 958/1078
2026-09-07 08:02:44,086 [DEBUG] core.argyll_runner: [argyll] Added 969/1078
2026-09-07 08:02:44,089 [DEBUG] core.argyll_runner: [argyll] Added 980/1078
2026-09-07 08:02:44,092 [DEBUG] core.argyll_runner: [argyll] Added 991/1078
2026-09-07 08:02:44,096 [DEBUG] core.argyll_runner: [argyll] Added 1002/1078
2026-09-07 08:02:44,100 [DEBUG] core.argyll_runner: [argyll] Added 1013/1078
2026-09-07 08:02:44,103 [DEBUG] core.argyll_runner: [argyll] Added 1024/1078
2026-09-07 08:02:44,107 [DEBUG] core.argyll_runner: [argyll] Added 1035/1078
2026-09-07 08:02:44,111 [DEBUG] core.argyll_runner: [argyll] Added 1046/1078
2026-09-07 08:02:44,115 [DEBUG] core.argyll_runner: [argyll] Added 1057/1078
2026-09-07 08:02:44,120 [DEBUG] core.argyll_runner: [argyll] Added 1068/1078
2026-09-07 08:02:44,124 [DEBUG] core.argyll_runner: [argyll] Added 1078/1078
2026-09-07 08:02:46,060 [DEBUG] core.argyll_runner: [argyll] 
2026-09-07 08:02:46,062 [DEBUG] core.argyll_runner: [argyll] After seeding points: MinPoint = 2.726, Min = 2.505, Avg. = 8.444, Max = 11.015, 0.1 secs
2026-09-07 08:02:46,062 [DEBUG] core.argyll_runner: [argyll] Re-seeding
2026-09-07 08:02:46,062 [DEBUG] core.argyll_runner: [argyll] It 1: Maxmv = 0.072472, MinPoint = 2.454, Min = 2.505, Avg. = 8.408, Max = 11.363, 0.1 secs.
2026-09-07 08:02:46,063 [DEBUG] core.argyll_runner: [argyll] Re-seeding
2026-09-07 08:02:46,063 [DEBUG] core.argyll_runner: [argyll] It 2: Maxmv = 0.069571, MinPoint = 2.726, Min = 2.505, Avg. = 8.335, Max = 11.089, 0.1 secs.
2026-09-07 08:02:46,063 [DEBUG] core.argyll_runner: [argyll] Re-seeding
2026-09-07 08:02:46,063 [DEBUG] core.argyll_runner: [argyll] It 3: Maxmv = 0.070496, MinPoint = 1.543, Min = 2.505, Avg. = 8.317, Max = 11.695, 0.1 secs.
2026-09-07 08:02:46,063 [DEBUG] core.argyll_runner: [argyll] Re-seeding
2026-09-07 08:02:46,064 [DEBUG] core.argyll_runner: [argyll] It 4: Maxmv = 0.070960, MinPoint = 2.726, Min = 2.505, Avg. = 8.222, Max = 10.708, 0.1 secs.
2026-09-07 08:02:46,064 [DEBUG] core.argyll_runner: [argyll] Re-seeding
2026-09-07 08:02:46,064 [DEBUG] core.argyll_runner: [argyll] It 5: Maxmv = 0.060639, MinPoint = 2.726, Min = 2.505, Avg. = 8.183, Max = 10.881, 0.1 secs.
2026-09-07 08:02:46,064 [DEBUG] core.argyll_runner: [argyll] Re-seeding
2026-09-07 08:02:46,064 [DEBUG] core.argyll_runner: [argyll] It 6: Maxmv = 0.051862, MinPoint = 2.726, Min = 2.505, Avg. = 8.134, Max = 10.358, 0.1 secs.
2026-09-07 08:02:46,065 [DEBUG] core.argyll_runner: [argyll] Re-seeding
2026-09-07 08:02:46,065 [DEBUG] core.argyll_runner: [argyll] It 7: Maxmv = 0.045434, MinPoint = 2.726, Min = 2.505, Avg. = 8.126, Max = 10.508, 0.1 secs.
2026-09-07 08:02:46,065 [DEBUG] core.argyll_runner: [argyll] Re-seeding
2026-09-07 08:02:46,065 [DEBUG] core.argyll_runner: [argyll] It 8: Maxmv = 0.039042, MinPoint = 2.726, Min = 2.505, Avg. = 8.087, Max = 9.969, 0.1 secs.
2026-09-07 08:02:46,066 [DEBUG] core.argyll_runner: [argyll] Re-seeding
2026-09-07 08:02:46,066 [DEBUG] core.argyll_runner: [argyll] It 9: Maxmv = 0.031424, MinPoint = 2.726, Min = 2.505, Avg. = 8.072, Max = 9.931, 0.1 secs.
2026-09-07 08:02:46,066 [DEBUG] core.argyll_runner: [argyll] Re-seeding
2026-09-07 08:02:46,066 [DEBUG] core.argyll_runner: [argyll] It 10: Maxmv = 0.026937, MinPoint = 2.726, Min = 2.505, Avg. = 8.043, Max = 9.842, 0.1 secs.
2026-09-07 08:02:46,067 [DEBUG] core.argyll_runner: [argyll] Re-seeding
2026-09-07 08:02:46,067 [DEBUG] core.argyll_runner: [argyll] It 11: Maxmv = 0.023640, MinPoint = 2.726, Min = 2.505, Avg. = 8.046, Max = 9.915, 0.1 secs.
2026-09-07 08:02:46,067 [DEBUG] core.argyll_runner: [argyll] Re-seeding
2026-09-07 08:02:46,067 [DEBUG] core.argyll_runner: [argyll] It 12: Maxmv = 0.020439, MinPoint = 2.726, Min = 2.505, Avg. = 8.026, Max = 9.644, 0.1 secs.
2026-09-07 08:02:46,067 [DEBUG] core.argyll_runner: [argyll] Re-seeding
2026-09-07 08:02:46,068 [DEBUG] core.argyll_runner: [argyll] It 13: Maxmv = 0.015529, MinPoint = 2.726, Min = 2.505, Avg. = 8.023, Max = 9.572, 0.1 secs.
2026-09-07 08:02:46,068 [DEBUG] core.argyll_runner: [argyll] Re-seeding
2026-09-07 08:02:46,068 [DEBUG] core.argyll_runner: [argyll] It 14: Maxmv = 0.015740, MinPoint = 2.726, Min = 2.505, Avg. = 8.012, Max = 9.518, 0.1 secs.
2026-09-07 08:02:46,068 [DEBUG] core.argyll_runner: [argyll] Re-seeding
2026-09-07 08:02:46,069 [DEBUG] core.argyll_runner: [argyll] It 15: Maxmv = 0.011767, MinPoint = 2.726, Min = 2.505, Avg. = 8.011, Max = 9.472, 0.1 secs.
2026-09-07 08:02:46,069 [DEBUG] core.argyll_runner: [argyll] Re-seeding
2026-09-07 08:02:46,069 [DEBUG] core.argyll_runner: [argyll] It 16: Maxmv = 0.006499, MinPoint = 2.726, Min = 2.505, Avg. = 8.007, Max = 9.556, 0.1 secs.
2026-09-07 08:02:46,069 [DEBUG] core.argyll_runner: [argyll] Re-seeding
2026-09-07 08:02:46,069 [DEBUG] core.argyll_runner: [argyll] It 17: Maxmv = 0.005113, MinPoint = 2.726, Min = 2.505, Avg. = 8.005, Max = 9.342, 0.1 secs.
2026-09-07 08:02:46,070 [DEBUG] core.argyll_runner: [argyll] Re-seeding
2026-09-07 08:02:46,070 [DEBUG] core.argyll_runner: [argyll] It 18: Maxmv = 0.003283, MinPoint = 2.726, Min = 2.505, Avg. = 8.005, Max = 9.360, 0.1 secs.
2026-09-07 08:02:46,070 [DEBUG] core.argyll_runner: [argyll] Re-seeding
2026-09-07 08:02:46,070 [DEBUG] core.argyll_runner: [argyll] It 19: Maxmv = 0.001099, MinPoint = 2.726, Min = 2.505, Avg. = 8.005, Max = 9.346, 0.1 secs.
2026-09-07 08:02:46,071 [DEBUG] core.argyll_runner: [argyll] Re-seeding
2026-09-07 08:02:46,071 [DEBUG] core.argyll_runner: [argyll] It 20: Maxmv = 0.000983, MinPoint = 2.726, Min = 2.505, Avg. = 8.006, Max = 9.332, 0.1 secs.
2026-09-07 08:02:46,071 [DEBUG] core.argyll_runner: [argyll] After optimization: MinPoint = 2.726, Min = 2.505, Avg. = 8.006, Max = 9.332
2026-09-07 08:02:46,071 [DEBUG] core.argyll_runner: [argyll] Total number of patches = 1092
2026-09-07 08:02:46,072 [DEBUG] core.argyll_runner: [argyll] Execution time = 2.263018 seconds
2026-09-07 08:02:46,085 [INFO] core.argyll_runner: ArgyllRunner: finished with code 0
2026-09-07 08:02:46,150 [DEBUG] workflow.chart_creator: Wrote channel sidecar A2-Instruments.channels.json: ['r', 'g', 'b']
2026-09-07 08:02:46,240 [DEBUG] ui.tiff_preview: TiffPreview: loaded 1 page(s)
2026-09-07 08:02:46,240 [INFO] ui.tabs.tab_chart: Preview loaded: 1 TIFF(s)
2026-09-07 08:02:46,263 [DEBUG] ui.tiff_preview: TiffPreview: loaded 1 page(s)
2026-09-07 08:02:46,267 [DEBUG] ui.tiff_preview: TiffPreview: loaded 1 page(s)
2026-09-07 08:02:46,274 [DEBUG] ui.tabs.tab_chart: create-chart settings written for run1 (40 parameters + ui state)
2026-09-07 08:02:48,021 [INFO] assess:   shot Screenshots/A2-instruments/SS-flat-A4R-preview.png  (2232x1146)
2026-09-07 08:02:48,021 [INFO] assess: [SS-flat-A4R] ok=True 5.7s est_before={'total': 1092, 'fillup': 0, 'page_patches': 1092, 'rows': 28, 'cols': 39, 'pages': 1, 'patch': (7.0, 7.0), 'pitch': None} actual={'total': 1092, 'fillup': 0, 'page_patches': 1092, 'rows': 28, 'cols': 39, 'pages': 1, 'patch': (7.03, 6.94), 'pitch': None} status='No instrument margins set for this instrument and paper size.' eng=['[ChromIQ layout engine] Drawing the pages. This part runs in one go and cannot be stopped, so the window will not respond until it is finished.', '[ChromIQ layout engine] 1092 patches (28×39), 1 page, random start 1645580448']
2026-09-07 08:02:48,023 [INFO] assess:   json Test Runs/logs/d02_matrix.json
2026-09-07 08:02:48,023 [INFO] assess:   armed: dialog ~'scanner' -> click 'OK' hex heads-up (hex modes only)
2026-09-07 08:02:48,023 [INFO] assess:   armed: dialog ~'quite fill' -> click 'OK' last page hint
2026-09-07 08:02:48,023 [INFO] assess:   armed: dialog ~'already' -> click 'Continue this project' S4.7 on 2nd+ build
2026-09-07 08:02:48,756 [DEBUG] core.settings: settings.set helper_markers_show = False
2026-09-07 08:02:48,756 [DEBUG] core.settings: settings.set helper_marker_edge_mm = 2.0
2026-09-07 08:02:48,756 [DEBUG] core.settings: settings.set helper_marker_len_mm = 2.0
2026-09-07 08:02:48,756 [DEBUG] core.settings: settings.set helper_marker_per_patch = 3
2026-09-07 08:02:48,756 [DEBUG] core.settings: settings.set helper_markers_top_bottom = True
2026-09-07 08:02:48,756 [DEBUG] core.settings: settings.set helper_markers_sides = True
2026-09-07 08:02:49,425 [INFO] ui.tabs.tab_chart: chart build (Generate Chart) in manual: patch set targen | manual panel: A3, 0x0 grid, margins T6.0 R6.0 B6.0 L11.1
2026-09-07 08:02:49,429 [DEBUG] core.settings: settings.set session_ti3_path = ''
2026-09-07 08:02:49,429 [DEBUG] core.settings: settings.set session_icc_path = ''
2026-09-07 08:02:49,429 [DEBUG] core.settings: settings.set session_cal_ti3_path = ''
2026-09-07 08:02:49,431 [DEBUG] core.file_manager: Target name set to: A2-Instruments (root /Users/Basti/ChromIQ-assessment/A2-Instruments)
2026-09-07 08:02:49,431 [INFO] core.file_manager: opened the EXISTING project at /Users/Basti/ChromIQ-assessment/A2-Instruments (1 run(s) on disk)
2026-09-07 08:02:49,456 [INFO] workflow.chart_creator: Chart generation: 2262 patches, instrument=SS paper=A3 disable_lb=True
2026-09-07 08:02:49,456 [INFO] workflow.chart_creator: targen args: ['-v', '-d2', '-f2262', '-e8', '-B8', '-G', '-g128', 'A2-Instruments']
2026-09-07 08:02:49,456 [INFO] core.argyll_runner: Run: /Applications/Argyll/bin/targen -v -d2 -f2262 -e8 -B8 -G -g128 A2-Instruments  [cwd=/Users/Basti/ChromIQ-assessment/A2-Instruments/runs/run1]
2026-09-07 08:02:49,534 [DEBUG] core.argyll_runner: [argyll] iRGB test chart
2026-09-07 08:02:49,535 [DEBUG] core.argyll_runner: [argyll] White patches = 8
2026-09-07 08:02:49,535 [DEBUG] core.argyll_runner: [argyll] Black patches = 8
2026-09-07 08:02:49,535 [DEBUG] core.argyll_runner: [argyll] Composite Grey steps = 128
2026-09-07 08:02:49,535 [DEBUG] core.argyll_runner: [argyll] Full spread patches = 2262
2026-09-07 08:02:49,535 [DEBUG] core.argyll_runner: [argyll] Degree of adaptation: 0.100
2026-09-07 08:02:49,536 [DEBUG] core.argyll_runner: [argyll] Adaptation weights: Device = 0.935, Perceptual = 0.065, Curvature = 0.010
2026-09-07 08:02:49,536 [DEBUG] core.argyll_runner: [argyll] Perceptual cache resolution = 15
2026-09-07 08:02:49,536 [DEBUG] core.argyll_runner: [argyll] Seeding cache...
2026-09-07 08:02:49,569 [DEBUG] core.argyll_runner: [argyll] done
2026-09-07 08:02:49,570 [DEBUG] core.argyll_runner: [argyll] Acceleration grid res = 14
2026-09-07 08:02:49,570 [DEBUG] core.argyll_runner: [argyll] 
2026-09-07 08:02:49,570 [DEBUG] core.argyll_runner: [argyll] There are 128 unique fixed points to add (142 total fixed points)
2026-09-07 08:02:49,570 [DEBUG] core.argyll_runner: [argyll] There are 2120 far spread points to add
2026-09-07 08:02:49,570 [DEBUG] core.argyll_runner: [argyll] 
2026-09-07 08:02:49,570 [DEBUG] core.argyll_runner: [argyll] Added 12/2248
2026-09-07 08:02:49,570 [DEBUG] core.argyll_runner: [argyll] Added 23/2248
2026-09-07 08:02:49,571 [DEBUG] core.argyll_runner: [argyll] Added 34/2248
2026-09-07 08:02:49,571 [DEBUG] core.argyll_runner: [argyll] Added 45/2248
2026-09-07 08:02:49,571 [DEBUG] core.argyll_runner: [argyll] Added 56/2248
2026-09-07 08:02:49,602 [DEBUG] core.argyll_runner: [argyll] 
2026-09-07 08:02:49,602 [DEBUG] core.argyll_runner: [argyll] Added 67/2248
2026-09-07 08:02:49,603 [DEBUG] core.argyll_runner: [argyll] Added 78/2248
2026-09-07 08:02:49,603 [DEBUG] core.argyll_runner: [argyll] Added 89/2248
2026-09-07 08:02:49,603 [DEBUG] core.argyll_runner: [argyll] Added 100/2248
2026-09-07 08:02:49,603 [DEBUG] core.argyll_runner: [argyll] Added 111/2248
2026-09-07 08:02:49,604 [DEBUG] core.argyll_runner: [argyll] Added 122/2248
2026-09-07 08:02:49,604 [DEBUG] core.argyll_runner: [argyll] Added 133/2248
2026-09-07 08:02:49,605 [DEBUG] core.argyll_runner: [argyll] Added 144/2248
2026-09-07 08:02:49,606 [DEBUG] core.argyll_runner: [argyll] Added 155/2248
2026-09-07 08:02:49,606 [DEBUG] core.argyll_runner: [argyll] Added 166/2248
2026-09-07 08:02:49,607 [DEBUG] core.argyll_runner: [argyll] Added 177/2248
2026-09-07 08:02:49,608 [DEBUG] core.argyll_runner: [argyll] Added 188/2248
2026-09-07 08:02:49,609 [DEBUG] core.argyll_runner: [argyll] Added 199/2248
2026-09-07 08:02:49,610 [DEBUG] core.argyll_runner: [argyll] Added 210/2248
2026-09-07 08:02:49,611 [DEBUG] core.argyll_runner: [argyll] Added 221/2248
2026-09-07 08:02:49,613 [DEBUG] core.argyll_runner: [argyll] Added 232/2248
2026-09-07 08:02:49,614 [DEBUG] core.argyll_runner: [argyll] Added 243/2248
2026-09-07 08:02:49,615 [DEBUG] core.argyll_runner: [argyll] Added 254/2248
2026-09-07 08:02:49,617 [DEBUG] core.argyll_runner: [argyll] Added 265/2248
2026-09-07 08:02:49,619 [DEBUG] core.argyll_runner: [argyll] Added 276/2248
2026-09-07 08:02:49,621 [DEBUG] core.argyll_runner: [argyll] Added 287/2248
2026-09-07 08:02:49,623 [DEBUG] core.argyll_runner: [argyll] Added 298/2248
2026-09-07 08:02:49,625 [DEBUG] core.argyll_runner: [argyll] Added 309/2248
2026-09-07 08:02:49,627 [DEBUG] core.argyll_runner: [argyll] Added 320/2248
2026-09-07 08:02:49,642 [DEBUG] core.argyll_runner: [argyll] 
2026-09-07 08:02:49,643 [DEBUG] core.argyll_runner: [argyll] Added 331/2248
2026-09-07 08:02:49,643 [DEBUG] core.argyll_runner: [argyll] Added 342/2248
2026-09-07 08:02:49,643 [DEBUG] core.argyll_runner: [argyll] Added 353/2248
2026-09-07 08:02:49,644 [DEBUG] core.argyll_runner: [argyll] Added 364/2248
2026-09-07 08:02:49,644 [DEBUG] core.argyll_runner: [argyll] Added 375/2248
2026-09-07 08:02:49,645 [DEBUG] core.argyll_runner: [argyll] Added 386/2248
2026-09-07 08:02:49,645 [DEBUG] core.argyll_runner: [argyll] Added 397/2248
2026-09-07 08:02:49,646 [DEBUG] core.argyll_runner: [argyll] Added 408/2248
2026-09-07 08:02:49,647 [DEBUG] core.argyll_runner: [argyll] Added 419/2248
2026-09-07 08:02:49,648 [DEBUG] core.argyll_runner: [argyll] Added 430/2248
2026-09-07 08:02:49,650 [DEBUG] core.argyll_runner: [argyll] Added 441/2248
2026-09-07 08:02:49,651 [DEBUG] core.argyll_runner: [argyll] Added 452/2248
2026-09-07 08:02:49,653 [DEBUG] core.argyll_runner: [argyll] Added 463/2248
2026-09-07 08:02:49,654 [DEBUG] core.argyll_runner: [argyll] Added 474/2248
2026-09-07 08:02:49,656 [DEBUG] core.argyll_runner: [argyll] Added 485/2248
2026-09-07 08:02:49,658 [DEBUG] core.argyll_runner: [argyll] Added 496/2248
2026-09-07 08:02:49,660 [DEBUG] core.argyll_runner: [argyll] Added 507/2248
2026-09-07 08:02:49,662 [DEBUG] core.argyll_runner: [argyll] Added 518/2248
2026-09-07 08:02:49,664 [DEBUG] core.argyll_runner: [argyll] Added 529/2248
2026-09-07 08:02:49,667 [DEBUG] core.argyll_runner: [argyll] Added 540/2248
2026-09-07 08:02:49,669 [DEBUG] core.argyll_runner: [argyll] Added 551/2248
2026-09-07 08:02:49,672 [DEBUG] core.argyll_runner: [argyll] Added 562/2248
2026-09-07 08:02:49,675 [DEBUG] core.argyll_runner: [argyll] Added 573/2248
2026-09-07 08:02:49,678 [DEBUG] core.argyll_runner: [argyll] Added 584/2248
2026-09-07 08:02:49,681 [DEBUG] core.argyll_runner: [argyll] Added 595/2248
2026-09-07 08:02:49,684 [DEBUG] core.argyll_runner: [argyll] Added 606/2248
2026-09-07 08:02:49,688 [DEBUG] core.argyll_runner: [argyll] Added 617/2248
2026-09-07 08:02:49,691 [DEBUG] core.argyll_runner: [argyll] Added 628/2248
2026-09-07 08:02:49,694 [DEBUG] core.argyll_runner: [argyll] Added 639/2248
2026-09-07 08:02:49,698 [DEBUG] core.argyll_runner: [argyll] Added 650/2248
2026-09-07 08:02:49,702 [DEBUG] core.argyll_runner: [argyll] Added 661/2248
2026-09-07 08:02:49,706 [DEBUG] core.argyll_runner: [argyll] Added 672/2248
2026-09-07 08:02:49,710 [DEBUG] core.argyll_runner: [argyll] Added 683/2248
2026-09-07 08:02:49,714 [DEBUG] core.argyll_runner: [argyll] Added 694/2248
2026-09-07 08:02:49,719 [DEBUG] core.argyll_runner: [argyll] Added 705/2248
2026-09-07 08:02:49,723 [DEBUG] core.argyll_runner: [argyll] Added 716/2248
2026-09-07 08:02:49,741 [DEBUG] core.argyll_runner: [argyll] 
2026-09-07 08:02:49,743 [DEBUG] core.argyll_runner: [argyll] Added 727/2248
2026-09-07 08:02:49,743 [DEBUG] core.argyll_runner: [argyll] Added 738/2248
2026-09-07 08:02:49,743 [DEBUG] core.argyll_runner: [argyll] Added 749/2248
2026-09-07 08:02:49,743 [DEBUG] core.argyll_runner: [argyll] Added 760/2248
2026-09-07 08:02:49,744 [DEBUG] core.argyll_runner: [argyll] Added 771/2248
2026-09-07 08:02:49,744 [DEBUG] core.argyll_runner: [argyll] Added 782/2248
2026-09-07 08:02:49,745 [DEBUG] core.argyll_runner: [argyll] Added 793/2248
2026-09-07 08:02:49,746 [DEBUG] core.argyll_runner: [argyll] Added 804/2248
2026-09-07 08:02:49,747 [DEBUG] core.argyll_runner: [argyll] Added 815/2248
2026-09-07 08:02:49,748 [DEBUG] core.argyll_runner: [argyll] Added 826/2248
2026-09-07 08:02:49,749 [DEBUG] core.argyll_runner: [argyll] Added 837/2248
2026-09-07 08:02:49,751 [DEBUG] core.argyll_runner: [argyll] Added 848/2248
2026-09-07 08:02:49,752 [DEBUG] core.argyll_runner: [argyll] Added 859/2248
2026-09-07 08:02:49,754 [DEBUG] core.argyll_runner: [argyll] Added 870/2248
2026-09-07 08:02:49,756 [DEBUG] core.argyll_runner: [argyll] Added 881/2248
2026-09-07 08:02:49,758 [DEBUG] core.argyll_runner: [argyll] Added 892/2248
2026-09-07 08:02:49,760 [DEBUG] core.argyll_runner: [argyll] Added 903/2248
2026-09-07 08:02:49,762 [DEBUG] core.argyll_runner: [argyll] Added 914/2248
2026-09-07 08:02:49,764 [DEBUG] core.argyll_runner: [argyll] Added 925/2248
2026-09-07 08:02:49,767 [DEBUG] core.argyll_runner: [argyll] Added 936/2248
2026-09-07 08:02:49,769 [DEBUG] core.argyll_runner: [argyll] Added 947/2248
2026-09-07 08:02:49,772 [DEBUG] core.argyll_runner: [argyll] Added 958/2248
2026-09-07 08:02:49,775 [DEBUG] core.argyll_runner: [argyll] Added 969/2248
2026-09-07 08:02:49,778 [DEBUG] core.argyll_runner: [argyll] Added 980/2248
2026-09-07 08:02:49,781 [DEBUG] core.argyll_runner: [argyll] Added 991/2248
2026-09-07 08:02:49,784 [DEBUG] core.argyll_runner: [argyll] Added 1002/2248
2026-09-07 08:02:49,788 [DEBUG] core.argyll_runner: [argyll] Added 1013/2248
2026-09-07 08:02:49,791 [DEBUG] core.argyll_runner: [argyll] Added 1024/2248
2026-09-07 08:02:49,795 [DEBUG] core.argyll_runner: [argyll] Added 1035/2248
2026-09-07 08:02:49,799 [DEBUG] core.argyll_runner: [argyll] Added 1046/2248
2026-09-07 08:02:49,803 [DEBUG] core.argyll_runner: [argyll] Added 1057/2248
2026-09-07 08:02:49,807 [DEBUG] core.argyll_runner: [argyll] Added 1068/2248
2026-09-07 08:02:49,811 [DEBUG] core.argyll_runner: [argyll] Added 1079/2248
2026-09-07 08:02:49,816 [DEBUG] core.argyll_runner: [argyll] Added 1090/2248
2026-09-07 08:02:49,820 [DEBUG] core.argyll_runner: [argyll] Added 1101/2248
2026-09-07 08:02:49,825 [DEBUG] core.argyll_runner: [argyll] Added 1112/2248
2026-09-07 08:02:49,830 [DEBUG] core.argyll_runner: [argyll] Added 1123/2248
2026-09-07 08:02:49,835 [DEBUG] core.argyll_runner: [argyll] Added 1134/2248
2026-09-07 08:02:49,840 [DEBUG] core.argyll_runner: [argyll] Added 1145/2248
2026-09-07 08:02:49,845 [DEBUG] core.argyll_runner: [argyll] Added 1156/2248
2026-09-07 08:02:49,850 [DEBUG] core.argyll_runner: [argyll] Added 1167/2248
2026-09-07 08:02:49,855 [DEBUG] core.argyll_runner: [argyll] Added 1178/2248
2026-09-07 08:02:49,861 [DEBUG] core.argyll_runner: [argyll] Added 1189/2248
2026-09-07 08:02:49,867 [DEBUG] core.argyll_runner: [argyll] Added 1200/2248
2026-09-07 08:02:49,872 [DEBUG] core.argyll_runner: [argyll] Added 1211/2248
2026-09-07 08:02:49,878 [DEBUG] core.argyll_runner: [argyll] Added 1222/2248
2026-09-07 08:02:49,885 [DEBUG] core.argyll_runner: [argyll] Added 1233/2248
2026-09-07 08:02:49,891 [DEBUG] core.argyll_runner: [argyll] Added 1244/2248
2026-09-07 08:02:49,897 [DEBUG] core.argyll_runner: [argyll] Added 1255/2248
2026-09-07 08:02:49,904 [DEBUG] core.argyll_runner: [argyll] Added 1266/2248
2026-09-07 08:02:49,911 [DEBUG] core.argyll_runner: [argyll] Added 1277/2248
2026-09-07 08:02:49,917 [DEBUG] core.argyll_runner: [argyll] Added 1288/2248
2026-09-07 08:02:49,924 [DEBUG] core.argyll_runner: [argyll] Added 1299/2248
2026-09-07 08:02:49,932 [DEBUG] core.argyll_runner: [argyll] Added 1310/2248
2026-09-07 08:02:49,939 [DEBUG] core.argyll_runner: [argyll] Added 1321/2248
2026-09-07 08:02:49,946 [DEBUG] core.argyll_runner: [argyll] Added 1332/2248
2026-09-07 08:02:49,954 [DEBUG] core.argyll_runner: [argyll] Added 1343/2248
2026-09-07 08:02:49,961 [DEBUG] core.argyll_runner: [argyll] Added 1354/2248
2026-09-07 08:02:49,969 [DEBUG] core.argyll_runner: [argyll] Added 1365/2248
2026-09-07 08:02:49,977 [DEBUG] core.argyll_runner: [argyll] Added 1376/2248
2026-09-07 08:02:49,985 [DEBUG] core.argyll_runner: [argyll] Added 1387/2248
2026-09-07 08:02:49,993 [DEBUG] core.argyll_runner: [argyll] Added 1398/2248
2026-09-07 08:02:50,002 [DEBUG] core.argyll_runner: [argyll] Added 1409/2248
2026-09-07 08:02:50,010 [DEBUG] core.argyll_runner: [argyll] Added 1420/2248
2026-09-07 08:02:50,019 [DEBUG] core.argyll_runner: [argyll] Added 1431/2248
2026-09-07 08:02:50,027 [DEBUG] core.argyll_runner: [argyll] Added 1442/2248
2026-09-07 08:02:50,036 [DEBUG] core.argyll_runner: [argyll] Added 1453/2248
2026-09-07 08:02:50,045 [DEBUG] core.argyll_runner: [argyll] Added 1464/2248
2026-09-07 08:02:50,054 [DEBUG] core.argyll_runner: [argyll] Added 1475/2248
2026-09-07 08:02:50,064 [DEBUG] core.argyll_runner: [argyll] Added 1486/2248
2026-09-07 08:02:50,073 [DEBUG] core.argyll_runner: [argyll] Added 1497/2248
2026-09-07 08:02:50,083 [DEBUG] core.argyll_runner: [argyll] Added 1508/2248
2026-09-07 08:02:50,093 [DEBUG] core.argyll_runner: [argyll] Added 1519/2248
2026-09-07 08:02:50,102 [DEBUG] core.argyll_runner: [argyll] Added 1530/2248
2026-09-07 08:02:50,113 [DEBUG] core.argyll_runner: [argyll] Added 1541/2248
2026-09-07 08:02:50,123 [DEBUG] core.argyll_runner: [argyll] Added 1552/2248
2026-09-07 08:02:50,134 [DEBUG] core.argyll_runner: [argyll] Added 1563/2248
2026-09-07 08:02:50,144 [DEBUG] core.argyll_runner: [argyll] Added 1574/2248
2026-09-07 08:02:50,155 [DEBUG] core.argyll_runner: [argyll] Added 1585/2248
2026-09-07 08:02:50,165 [DEBUG] core.argyll_runner: [argyll] Added 1596/2248
2026-09-07 08:02:50,176 [DEBUG] core.argyll_runner: [argyll] Added 1607/2248
2026-09-07 08:02:50,187 [DEBUG] core.argyll_runner: [argyll] Added 1618/2248
2026-09-07 08:02:50,198 [DEBUG] core.argyll_runner: [argyll] Added 1629/2248
2026-09-07 08:02:50,209 [DEBUG] core.argyll_runner: [argyll] Added 1640/2248
2026-09-07 08:02:50,220 [DEBUG] core.argyll_runner: [argyll] Added 1651/2248
2026-09-07 08:02:50,232 [DEBUG] core.argyll_runner: [argyll] Added 1662/2248
2026-09-07 08:02:50,243 [DEBUG] core.argyll_runner: [argyll] Added 1673/2248
2026-09-07 08:02:50,255 [DEBUG] core.argyll_runner: [argyll] Added 1684/2248
2026-09-07 08:02:50,267 [DEBUG] core.argyll_runner: [argyll] Added 1695/2248
2026-09-07 08:02:50,279 [DEBUG] core.argyll_runner: [argyll] Added 1706/2248
2026-09-07 08:02:50,291 [DEBUG] core.argyll_runner: [argyll] Added 1717/2248
2026-09-07 08:02:50,304 [DEBUG] core.argyll_runner: [argyll] Added 1728/2248
2026-09-07 08:02:50,316 [DEBUG] core.argyll_runner: [argyll] Added 1739/2248
2026-09-07 08:02:50,329 [DEBUG] core.argyll_runner: [argyll] Added 1750/2248
2026-09-07 08:02:50,342 [DEBUG] core.argyll_runner: [argyll] Added 1761/2248
2026-09-07 08:02:50,355 [DEBUG] core.argyll_runner: [argyll] Added 1772/2248
2026-09-07 08:02:50,383 [DEBUG] core.argyll_runner: [argyll] 
2026-09-07 08:02:50,386 [DEBUG] core.argyll_runner: [argyll] Added 1783/2248
2026-09-07 08:02:50,386 [DEBUG] core.argyll_runner: [argyll] Added 1794/2248
2026-09-07 08:02:50,387 [DEBUG] core.argyll_runner: [argyll] Added 1805/2248
2026-09-07 08:02:50,387 [DEBUG] core.argyll_runner: [argyll] Added 1816/2248
2026-09-07 08:02:50,388 [DEBUG] core.argyll_runner: [argyll] Added 1827/2248
2026-09-07 08:02:50,388 [DEBUG] core.argyll_runner: [argyll] Added 1838/2248
2026-09-07 08:02:50,389 [DEBUG] core.argyll_runner: [argyll] Added 1849/2248
2026-09-07 08:02:50,390 [DEBUG] core.argyll_runner: [argyll] Added 1860/2248
2026-09-07 08:02:50,391 [DEBUG] core.argyll_runner: [argyll] Added 1871/2248
2026-09-07 08:02:50,392 [DEBUG] core.argyll_runner: [argyll] Added 1882/2248
2026-09-07 08:02:50,393 [DEBUG] core.argyll_runner: [argyll] Added 1893/2248
2026-09-07 08:02:50,394 [DEBUG] core.argyll_runner: [argyll] Added 1904/2248
2026-09-07 08:02:50,396 [DEBUG] core.argyll_runner: [argyll] Added 1915/2248
2026-09-07 08:02:50,398 [DEBUG] core.argyll_runner: [argyll] Added 1926/2248
2026-09-07 08:02:50,399 [DEBUG] core.argyll_runner: [argyll] Added 1937/2248
2026-09-07 08:02:50,401 [DEBUG] core.argyll_runner: [argyll] Added 1948/2248
2026-09-07 08:02:50,403 [DEBUG] core.argyll_runner: [argyll] Added 1959/2248
2026-09-07 08:02:50,406 [DEBUG] core.argyll_runner: [argyll] Added 1970/2248
2026-09-07 08:02:50,408 [DEBUG] core.argyll_runner: [argyll] Added 1981/2248
2026-09-07 08:02:50,410 [DEBUG] core.argyll_runner: [argyll] Added 1992/2248
2026-09-07 08:02:50,413 [DEBUG] core.argyll_runner: [argyll] Added 2003/2248
2026-09-07 08:02:50,416 [DEBUG] core.argyll_runner: [argyll] Added 2014/2248
2026-09-07 08:02:50,419 [DEBUG] core.argyll_runner: [argyll] Added 2025/2248
2026-09-07 08:02:50,422 [DEBUG] core.argyll_runner: [argyll] Added 2036/2248
2026-09-07 08:02:50,425 [DEBUG] core.argyll_runner: [argyll] Added 2047/2248
2026-09-07 08:02:50,428 [DEBUG] core.argyll_runner: [argyll] Added 2058/2248
2026-09-07 08:02:50,431 [DEBUG] core.argyll_runner: [argyll] Added 2069/2248
2026-09-07 08:02:50,435 [DEBUG] core.argyll_runner: [argyll] Added 2080/2248
2026-09-07 08:02:50,439 [DEBUG] core.argyll_runner: [argyll] Added 2091/2248
2026-09-07 08:02:50,442 [DEBUG] core.argyll_runner: [argyll] Added 2102/2248
2026-09-07 08:02:50,446 [DEBUG] core.argyll_runner: [argyll] Added 2113/2248
2026-09-07 08:02:50,450 [DEBUG] core.argyll_runner: [argyll] Added 2124/2248
2026-09-07 08:02:50,454 [DEBUG] core.argyll_runner: [argyll] Added 2135/2248
2026-09-07 08:02:50,459 [DEBUG] core.argyll_runner: [argyll] Added 2146/2248
2026-09-07 08:02:50,463 [DEBUG] core.argyll_runner: [argyll] Added 2157/2248
2026-09-07 08:02:50,468 [DEBUG] core.argyll_runner: [argyll] Added 2168/2248
2026-09-07 08:02:50,472 [DEBUG] core.argyll_runner: [argyll] Added 2179/2248
2026-09-07 08:02:50,477 [DEBUG] core.argyll_runner: [argyll] Added 2190/2248
2026-09-07 08:02:50,482 [DEBUG] core.argyll_runner: [argyll] Added 2201/2248
2026-09-07 08:02:50,488 [DEBUG] core.argyll_runner: [argyll] Added 2212/2248
2026-09-07 08:02:50,493 [DEBUG] core.argyll_runner: [argyll] Added 2223/2248
2026-09-07 08:02:50,498 [DEBUG] core.argyll_runner: [argyll] Added 2234/2248
2026-09-07 08:02:50,504 [DEBUG] core.argyll_runner: [argyll] Added 2245/2248
2026-09-07 08:02:50,510 [DEBUG] core.argyll_runner: [argyll] Added 2248/2248
2026-09-07 08:02:54,705 [DEBUG] core.argyll_runner: [argyll] 
2026-09-07 08:02:54,707 [DEBUG] core.argyll_runner: [argyll] After seeding points: MinPoint = 1.308, Min = 1.200, Avg. = 6.533, Max = 8.478, 0.3 secs
2026-09-07 08:02:54,708 [DEBUG] core.argyll_runner: [argyll] Re-seeding
2026-09-07 08:02:54,708 [DEBUG] core.argyll_runner: [argyll] It 1: Maxmv = 0.076042, MinPoint = 1.031, Min = 1.200, Avg. = 6.487, Max = 8.856, 0.3 secs.
2026-09-07 08:02:54,708 [DEBUG] core.argyll_runner: [argyll] Re-seeding
2026-09-07 08:02:54,708 [DEBUG] core.argyll_runner: [argyll] It 2: Maxmv = 0.062794, MinPoint = 1.308, Min = 1.200, Avg. = 6.452, Max = 8.896, 0.3 secs.
2026-09-07 08:02:54,709 [DEBUG] core.argyll_runner: [argyll] Re-seeding
2026-09-07 08:02:54,709 [DEBUG] core.argyll_runner: [argyll] It 3: Maxmv = 0.060348, MinPoint = 1.308, Min = 1.200, Avg. = 6.408, Max = 8.779, 0.2 secs.
2026-09-07 08:02:54,709 [DEBUG] core.argyll_runner: [argyll] Re-seeding
2026-09-07 08:02:54,709 [DEBUG] core.argyll_runner: [argyll] It 4: Maxmv = 0.053640, MinPoint = 1.308, Min = 1.200, Avg. = 6.362, Max = 8.383, 0.2 secs.
2026-09-07 08:02:54,709 [DEBUG] core.argyll_runner: [argyll] Re-seeding
2026-09-07 08:02:54,710 [DEBUG] core.argyll_runner: [argyll] It 5: Maxmv = 0.047000, MinPoint = 1.308, Min = 1.200, Avg. = 6.317, Max = 8.244, 0.2 secs.
2026-09-07 08:02:54,710 [DEBUG] core.argyll_runner: [argyll] Re-seeding
2026-09-07 08:02:54,710 [DEBUG] core.argyll_runner: [argyll] It 6: Maxmv = 0.039715, MinPoint = 1.308, Min = 1.200, Avg. = 6.287, Max = 7.956, 0.2 secs.
2026-09-07 08:02:54,710 [DEBUG] core.argyll_runner: [argyll] Re-seeding
2026-09-07 08:02:54,711 [DEBUG] core.argyll_runner: [argyll] It 7: Maxmv = 0.033127, MinPoint = 1.308, Min = 1.200, Avg. = 6.261, Max = 7.994, 0.2 secs.
2026-09-07 08:02:54,711 [DEBUG] core.argyll_runner: [argyll] Re-seeding
2026-09-07 08:02:54,711 [DEBUG] core.argyll_runner: [argyll] It 8: Maxmv = 0.037084, MinPoint = 1.308, Min = 1.200, Avg. = 6.241, Max = 8.064, 0.2 secs.
2026-09-07 08:02:54,711 [DEBUG] core.argyll_runner: [argyll] Re-seeding
2026-09-07 08:02:54,711 [DEBUG] core.argyll_runner: [argyll] It 9: Maxmv = 0.025760, MinPoint = 1.308, Min = 1.200, Avg. = 6.227, Max = 7.629, 0.2 secs.
2026-09-07 08:02:54,712 [DEBUG] core.argyll_runner: [argyll] Re-seeding
2026-09-07 08:02:54,712 [DEBUG] core.argyll_runner: [argyll] It 10: Maxmv = 0.024785, MinPoint = 1.308, Min = 1.200, Avg. = 6.205, Max = 7.869, 0.2 secs.
2026-09-07 08:02:54,712 [DEBUG] core.argyll_runner: [argyll] Re-seeding
2026-09-07 08:02:54,712 [DEBUG] core.argyll_runner: [argyll] It 11: Maxmv = 0.018361, MinPoint = 1.308, Min = 1.200, Avg. = 6.191, Max = 7.412, 0.2 secs.
2026-09-07 08:02:54,713 [DEBUG] core.argyll_runner: [argyll] Re-seeding
2026-09-07 08:02:54,713 [DEBUG] core.argyll_runner: [argyll] It 12: Maxmv = 0.017438, MinPoint = 1.308, Min = 1.200, Avg. = 6.182, Max = 7.728, 0.2 secs.
2026-09-07 08:02:54,713 [DEBUG] core.argyll_runner: [argyll] Re-seeding
2026-09-07 08:02:54,713 [DEBUG] core.argyll_runner: [argyll] It 13: Maxmv = 0.013362, MinPoint = 1.308, Min = 1.200, Avg. = 6.176, Max = 7.478, 0.2 secs.
2026-09-07 08:02:54,714 [DEBUG] core.argyll_runner: [argyll] Re-seeding
2026-09-07 08:02:54,714 [DEBUG] core.argyll_runner: [argyll] It 14: Maxmv = 0.009593, MinPoint = 1.308, Min = 1.200, Avg. = 6.170, Max = 7.348, 0.2 secs.
2026-09-07 08:02:54,714 [DEBUG] core.argyll_runner: [argyll] Re-seeding
2026-09-07 08:02:54,714 [DEBUG] core.argyll_runner: [argyll] It 15: Maxmv = 0.007470, MinPoint = 1.308, Min = 1.200, Avg. = 6.168, Max = 7.425, 0.2 secs.
2026-09-07 08:02:54,714 [DEBUG] core.argyll_runner: [argyll] Re-seeding
2026-09-07 08:02:54,715 [DEBUG] core.argyll_runner: [argyll] It 16: Maxmv = 0.006287, MinPoint = 1.308, Min = 1.200, Avg. = 6.164, Max = 7.333, 0.2 secs.
2026-09-07 08:02:54,715 [DEBUG] core.argyll_runner: [argyll] Re-seeding
2026-09-07 08:02:54,715 [DEBUG] core.argyll_runner: [argyll] It 17: Maxmv = 0.003599, MinPoint = 1.308, Min = 1.200, Avg. = 6.163, Max = 7.421, 0.2 secs.
2026-09-07 08:02:54,715 [DEBUG] core.argyll_runner: [argyll] Re-seeding
2026-09-07 08:02:54,715 [DEBUG] core.argyll_runner: [argyll] It 18: Maxmv = 0.002267, MinPoint = 1.308, Min = 1.200, Avg. = 6.162, Max = 7.335, 0.2 secs.
2026-09-07 08:02:54,716 [DEBUG] core.argyll_runner: [argyll] Re-seeding
2026-09-07 08:02:54,716 [DEBUG] core.argyll_runner: [argyll] It 19: Maxmv = 0.000901, MinPoint = 1.308, Min = 1.200, Avg. = 6.162, Max = 7.318, 0.2 secs.
2026-09-07 08:02:54,716 [DEBUG] core.argyll_runner: [argyll] Re-seeding
2026-09-07 08:02:54,716 [DEBUG] core.argyll_runner: [argyll] It 20: Maxmv = 0.000870, MinPoint = 1.308, Min = 1.200, Avg. = 6.161, Max = 7.302, 0.2 secs.
2026-09-07 08:02:54,717 [DEBUG] core.argyll_runner: [argyll] After optimization: MinPoint = 1.308, Min = 1.200, Avg. = 6.161, Max = 7.302
2026-09-07 08:02:54,717 [DEBUG] core.argyll_runner: [argyll] Total number of patches = 2262
2026-09-07 08:02:54,717 [DEBUG] core.argyll_runner: [argyll] Execution time = 5.186917 seconds
2026-09-07 08:02:54,730 [INFO] core.argyll_runner: ArgyllRunner: finished with code 0
2026-09-07 08:02:54,850 [DEBUG] workflow.chart_creator: Wrote channel sidecar A2-Instruments.channels.json: ['r', 'g', 'b']
2026-09-07 08:02:55,020 [DEBUG] ui.tiff_preview: TiffPreview: loaded 1 page(s)
2026-09-07 08:02:55,021 [INFO] ui.tabs.tab_chart: Preview loaded: 1 TIFF(s)
2026-09-07 08:02:55,061 [DEBUG] ui.tiff_preview: TiffPreview: loaded 1 page(s)
2026-09-07 08:02:55,066 [DEBUG] ui.tiff_preview: TiffPreview: loaded 1 page(s)
2026-09-07 08:02:55,078 [DEBUG] ui.tabs.tab_chart: create-chart settings written for run1 (40 parameters + ui state)
2026-09-07 08:02:57,557 [INFO] assess:   shot Screenshots/A2-instruments/SS-flat-A3-preview.png  (2232x1146)
2026-09-07 08:02:57,557 [INFO] assess: [SS-flat-A3] ok=True 9.5s est_before={'total': 2262, 'fillup': 0, 'page_patches': 2262, 'rows': 58, 'cols': 39, 'pages': 1, 'patch': (7.0, 7.0), 'pitch': None} actual={'total': 2262, 'fillup': 0, 'page_patches': 2262, 'rows': 58, 'cols': 39, 'pages': 1, 'patch': (7.03, 6.94), 'pitch': None} status='No instrument margins set for this instrument and paper size.' eng=['[ChromIQ layout engine] Drawing the pages. This part runs in one go and cannot be stopped, so the window will not respond until it is finished.', '[ChromIQ layout engine] 2262 patches (58×39), 1 page, random start 325332079']
2026-09-07 08:02:57,558 [INFO] assess:   json Test Runs/logs/d02_matrix.json
2026-09-07 08:02:57,558 [INFO] assess:   armed: dialog ~'scanner' -> click 'OK' hex heads-up (hex modes only)
2026-09-07 08:02:57,558 [INFO] assess:   armed: dialog ~'quite fill' -> click 'OK' last page hint
2026-09-07 08:02:57,558 [INFO] assess:   armed: dialog ~'already' -> click 'Continue this project' S4.7 on 2nd+ build
2026-09-07 08:02:58,283 [DEBUG] core.settings: settings.set helper_markers_show = False
2026-09-07 08:02:58,283 [DEBUG] core.settings: settings.set helper_marker_edge_mm = 2.0
2026-09-07 08:02:58,283 [DEBUG] core.settings: settings.set helper_marker_len_mm = 2.0
2026-09-07 08:02:58,283 [DEBUG] core.settings: settings.set helper_marker_per_patch = 3
2026-09-07 08:02:58,283 [DEBUG] core.settings: settings.set helper_markers_top_bottom = True
2026-09-07 08:02:58,283 [DEBUG] core.settings: settings.set helper_markers_sides = True
2026-09-07 08:02:58,951 [INFO] ui.tabs.tab_chart: chart build (Generate Chart) in manual: patch set targen | manual panel: 420x297, 0x0 grid, margins T6.0 R6.0 B6.0 L11.1
2026-09-07 08:02:58,954 [DEBUG] core.settings: settings.set session_ti3_path = ''
2026-09-07 08:02:58,954 [DEBUG] core.settings: settings.set session_icc_path = ''
2026-09-07 08:02:58,954 [DEBUG] core.settings: settings.set session_cal_ti3_path = ''
2026-09-07 08:02:58,956 [DEBUG] core.file_manager: Target name set to: A2-Instruments (root /Users/Basti/ChromIQ-assessment/A2-Instruments)
2026-09-07 08:02:58,957 [INFO] core.file_manager: opened the EXISTING project at /Users/Basti/ChromIQ-assessment/A2-Instruments (1 run(s) on disk)
2026-09-07 08:02:58,987 [INFO] workflow.chart_creator: Chart generation: 2280 patches, instrument=SS paper=420x297 disable_lb=True
2026-09-07 08:02:58,987 [INFO] workflow.chart_creator: targen args: ['-v', '-d2', '-f2280', '-e8', '-B8', '-G', '-g128', 'A2-Instruments']
2026-09-07 08:02:58,987 [INFO] core.argyll_runner: Run: /Applications/Argyll/bin/targen -v -d2 -f2280 -e8 -B8 -G -g128 A2-Instruments  [cwd=/Users/Basti/ChromIQ-assessment/A2-Instruments/runs/run1]
2026-09-07 08:02:59,082 [DEBUG] core.argyll_runner: [argyll] iRGB test chart
2026-09-07 08:02:59,083 [DEBUG] core.argyll_runner: [argyll] White patches = 8
2026-09-07 08:02:59,083 [DEBUG] core.argyll_runner: [argyll] Black patches = 8
2026-09-07 08:02:59,083 [DEBUG] core.argyll_runner: [argyll] Composite Grey steps = 128
2026-09-07 08:02:59,083 [DEBUG] core.argyll_runner: [argyll] Full spread patches = 2280
2026-09-07 08:02:59,083 [DEBUG] core.argyll_runner: [argyll] Degree of adaptation: 0.100
2026-09-07 08:02:59,083 [DEBUG] core.argyll_runner: [argyll] Adaptation weights: Device = 0.935, Perceptual = 0.065, Curvature = 0.010
2026-09-07 08:02:59,084 [DEBUG] core.argyll_runner: [argyll] Perceptual cache resolution = 15
2026-09-07 08:02:59,084 [DEBUG] core.argyll_runner: [argyll] Seeding cache...
2026-09-07 08:02:59,114 [DEBUG] core.argyll_runner: [argyll] done
2026-09-07 08:02:59,114 [DEBUG] core.argyll_runner: [argyll] Acceleration grid res = 14
2026-09-07 08:02:59,115 [DEBUG] core.argyll_runner: [argyll] 
2026-09-07 08:02:59,115 [DEBUG] core.argyll_runner: [argyll] There are 128 unique fixed points to add (142 total fixed points)
2026-09-07 08:02:59,115 [DEBUG] core.argyll_runner: [argyll] There are 2138 far spread points to add
2026-09-07 08:02:59,115 [DEBUG] core.argyll_runner: [argyll] 
2026-09-07 08:02:59,115 [DEBUG] core.argyll_runner: [argyll] Added 12/2266
2026-09-07 08:02:59,115 [DEBUG] core.argyll_runner: [argyll] Added 23/2266
2026-09-07 08:02:59,115 [DEBUG] core.argyll_runner: [argyll] Added 34/2266
2026-09-07 08:02:59,116 [DEBUG] core.argyll_runner: [argyll] Added 45/2266
2026-09-07 08:02:59,116 [DEBUG] core.argyll_runner: [argyll] Added 56/2266
2026-09-07 08:02:59,116 [DEBUG] core.argyll_runner: [argyll] Added 67/2266
2026-09-07 08:02:59,148 [DEBUG] core.argyll_runner: [argyll] 
2026-09-07 08:02:59,149 [DEBUG] core.argyll_runner: [argyll] Added 78/2266
2026-09-07 08:02:59,149 [DEBUG] core.argyll_runner: [argyll] Added 89/2266
2026-09-07 08:02:59,149 [DEBUG] core.argyll_runner: [argyll] Added 100/2266
2026-09-07 08:02:59,149 [DEBUG] core.argyll_runner: [argyll] Added 111/2266
2026-09-07 08:02:59,150 [DEBUG] core.argyll_runner: [argyll] Added 122/2266
2026-09-07 08:02:59,150 [DEBUG] core.argyll_runner: [argyll] Added 133/2266
2026-09-07 08:02:59,151 [DEBUG] core.argyll_runner: [argyll] Added 144/2266
2026-09-07 08:02:59,151 [DEBUG] core.argyll_runner: [argyll] Added 155/2266
2026-09-07 08:02:59,152 [DEBUG] core.argyll_runner: [argyll] Added 166/2266
2026-09-07 08:02:59,153 [DEBUG] core.argyll_runner: [argyll] Added 177/2266
2026-09-07 08:02:59,154 [DEBUG] core.argyll_runner: [argyll] Added 188/2266
2026-09-07 08:02:59,154 [DEBUG] core.argyll_runner: [argyll] Added 199/2266
2026-09-07 08:02:59,155 [DEBUG] core.argyll_runner: [argyll] Added 210/2266
2026-09-07 08:02:59,157 [DEBUG] core.argyll_runner: [argyll] Added 221/2266
2026-09-07 08:02:59,158 [DEBUG] core.argyll_runner: [argyll] Added 232/2266
2026-09-07 08:02:59,159 [DEBUG] core.argyll_runner: [argyll] Added 243/2266
2026-09-07 08:02:59,160 [DEBUG] core.argyll_runner: [argyll] Added 254/2266
2026-09-07 08:02:59,162 [DEBUG] core.argyll_runner: [argyll] Added 265/2266
2026-09-07 08:02:59,163 [DEBUG] core.argyll_runner: [argyll] Added 276/2266
2026-09-07 08:02:59,165 [DEBUG] core.argyll_runner: [argyll] Added 287/2266
2026-09-07 08:02:59,167 [DEBUG] core.argyll_runner: [argyll] Added 298/2266
2026-09-07 08:02:59,169 [DEBUG] core.argyll_runner: [argyll] Added 309/2266
2026-09-07 08:02:59,171 [DEBUG] core.argyll_runner: [argyll] Added 320/2266
2026-09-07 08:02:59,173 [DEBUG] core.argyll_runner: [argyll] Added 331/2266
2026-09-07 08:02:59,189 [DEBUG] core.argyll_runner: [argyll] 
2026-09-07 08:02:59,189 [DEBUG] core.argyll_runner: [argyll] Added 342/2266
2026-09-07 08:02:59,190 [DEBUG] core.argyll_runner: [argyll] Added 353/2266
2026-09-07 08:02:59,190 [DEBUG] core.argyll_runner: [argyll] Added 364/2266
2026-09-07 08:02:59,190 [DEBUG] core.argyll_runner: [argyll] Added 375/2266
2026-09-07 08:02:59,191 [DEBUG] core.argyll_runner: [argyll] Added 386/2266
2026-09-07 08:02:59,191 [DEBUG] core.argyll_runner: [argyll] Added 397/2266
2026-09-07 08:02:59,192 [DEBUG] core.argyll_runner: [argyll] Added 408/2266
2026-09-07 08:02:59,193 [DEBUG] core.argyll_runner: [argyll] Added 419/2266
2026-09-07 08:02:59,194 [DEBUG] core.argyll_runner: [argyll] Added 430/2266
2026-09-07 08:02:59,195 [DEBUG] core.argyll_runner: [argyll] Added 441/2266
2026-09-07 08:02:59,196 [DEBUG] core.argyll_runner: [argyll] Added 452/2266
2026-09-07 08:02:59,198 [DEBUG] core.argyll_runner: [argyll] Added 463/2266
2026-09-07 08:02:59,199 [DEBUG] core.argyll_runner: [argyll] Added 474/2266
2026-09-07 08:02:59,201 [DEBUG] core.argyll_runner: [argyll] Added 485/2266
2026-09-07 08:02:59,203 [DEBUG] core.argyll_runner: [argyll] Added 496/2266
2026-09-07 08:02:59,204 [DEBUG] core.argyll_runner: [argyll] Added 507/2266
2026-09-07 08:02:59,207 [DEBUG] core.argyll_runner: [argyll] Added 518/2266
2026-09-07 08:02:59,209 [DEBUG] core.argyll_runner: [argyll] Added 529/2266
2026-09-07 08:02:59,211 [DEBUG] core.argyll_runner: [argyll] Added 540/2266
2026-09-07 08:02:59,213 [DEBUG] core.argyll_runner: [argyll] Added 551/2266
2026-09-07 08:02:59,216 [DEBUG] core.argyll_runner: [argyll] Added 562/2266
2026-09-07 08:02:59,219 [DEBUG] core.argyll_runner: [argyll] Added 573/2266
2026-09-07 08:02:59,222 [DEBUG] core.argyll_runner: [argyll] Added 584/2266
2026-09-07 08:02:59,225 [DEBUG] core.argyll_runner: [argyll] Added 595/2266
2026-09-07 08:02:59,228 [DEBUG] core.argyll_runner: [argyll] Added 606/2266
2026-09-07 08:02:59,231 [DEBUG] core.argyll_runner: [argyll] Added 617/2266
2026-09-07 08:02:59,234 [DEBUG] core.argyll_runner: [argyll] Added 628/2266
2026-09-07 08:02:59,238 [DEBUG] core.argyll_runner: [argyll] Added 639/2266
2026-09-07 08:02:59,241 [DEBUG] core.argyll_runner: [argyll] Added 650/2266
2026-09-07 08:02:59,245 [DEBUG] core.argyll_runner: [argyll] Added 661/2266
2026-09-07 08:02:59,249 [DEBUG] core.argyll_runner: [argyll] Added 672/2266
2026-09-07 08:02:59,253 [DEBUG] core.argyll_runner: [argyll] Added 683/2266
2026-09-07 08:02:59,257 [DEBUG] core.argyll_runner: [argyll] Added 694/2266
2026-09-07 08:02:59,261 [DEBUG] core.argyll_runner: [argyll] Added 705/2266
2026-09-07 08:02:59,266 [DEBUG] core.argyll_runner: [argyll] Added 716/2266
2026-09-07 08:02:59,270 [DEBUG] core.argyll_runner: [argyll] Added 727/2266
2026-09-07 08:02:59,288 [DEBUG] core.argyll_runner: [argyll] 
2026-09-07 08:02:59,289 [DEBUG] core.argyll_runner: [argyll] Added 738/2266
2026-09-07 08:02:59,289 [DEBUG] core.argyll_runner: [argyll] Added 749/2266
2026-09-07 08:02:59,290 [DEBUG] core.argyll_runner: [argyll] Added 760/2266
2026-09-07 08:02:59,290 [DEBUG] core.argyll_runner: [argyll] Added 771/2266
2026-09-07 08:02:59,291 [DEBUG] core.argyll_runner: [argyll] Added 782/2266
2026-09-07 08:02:59,291 [DEBUG] core.argyll_runner: [argyll] Added 793/2266
2026-09-07 08:02:59,292 [DEBUG] core.argyll_runner: [argyll] Added 804/2266
2026-09-07 08:02:59,293 [DEBUG] core.argyll_runner: [argyll] Added 815/2266
2026-09-07 08:02:59,294 [DEBUG] core.argyll_runner: [argyll] Added 826/2266
2026-09-07 08:02:59,295 [DEBUG] core.argyll_runner: [argyll] Added 837/2266
2026-09-07 08:02:59,296 [DEBUG] core.argyll_runner: [argyll] Added 848/2266
2026-09-07 08:02:59,298 [DEBUG] core.argyll_runner: [argyll] Added 859/2266
2026-09-07 08:02:59,299 [DEBUG] core.argyll_runner: [argyll] Added 870/2266
2026-09-07 08:02:59,301 [DEBUG] core.argyll_runner: [argyll] Added 881/2266
2026-09-07 08:02:59,303 [DEBUG] core.argyll_runner: [argyll] Added 892/2266
2026-09-07 08:02:59,305 [DEBUG] core.argyll_runner: [argyll] Added 903/2266
2026-09-07 08:02:59,307 [DEBUG] core.argyll_runner: [argyll] Added 914/2266
2026-09-07 08:02:59,309 [DEBUG] core.argyll_runner: [argyll] Added 925/2266
2026-09-07 08:02:59,311 [DEBUG] core.argyll_runner: [argyll] Added 936/2266
2026-09-07 08:02:59,314 [DEBUG] core.argyll_runner: [argyll] Added 947/2266
2026-09-07 08:02:59,316 [DEBUG] core.argyll_runner: [argyll] Added 958/2266
2026-09-07 08:02:59,319 [DEBUG] core.argyll_runner: [argyll] Added 969/2266
2026-09-07 08:02:59,321 [DEBUG] core.argyll_runner: [argyll] Added 980/2266
2026-09-07 08:02:59,324 [DEBUG] core.argyll_runner: [argyll] Added 991/2266
2026-09-07 08:02:59,327 [DEBUG] core.argyll_runner: [argyll] Added 1002/2266
2026-09-07 08:02:59,331 [DEBUG] core.argyll_runner: [argyll] Added 1013/2266
2026-09-07 08:02:59,334 [DEBUG] core.argyll_runner: [argyll] Added 1024/2266
2026-09-07 08:02:59,338 [DEBUG] core.argyll_runner: [argyll] Added 1035/2266
2026-09-07 08:02:59,342 [DEBUG] core.argyll_runner: [argyll] Added 1046/2266
2026-09-07 08:02:59,345 [DEBUG] core.argyll_runner: [argyll] Added 1057/2266
2026-09-07 08:02:59,350 [DEBUG] core.argyll_runner: [argyll] Added 1068/2266
2026-09-07 08:02:59,354 [DEBUG] core.argyll_runner: [argyll] Added 1079/2266
2026-09-07 08:02:59,358 [DEBUG] core.argyll_runner: [argyll] Added 1090/2266
2026-09-07 08:02:59,362 [DEBUG] core.argyll_runner: [argyll] Added 1101/2266
2026-09-07 08:02:59,367 [DEBUG] core.argyll_runner: [argyll] Added 1112/2266
2026-09-07 08:02:59,371 [DEBUG] core.argyll_runner: [argyll] Added 1123/2266
2026-09-07 08:02:59,376 [DEBUG] core.argyll_runner: [argyll] Added 1134/2266
2026-09-07 08:02:59,381 [DEBUG] core.argyll_runner: [argyll] Added 1145/2266
2026-09-07 08:02:59,386 [DEBUG] core.argyll_runner: [argyll] Added 1156/2266
2026-09-07 08:02:59,391 [DEBUG] core.argyll_runner: [argyll] Added 1167/2266
2026-09-07 08:02:59,396 [DEBUG] core.argyll_runner: [argyll] Added 1178/2266
2026-09-07 08:02:59,402 [DEBUG] core.argyll_runner: [argyll] Added 1189/2266
2026-09-07 08:02:59,407 [DEBUG] core.argyll_runner: [argyll] Added 1200/2266
2026-09-07 08:02:59,414 [DEBUG] core.argyll_runner: [argyll] Added 1211/2266
2026-09-07 08:02:59,420 [DEBUG] core.argyll_runner: [argyll] Added 1222/2266
2026-09-07 08:02:59,426 [DEBUG] core.argyll_runner: [argyll] Added 1233/2266
2026-09-07 08:02:59,432 [DEBUG] core.argyll_runner: [argyll] Added 1244/2266
2026-09-07 08:02:59,438 [DEBUG] core.argyll_runner: [argyll] Added 1255/2266
2026-09-07 08:02:59,445 [DEBUG] core.argyll_runner: [argyll] Added 1266/2266
2026-09-07 08:02:59,451 [DEBUG] core.argyll_runner: [argyll] Added 1277/2266
2026-09-07 08:02:59,458 [DEBUG] core.argyll_runner: [argyll] Added 1288/2266
2026-09-07 08:02:59,465 [DEBUG] core.argyll_runner: [argyll] Added 1299/2266
2026-09-07 08:02:59,472 [DEBUG] core.argyll_runner: [argyll] Added 1310/2266
2026-09-07 08:02:59,479 [DEBUG] core.argyll_runner: [argyll] Added 1321/2266
2026-09-07 08:02:59,487 [DEBUG] core.argyll_runner: [argyll] Added 1332/2266
2026-09-07 08:02:59,495 [DEBUG] core.argyll_runner: [argyll] Added 1343/2266
2026-09-07 08:02:59,502 [DEBUG] core.argyll_runner: [argyll] Added 1354/2266
2026-09-07 08:02:59,510 [DEBUG] core.argyll_runner: [argyll] Added 1365/2266
2026-09-07 08:02:59,518 [DEBUG] core.argyll_runner: [argyll] Added 1376/2266
2026-09-07 08:02:59,526 [DEBUG] core.argyll_runner: [argyll] Added 1387/2266
2026-09-07 08:02:59,534 [DEBUG] core.argyll_runner: [argyll] Added 1398/2266
2026-09-07 08:02:59,542 [DEBUG] core.argyll_runner: [argyll] Added 1409/2266
2026-09-07 08:02:59,551 [DEBUG] core.argyll_runner: [argyll] Added 1420/2266
2026-09-07 08:02:59,559 [DEBUG] core.argyll_runner: [argyll] Added 1431/2266
2026-09-07 08:02:59,568 [DEBUG] core.argyll_runner: [argyll] Added 1442/2266
2026-09-07 08:02:59,577 [DEBUG] core.argyll_runner: [argyll] Added 1453/2266
2026-09-07 08:02:59,586 [DEBUG] core.argyll_runner: [argyll] Added 1464/2266
2026-09-07 08:02:59,595 [DEBUG] core.argyll_runner: [argyll] Added 1475/2266
2026-09-07 08:02:59,604 [DEBUG] core.argyll_runner: [argyll] Added 1486/2266
2026-09-07 08:02:59,614 [DEBUG] core.argyll_runner: [argyll] Added 1497/2266
2026-09-07 08:02:59,623 [DEBUG] core.argyll_runner: [argyll] Added 1508/2266
2026-09-07 08:02:59,633 [DEBUG] core.argyll_runner: [argyll] Added 1519/2266
2026-09-07 08:02:59,643 [DEBUG] core.argyll_runner: [argyll] Added 1530/2266
2026-09-07 08:02:59,653 [DEBUG] core.argyll_runner: [argyll] Added 1541/2266
2026-09-07 08:02:59,663 [DEBUG] core.argyll_runner: [argyll] Added 1552/2266
2026-09-07 08:02:59,673 [DEBUG] core.argyll_runner: [argyll] Added 1563/2266
2026-09-07 08:02:59,683 [DEBUG] core.argyll_runner: [argyll] Added 1574/2266
2026-09-07 08:02:59,694 [DEBUG] core.argyll_runner: [argyll] Added 1585/2266
2026-09-07 08:02:59,704 [DEBUG] core.argyll_runner: [argyll] Added 1596/2266
2026-09-07 08:02:59,715 [DEBUG] core.argyll_runner: [argyll] Added 1607/2266
2026-09-07 08:02:59,726 [DEBUG] core.argyll_runner: [argyll] Added 1618/2266
2026-09-07 08:02:59,737 [DEBUG] core.argyll_runner: [argyll] Added 1629/2266
2026-09-07 08:02:59,748 [DEBUG] core.argyll_runner: [argyll] Added 1640/2266
2026-09-07 08:02:59,759 [DEBUG] core.argyll_runner: [argyll] Added 1651/2266
2026-09-07 08:02:59,770 [DEBUG] core.argyll_runner: [argyll] Added 1662/2266
2026-09-07 08:02:59,782 [DEBUG] core.argyll_runner: [argyll] Added 1673/2266
2026-09-07 08:02:59,793 [DEBUG] core.argyll_runner: [argyll] Added 1684/2266
2026-09-07 08:02:59,805 [DEBUG] core.argyll_runner: [argyll] Added 1695/2266
2026-09-07 08:02:59,817 [DEBUG] core.argyll_runner: [argyll] Added 1706/2266
2026-09-07 08:02:59,829 [DEBUG] core.argyll_runner: [argyll] Added 1717/2266
2026-09-07 08:02:59,841 [DEBUG] core.argyll_runner: [argyll] Added 1728/2266
2026-09-07 08:02:59,854 [DEBUG] core.argyll_runner: [argyll] Added 1739/2266
2026-09-07 08:02:59,866 [DEBUG] core.argyll_runner: [argyll] Added 1750/2266
2026-09-07 08:02:59,879 [DEBUG] core.argyll_runner: [argyll] Added 1761/2266
2026-09-07 08:02:59,892 [DEBUG] core.argyll_runner: [argyll] Added 1772/2266
2026-09-07 08:02:59,904 [DEBUG] core.argyll_runner: [argyll] Added 1783/2266
2026-09-07 08:02:59,917 [DEBUG] core.argyll_runner: [argyll] Added 1794/2266
2026-09-07 08:02:59,931 [DEBUG] core.argyll_runner: [argyll] Added 1805/2266
2026-09-07 08:02:59,959 [DEBUG] core.argyll_runner: [argyll] 
2026-09-07 08:02:59,963 [DEBUG] core.argyll_runner: [argyll] Added 1816/2266
2026-09-07 08:02:59,963 [DEBUG] core.argyll_runner: [argyll] Added 1827/2266
2026-09-07 08:02:59,963 [DEBUG] core.argyll_runner: [argyll] Added 1838/2266
2026-09-07 08:02:59,964 [DEBUG] core.argyll_runner: [argyll] Added 1849/2266
2026-09-07 08:02:59,964 [DEBUG] core.argyll_runner: [argyll] Added 1860/2266
2026-09-07 08:02:59,965 [DEBUG] core.argyll_runner: [argyll] Added 1871/2266
2026-09-07 08:02:59,965 [DEBUG] core.argyll_runner: [argyll] Added 1882/2266
2026-09-07 08:02:59,966 [DEBUG] core.argyll_runner: [argyll] Added 1893/2266
2026-09-07 08:02:59,967 [DEBUG] core.argyll_runner: [argyll] Added 1904/2266
2026-09-07 08:02:59,968 [DEBUG] core.argyll_runner: [argyll] Added 1915/2266
2026-09-07 08:02:59,970 [DEBUG] core.argyll_runner: [argyll] Added 1926/2266
2026-09-07 08:02:59,971 [DEBUG] core.argyll_runner: [argyll] Added 1937/2266
2026-09-07 08:02:59,973 [DEBUG] core.argyll_runner: [argyll] Added 1948/2266
2026-09-07 08:02:59,974 [DEBUG] core.argyll_runner: [argyll] Added 1959/2266
2026-09-07 08:02:59,976 [DEBUG] core.argyll_runner: [argyll] Added 1970/2266
2026-09-07 08:02:59,978 [DEBUG] core.argyll_runner: [argyll] Added 1981/2266
2026-09-07 08:02:59,980 [DEBUG] core.argyll_runner: [argyll] Added 1992/2266
2026-09-07 08:02:59,983 [DEBUG] core.argyll_runner: [argyll] Added 2003/2266
2026-09-07 08:02:59,985 [DEBUG] core.argyll_runner: [argyll] Added 2014/2266
2026-09-07 08:02:59,987 [DEBUG] core.argyll_runner: [argyll] Added 2025/2266
2026-09-07 08:02:59,990 [DEBUG] core.argyll_runner: [argyll] Added 2036/2266
2026-09-07 08:02:59,993 [DEBUG] core.argyll_runner: [argyll] Added 2047/2266
2026-09-07 08:02:59,995 [DEBUG] core.argyll_runner: [argyll] Added 2058/2266
2026-09-07 08:02:59,998 [DEBUG] core.argyll_runner: [argyll] Added 2069/2266
2026-09-07 08:03:00,001 [DEBUG] core.argyll_runner: [argyll] Added 2080/2266
2026-09-07 08:03:00,005 [DEBUG] core.argyll_runner: [argyll] Added 2091/2266
2026-09-07 08:03:00,008 [DEBUG] core.argyll_runner: [argyll] Added 2102/2266
2026-09-07 08:03:00,012 [DEBUG] core.argyll_runner: [argyll] Added 2113/2266
2026-09-07 08:03:00,015 [DEBUG] core.argyll_runner: [argyll] Added 2124/2266
2026-09-07 08:03:00,019 [DEBUG] core.argyll_runner: [argyll] Added 2135/2266
2026-09-07 08:03:00,023 [DEBUG] core.argyll_runner: [argyll] Added 2146/2266
2026-09-07 08:03:00,027 [DEBUG] core.argyll_runner: [argyll] Added 2157/2266
2026-09-07 08:03:00,031 [DEBUG] core.argyll_runner: [argyll] Added 2168/2266
2026-09-07 08:03:00,036 [DEBUG] core.argyll_runner: [argyll] Added 2179/2266
2026-09-07 08:03:00,040 [DEBUG] core.argyll_runner: [argyll] Added 2190/2266
2026-09-07 08:03:00,045 [DEBUG] core.argyll_runner: [argyll] Added 2201/2266
2026-09-07 08:03:00,050 [DEBUG] core.argyll_runner: [argyll] Added 2212/2266
2026-09-07 08:03:00,054 [DEBUG] core.argyll_runner: [argyll] Added 2223/2266
2026-09-07 08:03:00,060 [DEBUG] core.argyll_runner: [argyll] Added 2234/2266
2026-09-07 08:03:00,065 [DEBUG] core.argyll_runner: [argyll] Added 2245/2266
2026-09-07 08:03:00,070 [DEBUG] core.argyll_runner: [argyll] Added 2256/2266
2026-09-07 08:03:00,075 [DEBUG] core.argyll_runner: [argyll] Added 2266/2266
2026-09-07 08:03:04,419 [DEBUG] core.argyll_runner: [argyll] 
2026-09-07 08:03:04,421 [DEBUG] core.argyll_runner: [argyll] After seeding points: MinPoint = 1.308, Min = 1.200, Avg. = 6.501, Max = 8.057, 0.3 secs
2026-09-07 08:03:04,421 [DEBUG] core.argyll_runner: [argyll] Re-seeding
2026-09-07 08:03:04,422 [DEBUG] core.argyll_runner: [argyll] It 1: Maxmv = 0.058443, MinPoint = 1.308, Min = 1.200, Avg. = 6.469, Max = 8.986, 0.3 secs.
2026-09-07 08:03:04,422 [DEBUG] core.argyll_runner: [argyll] Re-seeding
2026-09-07 08:03:04,422 [DEBUG] core.argyll_runner: [argyll] It 2: Maxmv = 0.056126, MinPoint = 1.282, Min = 1.200, Avg. = 6.423, Max = 8.731, 0.3 secs.
2026-09-07 08:03:04,422 [DEBUG] core.argyll_runner: [argyll] Re-seeding
2026-09-07 08:03:04,423 [DEBUG] core.argyll_runner: [argyll] It 3: Maxmv = 0.048102, MinPoint = 1.308, Min = 1.200, Avg. = 6.377, Max = 8.649, 0.3 secs.
2026-09-07 08:03:04,423 [DEBUG] core.argyll_runner: [argyll] Re-seeding
2026-09-07 08:03:04,423 [DEBUG] core.argyll_runner: [argyll] It 4: Maxmv = 0.057839, MinPoint = 1.308, Min = 1.200, Avg. = 6.337, Max = 8.345, 0.3 secs.
2026-09-07 08:03:04,423 [DEBUG] core.argyll_runner: [argyll] Re-seeding
2026-09-07 08:03:04,424 [DEBUG] core.argyll_runner: [argyll] It 5: Maxmv = 0.043698, MinPoint = 1.308, Min = 1.200, Avg. = 6.290, Max = 8.297, 0.2 secs.
2026-09-07 08:03:04,424 [DEBUG] core.argyll_runner: [argyll] Re-seeding
2026-09-07 08:03:04,424 [DEBUG] core.argyll_runner: [argyll] It 6: Maxmv = 0.034655, MinPoint = 1.308, Min = 1.200, Avg. = 6.262, Max = 8.019, 0.2 secs.
2026-09-07 08:03:04,424 [DEBUG] core.argyll_runner: [argyll] Re-seeding
2026-09-07 08:03:04,425 [DEBUG] core.argyll_runner: [argyll] It 7: Maxmv = 0.030898, MinPoint = 1.308, Min = 1.200, Avg. = 6.240, Max = 8.055, 0.3 secs.
2026-09-07 08:03:04,425 [DEBUG] core.argyll_runner: [argyll] Re-seeding
2026-09-07 08:03:04,425 [DEBUG] core.argyll_runner: [argyll] It 8: Maxmv = 0.026319, MinPoint = 1.308, Min = 1.200, Avg. = 6.215, Max = 7.746, 0.3 secs.
2026-09-07 08:03:04,425 [DEBUG] core.argyll_runner: [argyll] Re-seeding
2026-09-07 08:03:04,426 [DEBUG] core.argyll_runner: [argyll] It 9: Maxmv = 0.021074, MinPoint = 1.308, Min = 1.200, Avg. = 6.196, Max = 7.689, 0.3 secs.
2026-09-07 08:03:04,426 [DEBUG] core.argyll_runner: [argyll] Re-seeding
2026-09-07 08:03:04,426 [DEBUG] core.argyll_runner: [argyll] It 10: Maxmv = 0.020823, MinPoint = 1.308, Min = 1.200, Avg. = 6.183, Max = 7.605, 0.2 secs.
2026-09-07 08:03:04,426 [DEBUG] core.argyll_runner: [argyll] Re-seeding
2026-09-07 08:03:04,427 [DEBUG] core.argyll_runner: [argyll] It 11: Maxmv = 0.016064, MinPoint = 1.308, Min = 1.200, Avg. = 6.167, Max = 7.575, 0.3 secs.
2026-09-07 08:03:04,427 [DEBUG] core.argyll_runner: [argyll] Re-seeding
2026-09-07 08:03:04,427 [DEBUG] core.argyll_runner: [argyll] It 12: Maxmv = 0.016946, MinPoint = 1.308, Min = 1.200, Avg. = 6.161, Max = 7.431, 0.3 secs.
2026-09-07 08:03:04,427 [DEBUG] core.argyll_runner: [argyll] Re-seeding
2026-09-07 08:03:04,428 [DEBUG] core.argyll_runner: [argyll] It 13: Maxmv = 0.011460, MinPoint = 1.308, Min = 1.200, Avg. = 6.154, Max = 7.508, 0.3 secs.
2026-09-07 08:03:04,428 [DEBUG] core.argyll_runner: [argyll] Re-seeding
2026-09-07 08:03:04,428 [DEBUG] core.argyll_runner: [argyll] It 14: Maxmv = 0.008855, MinPoint = 1.308, Min = 1.200, Avg. = 6.151, Max = 7.319, 0.3 secs.
2026-09-07 08:03:04,428 [DEBUG] core.argyll_runner: [argyll] Re-seeding
2026-09-07 08:03:04,429 [DEBUG] core.argyll_runner: [argyll] It 15: Maxmv = 0.007623, MinPoint = 1.308, Min = 1.200, Avg. = 6.147, Max = 7.288, 0.3 secs.
2026-09-07 08:03:04,429 [DEBUG] core.argyll_runner: [argyll] Re-seeding
2026-09-07 08:03:04,429 [DEBUG] core.argyll_runner: [argyll] It 16: Maxmv = 0.006722, MinPoint = 1.308, Min = 1.200, Avg. = 6.146, Max = 7.346, 0.3 secs.
2026-09-07 08:03:04,429 [DEBUG] core.argyll_runner: [argyll] Re-seeding
2026-09-07 08:03:04,429 [DEBUG] core.argyll_runner: [argyll] It 17: Maxmv = 0.004005, MinPoint = 1.308, Min = 1.200, Avg. = 6.145, Max = 7.272, 0.2 secs.
2026-09-07 08:03:04,430 [DEBUG] core.argyll_runner: [argyll] Re-seeding
2026-09-07 08:03:04,430 [DEBUG] core.argyll_runner: [argyll] It 18: Maxmv = 0.002500, MinPoint = 1.308, Min = 1.200, Avg. = 6.144, Max = 7.236, 0.3 secs.
2026-09-07 08:03:04,430 [DEBUG] core.argyll_runner: [argyll] Re-seeding
2026-09-07 08:03:04,430 [DEBUG] core.argyll_runner: [argyll] It 19: Maxmv = 0.000981, MinPoint = 1.308, Min = 1.200, Avg. = 6.144, Max = 7.208, 0.3 secs.
2026-09-07 08:03:04,431 [DEBUG] core.argyll_runner: [argyll] Re-seeding
2026-09-07 08:03:04,431 [DEBUG] core.argyll_runner: [argyll] It 20: Maxmv = 0.000787, MinPoint = 1.308, Min = 1.200, Avg. = 6.143, Max = 7.233, 0.3 secs.
2026-09-07 08:03:04,431 [DEBUG] core.argyll_runner: [argyll] After optimization: MinPoint = 1.308, Min = 1.200, Avg. = 6.143, Max = 7.233
2026-09-07 08:03:04,432 [DEBUG] core.argyll_runner: [argyll] Total number of patches = 2280
2026-09-07 08:03:04,432 [DEBUG] core.argyll_runner: [argyll] Execution time = 5.341024 seconds
2026-09-07 08:03:04,432 [INFO] core.argyll_runner: ArgyllRunner: finished with code 0
2026-09-07 08:03:04,557 [DEBUG] workflow.chart_creator: Wrote channel sidecar A2-Instruments.channels.json: ['r', 'g', 'b']
2026-09-07 08:03:04,710 [DEBUG] ui.tiff_preview: TiffPreview: loaded 1 page(s)
2026-09-07 08:03:04,710 [INFO] ui.tabs.tab_chart: Preview loaded: 1 TIFF(s)
2026-09-07 08:03:04,750 [DEBUG] ui.tiff_preview: TiffPreview: loaded 1 page(s)
2026-09-07 08:03:04,756 [DEBUG] ui.tiff_preview: TiffPreview: loaded 1 page(s)
2026-09-07 08:03:04,769 [DEBUG] ui.tabs.tab_chart: create-chart settings written for run1 (40 parameters + ui state)
2026-09-07 08:03:07,308 [INFO] assess:   shot Screenshots/A2-instruments/SS-flat-420x297-preview.png  (2232x1146)
2026-09-07 08:03:07,308 [INFO] assess: [SS-flat-420x297] ok=True 9.8s est_before={'total': 2280, 'fillup': 0, 'page_patches': 2280, 'rows': 40, 'cols': 57, 'pages': 1, 'patch': (7.0, 7.0), 'pitch': None} actual={'total': 2280, 'fillup': 0, 'page_patches': 2280, 'rows': 40, 'cols': 57, 'pages': 1, 'patch': (7.03, 7.03), 'pitch': None} status='No instrument margins set for this instrument and paper size.' eng=['[ChromIQ layout engine] Drawing the pages. This part runs in one go and cannot be stopped, so the window will not respond until it is finished.', '[ChromIQ layout engine] 2280 patches (40×57), 1 page, random start 640021091']
2026-09-07 08:03:07,309 [INFO] assess:   json Test Runs/logs/d02_matrix.json
2026-09-07 08:03:07,309 [INFO] assess:   armed: dialog ~'scanner' -> click 'OK' hex heads-up (hex modes only)
2026-09-07 08:03:07,309 [INFO] assess:   armed: dialog ~'quite fill' -> click 'OK' last page hint
2026-09-07 08:03:07,309 [INFO] assess:   armed: dialog ~'already' -> click 'Continue this project' S4.7 on 2nd+ build
2026-09-07 08:03:08,042 [DEBUG] core.settings: settings.set helper_markers_show = False
2026-09-07 08:03:08,043 [DEBUG] core.settings: settings.set helper_marker_edge_mm = 2.0
2026-09-07 08:03:08,043 [DEBUG] core.settings: settings.set helper_marker_len_mm = 2.0
2026-09-07 08:03:08,043 [DEBUG] core.settings: settings.set helper_marker_per_patch = 3
2026-09-07 08:03:08,043 [DEBUG] core.settings: settings.set helper_markers_top_bottom = True
2026-09-07 08:03:08,043 [DEBUG] core.settings: settings.set helper_markers_sides = True
2026-09-07 08:03:08,967 [INFO] ui.tabs.tab_chart: chart build (Generate Chart) in manual: patch set targen | manual panel: 200x200, 0x0 grid, margins T6.0 R6.0 B6.0 L11.1
2026-09-07 08:03:08,970 [DEBUG] core.settings: settings.set session_ti3_path = ''
2026-09-07 08:03:08,970 [DEBUG] core.settings: settings.set session_icc_path = ''
2026-09-07 08:03:08,971 [DEBUG] core.settings: settings.set session_cal_ti3_path = ''
2026-09-07 08:03:08,972 [DEBUG] core.file_manager: Target name set to: A2-Instruments (root /Users/Basti/ChromIQ-assessment/A2-Instruments)
2026-09-07 08:03:08,973 [INFO] core.file_manager: opened the EXISTING project at /Users/Basti/ChromIQ-assessment/A2-Instruments (1 run(s) on disk)
2026-09-07 08:03:09,000 [INFO] workflow.chart_creator: Chart generation: 676 patches, instrument=SS paper=200x200 disable_lb=True
2026-09-07 08:03:09,000 [INFO] workflow.chart_creator: targen args: ['-v', '-d2', '-f676', '-e4', '-B4', '-G', '-g39', 'A2-Instruments']
2026-09-07 08:03:09,000 [INFO] core.argyll_runner: Run: /Applications/Argyll/bin/targen -v -d2 -f676 -e4 -B4 -G -g39 A2-Instruments  [cwd=/Users/Basti/ChromIQ-assessment/A2-Instruments/runs/run1]
2026-09-07 08:03:09,079 [DEBUG] core.argyll_runner: [argyll] iRGB test chart
2026-09-07 08:03:09,079 [DEBUG] core.argyll_runner: [argyll] White patches = 4
2026-09-07 08:03:09,079 [DEBUG] core.argyll_runner: [argyll] Black patches = 4
2026-09-07 08:03:09,079 [DEBUG] core.argyll_runner: [argyll] Composite Grey steps = 39
2026-09-07 08:03:09,079 [DEBUG] core.argyll_runner: [argyll] Full spread patches = 676
2026-09-07 08:03:09,080 [DEBUG] core.argyll_runner: [argyll] Degree of adaptation: 0.100
2026-09-07 08:03:09,080 [DEBUG] core.argyll_runner: [argyll] Adaptation weights: Device = 0.935, Perceptual = 0.065, Curvature = 0.010
2026-09-07 08:03:09,080 [DEBUG] core.argyll_runner: [argyll] Perceptual cache resolution = 9
2026-09-07 08:03:09,080 [DEBUG] core.argyll_runner: [argyll] Seeding cache...done
2026-09-07 08:03:09,080 [DEBUG] core.argyll_runner: [argyll] Acceleration grid res = 9
2026-09-07 08:03:09,081 [DEBUG] core.argyll_runner: [argyll] 
2026-09-07 08:03:09,081 [DEBUG] core.argyll_runner: [argyll] There are 39 unique fixed points to add (45 total fixed points)
2026-09-07 08:03:09,081 [DEBUG] core.argyll_runner: [argyll] There are 631 far spread points to add
2026-09-07 08:03:09,081 [DEBUG] core.argyll_runner: [argyll] 
2026-09-07 08:03:09,081 [DEBUG] core.argyll_runner: [argyll] Added 12/670
2026-09-07 08:03:09,081 [DEBUG] core.argyll_runner: [argyll] Added 23/670
2026-09-07 08:03:09,081 [DEBUG] core.argyll_runner: [argyll] Added 34/670
2026-09-07 08:03:09,082 [DEBUG] core.argyll_runner: [argyll] Added 45/670
2026-09-07 08:03:09,082 [DEBUG] core.argyll_runner: [argyll] Added 56/670
2026-09-07 08:03:09,083 [DEBUG] core.argyll_runner: [argyll] Added 67/670
2026-09-07 08:03:09,083 [DEBUG] core.argyll_runner: [argyll] Added 78/670
2026-09-07 08:03:09,117 [DEBUG] core.argyll_runner: [argyll] 
2026-09-07 08:03:09,117 [DEBUG] core.argyll_runner: [argyll] Added 89/670
2026-09-07 08:03:09,118 [DEBUG] core.argyll_runner: [argyll] Added 100/670
2026-09-07 08:03:09,118 [DEBUG] core.argyll_runner: [argyll] Added 111/670
2026-09-07 08:03:09,118 [DEBUG] core.argyll_runner: [argyll] Added 122/670
2026-09-07 08:03:09,119 [DEBUG] core.argyll_runner: [argyll] Added 133/670
2026-09-07 08:03:09,119 [DEBUG] core.argyll_runner: [argyll] Added 144/670
2026-09-07 08:03:09,120 [DEBUG] core.argyll_runner: [argyll] Added 155/670
2026-09-07 08:03:09,121 [DEBUG] core.argyll_runner: [argyll] Added 166/670
2026-09-07 08:03:09,122 [DEBUG] core.argyll_runner: [argyll] Added 177/670
2026-09-07 08:03:09,123 [DEBUG] core.argyll_runner: [argyll] Added 188/670
2026-09-07 08:03:09,124 [DEBUG] core.argyll_runner: [argyll] Added 199/670
2026-09-07 08:03:09,126 [DEBUG] core.argyll_runner: [argyll] Added 210/670
2026-09-07 08:03:09,127 [DEBUG] core.argyll_runner: [argyll] Added 221/670
2026-09-07 08:03:09,129 [DEBUG] core.argyll_runner: [argyll] Added 232/670
2026-09-07 08:03:09,131 [DEBUG] core.argyll_runner: [argyll] Added 243/670
2026-09-07 08:03:09,133 [DEBUG] core.argyll_runner: [argyll] Added 254/670
2026-09-07 08:03:09,135 [DEBUG] core.argyll_runner: [argyll] Added 265/670
2026-09-07 08:03:09,137 [DEBUG] core.argyll_runner: [argyll] Added 276/670
2026-09-07 08:03:09,139 [DEBUG] core.argyll_runner: [argyll] Added 287/670
2026-09-07 08:03:09,142 [DEBUG] core.argyll_runner: [argyll] Added 298/670
2026-09-07 08:03:09,144 [DEBUG] core.argyll_runner: [argyll] Added 309/670
2026-09-07 08:03:09,147 [DEBUG] core.argyll_runner: [argyll] Added 320/670
2026-09-07 08:03:09,150 [DEBUG] core.argyll_runner: [argyll] Added 331/670
2026-09-07 08:03:09,152 [DEBUG] core.argyll_runner: [argyll] Added 342/670
2026-09-07 08:03:09,156 [DEBUG] core.argyll_runner: [argyll] Added 353/670
2026-09-07 08:03:09,159 [DEBUG] core.argyll_runner: [argyll] Added 364/670
2026-09-07 08:03:09,162 [DEBUG] core.argyll_runner: [argyll] Added 375/670
2026-09-07 08:03:09,165 [DEBUG] core.argyll_runner: [argyll] Added 386/670
2026-09-07 08:03:09,169 [DEBUG] core.argyll_runner: [argyll] Added 397/670
2026-09-07 08:03:09,173 [DEBUG] core.argyll_runner: [argyll] Added 408/670
2026-09-07 08:03:09,177 [DEBUG] core.argyll_runner: [argyll] Added 419/670
2026-09-07 08:03:09,181 [DEBUG] core.argyll_runner: [argyll] Added 430/670
2026-09-07 08:03:09,185 [DEBUG] core.argyll_runner: [argyll] Added 441/670
2026-09-07 08:03:09,189 [DEBUG] core.argyll_runner: [argyll] Added 452/670
2026-09-07 08:03:09,194 [DEBUG] core.argyll_runner: [argyll] Added 463/670
2026-09-07 08:03:09,198 [DEBUG] core.argyll_runner: [argyll] Added 474/670
2026-09-07 08:03:09,203 [DEBUG] core.argyll_runner: [argyll] Added 485/670
2026-09-07 08:03:09,208 [DEBUG] core.argyll_runner: [argyll] Added 496/670
2026-09-07 08:03:09,213 [DEBUG] core.argyll_runner: [argyll] Added 507/670
2026-09-07 08:03:09,218 [DEBUG] core.argyll_runner: [argyll] Added 518/670
2026-09-07 08:03:09,223 [DEBUG] core.argyll_runner: [argyll] Added 529/670
2026-09-07 08:03:09,229 [DEBUG] core.argyll_runner: [argyll] Added 540/670
2026-09-07 08:03:09,254 [DEBUG] core.argyll_runner: [argyll] 
2026-09-07 08:03:09,256 [DEBUG] core.argyll_runner: [argyll] Added 551/670
2026-09-07 08:03:09,256 [DEBUG] core.argyll_runner: [argyll] Added 562/670
2026-09-07 08:03:09,256 [DEBUG] core.argyll_runner: [argyll] Added 573/670
2026-09-07 08:03:09,256 [DEBUG] core.argyll_runner: [argyll] Added 584/670
2026-09-07 08:03:09,257 [DEBUG] core.argyll_runner: [argyll] Added 595/670
2026-09-07 08:03:09,258 [DEBUG] core.argyll_runner: [argyll] Added 606/670
2026-09-07 08:03:09,258 [DEBUG] core.argyll_runner: [argyll] Added 617/670
2026-09-07 08:03:09,259 [DEBUG] core.argyll_runner: [argyll] Added 628/670
2026-09-07 08:03:09,260 [DEBUG] core.argyll_runner: [argyll] Added 639/670
2026-09-07 08:03:09,261 [DEBUG] core.argyll_runner: [argyll] Added 650/670
2026-09-07 08:03:09,263 [DEBUG] core.argyll_runner: [argyll] Added 661/670
2026-09-07 08:03:09,264 [DEBUG] core.argyll_runner: [argyll] Added 670/670
2026-09-07 08:03:10,392 [DEBUG] core.argyll_runner: [argyll] 
2026-09-07 08:03:10,392 [DEBUG] core.argyll_runner: [argyll] After seeding points: MinPoint = 4.383, Min = 3.601, Avg. = 9.969, Max = 12.619, 0.1 secs
2026-09-07 08:03:10,393 [DEBUG] core.argyll_runner: [argyll] Re-seeding
2026-09-07 08:03:10,393 [DEBUG] core.argyll_runner: [argyll] It 1: Maxmv = 0.089877, MinPoint = 2.909, Min = 3.585, Avg. = 9.905, Max = 13.273, 0.1 secs.
2026-09-07 08:03:10,393 [DEBUG] core.argyll_runner: [argyll] Re-seeding
2026-09-07 08:03:10,393 [DEBUG] core.argyll_runner: [argyll] It 2: Maxmv = 0.093737, MinPoint = 4.040, Min = 4.029, Avg. = 9.831, Max = 13.139, 0.1 secs.
2026-09-07 08:03:10,394 [DEBUG] core.argyll_runner: [argyll] Re-seeding
2026-09-07 08:03:10,394 [DEBUG] core.argyll_runner: [argyll] It 3: Maxmv = 0.075682, MinPoint = 4.317, Min = 4.029, Avg. = 9.813, Max = 13.047, 0.1 secs.
2026-09-07 08:03:10,394 [DEBUG] core.argyll_runner: [argyll] Re-seeding
2026-09-07 08:03:10,394 [DEBUG] core.argyll_runner: [argyll] It 4: Maxmv = 0.083641, MinPoint = 4.383, Min = 4.029, Avg. = 9.769, Max = 13.204, 0.1 secs.
2026-09-07 08:03:10,395 [DEBUG] core.argyll_runner: [argyll] Re-seeding
2026-09-07 08:03:10,395 [DEBUG] core.argyll_runner: [argyll] It 5: Maxmv = 0.068788, MinPoint = 4.383, Min = 4.029, Avg. = 9.701, Max = 13.114, 0.1 secs.
2026-09-07 08:03:10,395 [DEBUG] core.argyll_runner: [argyll] Re-seeding
2026-09-07 08:03:10,395 [DEBUG] core.argyll_runner: [argyll] It 6: Maxmv = 0.057284, MinPoint = 4.383, Min = 4.029, Avg. = 9.625, Max = 12.430, 0.1 secs.
2026-09-07 08:03:10,396 [DEBUG] core.argyll_runner: [argyll] Re-seeding
2026-09-07 08:03:10,396 [DEBUG] core.argyll_runner: [argyll] It 7: Maxmv = 0.057347, MinPoint = 4.383, Min = 4.029, Avg. = 9.593, Max = 12.509, 0.1 secs.
2026-09-07 08:03:10,396 [DEBUG] core.argyll_runner: [argyll] Re-seeding
2026-09-07 08:03:10,396 [DEBUG] core.argyll_runner: [argyll] It 8: Maxmv = 0.051809, MinPoint = 4.383, Min = 4.029, Avg. = 9.557, Max = 12.299, 0.1 secs.
2026-09-07 08:03:10,397 [DEBUG] core.argyll_runner: [argyll] Re-seeding
2026-09-07 08:03:10,397 [DEBUG] core.argyll_runner: [argyll] It 9: Maxmv = 0.039036, MinPoint = 4.383, Min = 4.029, Avg. = 9.534, Max = 11.836, 0.1 secs.
2026-09-07 08:03:10,397 [DEBUG] core.argyll_runner: [argyll] Re-seeding
2026-09-07 08:03:10,397 [DEBUG] core.argyll_runner: [argyll] It 10: Maxmv = 0.032007, MinPoint = 4.383, Min = 4.029, Avg. = 9.510, Max = 12.112, 0.1 secs.
2026-09-07 08:03:10,398 [DEBUG] core.argyll_runner: [argyll] Re-seeding
2026-09-07 08:03:10,398 [DEBUG] core.argyll_runner: [argyll] It 11: Maxmv = 0.029131, MinPoint = 4.383, Min = 4.029, Avg. = 9.487, Max = 11.439, 0.1 secs.
2026-09-07 08:03:10,398 [DEBUG] core.argyll_runner: [argyll] Re-seeding
2026-09-07 08:03:10,398 [DEBUG] core.argyll_runner: [argyll] It 12: Maxmv = 0.028023, MinPoint = 4.383, Min = 4.029, Avg. = 9.478, Max = 11.645, 0.1 secs.
2026-09-07 08:03:10,399 [DEBUG] core.argyll_runner: [argyll] Re-seeding
2026-09-07 08:03:10,399 [DEBUG] core.argyll_runner: [argyll] It 13: Maxmv = 0.019411, MinPoint = 4.383, Min = 4.029, Avg. = 9.469, Max = 11.330, 0.1 secs.
2026-09-07 08:03:10,399 [DEBUG] core.argyll_runner: [argyll] Re-seeding
2026-09-07 08:03:10,399 [DEBUG] core.argyll_runner: [argyll] It 14: Maxmv = 0.021095, MinPoint = 4.383, Min = 4.029, Avg. = 9.460, Max = 11.430, 0.1 secs.
2026-09-07 08:03:10,400 [DEBUG] core.argyll_runner: [argyll] Re-seeding
2026-09-07 08:03:10,400 [DEBUG] core.argyll_runner: [argyll] It 15: Maxmv = 0.016007, MinPoint = 4.383, Min = 4.029, Avg. = 9.455, Max = 11.410, 0.1 secs.
2026-09-07 08:03:10,400 [DEBUG] core.argyll_runner: [argyll] Re-seeding
2026-09-07 08:03:10,400 [DEBUG] core.argyll_runner: [argyll] It 16: Maxmv = 0.011190, MinPoint = 4.383, Min = 4.029, Avg. = 9.449, Max = 11.396, 0.1 secs.
2026-09-07 08:03:10,401 [DEBUG] core.argyll_runner: [argyll] Re-seeding
2026-09-07 08:03:10,401 [DEBUG] core.argyll_runner: [argyll] It 17: Maxmv = 0.007587, MinPoint = 4.383, Min = 4.029, Avg. = 9.446, Max = 11.273, 0.1 secs.
2026-09-07 08:03:10,401 [DEBUG] core.argyll_runner: [argyll] Re-seeding
2026-09-07 08:03:10,401 [DEBUG] core.argyll_runner: [argyll] It 18: Maxmv = 0.004590, MinPoint = 4.383, Min = 4.029, Avg. = 9.446, Max = 11.511, 0.1 secs.
2026-09-07 08:03:10,402 [DEBUG] core.argyll_runner: [argyll] Re-seeding
2026-09-07 08:03:10,402 [DEBUG] core.argyll_runner: [argyll] It 19: Maxmv = 0.001423, MinPoint = 4.383, Min = 4.029, Avg. = 9.445, Max = 11.346, 0.1 secs.
2026-09-07 08:03:10,402 [DEBUG] core.argyll_runner: [argyll] Re-seeding
2026-09-07 08:03:10,402 [DEBUG] core.argyll_runner: [argyll] It 20: Maxmv = 0.001764, MinPoint = 4.383, Min = 4.029, Avg. = 9.448, Max = 12.300, 0.1 secs.
2026-09-07 08:03:10,403 [DEBUG] core.argyll_runner: [argyll] After optimization: MinPoint = 4.383, Min = 4.029, Avg. = 9.448, Max = 12.300
2026-09-07 08:03:10,403 [DEBUG] core.argyll_runner: [argyll] Total number of patches = 676
2026-09-07 08:03:10,403 [DEBUG] core.argyll_runner: [argyll] Execution time = 1.318322 seconds
2026-09-07 08:03:10,403 [INFO] core.argyll_runner: ArgyllRunner: finished with code 0
2026-09-07 08:03:10,445 [DEBUG] workflow.chart_creator: Wrote channel sidecar A2-Instruments.channels.json: ['r', 'g', 'b']
2026-09-07 08:03:10,504 [DEBUG] ui.tiff_preview: TiffPreview: loaded 1 page(s)
2026-09-07 08:03:10,504 [INFO] ui.tabs.tab_chart: Preview loaded: 1 TIFF(s)
2026-09-07 08:03:10,521 [DEBUG] ui.tiff_preview: TiffPreview: loaded 1 page(s)
2026-09-07 08:03:10,524 [DEBUG] ui.tiff_preview: TiffPreview: loaded 1 page(s)
2026-09-07 08:03:10,531 [DEBUG] ui.tabs.tab_chart: create-chart settings written for run1 (40 parameters + ui state)
2026-09-07 08:03:11,978 [INFO] assess:   shot Screenshots/A2-instruments/SS-flat-custom_200x200-preview.png  (2232x1146)
2026-09-07 08:03:11,978 [INFO] assess: [SS-flat-custom_200x200] ok=True 4.7s est_before={'total': 676, 'fillup': 0, 'page_patches': 676, 'rows': 26, 'cols': 26, 'pages': 1, 'patch': (7.0, 7.0), 'pitch': None} actual={'total': 676, 'fillup': 0, 'page_patches': 676, 'rows': 26, 'cols': 26, 'pages': 1, 'patch': (7.03, 7.03), 'pitch': None} status='No instrument margins set for this instrument and paper size.' eng=['[ChromIQ layout engine] Drawing the pages. This part runs in one go and cannot be stopped, so the window will not respond until it is finished.', '[ChromIQ layout engine] 676 patches (26×26), 1 page, random start 1730799448']
2026-09-07 08:03:11,979 [INFO] assess:   json Test Runs/logs/d02_matrix.json
2026-09-07 08:03:11,980 [INFO] assess:   armed: dialog ~'scanner' -> click 'OK' hex heads-up (hex modes only)
2026-09-07 08:03:11,980 [INFO] assess:   armed: dialog ~'quite fill' -> click 'OK' last page hint
2026-09-07 08:03:11,980 [INFO] assess:   armed: dialog ~'already' -> click 'Continue this project' S4.7 on 2nd+ build
2026-09-07 08:03:12,347 [DEBUG] core.settings: settings.set helper_markers_show = False
2026-09-07 08:03:12,348 [DEBUG] core.settings: settings.set helper_marker_edge_mm = 2.0
2026-09-07 08:03:12,348 [DEBUG] core.settings: settings.set helper_marker_len_mm = 2.0
2026-09-07 08:03:12,348 [DEBUG] core.settings: settings.set helper_marker_per_patch = 3
2026-09-07 08:03:12,348 [DEBUG] core.settings: settings.set helper_markers_top_bottom = True
2026-09-07 08:03:12,348 [DEBUG] core.settings: settings.set helper_markers_sides = True
2026-09-07 08:03:12,438 [INFO] assess:   DIALOG expected [QMessageBox] '' -> clicked 'OK'
2026-09-07 08:03:12,805 [DEBUG] core.settings: settings.set helper_markers_show = False
2026-09-07 08:03:12,805 [DEBUG] core.settings: settings.set helper_marker_edge_mm = 2.0
2026-09-07 08:03:12,805 [DEBUG] core.settings: settings.set helper_marker_len_mm = 2.0
2026-09-07 08:03:12,805 [DEBUG] core.settings: settings.set helper_marker_per_patch = 3
2026-09-07 08:03:12,805 [DEBUG] core.settings: settings.set helper_markers_top_bottom = True
2026-09-07 08:03:12,805 [DEBUG] core.settings: settings.set helper_markers_sides = True
2026-09-07 08:03:13,476 [INFO] ui.tabs.tab_chart: chart build (Generate Chart) in manual: patch set targen | manual panel: A4, 0x0 grid, margins T6.0 R6.0 B6.0 L11.1
2026-09-07 08:03:13,479 [DEBUG] core.settings: settings.set session_ti3_path = ''
2026-09-07 08:03:13,479 [DEBUG] core.settings: settings.set session_icc_path = ''
2026-09-07 08:03:13,479 [DEBUG] core.settings: settings.set session_cal_ti3_path = ''
2026-09-07 08:03:13,481 [DEBUG] core.file_manager: Target name set to: A2-Instruments (root /Users/Basti/ChromIQ-assessment/A2-Instruments)
2026-09-07 08:03:13,482 [INFO] core.file_manager: opened the EXISTING project at /Users/Basti/ChromIQ-assessment/A2-Instruments (1 run(s) on disk)
2026-09-07 08:03:13,509 [INFO] workflow.chart_creator: Chart generation: 1242 patches, instrument=SS paper=A4 disable_lb=True
2026-09-07 08:03:13,509 [INFO] workflow.chart_creator: targen args: ['-v', '-d2', '-f1242', '-e8', '-B8', '-G', '-g71', 'A2-Instruments']
2026-09-07 08:03:13,509 [INFO] core.argyll_runner: Run: /Applications/Argyll/bin/targen -v -d2 -f1242 -e8 -B8 -G -g71 A2-Instruments  [cwd=/Users/Basti/ChromIQ-assessment/A2-Instruments/runs/run1]
2026-09-07 08:03:13,589 [DEBUG] core.argyll_runner: [argyll] iRGB test chart
2026-09-07 08:03:13,589 [DEBUG] core.argyll_runner: [argyll] White patches = 8
2026-09-07 08:03:13,589 [DEBUG] core.argyll_runner: [argyll] Black patches = 8
2026-09-07 08:03:13,590 [DEBUG] core.argyll_runner: [argyll] Composite Grey steps = 71
2026-09-07 08:03:13,590 [DEBUG] core.argyll_runner: [argyll] Full spread patches = 1242
2026-09-07 08:03:13,590 [DEBUG] core.argyll_runner: [argyll] Degree of adaptation: 0.100
2026-09-07 08:03:13,590 [DEBUG] core.argyll_runner: [argyll] Adaptation weights: Device = 0.935, Perceptual = 0.065, Curvature = 0.010
2026-09-07 08:03:13,590 [DEBUG] core.argyll_runner: [argyll] Perceptual cache resolution = 13
2026-09-07 08:03:13,591 [DEBUG] core.argyll_runner: [argyll] Seeding cache...
2026-09-07 08:03:13,623 [DEBUG] core.argyll_runner: [argyll] done
2026-09-07 08:03:13,624 [DEBUG] core.argyll_runner: [argyll] Acceleration grid res = 12
2026-09-07 08:03:13,624 [DEBUG] core.argyll_runner: [argyll] 
2026-09-07 08:03:13,624 [DEBUG] core.argyll_runner: [argyll] There are 71 unique fixed points to add (85 total fixed points)
2026-09-07 08:03:13,624 [DEBUG] core.argyll_runner: [argyll] There are 1157 far spread points to add
2026-09-07 08:03:13,624 [DEBUG] core.argyll_runner: [argyll] 
2026-09-07 08:03:13,624 [DEBUG] core.argyll_runner: [argyll] Added 12/1228
2026-09-07 08:03:13,624 [DEBUG] core.argyll_runner: [argyll] Added 23/1228
2026-09-07 08:03:13,625 [DEBUG] core.argyll_runner: [argyll] Added 34/1228
2026-09-07 08:03:13,625 [DEBUG] core.argyll_runner: [argyll] Added 45/1228
2026-09-07 08:03:13,625 [DEBUG] core.argyll_runner: [argyll] Added 56/1228
2026-09-07 08:03:13,626 [DEBUG] core.argyll_runner: [argyll] Added 67/1228
2026-09-07 08:03:13,626 [DEBUG] core.argyll_runner: [argyll] Added 78/1228
2026-09-07 08:03:13,627 [DEBUG] core.argyll_runner: [argyll] Added 89/1228
2026-09-07 08:03:13,627 [DEBUG] core.argyll_runner: [argyll] Added 100/1228
2026-09-07 08:03:13,628 [DEBUG] core.argyll_runner: [argyll] Added 111/1228
2026-09-07 08:03:13,629 [DEBUG] core.argyll_runner: [argyll] Added 122/1228
2026-09-07 08:03:13,630 [DEBUG] core.argyll_runner: [argyll] Added 133/1228
2026-09-07 08:03:13,631 [DEBUG] core.argyll_runner: [argyll] Added 144/1228
2026-09-07 08:03:13,632 [DEBUG] core.argyll_runner: [argyll] Added 155/1228
2026-09-07 08:03:13,633 [DEBUG] core.argyll_runner: [argyll] Added 166/1228
2026-09-07 08:03:13,635 [DEBUG] core.argyll_runner: [argyll] Added 177/1228
2026-09-07 08:03:13,636 [DEBUG] core.argyll_runner: [argyll] Added 188/1228
2026-09-07 08:03:13,658 [DEBUG] core.argyll_runner: [argyll] 
2026-09-07 08:03:13,658 [DEBUG] core.argyll_runner: [argyll] Added 199/1228
2026-09-07 08:03:13,658 [DEBUG] core.argyll_runner: [argyll] Added 210/1228
2026-09-07 08:03:13,659 [DEBUG] core.argyll_runner: [argyll] Added 221/1228
2026-09-07 08:03:13,659 [DEBUG] core.argyll_runner: [argyll] Added 232/1228
2026-09-07 08:03:13,660 [DEBUG] core.argyll_runner: [argyll] Added 243/1228
2026-09-07 08:03:13,660 [DEBUG] core.argyll_runner: [argyll] Added 254/1228
2026-09-07 08:03:13,661 [DEBUG] core.argyll_runner: [argyll] Added 265/1228
2026-09-07 08:03:13,662 [DEBUG] core.argyll_runner: [argyll] Added 276/1228
2026-09-07 08:03:13,663 [DEBUG] core.argyll_runner: [argyll] Added 287/1228
2026-09-07 08:03:13,664 [DEBUG] core.argyll_runner: [argyll] Added 298/1228
2026-09-07 08:03:13,665 [DEBUG] core.argyll_runner: [argyll] Added 309/1228
2026-09-07 08:03:13,667 [DEBUG] core.argyll_runner: [argyll] Added 320/1228
2026-09-07 08:03:13,668 [DEBUG] core.argyll_runner: [argyll] Added 331/1228
2026-09-07 08:03:13,670 [DEBUG] core.argyll_runner: [argyll] Added 342/1228
2026-09-07 08:03:13,672 [DEBUG] core.argyll_runner: [argyll] Added 353/1228
2026-09-07 08:03:13,674 [DEBUG] core.argyll_runner: [argyll] Added 364/1228
2026-09-07 08:03:13,676 [DEBUG] core.argyll_runner: [argyll] Added 375/1228
2026-09-07 08:03:13,678 [DEBUG] core.argyll_runner: [argyll] Added 386/1228
2026-09-07 08:03:13,681 [DEBUG] core.argyll_runner: [argyll] Added 397/1228
2026-09-07 08:03:13,683 [DEBUG] core.argyll_runner: [argyll] Added 408/1228
2026-09-07 08:03:13,686 [DEBUG] core.argyll_runner: [argyll] Added 419/1228
2026-09-07 08:03:13,689 [DEBUG] core.argyll_runner: [argyll] Added 430/1228
2026-09-07 08:03:13,691 [DEBUG] core.argyll_runner: [argyll] Added 441/1228
2026-09-07 08:03:13,694 [DEBUG] core.argyll_runner: [argyll] Added 452/1228
2026-09-07 08:03:13,698 [DEBUG] core.argyll_runner: [argyll] Added 463/1228
2026-09-07 08:03:13,701 [DEBUG] core.argyll_runner: [argyll] Added 474/1228
2026-09-07 08:03:13,705 [DEBUG] core.argyll_runner: [argyll] Added 485/1228
2026-09-07 08:03:13,708 [DEBUG] core.argyll_runner: [argyll] Added 496/1228
2026-09-07 08:03:13,712 [DEBUG] core.argyll_runner: [argyll] Added 507/1228
2026-09-07 08:03:13,716 [DEBUG] core.argyll_runner: [argyll] Added 518/1228
2026-09-07 08:03:13,720 [DEBUG] core.argyll_runner: [argyll] Added 529/1228
2026-09-07 08:03:13,724 [DEBUG] core.argyll_runner: [argyll] Added 540/1228
2026-09-07 08:03:13,729 [DEBUG] core.argyll_runner: [argyll] Added 551/1228
2026-09-07 08:03:13,733 [DEBUG] core.argyll_runner: [argyll] Added 562/1228
2026-09-07 08:03:13,751 [DEBUG] core.argyll_runner: [argyll] 
2026-09-07 08:03:13,753 [DEBUG] core.argyll_runner: [argyll] Added 573/1228
2026-09-07 08:03:13,753 [DEBUG] core.argyll_runner: [argyll] Added 584/1228
2026-09-07 08:03:13,753 [DEBUG] core.argyll_runner: [argyll] Added 595/1228
2026-09-07 08:03:13,753 [DEBUG] core.argyll_runner: [argyll] Added 606/1228
2026-09-07 08:03:13,754 [DEBUG] core.argyll_runner: [argyll] Added 617/1228
2026-09-07 08:03:13,754 [DEBUG] core.argyll_runner: [argyll] Added 628/1228
2026-09-07 08:03:13,755 [DEBUG] core.argyll_runner: [argyll] Added 639/1228
2026-09-07 08:03:13,756 [DEBUG] core.argyll_runner: [argyll] Added 650/1228
2026-09-07 08:03:13,757 [DEBUG] core.argyll_runner: [argyll] Added 661/1228
2026-09-07 08:03:13,758 [DEBUG] core.argyll_runner: [argyll] Added 672/1228
2026-09-07 08:03:13,760 [DEBUG] core.argyll_runner: [argyll] Added 683/1228
2026-09-07 08:03:13,761 [DEBUG] core.argyll_runner: [argyll] Added 694/1228
2026-09-07 08:03:13,763 [DEBUG] core.argyll_runner: [argyll] Added 705/1228
2026-09-07 08:03:13,764 [DEBUG] core.argyll_runner: [argyll] Added 716/1228
2026-09-07 08:03:13,766 [DEBUG] core.argyll_runner: [argyll] Added 727/1228
2026-09-07 08:03:13,768 [DEBUG] core.argyll_runner: [argyll] Added 738/1228
2026-09-07 08:03:13,771 [DEBUG] core.argyll_runner: [argyll] Added 749/1228
2026-09-07 08:03:13,773 [DEBUG] core.argyll_runner: [argyll] Added 760/1228
2026-09-07 08:03:13,775 [DEBUG] core.argyll_runner: [argyll] Added 771/1228
2026-09-07 08:03:13,778 [DEBUG] core.argyll_runner: [argyll] Added 782/1228
2026-09-07 08:03:13,781 [DEBUG] core.argyll_runner: [argyll] Added 793/1228
2026-09-07 08:03:13,783 [DEBUG] core.argyll_runner: [argyll] Added 804/1228
2026-09-07 08:03:13,786 [DEBUG] core.argyll_runner: [argyll] Added 815/1228
2026-09-07 08:03:13,790 [DEBUG] core.argyll_runner: [argyll] Added 826/1228
2026-09-07 08:03:13,793 [DEBUG] core.argyll_runner: [argyll] Added 837/1228
2026-09-07 08:03:13,796 [DEBUG] core.argyll_runner: [argyll] Added 848/1228
2026-09-07 08:03:13,800 [DEBUG] core.argyll_runner: [argyll] Added 859/1228
2026-09-07 08:03:13,804 [DEBUG] core.argyll_runner: [argyll] Added 870/1228
2026-09-07 08:03:13,807 [DEBUG] core.argyll_runner: [argyll] Added 881/1228
2026-09-07 08:03:13,811 [DEBUG] core.argyll_runner: [argyll] Added 892/1228
2026-09-07 08:03:13,816 [DEBUG] core.argyll_runner: [argyll] Added 903/1228
2026-09-07 08:03:13,820 [DEBUG] core.argyll_runner: [argyll] Added 914/1228
2026-09-07 08:03:13,824 [DEBUG] core.argyll_runner: [argyll] Added 925/1228
2026-09-07 08:03:13,829 [DEBUG] core.argyll_runner: [argyll] Added 936/1228
2026-09-07 08:03:13,834 [DEBUG] core.argyll_runner: [argyll] Added 947/1228
2026-09-07 08:03:13,838 [DEBUG] core.argyll_runner: [argyll] Added 958/1228
2026-09-07 08:03:13,843 [DEBUG] core.argyll_runner: [argyll] Added 969/1228
2026-09-07 08:03:13,849 [DEBUG] core.argyll_runner: [argyll] Added 980/1228
2026-09-07 08:03:13,854 [DEBUG] core.argyll_runner: [argyll] Added 991/1228
2026-09-07 08:03:13,859 [DEBUG] core.argyll_runner: [argyll] Added 1002/1228
2026-09-07 08:03:13,865 [DEBUG] core.argyll_runner: [argyll] Added 1013/1228
2026-09-07 08:03:13,871 [DEBUG] core.argyll_runner: [argyll] Added 1024/1228
2026-09-07 08:03:13,876 [DEBUG] core.argyll_runner: [argyll] Added 1035/1228
2026-09-07 08:03:13,882 [DEBUG] core.argyll_runner: [argyll] Added 1046/1228
2026-09-07 08:03:13,888 [DEBUG] core.argyll_runner: [argyll] Added 1057/1228
2026-09-07 08:03:13,895 [DEBUG] core.argyll_runner: [argyll] Added 1068/1228
2026-09-07 08:03:13,901 [DEBUG] core.argyll_runner: [argyll] Added 1079/1228
2026-09-07 08:03:13,907 [DEBUG] core.argyll_runner: [argyll] Added 1090/1228
2026-09-07 08:03:13,914 [DEBUG] core.argyll_runner: [argyll] Added 1101/1228
2026-09-07 08:03:13,921 [DEBUG] core.argyll_runner: [argyll] Added 1112/1228
2026-09-07 08:03:13,928 [DEBUG] core.argyll_runner: [argyll] Added 1123/1228
2026-09-07 08:03:13,935 [DEBUG] core.argyll_runner: [argyll] Added 1134/1228
2026-09-07 08:03:13,942 [DEBUG] core.argyll_runner: [argyll] Added 1145/1228
2026-09-07 08:03:13,950 [DEBUG] core.argyll_runner: [argyll] Added 1156/1228
2026-09-07 08:03:13,957 [DEBUG] core.argyll_runner: [argyll] Added 1167/1228
2026-09-07 08:03:13,965 [DEBUG] core.argyll_runner: [argyll] Added 1178/1228
2026-09-07 08:03:13,973 [DEBUG] core.argyll_runner: [argyll] Added 1189/1228
2026-09-07 08:03:13,980 [DEBUG] core.argyll_runner: [argyll] Added 1200/1228
2026-09-07 08:03:13,989 [DEBUG] core.argyll_runner: [argyll] Added 1211/1228
2026-09-07 08:03:13,997 [DEBUG] core.argyll_runner: [argyll] Added 1222/1228
2026-09-07 08:03:14,005 [DEBUG] core.argyll_runner: [argyll] Added 1228/1228
2026-09-07 08:03:16,286 [DEBUG] core.argyll_runner: [argyll] 
2026-09-07 08:03:16,289 [DEBUG] core.argyll_runner: [argyll] After seeding points: MinPoint = 2.374, Min = 2.179, Avg. = 8.061, Max = 10.224, 0.1 secs
2026-09-07 08:03:16,289 [DEBUG] core.argyll_runner: [argyll] Re-seeding
2026-09-07 08:03:16,289 [DEBUG] core.argyll_runner: [argyll] It 1: Maxmv = 0.078960, MinPoint = 2.374, Min = 2.179, Avg. = 8.010, Max = 11.663, 0.1 secs.
2026-09-07 08:03:16,290 [DEBUG] core.argyll_runner: [argyll] Re-seeding
2026-09-07 08:03:16,290 [DEBUG] core.argyll_runner: [argyll] It 2: Maxmv = 0.062212, MinPoint = 2.374, Min = 2.179, Avg. = 7.956, Max = 10.510, 0.1 secs.
2026-09-07 08:03:16,290 [DEBUG] core.argyll_runner: [argyll] Re-seeding
2026-09-07 08:03:16,290 [DEBUG] core.argyll_runner: [argyll] It 3: Maxmv = 0.066380, MinPoint = 2.374, Min = 2.179, Avg. = 7.915, Max = 11.063, 0.1 secs.
2026-09-07 08:03:16,291 [DEBUG] core.argyll_runner: [argyll] Re-seeding
2026-09-07 08:03:16,291 [DEBUG] core.argyll_runner: [argyll] It 4: Maxmv = 0.058110, MinPoint = 2.374, Min = 2.179, Avg. = 7.858, Max = 10.301, 0.1 secs.
2026-09-07 08:03:16,291 [DEBUG] core.argyll_runner: [argyll] Re-seeding
2026-09-07 08:03:16,291 [DEBUG] core.argyll_runner: [argyll] It 5: Maxmv = 0.058737, MinPoint = 2.374, Min = 2.179, Avg. = 7.821, Max = 10.468, 0.1 secs.
2026-09-07 08:03:16,292 [DEBUG] core.argyll_runner: [argyll] Re-seeding
2026-09-07 08:03:16,292 [DEBUG] core.argyll_runner: [argyll] It 6: Maxmv = 0.046721, MinPoint = 2.374, Min = 2.179, Avg. = 7.778, Max = 9.959, 0.1 secs.
2026-09-07 08:03:16,292 [DEBUG] core.argyll_runner: [argyll] Re-seeding
2026-09-07 08:03:16,292 [DEBUG] core.argyll_runner: [argyll] It 7: Maxmv = 0.040045, MinPoint = 2.374, Min = 2.179, Avg. = 7.742, Max = 9.960, 0.1 secs.
2026-09-07 08:03:16,293 [DEBUG] core.argyll_runner: [argyll] Re-seeding
2026-09-07 08:03:16,293 [DEBUG] core.argyll_runner: [argyll] It 8: Maxmv = 0.031863, MinPoint = 2.374, Min = 2.179, Avg. = 7.719, Max = 9.610, 0.1 secs.
2026-09-07 08:03:16,293 [DEBUG] core.argyll_runner: [argyll] Re-seeding
2026-09-07 08:03:16,293 [DEBUG] core.argyll_runner: [argyll] It 9: Maxmv = 0.031261, MinPoint = 2.374, Min = 2.179, Avg. = 7.692, Max = 9.694, 0.1 secs.
2026-09-07 08:03:16,294 [DEBUG] core.argyll_runner: [argyll] Re-seeding
2026-09-07 08:03:16,294 [DEBUG] core.argyll_runner: [argyll] It 10: Maxmv = 0.025110, MinPoint = 2.374, Min = 2.179, Avg. = 7.677, Max = 9.432, 0.1 secs.
2026-09-07 08:03:16,294 [DEBUG] core.argyll_runner: [argyll] Re-seeding
2026-09-07 08:03:16,294 [DEBUG] core.argyll_runner: [argyll] It 11: Maxmv = 0.023221, MinPoint = 2.374, Min = 2.179, Avg. = 7.658, Max = 9.418, 0.1 secs.
2026-09-07 08:03:16,295 [DEBUG] core.argyll_runner: [argyll] Re-seeding
2026-09-07 08:03:16,295 [DEBUG] core.argyll_runner: [argyll] It 12: Maxmv = 0.018632, MinPoint = 2.374, Min = 2.179, Avg. = 7.647, Max = 9.319, 0.1 secs.
2026-09-07 08:03:16,295 [DEBUG] core.argyll_runner: [argyll] Re-seeding
2026-09-07 08:03:16,295 [DEBUG] core.argyll_runner: [argyll] It 13: Maxmv = 0.015593, MinPoint = 2.374, Min = 2.179, Avg. = 7.632, Max = 12.725, 0.1 secs.
2026-09-07 08:03:16,296 [DEBUG] core.argyll_runner: [argyll] Re-seeding
2026-09-07 08:03:16,296 [DEBUG] core.argyll_runner: [argyll] It 14: Maxmv = 0.034916, MinPoint = 2.374, Min = 2.179, Avg. = 7.633, Max = 9.195, 0.1 secs.
2026-09-07 08:03:16,296 [DEBUG] core.argyll_runner: [argyll] Re-seeding
2026-09-07 08:03:16,296 [DEBUG] core.argyll_runner: [argyll] It 15: Maxmv = 0.011096, MinPoint = 2.374, Min = 2.179, Avg. = 7.630, Max = 9.167, 0.1 secs.
2026-09-07 08:03:16,297 [DEBUG] core.argyll_runner: [argyll] Re-seeding
2026-09-07 08:03:16,297 [DEBUG] core.argyll_runner: [argyll] It 16: Maxmv = 0.007488, MinPoint = 2.374, Min = 2.179, Avg. = 7.628, Max = 9.105, 0.1 secs.
2026-09-07 08:03:16,297 [DEBUG] core.argyll_runner: [argyll] Re-seeding
2026-09-07 08:03:16,297 [DEBUG] core.argyll_runner: [argyll] It 17: Maxmv = 0.005531, MinPoint = 2.374, Min = 2.179, Avg. = 7.629, Max = 9.061, 0.1 secs.
2026-09-07 08:03:16,298 [DEBUG] core.argyll_runner: [argyll] Re-seeding
2026-09-07 08:03:16,298 [DEBUG] core.argyll_runner: [argyll] It 18: Maxmv = 0.002962, MinPoint = 2.374, Min = 2.179, Avg. = 7.629, Max = 8.966, 0.1 secs.
2026-09-07 08:03:16,298 [DEBUG] core.argyll_runner: [argyll] Re-seeding
2026-09-07 08:03:16,298 [DEBUG] core.argyll_runner: [argyll] It 19: Maxmv = 0.001258, MinPoint = 2.374, Min = 2.179, Avg. = 7.629, Max = 10.304, 0.1 secs.
2026-09-07 08:03:16,299 [DEBUG] core.argyll_runner: [argyll] Re-seeding
2026-09-07 08:03:16,299 [DEBUG] core.argyll_runner: [argyll] It 20: Maxmv = 0.001595, MinPoint = 2.374, Min = 2.179, Avg. = 7.628, Max = 8.984, 0.1 secs.
2026-09-07 08:03:16,299 [DEBUG] core.argyll_runner: [argyll] After optimization: MinPoint = 2.374, Min = 2.179, Avg. = 7.628, Max = 8.984
2026-09-07 08:03:16,299 [DEBUG] core.argyll_runner: [argyll] Total number of patches = 1242
2026-09-07 08:03:16,300 [DEBUG] core.argyll_runner: [argyll] Execution time = 2.700099 seconds
2026-09-07 08:03:16,300 [INFO] core.argyll_runner: ArgyllRunner: finished with code 0
2026-09-07 08:03:16,370 [DEBUG] workflow.chart_creator: Wrote channel sidecar A2-Instruments.channels.json: ['r', 'g', 'b']
2026-09-07 08:03:16,455 [DEBUG] ui.tiff_preview: TiffPreview: loaded 1 page(s)
2026-09-07 08:03:16,455 [INFO] ui.tabs.tab_chart: Preview loaded: 1 TIFF(s)
2026-09-07 08:03:16,478 [DEBUG] ui.tiff_preview: TiffPreview: loaded 1 page(s)
2026-09-07 08:03:16,481 [DEBUG] ui.tiff_preview: TiffPreview: loaded 1 page(s)
2026-09-07 08:03:16,490 [DEBUG] ui.tabs.tab_chart: create-chart settings written for run1 (40 parameters + ui state)
2026-09-07 08:03:18,369 [INFO] assess:   shot Screenshots/A2-instruments/SS-hex-A4-preview.png  (2232x1146)
2026-09-07 08:03:18,369 [INFO] assess: [SS-hex-A4] ok=True 6.4s est_before={'total': 1242, 'fillup': 0, 'page_patches': 1242, 'rows': 46, 'cols': 27, 'pages': 1, 'patch': (7.0, 8.08), 'pitch': 6.06} actual={'total': 1242, 'fillup': 0, 'page_patches': 1242, 'rows': 46, 'cols': 27, 'pages': 1, 'patch': (6.94, 8.13), 'pitch': 6.1} status='No instrument margins set for this instrument and paper size.' eng=['[ChromIQ layout engine] Drawing the pages. This part runs in one go and cannot be stopped, so the window will not respond until it is finished.', '[ChromIQ layout engine] 1242 patches (46×27), 1 page, random start 38154130']
2026-09-07 08:03:18,370 [INFO] assess:   json Test Runs/logs/d02_matrix.json
2026-09-07 08:03:18,370 [INFO] assess:   armed: dialog ~'scanner' -> click 'OK' hex heads-up (hex modes only)
2026-09-07 08:03:18,370 [INFO] assess:   armed: dialog ~'quite fill' -> click 'OK' last page hint
2026-09-07 08:03:18,370 [INFO] assess:   armed: dialog ~'already' -> click 'Continue this project' S4.7 on 2nd+ build
2026-09-07 08:03:19,096 [DEBUG] core.settings: settings.set helper_markers_show = False
2026-09-07 08:03:19,096 [DEBUG] core.settings: settings.set helper_marker_edge_mm = 2.0
2026-09-07 08:03:19,096 [DEBUG] core.settings: settings.set helper_marker_len_mm = 2.0
2026-09-07 08:03:19,096 [DEBUG] core.settings: settings.set helper_marker_per_patch = 3
2026-09-07 08:03:19,096 [DEBUG] core.settings: settings.set helper_markers_top_bottom = True
2026-09-07 08:03:19,096 [DEBUG] core.settings: settings.set helper_markers_sides = True
2026-09-07 08:03:19,766 [INFO] ui.tabs.tab_chart: chart build (Generate Chart) in manual: patch set targen | manual panel: A4R, 0x0 grid, margins T6.0 R6.0 B6.0 L11.1
2026-09-07 08:03:19,770 [DEBUG] core.settings: settings.set session_ti3_path = ''
2026-09-07 08:03:19,770 [DEBUG] core.settings: settings.set session_icc_path = ''
2026-09-07 08:03:19,770 [DEBUG] core.settings: settings.set session_cal_ti3_path = ''
2026-09-07 08:03:19,773 [DEBUG] core.file_manager: Target name set to: A2-Instruments (root /Users/Basti/ChromIQ-assessment/A2-Instruments)
2026-09-07 08:03:19,774 [INFO] core.file_manager: opened the EXISTING project at /Users/Basti/ChromIQ-assessment/A2-Instruments (1 run(s) on disk)
2026-09-07 08:03:19,799 [INFO] workflow.chart_creator: Chart generation: 1248 patches, instrument=SS paper=A4R disable_lb=True
2026-09-07 08:03:19,799 [INFO] workflow.chart_creator: targen args: ['-v', '-d2', '-f1248', '-e8', '-B8', '-G', '-g71', 'A2-Instruments']
2026-09-07 08:03:19,799 [INFO] core.argyll_runner: Run: /Applications/Argyll/bin/targen -v -d2 -f1248 -e8 -B8 -G -g71 A2-Instruments  [cwd=/Users/Basti/ChromIQ-assessment/A2-Instruments/runs/run1]
2026-09-07 08:03:19,875 [DEBUG] core.argyll_runner: [argyll] iRGB test chart
2026-09-07 08:03:19,876 [DEBUG] core.argyll_runner: [argyll] White patches = 8
2026-09-07 08:03:19,876 [DEBUG] core.argyll_runner: [argyll] Black patches = 8
2026-09-07 08:03:19,876 [DEBUG] core.argyll_runner: [argyll] Composite Grey steps = 71
2026-09-07 08:03:19,876 [DEBUG] core.argyll_runner: [argyll] Full spread patches = 1248
2026-09-07 08:03:19,876 [DEBUG] core.argyll_runner: [argyll] Degree of adaptation: 0.100
2026-09-07 08:03:19,876 [DEBUG] core.argyll_runner: [argyll] Adaptation weights: Device = 0.935, Perceptual = 0.065, Curvature = 0.010
2026-09-07 08:03:19,877 [DEBUG] core.argyll_runner: [argyll] Perceptual cache resolution = 13
2026-09-07 08:03:19,877 [DEBUG] core.argyll_runner: [argyll] Seeding cache...
2026-09-07 08:03:19,896 [DEBUG] core.argyll_runner: [argyll] done
2026-09-07 08:03:19,897 [DEBUG] core.argyll_runner: [argyll] Acceleration grid res = 12
2026-09-07 08:03:19,897 [DEBUG] core.argyll_runner: [argyll] 
2026-09-07 08:03:19,897 [DEBUG] core.argyll_runner: [argyll] There are 71 unique fixed points to add (85 total fixed points)
2026-09-07 08:03:19,897 [DEBUG] core.argyll_runner: [argyll] There are 1163 far spread points to add
2026-09-07 08:03:19,897 [DEBUG] core.argyll_runner: [argyll] 
2026-09-07 08:03:19,897 [DEBUG] core.argyll_runner: [argyll] Added 12/1234
2026-09-07 08:03:19,897 [DEBUG] core.argyll_runner: [argyll] Added 23/1234
2026-09-07 08:03:19,898 [DEBUG] core.argyll_runner: [argyll] Added 34/1234
2026-09-07 08:03:19,898 [DEBUG] core.argyll_runner: [argyll] Added 45/1234
2026-09-07 08:03:19,898 [DEBUG] core.argyll_runner: [argyll] Added 56/1234
2026-09-07 08:03:19,899 [DEBUG] core.argyll_runner: [argyll] Added 67/1234
2026-09-07 08:03:19,899 [DEBUG] core.argyll_runner: [argyll] Added 78/1234
2026-09-07 08:03:19,900 [DEBUG] core.argyll_runner: [argyll] Added 89/1234
2026-09-07 08:03:19,901 [DEBUG] core.argyll_runner: [argyll] Added 100/1234
2026-09-07 08:03:19,933 [DEBUG] core.argyll_runner: [argyll] 
2026-09-07 08:03:19,933 [DEBUG] core.argyll_runner: [argyll] Added 111/1234
2026-09-07 08:03:19,933 [DEBUG] core.argyll_runner: [argyll] Added 122/1234
2026-09-07 08:03:19,933 [DEBUG] core.argyll_runner: [argyll] Added 133/1234
2026-09-07 08:03:19,934 [DEBUG] core.argyll_runner: [argyll] Added 144/1234
2026-09-07 08:03:19,934 [DEBUG] core.argyll_runner: [argyll] Added 155/1234
2026-09-07 08:03:19,935 [DEBUG] core.argyll_runner: [argyll] Added 166/1234
2026-09-07 08:03:19,935 [DEBUG] core.argyll_runner: [argyll] Added 177/1234
2026-09-07 08:03:19,936 [DEBUG] core.argyll_runner: [argyll] Added 188/1234
2026-09-07 08:03:19,937 [DEBUG] core.argyll_runner: [argyll] Added 199/1234
2026-09-07 08:03:19,938 [DEBUG] core.argyll_runner: [argyll] Added 210/1234
2026-09-07 08:03:19,939 [DEBUG] core.argyll_runner: [argyll] Added 221/1234
2026-09-07 08:03:19,941 [DEBUG] core.argyll_runner: [argyll] Added 232/1234
2026-09-07 08:03:19,942 [DEBUG] core.argyll_runner: [argyll] Added 243/1234
2026-09-07 08:03:19,944 [DEBUG] core.argyll_runner: [argyll] Added 254/1234
2026-09-07 08:03:19,945 [DEBUG] core.argyll_runner: [argyll] Added 265/1234
2026-09-07 08:03:19,947 [DEBUG] core.argyll_runner: [argyll] Added 276/1234
2026-09-07 08:03:19,949 [DEBUG] core.argyll_runner: [argyll] Added 287/1234
2026-09-07 08:03:19,951 [DEBUG] core.argyll_runner: [argyll] Added 298/1234
2026-09-07 08:03:19,953 [DEBUG] core.argyll_runner: [argyll] Added 309/1234
2026-09-07 08:03:19,956 [DEBUG] core.argyll_runner: [argyll] Added 320/1234
2026-09-07 08:03:19,958 [DEBUG] core.argyll_runner: [argyll] Added 331/1234
2026-09-07 08:03:19,961 [DEBUG] core.argyll_runner: [argyll] Added 342/1234
2026-09-07 08:03:19,963 [DEBUG] core.argyll_runner: [argyll] Added 353/1234
2026-09-07 08:03:19,966 [DEBUG] core.argyll_runner: [argyll] Added 364/1234
2026-09-07 08:03:19,969 [DEBUG] core.argyll_runner: [argyll] Added 375/1234
2026-09-07 08:03:19,972 [DEBUG] core.argyll_runner: [argyll] Added 386/1234
2026-09-07 08:03:19,976 [DEBUG] core.argyll_runner: [argyll] Added 397/1234
2026-09-07 08:03:19,979 [DEBUG] core.argyll_runner: [argyll] Added 408/1234
2026-09-07 08:03:19,983 [DEBUG] core.argyll_runner: [argyll] Added 419/1234
2026-09-07 08:03:19,986 [DEBUG] core.argyll_runner: [argyll] Added 430/1234
2026-09-07 08:03:19,990 [DEBUG] core.argyll_runner: [argyll] Added 441/1234
2026-09-07 08:03:20,007 [DEBUG] core.argyll_runner: [argyll] 
2026-09-07 08:03:20,008 [DEBUG] core.argyll_runner: [argyll] Added 452/1234
2026-09-07 08:03:20,009 [DEBUG] core.argyll_runner: [argyll] Added 463/1234
2026-09-07 08:03:20,009 [DEBUG] core.argyll_runner: [argyll] Added 474/1234
2026-09-07 08:03:20,009 [DEBUG] core.argyll_runner: [argyll] Added 485/1234
2026-09-07 08:03:20,010 [DEBUG] core.argyll_runner: [argyll] Added 496/1234
2026-09-07 08:03:20,010 [DEBUG] core.argyll_runner: [argyll] Added 507/1234
2026-09-07 08:03:20,011 [DEBUG] core.argyll_runner: [argyll] Added 518/1234
2026-09-07 08:03:20,012 [DEBUG] core.argyll_runner: [argyll] Added 529/1234
2026-09-07 08:03:20,013 [DEBUG] core.argyll_runner: [argyll] Added 540/1234
2026-09-07 08:03:20,014 [DEBUG] core.argyll_runner: [argyll] Added 551/1234
2026-09-07 08:03:20,015 [DEBUG] core.argyll_runner: [argyll] Added 562/1234
2026-09-07 08:03:20,017 [DEBUG] core.argyll_runner: [argyll] Added 573/1234
2026-09-07 08:03:20,018 [DEBUG] core.argyll_runner: [argyll] Added 584/1234
2026-09-07 08:03:20,020 [DEBUG] core.argyll_runner: [argyll] Added 595/1234
2026-09-07 08:03:20,022 [DEBUG] core.argyll_runner: [argyll] Added 606/1234
2026-09-07 08:03:20,023 [DEBUG] core.argyll_runner: [argyll] Added 617/1234
2026-09-07 08:03:20,025 [DEBUG] core.argyll_runner: [argyll] Added 628/1234
2026-09-07 08:03:20,028 [DEBUG] core.argyll_runner: [argyll] Added 639/1234
2026-09-07 08:03:20,030 [DEBUG] core.argyll_runner: [argyll] Added 650/1234
2026-09-07 08:03:20,033 [DEBUG] core.argyll_runner: [argyll] Added 661/1234
2026-09-07 08:03:20,035 [DEBUG] core.argyll_runner: [argyll] Added 672/1234
2026-09-07 08:03:20,038 [DEBUG] core.argyll_runner: [argyll] Added 683/1234
2026-09-07 08:03:20,041 [DEBUG] core.argyll_runner: [argyll] Added 694/1234
2026-09-07 08:03:20,044 [DEBUG] core.argyll_runner: [argyll] Added 705/1234
2026-09-07 08:03:20,047 [DEBUG] core.argyll_runner: [argyll] Added 716/1234
2026-09-07 08:03:20,050 [DEBUG] core.argyll_runner: [argyll] Added 727/1234
2026-09-07 08:03:20,054 [DEBUG] core.argyll_runner: [argyll] Added 738/1234
2026-09-07 08:03:20,057 [DEBUG] core.argyll_runner: [argyll] Added 749/1234
2026-09-07 08:03:20,061 [DEBUG] core.argyll_runner: [argyll] Added 760/1234
2026-09-07 08:03:20,065 [DEBUG] core.argyll_runner: [argyll] Added 771/1234
2026-09-07 08:03:20,069 [DEBUG] core.argyll_runner: [argyll] Added 782/1234
2026-09-07 08:03:20,073 [DEBUG] core.argyll_runner: [argyll] Added 793/1234
2026-09-07 08:03:20,077 [DEBUG] core.argyll_runner: [argyll] Added 804/1234
2026-09-07 08:03:20,081 [DEBUG] core.argyll_runner: [argyll] Added 815/1234
2026-09-07 08:03:20,086 [DEBUG] core.argyll_runner: [argyll] Added 826/1234
2026-09-07 08:03:20,090 [DEBUG] core.argyll_runner: [argyll] Added 837/1234
2026-09-07 08:03:20,095 [DEBUG] core.argyll_runner: [argyll] Added 848/1234
2026-09-07 08:03:20,100 [DEBUG] core.argyll_runner: [argyll] Added 859/1234
2026-09-07 08:03:20,105 [DEBUG] core.argyll_runner: [argyll] Added 870/1234
2026-09-07 08:03:20,110 [DEBUG] core.argyll_runner: [argyll] Added 881/1234
2026-09-07 08:03:20,116 [DEBUG] core.argyll_runner: [argyll] Added 892/1234
2026-09-07 08:03:20,121 [DEBUG] core.argyll_runner: [argyll] Added 903/1234
2026-09-07 08:03:20,127 [DEBUG] core.argyll_runner: [argyll] Added 914/1234
2026-09-07 08:03:20,132 [DEBUG] core.argyll_runner: [argyll] Added 925/1234
2026-09-07 08:03:20,138 [DEBUG] core.argyll_runner: [argyll] Added 936/1234
2026-09-07 08:03:20,144 [DEBUG] core.argyll_runner: [argyll] Added 947/1234
2026-09-07 08:03:20,150 [DEBUG] core.argyll_runner: [argyll] Added 958/1234
2026-09-07 08:03:20,157 [DEBUG] core.argyll_runner: [argyll] Added 969/1234
2026-09-07 08:03:20,163 [DEBUG] core.argyll_runner: [argyll] Added 980/1234
2026-09-07 08:03:20,169 [DEBUG] core.argyll_runner: [argyll] Added 991/1234
2026-09-07 08:03:20,176 [DEBUG] core.argyll_runner: [argyll] Added 1002/1234
2026-09-07 08:03:20,183 [DEBUG] core.argyll_runner: [argyll] Added 1013/1234
2026-09-07 08:03:20,190 [DEBUG] core.argyll_runner: [argyll] Added 1024/1234
2026-09-07 08:03:20,197 [DEBUG] core.argyll_runner: [argyll] Added 1035/1234
2026-09-07 08:03:20,204 [DEBUG] core.argyll_runner: [argyll] Added 1046/1234
2026-09-07 08:03:20,212 [DEBUG] core.argyll_runner: [argyll] Added 1057/1234
2026-09-07 08:03:20,219 [DEBUG] core.argyll_runner: [argyll] Added 1068/1234
2026-09-07 08:03:20,227 [DEBUG] core.argyll_runner: [argyll] Added 1079/1234
2026-09-07 08:03:20,235 [DEBUG] core.argyll_runner: [argyll] Added 1090/1234
2026-09-07 08:03:20,243 [DEBUG] core.argyll_runner: [argyll] Added 1101/1234
2026-09-07 08:03:20,251 [DEBUG] core.argyll_runner: [argyll] Added 1112/1234
2026-09-07 08:03:20,259 [DEBUG] core.argyll_runner: [argyll] Added 1123/1234
2026-09-07 08:03:20,267 [DEBUG] core.argyll_runner: [argyll] Added 1134/1234
2026-09-07 08:03:20,276 [DEBUG] core.argyll_runner: [argyll] Added 1145/1234
2026-09-07 08:03:20,284 [DEBUG] core.argyll_runner: [argyll] Added 1156/1234
2026-09-07 08:03:20,293 [DEBUG] core.argyll_runner: [argyll] Added 1167/1234
2026-09-07 08:03:20,302 [DEBUG] core.argyll_runner: [argyll] Added 1178/1234
2026-09-07 08:03:20,311 [DEBUG] core.argyll_runner: [argyll] Added 1189/1234
2026-09-07 08:03:20,320 [DEBUG] core.argyll_runner: [argyll] Added 1200/1234
2026-09-07 08:03:20,330 [DEBUG] core.argyll_runner: [argyll] Added 1211/1234
2026-09-07 08:03:20,339 [DEBUG] core.argyll_runner: [argyll] Added 1222/1234
2026-09-07 08:03:20,349 [DEBUG] core.argyll_runner: [argyll] Added 1233/1234
2026-09-07 08:03:20,359 [DEBUG] core.argyll_runner: [argyll] Added 1234/1234
2026-09-07 08:03:22,572 [DEBUG] core.argyll_runner: [argyll] 
2026-09-07 08:03:22,575 [DEBUG] core.argyll_runner: [argyll] After seeding points: MinPoint = 2.374, Min = 2.179, Avg. = 8.048, Max = 10.425, 0.1 secs
2026-09-07 08:03:22,576 [DEBUG] core.argyll_runner: [argyll] Re-seeding
2026-09-07 08:03:22,576 [DEBUG] core.argyll_runner: [argyll] It 1: Maxmv = 0.088014, MinPoint = 1.784, Min = 2.179, Avg. = 8.026, Max = 10.959, 0.1 secs.
2026-09-07 08:03:22,576 [DEBUG] core.argyll_runner: [argyll] Re-seeding
2026-09-07 08:03:22,577 [DEBUG] core.argyll_runner: [argyll] It 2: Maxmv = 0.073644, MinPoint = 2.374, Min = 2.179, Avg. = 7.978, Max = 10.791, 0.1 secs.
2026-09-07 08:03:22,577 [DEBUG] core.argyll_runner: [argyll] Re-seeding
2026-09-07 08:03:22,577 [DEBUG] core.argyll_runner: [argyll] It 3: Maxmv = 0.066738, MinPoint = 2.374, Min = 2.179, Avg. = 7.921, Max = 10.313, 0.1 secs.
2026-09-07 08:03:22,577 [DEBUG] core.argyll_runner: [argyll] Re-seeding
2026-09-07 08:03:22,578 [DEBUG] core.argyll_runner: [argyll] It 4: Maxmv = 0.063933, MinPoint = 2.374, Min = 2.179, Avg. = 7.852, Max = 9.949, 0.1 secs.
2026-09-07 08:03:22,578 [DEBUG] core.argyll_runner: [argyll] Re-seeding
2026-09-07 08:03:22,578 [DEBUG] core.argyll_runner: [argyll] It 5: Maxmv = 0.048054, MinPoint = 2.374, Min = 2.179, Avg. = 7.807, Max = 10.085, 0.1 secs.
2026-09-07 08:03:22,578 [DEBUG] core.argyll_runner: [argyll] Re-seeding
2026-09-07 08:03:22,579 [DEBUG] core.argyll_runner: [argyll] It 6: Maxmv = 0.050656, MinPoint = 2.374, Min = 2.179, Avg. = 7.774, Max = 10.195, 0.1 secs.
2026-09-07 08:03:22,579 [DEBUG] core.argyll_runner: [argyll] Re-seeding
2026-09-07 08:03:22,579 [DEBUG] core.argyll_runner: [argyll] It 7: Maxmv = 0.043237, MinPoint = 2.374, Min = 2.179, Avg. = 7.732, Max = 9.702, 0.1 secs.
2026-09-07 08:03:22,579 [DEBUG] core.argyll_runner: [argyll] Re-seeding
2026-09-07 08:03:22,580 [DEBUG] core.argyll_runner: [argyll] It 8: Maxmv = 0.040114, MinPoint = 2.374, Min = 2.179, Avg. = 7.708, Max = 9.894, 0.1 secs.
2026-09-07 08:03:22,580 [DEBUG] core.argyll_runner: [argyll] Re-seeding
2026-09-07 08:03:22,580 [DEBUG] core.argyll_runner: [argyll] It 9: Maxmv = 0.032247, MinPoint = 2.374, Min = 2.179, Avg. = 7.677, Max = 9.492, 0.1 secs.
2026-09-07 08:03:22,580 [DEBUG] core.argyll_runner: [argyll] Re-seeding
2026-09-07 08:03:22,581 [DEBUG] core.argyll_runner: [argyll] It 10: Maxmv = 0.032726, MinPoint = 2.374, Min = 2.179, Avg. = 7.660, Max = 9.502, 0.1 secs.
2026-09-07 08:03:22,581 [DEBUG] core.argyll_runner: [argyll] Re-seeding
2026-09-07 08:03:22,581 [DEBUG] core.argyll_runner: [argyll] It 11: Maxmv = 0.025285, MinPoint = 2.374, Min = 2.179, Avg. = 7.644, Max = 9.363, 0.1 secs.
2026-09-07 08:03:22,581 [DEBUG] core.argyll_runner: [argyll] Re-seeding
2026-09-07 08:03:22,582 [DEBUG] core.argyll_runner: [argyll] It 12: Maxmv = 0.019371, MinPoint = 2.374, Min = 2.179, Avg. = 7.632, Max = 9.388, 0.1 secs.
2026-09-07 08:03:22,582 [DEBUG] core.argyll_runner: [argyll] Re-seeding
2026-09-07 08:03:22,582 [DEBUG] core.argyll_runner: [argyll] It 13: Maxmv = 0.017256, MinPoint = 2.374, Min = 2.179, Avg. = 7.620, Max = 9.135, 0.1 secs.
2026-09-07 08:03:22,582 [DEBUG] core.argyll_runner: [argyll] Re-seeding
2026-09-07 08:03:22,583 [DEBUG] core.argyll_runner: [argyll] It 14: Maxmv = 0.014695, MinPoint = 2.374, Min = 2.179, Avg. = 7.616, Max = 9.171, 0.1 secs.
2026-09-07 08:03:22,583 [DEBUG] core.argyll_runner: [argyll] Re-seeding
2026-09-07 08:03:22,583 [DEBUG] core.argyll_runner: [argyll] It 15: Maxmv = 0.009839, MinPoint = 2.374, Min = 2.179, Avg. = 7.615, Max = 9.109, 0.1 secs.
2026-09-07 08:03:22,583 [DEBUG] core.argyll_runner: [argyll] Re-seeding
2026-09-07 08:03:22,584 [DEBUG] core.argyll_runner: [argyll] It 16: Maxmv = 0.007405, MinPoint = 2.374, Min = 2.179, Avg. = 7.614, Max = 9.016, 0.1 secs.
2026-09-07 08:03:22,584 [DEBUG] core.argyll_runner: [argyll] Re-seeding
2026-09-07 08:03:22,584 [DEBUG] core.argyll_runner: [argyll] It 17: Maxmv = 0.004938, MinPoint = 2.374, Min = 2.179, Avg. = 7.612, Max = 8.988, 0.1 secs.
2026-09-07 08:03:22,584 [DEBUG] core.argyll_runner: [argyll] Re-seeding
2026-09-07 08:03:22,585 [DEBUG] core.argyll_runner: [argyll] It 18: Maxmv = 0.003181, MinPoint = 2.374, Min = 2.179, Avg. = 7.612, Max = 8.963, 0.1 secs.
2026-09-07 08:03:22,585 [DEBUG] core.argyll_runner: [argyll] Re-seeding
2026-09-07 08:03:22,585 [DEBUG] core.argyll_runner: [argyll] It 19: Maxmv = 0.001073, MinPoint = 2.374, Min = 2.179, Avg. = 7.612, Max = 8.952, 0.1 secs.
2026-09-07 08:03:22,585 [DEBUG] core.argyll_runner: [argyll] Re-seeding
2026-09-07 08:03:22,585 [DEBUG] core.argyll_runner: [argyll] It 20: Maxmv = 0.001104, MinPoint = 2.374, Min = 2.179, Avg. = 7.611, Max = 8.940, 0.1 secs.
2026-09-07 08:03:22,586 [DEBUG] core.argyll_runner: [argyll] After optimization: MinPoint = 2.374, Min = 2.179, Avg. = 7.611, Max = 8.940
2026-09-07 08:03:22,586 [DEBUG] core.argyll_runner: [argyll] Total number of patches = 1248
2026-09-07 08:03:22,586 [DEBUG] core.argyll_runner: [argyll] Execution time = 2.698129 seconds
2026-09-07 08:03:22,587 [INFO] core.argyll_runner: ArgyllRunner: finished with code 0
2026-09-07 08:03:22,655 [DEBUG] workflow.chart_creator: Wrote channel sidecar A2-Instruments.channels.json: ['r', 'g', 'b']
2026-09-07 08:03:22,745 [DEBUG] ui.tiff_preview: TiffPreview: loaded 1 page(s)
2026-09-07 08:03:22,745 [INFO] ui.tabs.tab_chart: Preview loaded: 1 TIFF(s)
2026-09-07 08:03:22,770 [DEBUG] ui.tiff_preview: TiffPreview: loaded 1 page(s)
2026-09-07 08:03:22,774 [DEBUG] ui.tiff_preview: TiffPreview: loaded 1 page(s)
2026-09-07 08:03:22,784 [DEBUG] ui.tabs.tab_chart: create-chart settings written for run1 (40 parameters + ui state)
2026-09-07 08:03:24,712 [INFO] assess:   shot Screenshots/A2-instruments/SS-hex-A4R-preview.png  (2232x1146)
2026-09-07 08:03:24,712 [INFO] assess: [SS-hex-A4R] ok=True 6.3s est_before={'total': 1248, 'fillup': 0, 'page_patches': 1248, 'rows': 32, 'cols': 39, 'pages': 1, 'patch': (7.0, 8.08), 'pitch': 6.06} actual={'total': 1248, 'fillup': 0, 'page_patches': 1248, 'rows': 32, 'cols': 39, 'pages': 1, 'patch': (6.94, 8.02), 'pitch': 6.01} status='No instrument margins set for this instrument and paper size.' eng=['[ChromIQ layout engine] Drawing the pages. This part runs in one go and cannot be stopped, so the window will not respond until it is finished.', '[ChromIQ layout engine] 1248 patches (32×39), 1 page, random start 893757738']
2026-09-07 08:03:24,714 [INFO] assess:   json Test Runs/logs/d02_matrix.json
2026-09-07 08:03:24,714 [INFO] assess:   armed: dialog ~'scanner' -> click 'OK' hex heads-up (hex modes only)
2026-09-07 08:03:24,714 [INFO] assess:   armed: dialog ~'quite fill' -> click 'OK' last page hint
2026-09-07 08:03:24,714 [INFO] assess:   armed: dialog ~'already' -> click 'Continue this project' S4.7 on 2nd+ build
2026-09-07 08:03:25,441 [DEBUG] core.settings: settings.set helper_markers_show = False
2026-09-07 08:03:25,441 [DEBUG] core.settings: settings.set helper_marker_edge_mm = 2.0
2026-09-07 08:03:25,441 [DEBUG] core.settings: settings.set helper_marker_len_mm = 2.0
2026-09-07 08:03:25,441 [DEBUG] core.settings: settings.set helper_marker_per_patch = 3
2026-09-07 08:03:25,441 [DEBUG] core.settings: settings.set helper_markers_top_bottom = True
2026-09-07 08:03:25,441 [DEBUG] core.settings: settings.set helper_markers_sides = True
2026-09-07 08:03:26,118 [INFO] ui.tabs.tab_chart: chart build (Generate Chart) in manual: patch set targen | manual panel: A3, 0x0 grid, margins T6.0 R6.0 B6.0 L11.1
2026-09-07 08:03:26,122 [DEBUG] core.settings: settings.set session_ti3_path = ''
2026-09-07 08:03:26,122 [DEBUG] core.settings: settings.set session_icc_path = ''
2026-09-07 08:03:26,122 [DEBUG] core.settings: settings.set session_cal_ti3_path = ''
2026-09-07 08:03:26,124 [DEBUG] core.file_manager: Target name set to: A2-Instruments (root /Users/Basti/ChromIQ-assessment/A2-Instruments)
2026-09-07 08:03:26,125 [INFO] core.file_manager: opened the EXISTING project at /Users/Basti/ChromIQ-assessment/A2-Instruments (1 run(s) on disk)
2026-09-07 08:03:26,157 [INFO] workflow.chart_creator: Chart generation: 2574 patches, instrument=SS paper=A3 disable_lb=True
2026-09-07 08:03:26,157 [INFO] workflow.chart_creator: targen args: ['-v', '-d2', '-f2574', '-e8', '-B8', '-G', '-g128', 'A2-Instruments']
2026-09-07 08:03:26,157 [INFO] core.argyll_runner: Run: /Applications/Argyll/bin/targen -v -d2 -f2574 -e8 -B8 -G -g128 A2-Instruments  [cwd=/Users/Basti/ChromIQ-assessment/A2-Instruments/runs/run1]
2026-09-07 08:03:26,237 [DEBUG] core.argyll_runner: [argyll] iRGB test chart
2026-09-07 08:03:26,237 [DEBUG] core.argyll_runner: [argyll] White patches = 8
2026-09-07 08:03:26,237 [DEBUG] core.argyll_runner: [argyll] Black patches = 8
2026-09-07 08:03:26,238 [DEBUG] core.argyll_runner: [argyll] Composite Grey steps = 128
2026-09-07 08:03:26,238 [DEBUG] core.argyll_runner: [argyll] Full spread patches = 2574
2026-09-07 08:03:26,238 [DEBUG] core.argyll_runner: [argyll] Degree of adaptation: 0.100
2026-09-07 08:03:26,238 [DEBUG] core.argyll_runner: [argyll] Adaptation weights: Device = 0.935, Perceptual = 0.065, Curvature = 0.010
2026-09-07 08:03:26,238 [DEBUG] core.argyll_runner: [argyll] Perceptual cache resolution = 15
2026-09-07 08:03:26,238 [DEBUG] core.argyll_runner: [argyll] Seeding cache...
2026-09-07 08:03:26,270 [DEBUG] core.argyll_runner: [argyll] done
2026-09-07 08:03:26,271 [DEBUG] core.argyll_runner: [argyll] Acceleration grid res = 15
2026-09-07 08:03:26,271 [DEBUG] core.argyll_runner: [argyll] 
2026-09-07 08:03:26,271 [DEBUG] core.argyll_runner: [argyll] There are 128 unique fixed points to add (142 total fixed points)
2026-09-07 08:03:26,271 [DEBUG] core.argyll_runner: [argyll] There are 2432 far spread points to add
2026-09-07 08:03:26,271 [DEBUG] core.argyll_runner: [argyll] 
2026-09-07 08:03:26,271 [DEBUG] core.argyll_runner: [argyll] Added 12/2560
2026-09-07 08:03:26,271 [DEBUG] core.argyll_runner: [argyll] Added 23/2560
2026-09-07 08:03:26,272 [DEBUG] core.argyll_runner: [argyll] Added 34/2560
2026-09-07 08:03:26,272 [DEBUG] core.argyll_runner: [argyll] Added 45/2560
2026-09-07 08:03:26,272 [DEBUG] core.argyll_runner: [argyll] Added 56/2560
2026-09-07 08:03:26,305 [DEBUG] core.argyll_runner: [argyll] 
2026-09-07 08:03:26,305 [DEBUG] core.argyll_runner: [argyll] Added 67/2560
2026-09-07 08:03:26,305 [DEBUG] core.argyll_runner: [argyll] Added 78/2560
2026-09-07 08:03:26,305 [DEBUG] core.argyll_runner: [argyll] Added 89/2560
2026-09-07 08:03:26,305 [DEBUG] core.argyll_runner: [argyll] Added 100/2560
2026-09-07 08:03:26,306 [DEBUG] core.argyll_runner: [argyll] Added 111/2560
2026-09-07 08:03:26,306 [DEBUG] core.argyll_runner: [argyll] Added 122/2560
2026-09-07 08:03:26,307 [DEBUG] core.argyll_runner: [argyll] Added 133/2560
2026-09-07 08:03:26,307 [DEBUG] core.argyll_runner: [argyll] Added 144/2560
2026-09-07 08:03:26,308 [DEBUG] core.argyll_runner: [argyll] Added 155/2560
2026-09-07 08:03:26,309 [DEBUG] core.argyll_runner: [argyll] Added 166/2560
2026-09-07 08:03:26,310 [DEBUG] core.argyll_runner: [argyll] Added 177/2560
2026-09-07 08:03:26,310 [DEBUG] core.argyll_runner: [argyll] Added 188/2560
2026-09-07 08:03:26,311 [DEBUG] core.argyll_runner: [argyll] Added 199/2560
2026-09-07 08:03:26,313 [DEBUG] core.argyll_runner: [argyll] Added 210/2560
2026-09-07 08:03:26,314 [DEBUG] core.argyll_runner: [argyll] Added 221/2560
2026-09-07 08:03:26,315 [DEBUG] core.argyll_runner: [argyll] Added 232/2560
2026-09-07 08:03:26,316 [DEBUG] core.argyll_runner: [argyll] Added 243/2560
2026-09-07 08:03:26,318 [DEBUG] core.argyll_runner: [argyll] Added 254/2560
2026-09-07 08:03:26,319 [DEBUG] core.argyll_runner: [argyll] Added 265/2560
2026-09-07 08:03:26,321 [DEBUG] core.argyll_runner: [argyll] Added 276/2560
2026-09-07 08:03:26,322 [DEBUG] core.argyll_runner: [argyll] Added 287/2560
2026-09-07 08:03:26,324 [DEBUG] core.argyll_runner: [argyll] Added 298/2560
2026-09-07 08:03:26,326 [DEBUG] core.argyll_runner: [argyll] Added 309/2560
2026-09-07 08:03:26,341 [DEBUG] core.argyll_runner: [argyll] 
2026-09-07 08:03:26,342 [DEBUG] core.argyll_runner: [argyll] Added 320/2560
2026-09-07 08:03:26,342 [DEBUG] core.argyll_runner: [argyll] Added 331/2560
2026-09-07 08:03:26,342 [DEBUG] core.argyll_runner: [argyll] Added 342/2560
2026-09-07 08:03:26,342 [DEBUG] core.argyll_runner: [argyll] Added 353/2560
2026-09-07 08:03:26,343 [DEBUG] core.argyll_runner: [argyll] Added 364/2560
2026-09-07 08:03:26,343 [DEBUG] core.argyll_runner: [argyll] Added 375/2560
2026-09-07 08:03:26,344 [DEBUG] core.argyll_runner: [argyll] Added 386/2560
2026-09-07 08:03:26,345 [DEBUG] core.argyll_runner: [argyll] Added 397/2560
2026-09-07 08:03:26,346 [DEBUG] core.argyll_runner: [argyll] Added 408/2560
2026-09-07 08:03:26,347 [DEBUG] core.argyll_runner: [argyll] Added 419/2560
2026-09-07 08:03:26,348 [DEBUG] core.argyll_runner: [argyll] Added 430/2560
2026-09-07 08:03:26,350 [DEBUG] core.argyll_runner: [argyll] Added 441/2560
2026-09-07 08:03:26,351 [DEBUG] core.argyll_runner: [argyll] Added 452/2560
2026-09-07 08:03:26,353 [DEBUG] core.argyll_runner: [argyll] Added 463/2560
2026-09-07 08:03:26,355 [DEBUG] core.argyll_runner: [argyll] Added 474/2560
2026-09-07 08:03:26,356 [DEBUG] core.argyll_runner: [argyll] Added 485/2560
2026-09-07 08:03:26,358 [DEBUG] core.argyll_runner: [argyll] Added 496/2560
2026-09-07 08:03:26,360 [DEBUG] core.argyll_runner: [argyll] Added 507/2560
2026-09-07 08:03:26,363 [DEBUG] core.argyll_runner: [argyll] Added 518/2560
2026-09-07 08:03:26,365 [DEBUG] core.argyll_runner: [argyll] Added 529/2560
2026-09-07 08:03:26,368 [DEBUG] core.argyll_runner: [argyll] Added 540/2560
2026-09-07 08:03:26,370 [DEBUG] core.argyll_runner: [argyll] Added 551/2560
2026-09-07 08:03:26,373 [DEBUG] core.argyll_runner: [argyll] Added 562/2560
2026-09-07 08:03:26,376 [DEBUG] core.argyll_runner: [argyll] Added 573/2560
2026-09-07 08:03:26,379 [DEBUG] core.argyll_runner: [argyll] Added 584/2560
2026-09-07 08:03:26,382 [DEBUG] core.argyll_runner: [argyll] Added 595/2560
2026-09-07 08:03:26,385 [DEBUG] core.argyll_runner: [argyll] Added 606/2560
2026-09-07 08:03:26,389 [DEBUG] core.argyll_runner: [argyll] Added 617/2560
2026-09-07 08:03:26,392 [DEBUG] core.argyll_runner: [argyll] Added 628/2560
2026-09-07 08:03:26,396 [DEBUG] core.argyll_runner: [argyll] Added 639/2560
2026-09-07 08:03:26,400 [DEBUG] core.argyll_runner: [argyll] Added 650/2560
2026-09-07 08:03:26,404 [DEBUG] core.argyll_runner: [argyll] Added 661/2560
2026-09-07 08:03:26,421 [DEBUG] core.argyll_runner: [argyll] 
2026-09-07 08:03:26,423 [DEBUG] core.argyll_runner: [argyll] Added 672/2560
2026-09-07 08:03:26,423 [DEBUG] core.argyll_runner: [argyll] Added 683/2560
2026-09-07 08:03:26,423 [DEBUG] core.argyll_runner: [argyll] Added 694/2560
2026-09-07 08:03:26,423 [DEBUG] core.argyll_runner: [argyll] Added 705/2560
2026-09-07 08:03:26,424 [DEBUG] core.argyll_runner: [argyll] Added 716/2560
2026-09-07 08:03:26,424 [DEBUG] core.argyll_runner: [argyll] Added 727/2560
2026-09-07 08:03:26,425 [DEBUG] core.argyll_runner: [argyll] Added 738/2560
2026-09-07 08:03:26,426 [DEBUG] core.argyll_runner: [argyll] Added 749/2560
2026-09-07 08:03:26,427 [DEBUG] core.argyll_runner: [argyll] Added 760/2560
2026-09-07 08:03:26,428 [DEBUG] core.argyll_runner: [argyll] Added 771/2560
2026-09-07 08:03:26,429 [DEBUG] core.argyll_runner: [argyll] Added 782/2560
2026-09-07 08:03:26,431 [DEBUG] core.argyll_runner: [argyll] Added 793/2560
2026-09-07 08:03:26,432 [DEBUG] core.argyll_runner: [argyll] Added 804/2560
2026-09-07 08:03:26,434 [DEBUG] core.argyll_runner: [argyll] Added 815/2560
2026-09-07 08:03:26,436 [DEBUG] core.argyll_runner: [argyll] Added 826/2560
2026-09-07 08:03:26,438 [DEBUG] core.argyll_runner: [argyll] Added 837/2560
2026-09-07 08:03:26,440 [DEBUG] core.argyll_runner: [argyll] Added 848/2560
2026-09-07 08:03:26,442 [DEBUG] core.argyll_runner: [argyll] Added 859/2560
2026-09-07 08:03:26,444 [DEBUG] core.argyll_runner: [argyll] Added 870/2560
2026-09-07 08:03:26,447 [DEBUG] core.argyll_runner: [argyll] Added 881/2560
2026-09-07 08:03:26,449 [DEBUG] core.argyll_runner: [argyll] Added 892/2560
2026-09-07 08:03:26,452 [DEBUG] core.argyll_runner: [argyll] Added 903/2560
2026-09-07 08:03:26,455 [DEBUG] core.argyll_runner: [argyll] Added 914/2560
2026-09-07 08:03:26,458 [DEBUG] core.argyll_runner: [argyll] Added 925/2560
2026-09-07 08:03:26,461 [DEBUG] core.argyll_runner: [argyll] Added 936/2560
2026-09-07 08:03:26,464 [DEBUG] core.argyll_runner: [argyll] Added 947/2560
2026-09-07 08:03:26,467 [DEBUG] core.argyll_runner: [argyll] Added 958/2560
2026-09-07 08:03:26,471 [DEBUG] core.argyll_runner: [argyll] Added 969/2560
2026-09-07 08:03:26,474 [DEBUG] core.argyll_runner: [argyll] Added 980/2560
2026-09-07 08:03:26,478 [DEBUG] core.argyll_runner: [argyll] Added 991/2560
2026-09-07 08:03:26,482 [DEBUG] core.argyll_runner: [argyll] Added 1002/2560
2026-09-07 08:03:26,486 [DEBUG] core.argyll_runner: [argyll] Added 1013/2560
2026-09-07 08:03:26,491 [DEBUG] core.argyll_runner: [argyll] Added 1024/2560
2026-09-07 08:03:26,495 [DEBUG] core.argyll_runner: [argyll] Added 1035/2560
2026-09-07 08:03:26,499 [DEBUG] core.argyll_runner: [argyll] Added 1046/2560
2026-09-07 08:03:26,504 [DEBUG] core.argyll_runner: [argyll] Added 1057/2560
2026-09-07 08:03:26,509 [DEBUG] core.argyll_runner: [argyll] Added 1068/2560
2026-09-07 08:03:26,514 [DEBUG] core.argyll_runner: [argyll] Added 1079/2560
2026-09-07 08:03:26,519 [DEBUG] core.argyll_runner: [argyll] Added 1090/2560
2026-09-07 08:03:26,524 [DEBUG] core.argyll_runner: [argyll] Added 1101/2560
2026-09-07 08:03:26,529 [DEBUG] core.argyll_runner: [argyll] Added 1112/2560
2026-09-07 08:03:26,535 [DEBUG] core.argyll_runner: [argyll] Added 1123/2560
2026-09-07 08:03:26,540 [DEBUG] core.argyll_runner: [argyll] Added 1134/2560
2026-09-07 08:03:26,546 [DEBUG] core.argyll_runner: [argyll] Added 1145/2560
2026-09-07 08:03:26,552 [DEBUG] core.argyll_runner: [argyll] Added 1156/2560
2026-09-07 08:03:26,558 [DEBUG] core.argyll_runner: [argyll] Added 1167/2560
2026-09-07 08:03:26,564 [DEBUG] core.argyll_runner: [argyll] Added 1178/2560
2026-09-07 08:03:26,571 [DEBUG] core.argyll_runner: [argyll] Added 1189/2560
2026-09-07 08:03:26,577 [DEBUG] core.argyll_runner: [argyll] Added 1200/2560
2026-09-07 08:03:26,584 [DEBUG] core.argyll_runner: [argyll] Added 1211/2560
2026-09-07 08:03:26,590 [DEBUG] core.argyll_runner: [argyll] Added 1222/2560
2026-09-07 08:03:26,597 [DEBUG] core.argyll_runner: [argyll] Added 1233/2560
2026-09-07 08:03:26,604 [DEBUG] core.argyll_runner: [argyll] Added 1244/2560
2026-09-07 08:03:26,611 [DEBUG] core.argyll_runner: [argyll] Added 1255/2560
2026-09-07 08:03:26,618 [DEBUG] core.argyll_runner: [argyll] Added 1266/2560
2026-09-07 08:03:26,625 [DEBUG] core.argyll_runner: [argyll] Added 1277/2560
2026-09-07 08:03:26,633 [DEBUG] core.argyll_runner: [argyll] Added 1288/2560
2026-09-07 08:03:26,640 [DEBUG] core.argyll_runner: [argyll] Added 1299/2560
2026-09-07 08:03:26,648 [DEBUG] core.argyll_runner: [argyll] Added 1310/2560
2026-09-07 08:03:26,656 [DEBUG] core.argyll_runner: [argyll] Added 1321/2560
2026-09-07 08:03:26,664 [DEBUG] core.argyll_runner: [argyll] Added 1332/2560
2026-09-07 08:03:26,672 [DEBUG] core.argyll_runner: [argyll] Added 1343/2560
2026-09-07 08:03:26,680 [DEBUG] core.argyll_runner: [argyll] Added 1354/2560
2026-09-07 08:03:26,688 [DEBUG] core.argyll_runner: [argyll] Added 1365/2560
2026-09-07 08:03:26,697 [DEBUG] core.argyll_runner: [argyll] Added 1376/2560
2026-09-07 08:03:26,706 [DEBUG] core.argyll_runner: [argyll] Added 1387/2560
2026-09-07 08:03:26,715 [DEBUG] core.argyll_runner: [argyll] Added 1398/2560
2026-09-07 08:03:26,724 [DEBUG] core.argyll_runner: [argyll] Added 1409/2560
2026-09-07 08:03:26,733 [DEBUG] core.argyll_runner: [argyll] Added 1420/2560
2026-09-07 08:03:26,742 [DEBUG] core.argyll_runner: [argyll] Added 1431/2560
2026-09-07 08:03:26,751 [DEBUG] core.argyll_runner: [argyll] Added 1442/2560
2026-09-07 08:03:26,760 [DEBUG] core.argyll_runner: [argyll] Added 1453/2560
2026-09-07 08:03:26,770 [DEBUG] core.argyll_runner: [argyll] Added 1464/2560
2026-09-07 08:03:26,779 [DEBUG] core.argyll_runner: [argyll] Added 1475/2560
2026-09-07 08:03:26,789 [DEBUG] core.argyll_runner: [argyll] Added 1486/2560
2026-09-07 08:03:26,799 [DEBUG] core.argyll_runner: [argyll] Added 1497/2560
2026-09-07 08:03:26,810 [DEBUG] core.argyll_runner: [argyll] Added 1508/2560
2026-09-07 08:03:26,820 [DEBUG] core.argyll_runner: [argyll] Added 1519/2560
2026-09-07 08:03:26,830 [DEBUG] core.argyll_runner: [argyll] Added 1530/2560
2026-09-07 08:03:26,855 [DEBUG] core.argyll_runner: [argyll] 
2026-09-07 08:03:26,858 [DEBUG] core.argyll_runner: [argyll] Added 1541/2560
2026-09-07 08:03:26,858 [DEBUG] core.argyll_runner: [argyll] Added 1552/2560
2026-09-07 08:03:26,859 [DEBUG] core.argyll_runner: [argyll] Added 1563/2560
2026-09-07 08:03:26,859 [DEBUG] core.argyll_runner: [argyll] Added 1574/2560
2026-09-07 08:03:26,859 [DEBUG] core.argyll_runner: [argyll] Added 1585/2560
2026-09-07 08:03:26,860 [DEBUG] core.argyll_runner: [argyll] Added 1596/2560
2026-09-07 08:03:26,861 [DEBUG] core.argyll_runner: [argyll] Added 1607/2560
2026-09-07 08:03:26,862 [DEBUG] core.argyll_runner: [argyll] Added 1618/2560
2026-09-07 08:03:26,863 [DEBUG] core.argyll_runner: [argyll] Added 1629/2560
2026-09-07 08:03:26,864 [DEBUG] core.argyll_runner: [argyll] Added 1640/2560
2026-09-07 08:03:26,865 [DEBUG] core.argyll_runner: [argyll] Added 1651/2560
2026-09-07 08:03:26,866 [DEBUG] core.argyll_runner: [argyll] Added 1662/2560
2026-09-07 08:03:26,868 [DEBUG] core.argyll_runner: [argyll] Added 1673/2560
2026-09-07 08:03:26,870 [DEBUG] core.argyll_runner: [argyll] Added 1684/2560
2026-09-07 08:03:26,871 [DEBUG] core.argyll_runner: [argyll] Added 1695/2560
2026-09-07 08:03:26,873 [DEBUG] core.argyll_runner: [argyll] Added 1706/2560
2026-09-07 08:03:26,875 [DEBUG] core.argyll_runner: [argyll] Added 1717/2560
2026-09-07 08:03:26,877 [DEBUG] core.argyll_runner: [argyll] Added 1728/2560
2026-09-07 08:03:26,880 [DEBUG] core.argyll_runner: [argyll] Added 1739/2560
2026-09-07 08:03:26,882 [DEBUG] core.argyll_runner: [argyll] Added 1750/2560
2026-09-07 08:03:26,885 [DEBUG] core.argyll_runner: [argyll] Added 1761/2560
2026-09-07 08:03:26,887 [DEBUG] core.argyll_runner: [argyll] Added 1772/2560
2026-09-07 08:03:26,890 [DEBUG] core.argyll_runner: [argyll] Added 1783/2560
2026-09-07 08:03:26,893 [DEBUG] core.argyll_runner: [argyll] Added 1794/2560
2026-09-07 08:03:26,896 [DEBUG] core.argyll_runner: [argyll] Added 1805/2560
2026-09-07 08:03:26,899 [DEBUG] core.argyll_runner: [argyll] Added 1816/2560
2026-09-07 08:03:26,903 [DEBUG] core.argyll_runner: [argyll] Added 1827/2560
2026-09-07 08:03:26,906 [DEBUG] core.argyll_runner: [argyll] Added 1838/2560
2026-09-07 08:03:26,910 [DEBUG] core.argyll_runner: [argyll] Added 1849/2560
2026-09-07 08:03:26,914 [DEBUG] core.argyll_runner: [argyll] Added 1860/2560
2026-09-07 08:03:26,918 [DEBUG] core.argyll_runner: [argyll] Added 1871/2560
2026-09-07 08:03:26,922 [DEBUG] core.argyll_runner: [argyll] Added 1882/2560
2026-09-07 08:03:26,926 [DEBUG] core.argyll_runner: [argyll] Added 1893/2560
2026-09-07 08:03:26,930 [DEBUG] core.argyll_runner: [argyll] Added 1904/2560
2026-09-07 08:03:26,935 [DEBUG] core.argyll_runner: [argyll] Added 1915/2560
2026-09-07 08:03:26,940 [DEBUG] core.argyll_runner: [argyll] Added 1926/2560
2026-09-07 08:03:26,944 [DEBUG] core.argyll_runner: [argyll] Added 1937/2560
2026-09-07 08:03:26,949 [DEBUG] core.argyll_runner: [argyll] Added 1948/2560
2026-09-07 08:03:26,955 [DEBUG] core.argyll_runner: [argyll] Added 1959/2560
2026-09-07 08:03:26,960 [DEBUG] core.argyll_runner: [argyll] Added 1970/2560
2026-09-07 08:03:26,966 [DEBUG] core.argyll_runner: [argyll] Added 1981/2560
2026-09-07 08:03:26,971 [DEBUG] core.argyll_runner: [argyll] Added 1992/2560
2026-09-07 08:03:26,977 [DEBUG] core.argyll_runner: [argyll] Added 2003/2560
2026-09-07 08:03:26,983 [DEBUG] core.argyll_runner: [argyll] Added 2014/2560
2026-09-07 08:03:26,989 [DEBUG] core.argyll_runner: [argyll] Added 2025/2560
2026-09-07 08:03:26,995 [DEBUG] core.argyll_runner: [argyll] Added 2036/2560
2026-09-07 08:03:27,001 [DEBUG] core.argyll_runner: [argyll] Added 2047/2560
2026-09-07 08:03:27,007 [DEBUG] core.argyll_runner: [argyll] Added 2058/2560
2026-09-07 08:03:27,014 [DEBUG] core.argyll_runner: [argyll] Added 2069/2560
2026-09-07 08:03:27,020 [DEBUG] core.argyll_runner: [argyll] Added 2080/2560
2026-09-07 08:03:27,027 [DEBUG] core.argyll_runner: [argyll] Added 2091/2560
2026-09-07 08:03:27,034 [DEBUG] core.argyll_runner: [argyll] Added 2102/2560
2026-09-07 08:03:27,041 [DEBUG] core.argyll_runner: [argyll] Added 2113/2560
2026-09-07 08:03:27,048 [DEBUG] core.argyll_runner: [argyll] Added 2124/2560
2026-09-07 08:03:27,055 [DEBUG] core.argyll_runner: [argyll] Added 2135/2560
2026-09-07 08:03:27,063 [DEBUG] core.argyll_runner: [argyll] Added 2146/2560
2026-09-07 08:03:27,071 [DEBUG] core.argyll_runner: [argyll] Added 2157/2560
2026-09-07 08:03:27,078 [DEBUG] core.argyll_runner: [argyll] Added 2168/2560
2026-09-07 08:03:27,086 [DEBUG] core.argyll_runner: [argyll] Added 2179/2560
2026-09-07 08:03:27,094 [DEBUG] core.argyll_runner: [argyll] Added 2190/2560
2026-09-07 08:03:27,103 [DEBUG] core.argyll_runner: [argyll] Added 2201/2560
2026-09-07 08:03:27,111 [DEBUG] core.argyll_runner: [argyll] Added 2212/2560
2026-09-07 08:03:27,119 [DEBUG] core.argyll_runner: [argyll] Added 2223/2560
2026-09-07 08:03:27,128 [DEBUG] core.argyll_runner: [argyll] Added 2234/2560
2026-09-07 08:03:27,136 [DEBUG] core.argyll_runner: [argyll] Added 2245/2560
2026-09-07 08:03:27,145 [DEBUG] core.argyll_runner: [argyll] Added 2256/2560
2026-09-07 08:03:27,154 [DEBUG] core.argyll_runner: [argyll] Added 2267/2560
2026-09-07 08:03:27,163 [DEBUG] core.argyll_runner: [argyll] Added 2278/2560
2026-09-07 08:03:27,172 [DEBUG] core.argyll_runner: [argyll] Added 2289/2560
2026-09-07 08:03:27,182 [DEBUG] core.argyll_runner: [argyll] Added 2300/2560
2026-09-07 08:03:27,191 [DEBUG] core.argyll_runner: [argyll] Added 2311/2560
2026-09-07 08:03:27,200 [DEBUG] core.argyll_runner: [argyll] Added 2322/2560
2026-09-07 08:03:27,210 [DEBUG] core.argyll_runner: [argyll] Added 2333/2560
2026-09-07 08:03:27,220 [DEBUG] core.argyll_runner: [argyll] Added 2344/2560
2026-09-07 08:03:27,230 [DEBUG] core.argyll_runner: [argyll] Added 2355/2560
2026-09-07 08:03:27,240 [DEBUG] core.argyll_runner: [argyll] Added 2366/2560
2026-09-07 08:03:27,250 [DEBUG] core.argyll_runner: [argyll] Added 2377/2560
2026-09-07 08:03:27,261 [DEBUG] core.argyll_runner: [argyll] Added 2388/2560
2026-09-07 08:03:27,271 [DEBUG] core.argyll_runner: [argyll] Added 2399/2560
2026-09-07 08:03:27,282 [DEBUG] core.argyll_runner: [argyll] Added 2410/2560
2026-09-07 08:03:27,292 [DEBUG] core.argyll_runner: [argyll] Added 2421/2560
2026-09-07 08:03:27,303 [DEBUG] core.argyll_runner: [argyll] Added 2432/2560
2026-09-07 08:03:27,314 [DEBUG] core.argyll_runner: [argyll] Added 2443/2560
2026-09-07 08:03:27,325 [DEBUG] core.argyll_runner: [argyll] Added 2454/2560
2026-09-07 08:03:27,336 [DEBUG] core.argyll_runner: [argyll] Added 2465/2560
2026-09-07 08:03:27,348 [DEBUG] core.argyll_runner: [argyll] Added 2476/2560
2026-09-07 08:03:27,359 [DEBUG] core.argyll_runner: [argyll] Added 2487/2560
2026-09-07 08:03:27,371 [DEBUG] core.argyll_runner: [argyll] Added 2498/2560
2026-09-07 08:03:27,383 [DEBUG] core.argyll_runner: [argyll] Added 2509/2560
2026-09-07 08:03:27,394 [DEBUG] core.argyll_runner: [argyll] Added 2520/2560
2026-09-07 08:03:27,407 [DEBUG] core.argyll_runner: [argyll] Added 2531/2560
2026-09-07 08:03:27,419 [DEBUG] core.argyll_runner: [argyll] Added 2542/2560
2026-09-07 08:03:27,431 [DEBUG] core.argyll_runner: [argyll] Added 2553/2560
2026-09-07 08:03:27,443 [DEBUG] core.argyll_runner: [argyll] Added 2560/2560
2026-09-07 08:03:32,216 [DEBUG] core.argyll_runner: [argyll] 
2026-09-07 08:03:32,220 [DEBUG] core.argyll_runner: [argyll] After seeding points: MinPoint = 1.149, Min = 1.200, Avg. = 6.234, Max = 8.005, 0.3 secs
2026-09-07 08:03:32,220 [DEBUG] core.argyll_runner: [argyll] Re-seeding
2026-09-07 08:03:32,220 [DEBUG] core.argyll_runner: [argyll] It 1: Maxmv = 0.052677, MinPoint = 1.308, Min = 1.200, Avg. = 6.197, Max = 8.469, 0.3 secs.
2026-09-07 08:03:32,221 [DEBUG] core.argyll_runner: [argyll] Re-seeding
2026-09-07 08:03:32,221 [DEBUG] core.argyll_runner: [argyll] It 2: Maxmv = 0.054636, MinPoint = 1.308, Min = 1.200, Avg. = 6.159, Max = 8.661, 0.3 secs.
2026-09-07 08:03:32,221 [DEBUG] core.argyll_runner: [argyll] Re-seeding
2026-09-07 08:03:32,221 [DEBUG] core.argyll_runner: [argyll] It 3: Maxmv = 0.047506, MinPoint = 1.308, Min = 1.200, Avg. = 6.115, Max = 8.180, 0.3 secs.
2026-09-07 08:03:32,222 [DEBUG] core.argyll_runner: [argyll] Re-seeding
2026-09-07 08:03:32,222 [DEBUG] core.argyll_runner: [argyll] It 4: Maxmv = 0.047513, MinPoint = 1.308, Min = 1.200, Avg. = 6.076, Max = 8.013, 0.3 secs.
2026-09-07 08:03:32,222 [DEBUG] core.argyll_runner: [argyll] Re-seeding
2026-09-07 08:03:32,222 [DEBUG] core.argyll_runner: [argyll] It 5: Maxmv = 0.046083, MinPoint = 1.308, Min = 1.200, Avg. = 6.045, Max = 8.169, 0.3 secs.
2026-09-07 08:03:32,222 [DEBUG] core.argyll_runner: [argyll] Re-seeding
2026-09-07 08:03:32,223 [DEBUG] core.argyll_runner: [argyll] It 6: Maxmv = 0.036554, MinPoint = 1.308, Min = 1.200, Avg. = 6.006, Max = 7.605, 0.3 secs.
2026-09-07 08:03:32,223 [DEBUG] core.argyll_runner: [argyll] Re-seeding
2026-09-07 08:03:32,223 [DEBUG] core.argyll_runner: [argyll] It 7: Maxmv = 0.032223, MinPoint = 1.308, Min = 1.200, Avg. = 5.984, Max = 7.757, 0.3 secs.
2026-09-07 08:03:32,223 [DEBUG] core.argyll_runner: [argyll] Re-seeding
2026-09-07 08:03:32,224 [DEBUG] core.argyll_runner: [argyll] It 8: Maxmv = 0.026434, MinPoint = 1.308, Min = 1.200, Avg. = 5.956, Max = 7.426, 0.3 secs.
2026-09-07 08:03:32,224 [DEBUG] core.argyll_runner: [argyll] Re-seeding
2026-09-07 08:03:32,224 [DEBUG] core.argyll_runner: [argyll] It 9: Maxmv = 0.024450, MinPoint = 1.308, Min = 1.200, Avg. = 5.940, Max = 7.259, 0.3 secs.
2026-09-07 08:03:32,224 [DEBUG] core.argyll_runner: [argyll] Re-seeding
2026-09-07 08:03:32,224 [DEBUG] core.argyll_runner: [argyll] It 10: Maxmv = 0.018584, MinPoint = 1.308, Min = 1.200, Avg. = 5.926, Max = 7.376, 0.3 secs.
2026-09-07 08:03:32,225 [DEBUG] core.argyll_runner: [argyll] Re-seeding
2026-09-07 08:03:32,225 [DEBUG] core.argyll_runner: [argyll] It 11: Maxmv = 0.017117, MinPoint = 1.308, Min = 1.200, Avg. = 5.909, Max = 7.186, 0.3 secs.
2026-09-07 08:03:32,225 [DEBUG] core.argyll_runner: [argyll] Re-seeding
2026-09-07 08:03:32,225 [DEBUG] core.argyll_runner: [argyll] It 12: Maxmv = 0.018783, MinPoint = 1.308, Min = 1.200, Avg. = 5.900, Max = 7.110, 0.3 secs.
2026-09-07 08:03:32,226 [DEBUG] core.argyll_runner: [argyll] Re-seeding
2026-09-07 08:03:32,226 [DEBUG] core.argyll_runner: [argyll] It 13: Maxmv = 0.014961, MinPoint = 1.308, Min = 1.200, Avg. = 5.893, Max = 7.046, 0.3 secs.
2026-09-07 08:03:32,226 [DEBUG] core.argyll_runner: [argyll] Re-seeding
2026-09-07 08:03:32,226 [DEBUG] core.argyll_runner: [argyll] It 14: Maxmv = 0.012241, MinPoint = 1.308, Min = 1.200, Avg. = 5.887, Max = 6.992, 0.3 secs.
2026-09-07 08:03:32,227 [DEBUG] core.argyll_runner: [argyll] Re-seeding
2026-09-07 08:03:32,227 [DEBUG] core.argyll_runner: [argyll] It 15: Maxmv = 0.008178, MinPoint = 1.308, Min = 1.200, Avg. = 5.883, Max = 7.007, 0.3 secs.
2026-09-07 08:03:32,227 [DEBUG] core.argyll_runner: [argyll] Re-seeding
2026-09-07 08:03:32,227 [DEBUG] core.argyll_runner: [argyll] It 16: Maxmv = 0.006419, MinPoint = 1.308, Min = 1.200, Avg. = 5.880, Max = 6.960, 0.3 secs.
2026-09-07 08:03:32,228 [DEBUG] core.argyll_runner: [argyll] Re-seeding
2026-09-07 08:03:32,228 [DEBUG] core.argyll_runner: [argyll] It 17: Maxmv = 0.003933, MinPoint = 1.308, Min = 1.200, Avg. = 5.879, Max = 6.821, 0.3 secs.
2026-09-07 08:03:32,228 [DEBUG] core.argyll_runner: [argyll] Re-seeding
2026-09-07 08:03:32,228 [DEBUG] core.argyll_runner: [argyll] It 18: Maxmv = 0.002281, MinPoint = 1.308, Min = 1.200, Avg. = 5.879, Max = 6.845, 0.3 secs.
2026-09-07 08:03:32,229 [DEBUG] core.argyll_runner: [argyll] Re-seeding
2026-09-07 08:03:32,229 [DEBUG] core.argyll_runner: [argyll] It 19: Maxmv = 0.000982, MinPoint = 1.308, Min = 1.200, Avg. = 5.879, Max = 6.832, 0.3 secs.
2026-09-07 08:03:32,229 [DEBUG] core.argyll_runner: [argyll] Re-seeding
2026-09-07 08:03:32,229 [DEBUG] core.argyll_runner: [argyll] It 20: Maxmv = 0.000930, MinPoint = 1.308, Min = 1.200, Avg. = 5.879, Max = 6.835, 0.3 secs.
2026-09-07 08:03:32,230 [DEBUG] core.argyll_runner: [argyll] After optimization: MinPoint = 1.308, Min = 1.200, Avg. = 5.879, Max = 6.835
2026-09-07 08:03:32,230 [DEBUG] core.argyll_runner: [argyll] Total number of patches = 2574
2026-09-07 08:03:32,230 [DEBUG] core.argyll_runner: [argyll] Execution time = 5.996329 seconds
2026-09-07 08:03:32,243 [INFO] core.argyll_runner: ArgyllRunner: finished with code 0
2026-09-07 08:03:32,374 [DEBUG] workflow.chart_creator: Wrote channel sidecar A2-Instruments.channels.json: ['r', 'g', 'b']
2026-09-07 08:03:32,549 [DEBUG] ui.tiff_preview: TiffPreview: loaded 1 page(s)
2026-09-07 08:03:32,549 [INFO] ui.tabs.tab_chart: Preview loaded: 1 TIFF(s)
2026-09-07 08:03:32,591 [DEBUG] ui.tiff_preview: TiffPreview: loaded 1 page(s)
2026-09-07 08:03:32,597 [DEBUG] ui.tiff_preview: TiffPreview: loaded 1 page(s)
2026-09-07 08:03:32,613 [DEBUG] ui.tabs.tab_chart: create-chart settings written for run1 (40 parameters + ui state)
2026-09-07 08:03:35,513 [INFO] assess:   shot Screenshots/A2-instruments/SS-hex-A3-preview.png  (2232x1146)
2026-09-07 08:03:35,513 [INFO] assess: [SS-hex-A3] ok=True 10.8s est_before={'total': 2574, 'fillup': 0, 'page_patches': 2574, 'rows': 66, 'cols': 39, 'pages': 1, 'patch': (7.0, 8.08), 'pitch': 6.06} actual={'total': 2574, 'fillup': 0, 'page_patches': 2574, 'rows': 66, 'cols': 39, 'pages': 1, 'patch': (6.94, 8.13), 'pitch': 6.1} status='No instrument margins set for this instrument and paper size.' eng=['[ChromIQ layout engine] Drawing the pages. This part runs in one go and cannot be stopped, so the window will not respond until it is finished.', '[ChromIQ layout engine] 2574 patches (66×39), 1 page, random start 943192094']
2026-09-07 08:03:35,514 [INFO] assess:   json Test Runs/logs/d02_matrix.json
2026-09-07 08:03:35,514 [INFO] assess:   armed: dialog ~'scanner' -> click 'OK' hex heads-up (hex modes only)
2026-09-07 08:03:35,514 [INFO] assess:   armed: dialog ~'quite fill' -> click 'OK' last page hint
2026-09-07 08:03:35,514 [INFO] assess:   armed: dialog ~'already' -> click 'Continue this project' S4.7 on 2nd+ build
2026-09-07 08:03:36,234 [DEBUG] core.settings: settings.set helper_markers_show = False
2026-09-07 08:03:36,234 [DEBUG] core.settings: settings.set helper_marker_edge_mm = 2.0
2026-09-07 08:03:36,234 [DEBUG] core.settings: settings.set helper_marker_len_mm = 2.0
2026-09-07 08:03:36,234 [DEBUG] core.settings: settings.set helper_marker_per_patch = 3
2026-09-07 08:03:36,234 [DEBUG] core.settings: settings.set helper_markers_top_bottom = True
2026-09-07 08:03:36,234 [DEBUG] core.settings: settings.set helper_markers_sides = True
2026-09-07 08:03:36,909 [INFO] ui.tabs.tab_chart: chart build (Generate Chart) in manual: patch set targen | manual panel: 420x297, 0x0 grid, margins T6.0 R6.0 B6.0 L11.1
2026-09-07 08:03:36,913 [DEBUG] core.settings: settings.set session_ti3_path = ''
2026-09-07 08:03:36,913 [DEBUG] core.settings: settings.set session_icc_path = ''
2026-09-07 08:03:36,913 [DEBUG] core.settings: settings.set session_cal_ti3_path = ''
2026-09-07 08:03:36,915 [DEBUG] core.file_manager: Target name set to: A2-Instruments (root /Users/Basti/ChromIQ-assessment/A2-Instruments)
2026-09-07 08:03:36,916 [INFO] core.file_manager: opened the EXISTING project at /Users/Basti/ChromIQ-assessment/A2-Instruments (1 run(s) on disk)
2026-09-07 08:03:36,946 [INFO] workflow.chart_creator: Chart generation: 2622 patches, instrument=SS paper=420x297 disable_lb=True
2026-09-07 08:03:36,946 [INFO] workflow.chart_creator: targen args: ['-v', '-d2', '-f2622', '-e8', '-B8', '-G', '-g128', 'A2-Instruments']
2026-09-07 08:03:36,946 [INFO] core.argyll_runner: Run: /Applications/Argyll/bin/targen -v -d2 -f2622 -e8 -B8 -G -g128 A2-Instruments  [cwd=/Users/Basti/ChromIQ-assessment/A2-Instruments/runs/run1]
2026-09-07 08:03:37,023 [DEBUG] core.argyll_runner: [argyll] iRGB test chart
2026-09-07 08:03:37,023 [DEBUG] core.argyll_runner: [argyll] White patches = 8
2026-09-07 08:03:37,023 [DEBUG] core.argyll_runner: [argyll] Black patches = 8
2026-09-07 08:03:37,023 [DEBUG] core.argyll_runner: [argyll] Composite Grey steps = 128
2026-09-07 08:03:37,023 [DEBUG] core.argyll_runner: [argyll] Full spread patches = 2622
2026-09-07 08:03:37,024 [DEBUG] core.argyll_runner: [argyll] Degree of adaptation: 0.100
2026-09-07 08:03:37,024 [DEBUG] core.argyll_runner: [argyll] Adaptation weights: Device = 0.935, Perceptual = 0.065, Curvature = 0.010
2026-09-07 08:03:37,024 [DEBUG] core.argyll_runner: [argyll] Perceptual cache resolution = 15
2026-09-07 08:03:37,024 [DEBUG] core.argyll_runner: [argyll] Seeding cache...
2026-09-07 08:03:37,056 [DEBUG] core.argyll_runner: [argyll] done
2026-09-07 08:03:37,056 [DEBUG] core.argyll_runner: [argyll] Acceleration grid res = 15
2026-09-07 08:03:37,056 [DEBUG] core.argyll_runner: [argyll] 
2026-09-07 08:03:37,056 [DEBUG] core.argyll_runner: [argyll] There are 128 unique fixed points to add (142 total fixed points)
2026-09-07 08:03:37,056 [DEBUG] core.argyll_runner: [argyll] There are 2480 far spread points to add
2026-09-07 08:03:37,057 [DEBUG] core.argyll_runner: [argyll] 
2026-09-07 08:03:37,057 [DEBUG] core.argyll_runner: [argyll] Added 12/2608
2026-09-07 08:03:37,057 [DEBUG] core.argyll_runner: [argyll] Added 23/2608
2026-09-07 08:03:37,057 [DEBUG] core.argyll_runner: [argyll] Added 34/2608
2026-09-07 08:03:37,089 [DEBUG] core.argyll_runner: [argyll] 
2026-09-07 08:03:37,089 [DEBUG] core.argyll_runner: [argyll] Added 45/2608
2026-09-07 08:03:37,089 [DEBUG] core.argyll_runner: [argyll] Added 56/2608
2026-09-07 08:03:37,089 [DEBUG] core.argyll_runner: [argyll] Added 67/2608
2026-09-07 08:03:37,089 [DEBUG] core.argyll_runner: [argyll] Added 78/2608
2026-09-07 08:03:37,090 [DEBUG] core.argyll_runner: [argyll] Added 89/2608
2026-09-07 08:03:37,090 [DEBUG] core.argyll_runner: [argyll] Added 100/2608
2026-09-07 08:03:37,091 [DEBUG] core.argyll_runner: [argyll] Added 111/2608
2026-09-07 08:03:37,091 [DEBUG] core.argyll_runner: [argyll] Added 122/2608
2026-09-07 08:03:37,092 [DEBUG] core.argyll_runner: [argyll] Added 133/2608
2026-09-07 08:03:37,093 [DEBUG] core.argyll_runner: [argyll] Added 144/2608
2026-09-07 08:03:37,093 [DEBUG] core.argyll_runner: [argyll] Added 155/2608
2026-09-07 08:03:37,094 [DEBUG] core.argyll_runner: [argyll] Added 166/2608
2026-09-07 08:03:37,095 [DEBUG] core.argyll_runner: [argyll] Added 177/2608
2026-09-07 08:03:37,096 [DEBUG] core.argyll_runner: [argyll] Added 188/2608
2026-09-07 08:03:37,098 [DEBUG] core.argyll_runner: [argyll] Added 199/2608
2026-09-07 08:03:37,099 [DEBUG] core.argyll_runner: [argyll] Added 210/2608
2026-09-07 08:03:37,100 [DEBUG] core.argyll_runner: [argyll] Added 221/2608
2026-09-07 08:03:37,102 [DEBUG] core.argyll_runner: [argyll] Added 232/2608
2026-09-07 08:03:37,103 [DEBUG] core.argyll_runner: [argyll] Added 243/2608
2026-09-07 08:03:37,105 [DEBUG] core.argyll_runner: [argyll] Added 254/2608
2026-09-07 08:03:37,106 [DEBUG] core.argyll_runner: [argyll] Added 265/2608
2026-09-07 08:03:37,108 [DEBUG] core.argyll_runner: [argyll] Added 276/2608
2026-09-07 08:03:37,123 [DEBUG] core.argyll_runner: [argyll] 
2026-09-07 08:03:37,124 [DEBUG] core.argyll_runner: [argyll] Added 287/2608
2026-09-07 08:03:37,124 [DEBUG] core.argyll_runner: [argyll] Added 298/2608
2026-09-07 08:03:37,124 [DEBUG] core.argyll_runner: [argyll] Added 309/2608
2026-09-07 08:03:37,124 [DEBUG] core.argyll_runner: [argyll] Added 320/2608
2026-09-07 08:03:37,125 [DEBUG] core.argyll_runner: [argyll] Added 331/2608
2026-09-07 08:03:37,125 [DEBUG] core.argyll_runner: [argyll] Added 342/2608
2026-09-07 08:03:37,126 [DEBUG] core.argyll_runner: [argyll] Added 353/2608
2026-09-07 08:03:37,127 [DEBUG] core.argyll_runner: [argyll] Added 364/2608
2026-09-07 08:03:37,128 [DEBUG] core.argyll_runner: [argyll] Added 375/2608
2026-09-07 08:03:37,129 [DEBUG] core.argyll_runner: [argyll] Added 386/2608
2026-09-07 08:03:37,130 [DEBUG] core.argyll_runner: [argyll] Added 397/2608
2026-09-07 08:03:37,132 [DEBUG] core.argyll_runner: [argyll] Added 408/2608
2026-09-07 08:03:37,133 [DEBUG] core.argyll_runner: [argyll] Added 419/2608
2026-09-07 08:03:37,135 [DEBUG] core.argyll_runner: [argyll] Added 430/2608
2026-09-07 08:03:37,137 [DEBUG] core.argyll_runner: [argyll] Added 441/2608
2026-09-07 08:03:37,139 [DEBUG] core.argyll_runner: [argyll] Added 452/2608
2026-09-07 08:03:37,141 [DEBUG] core.argyll_runner: [argyll] Added 463/2608
2026-09-07 08:03:37,143 [DEBUG] core.argyll_runner: [argyll] Added 474/2608
2026-09-07 08:03:37,145 [DEBUG] core.argyll_runner: [argyll] Added 485/2608
2026-09-07 08:03:37,148 [DEBUG] core.argyll_runner: [argyll] Added 496/2608
2026-09-07 08:03:37,150 [DEBUG] core.argyll_runner: [argyll] Added 507/2608
2026-09-07 08:03:37,153 [DEBUG] core.argyll_runner: [argyll] Added 518/2608
2026-09-07 08:03:37,156 [DEBUG] core.argyll_runner: [argyll] Added 529/2608
2026-09-07 08:03:37,159 [DEBUG] core.argyll_runner: [argyll] Added 540/2608
2026-09-07 08:03:37,162 [DEBUG] core.argyll_runner: [argyll] Added 551/2608
2026-09-07 08:03:37,165 [DEBUG] core.argyll_runner: [argyll] Added 562/2608
2026-09-07 08:03:37,168 [DEBUG] core.argyll_runner: [argyll] Added 573/2608
2026-09-07 08:03:37,185 [DEBUG] core.argyll_runner: [argyll] 
2026-09-07 08:03:37,186 [DEBUG] core.argyll_runner: [argyll] Added 584/2608
2026-09-07 08:03:37,186 [DEBUG] core.argyll_runner: [argyll] Added 595/2608
2026-09-07 08:03:37,186 [DEBUG] core.argyll_runner: [argyll] Added 606/2608
2026-09-07 08:03:37,186 [DEBUG] core.argyll_runner: [argyll] Added 617/2608
2026-09-07 08:03:37,187 [DEBUG] core.argyll_runner: [argyll] Added 628/2608
2026-09-07 08:03:37,187 [DEBUG] core.argyll_runner: [argyll] Added 639/2608
2026-09-07 08:03:37,188 [DEBUG] core.argyll_runner: [argyll] Added 650/2608
2026-09-07 08:03:37,189 [DEBUG] core.argyll_runner: [argyll] Added 661/2608
2026-09-07 08:03:37,190 [DEBUG] core.argyll_runner: [argyll] Added 672/2608
2026-09-07 08:03:37,191 [DEBUG] core.argyll_runner: [argyll] Added 683/2608
2026-09-07 08:03:37,193 [DEBUG] core.argyll_runner: [argyll] Added 694/2608
2026-09-07 08:03:37,194 [DEBUG] core.argyll_runner: [argyll] Added 705/2608
2026-09-07 08:03:37,195 [DEBUG] core.argyll_runner: [argyll] Added 716/2608
2026-09-07 08:03:37,197 [DEBUG] core.argyll_runner: [argyll] Added 727/2608
2026-09-07 08:03:37,199 [DEBUG] core.argyll_runner: [argyll] Added 738/2608
2026-09-07 08:03:37,201 [DEBUG] core.argyll_runner: [argyll] Added 749/2608
2026-09-07 08:03:37,203 [DEBUG] core.argyll_runner: [argyll] Added 760/2608
2026-09-07 08:03:37,205 [DEBUG] core.argyll_runner: [argyll] Added 771/2608
2026-09-07 08:03:37,207 [DEBUG] core.argyll_runner: [argyll] Added 782/2608
2026-09-07 08:03:37,210 [DEBUG] core.argyll_runner: [argyll] Added 793/2608
2026-09-07 08:03:37,212 [DEBUG] core.argyll_runner: [argyll] Added 804/2608
2026-09-07 08:03:37,215 [DEBUG] core.argyll_runner: [argyll] Added 815/2608
2026-09-07 08:03:37,218 [DEBUG] core.argyll_runner: [argyll] Added 826/2608
2026-09-07 08:03:37,221 [DEBUG] core.argyll_runner: [argyll] Added 837/2608
2026-09-07 08:03:37,224 [DEBUG] core.argyll_runner: [argyll] Added 848/2608
2026-09-07 08:03:37,227 [DEBUG] core.argyll_runner: [argyll] Added 859/2608
2026-09-07 08:03:37,231 [DEBUG] core.argyll_runner: [argyll] Added 870/2608
2026-09-07 08:03:37,234 [DEBUG] core.argyll_runner: [argyll] Added 881/2608
2026-09-07 08:03:37,238 [DEBUG] core.argyll_runner: [argyll] Added 892/2608
2026-09-07 08:03:37,242 [DEBUG] core.argyll_runner: [argyll] Added 903/2608
2026-09-07 08:03:37,246 [DEBUG] core.argyll_runner: [argyll] Added 914/2608
2026-09-07 08:03:37,250 [DEBUG] core.argyll_runner: [argyll] Added 925/2608
2026-09-07 08:03:37,254 [DEBUG] core.argyll_runner: [argyll] Added 936/2608
2026-09-07 08:03:37,258 [DEBUG] core.argyll_runner: [argyll] Added 947/2608
2026-09-07 08:03:37,263 [DEBUG] core.argyll_runner: [argyll] Added 958/2608
2026-09-07 08:03:37,267 [DEBUG] core.argyll_runner: [argyll] Added 969/2608
2026-09-07 08:03:37,272 [DEBUG] core.argyll_runner: [argyll] Added 980/2608
2026-09-07 08:03:37,277 [DEBUG] core.argyll_runner: [argyll] Added 991/2608
2026-09-07 08:03:37,282 [DEBUG] core.argyll_runner: [argyll] Added 1002/2608
2026-09-07 08:03:37,287 [DEBUG] core.argyll_runner: [argyll] Added 1013/2608
2026-09-07 08:03:37,293 [DEBUG] core.argyll_runner: [argyll] Added 1024/2608
2026-09-07 08:03:37,298 [DEBUG] core.argyll_runner: [argyll] Added 1035/2608
2026-09-07 08:03:37,304 [DEBUG] core.argyll_runner: [argyll] Added 1046/2608
2026-09-07 08:03:37,309 [DEBUG] core.argyll_runner: [argyll] Added 1057/2608
2026-09-07 08:03:37,315 [DEBUG] core.argyll_runner: [argyll] Added 1068/2608
2026-09-07 08:03:37,321 [DEBUG] core.argyll_runner: [argyll] Added 1079/2608
2026-09-07 08:03:37,328 [DEBUG] core.argyll_runner: [argyll] Added 1090/2608
2026-09-07 08:03:37,334 [DEBUG] core.argyll_runner: [argyll] Added 1101/2608
2026-09-07 08:03:37,341 [DEBUG] core.argyll_runner: [argyll] Added 1112/2608
2026-09-07 08:03:37,347 [DEBUG] core.argyll_runner: [argyll] Added 1123/2608
2026-09-07 08:03:37,354 [DEBUG] core.argyll_runner: [argyll] Added 1134/2608
2026-09-07 08:03:37,361 [DEBUG] core.argyll_runner: [argyll] Added 1145/2608
2026-09-07 08:03:37,368 [DEBUG] core.argyll_runner: [argyll] Added 1156/2608
2026-09-07 08:03:37,375 [DEBUG] core.argyll_runner: [argyll] Added 1167/2608
2026-09-07 08:03:37,382 [DEBUG] core.argyll_runner: [argyll] Added 1178/2608
2026-09-07 08:03:37,390 [DEBUG] core.argyll_runner: [argyll] Added 1189/2608
2026-09-07 08:03:37,397 [DEBUG] core.argyll_runner: [argyll] Added 1200/2608
2026-09-07 08:03:37,405 [DEBUG] core.argyll_runner: [argyll] Added 1211/2608
2026-09-07 08:03:37,413 [DEBUG] core.argyll_runner: [argyll] Added 1222/2608
2026-09-07 08:03:37,421 [DEBUG] core.argyll_runner: [argyll] Added 1233/2608
2026-09-07 08:03:37,443 [DEBUG] core.argyll_runner: [argyll] 
2026-09-07 08:03:37,445 [DEBUG] core.argyll_runner: [argyll] Added 1244/2608
2026-09-07 08:03:37,445 [DEBUG] core.argyll_runner: [argyll] Added 1255/2608
2026-09-07 08:03:37,446 [DEBUG] core.argyll_runner: [argyll] Added 1266/2608
2026-09-07 08:03:37,446 [DEBUG] core.argyll_runner: [argyll] Added 1277/2608
2026-09-07 08:03:37,447 [DEBUG] core.argyll_runner: [argyll] Added 1288/2608
2026-09-07 08:03:37,447 [DEBUG] core.argyll_runner: [argyll] Added 1299/2608
2026-09-07 08:03:37,448 [DEBUG] core.argyll_runner: [argyll] Added 1310/2608
2026-09-07 08:03:37,449 [DEBUG] core.argyll_runner: [argyll] Added 1321/2608
2026-09-07 08:03:37,450 [DEBUG] core.argyll_runner: [argyll] Added 1332/2608
2026-09-07 08:03:37,451 [DEBUG] core.argyll_runner: [argyll] Added 1343/2608
2026-09-07 08:03:37,453 [DEBUG] core.argyll_runner: [argyll] Added 1354/2608
2026-09-07 08:03:37,454 [DEBUG] core.argyll_runner: [argyll] Added 1365/2608
2026-09-07 08:03:37,455 [DEBUG] core.argyll_runner: [argyll] Added 1376/2608
2026-09-07 08:03:37,457 [DEBUG] core.argyll_runner: [argyll] Added 1387/2608
2026-09-07 08:03:37,459 [DEBUG] core.argyll_runner: [argyll] Added 1398/2608
2026-09-07 08:03:37,461 [DEBUG] core.argyll_runner: [argyll] Added 1409/2608
2026-09-07 08:03:37,463 [DEBUG] core.argyll_runner: [argyll] Added 1420/2608
2026-09-07 08:03:37,465 [DEBUG] core.argyll_runner: [argyll] Added 1431/2608
2026-09-07 08:03:37,468 [DEBUG] core.argyll_runner: [argyll] Added 1442/2608
2026-09-07 08:03:37,470 [DEBUG] core.argyll_runner: [argyll] Added 1453/2608
2026-09-07 08:03:37,473 [DEBUG] core.argyll_runner: [argyll] Added 1464/2608
2026-09-07 08:03:37,476 [DEBUG] core.argyll_runner: [argyll] Added 1475/2608
2026-09-07 08:03:37,479 [DEBUG] core.argyll_runner: [argyll] Added 1486/2608
2026-09-07 08:03:37,482 [DEBUG] core.argyll_runner: [argyll] Added 1497/2608
2026-09-07 08:03:37,485 [DEBUG] core.argyll_runner: [argyll] Added 1508/2608
2026-09-07 08:03:37,488 [DEBUG] core.argyll_runner: [argyll] Added 1519/2608
2026-09-07 08:03:37,492 [DEBUG] core.argyll_runner: [argyll] Added 1530/2608
2026-09-07 08:03:37,495 [DEBUG] core.argyll_runner: [argyll] Added 1541/2608
2026-09-07 08:03:37,499 [DEBUG] core.argyll_runner: [argyll] Added 1552/2608
2026-09-07 08:03:37,503 [DEBUG] core.argyll_runner: [argyll] Added 1563/2608
2026-09-07 08:03:37,507 [DEBUG] core.argyll_runner: [argyll] Added 1574/2608
2026-09-07 08:03:37,512 [DEBUG] core.argyll_runner: [argyll] Added 1585/2608
2026-09-07 08:03:37,516 [DEBUG] core.argyll_runner: [argyll] Added 1596/2608
2026-09-07 08:03:37,520 [DEBUG] core.argyll_runner: [argyll] Added 1607/2608
2026-09-07 08:03:37,525 [DEBUG] core.argyll_runner: [argyll] Added 1618/2608
2026-09-07 08:03:37,530 [DEBUG] core.argyll_runner: [argyll] Added 1629/2608
2026-09-07 08:03:37,534 [DEBUG] core.argyll_runner: [argyll] Added 1640/2608
2026-09-07 08:03:37,539 [DEBUG] core.argyll_runner: [argyll] Added 1651/2608
2026-09-07 08:03:37,545 [DEBUG] core.argyll_runner: [argyll] Added 1662/2608
2026-09-07 08:03:37,550 [DEBUG] core.argyll_runner: [argyll] Added 1673/2608
2026-09-07 08:03:37,555 [DEBUG] core.argyll_runner: [argyll] Added 1684/2608
2026-09-07 08:03:37,561 [DEBUG] core.argyll_runner: [argyll] Added 1695/2608
2026-09-07 08:03:37,566 [DEBUG] core.argyll_runner: [argyll] Added 1706/2608
2026-09-07 08:03:37,572 [DEBUG] core.argyll_runner: [argyll] Added 1717/2608
2026-09-07 08:03:37,578 [DEBUG] core.argyll_runner: [argyll] Added 1728/2608
2026-09-07 08:03:37,584 [DEBUG] core.argyll_runner: [argyll] Added 1739/2608
2026-09-07 08:03:37,591 [DEBUG] core.argyll_runner: [argyll] Added 1750/2608
2026-09-07 08:03:37,597 [DEBUG] core.argyll_runner: [argyll] Added 1761/2608
2026-09-07 08:03:37,603 [DEBUG] core.argyll_runner: [argyll] Added 1772/2608
2026-09-07 08:03:37,610 [DEBUG] core.argyll_runner: [argyll] Added 1783/2608
2026-09-07 08:03:37,617 [DEBUG] core.argyll_runner: [argyll] Added 1794/2608
2026-09-07 08:03:37,624 [DEBUG] core.argyll_runner: [argyll] Added 1805/2608
2026-09-07 08:03:37,631 [DEBUG] core.argyll_runner: [argyll] Added 1816/2608
2026-09-07 08:03:37,638 [DEBUG] core.argyll_runner: [argyll] Added 1827/2608
2026-09-07 08:03:37,646 [DEBUG] core.argyll_runner: [argyll] Added 1838/2608
2026-09-07 08:03:37,653 [DEBUG] core.argyll_runner: [argyll] Added 1849/2608
2026-09-07 08:03:37,661 [DEBUG] core.argyll_runner: [argyll] Added 1860/2608
2026-09-07 08:03:37,669 [DEBUG] core.argyll_runner: [argyll] Added 1871/2608
2026-09-07 08:03:37,676 [DEBUG] core.argyll_runner: [argyll] Added 1882/2608
2026-09-07 08:03:37,684 [DEBUG] core.argyll_runner: [argyll] Added 1893/2608
2026-09-07 08:03:37,692 [DEBUG] core.argyll_runner: [argyll] Added 1904/2608
2026-09-07 08:03:37,701 [DEBUG] core.argyll_runner: [argyll] Added 1915/2608
2026-09-07 08:03:37,709 [DEBUG] core.argyll_runner: [argyll] Added 1926/2608
2026-09-07 08:03:37,718 [DEBUG] core.argyll_runner: [argyll] Added 1937/2608
2026-09-07 08:03:37,726 [DEBUG] core.argyll_runner: [argyll] Added 1948/2608
2026-09-07 08:03:37,735 [DEBUG] core.argyll_runner: [argyll] Added 1959/2608
2026-09-07 08:03:37,744 [DEBUG] core.argyll_runner: [argyll] Added 1970/2608
2026-09-07 08:03:37,753 [DEBUG] core.argyll_runner: [argyll] Added 1981/2608
2026-09-07 08:03:37,763 [DEBUG] core.argyll_runner: [argyll] Added 1992/2608
2026-09-07 08:03:37,772 [DEBUG] core.argyll_runner: [argyll] Added 2003/2608
2026-09-07 08:03:37,782 [DEBUG] core.argyll_runner: [argyll] Added 2014/2608
2026-09-07 08:03:37,792 [DEBUG] core.argyll_runner: [argyll] Added 2025/2608
2026-09-07 08:03:37,802 [DEBUG] core.argyll_runner: [argyll] Added 2036/2608
2026-09-07 08:03:37,812 [DEBUG] core.argyll_runner: [argyll] Added 2047/2608
2026-09-07 08:03:37,822 [DEBUG] core.argyll_runner: [argyll] Added 2058/2608
2026-09-07 08:03:37,833 [DEBUG] core.argyll_runner: [argyll] Added 2069/2608
2026-09-07 08:03:37,843 [DEBUG] core.argyll_runner: [argyll] Added 2080/2608
2026-09-07 08:03:37,854 [DEBUG] core.argyll_runner: [argyll] Added 2091/2608
2026-09-07 08:03:37,864 [DEBUG] core.argyll_runner: [argyll] Added 2102/2608
2026-09-07 08:03:37,875 [DEBUG] core.argyll_runner: [argyll] Added 2113/2608
2026-09-07 08:03:37,886 [DEBUG] core.argyll_runner: [argyll] Added 2124/2608
2026-09-07 08:03:37,897 [DEBUG] core.argyll_runner: [argyll] Added 2135/2608
2026-09-07 08:03:37,909 [DEBUG] core.argyll_runner: [argyll] Added 2146/2608
2026-09-07 08:03:37,920 [DEBUG] core.argyll_runner: [argyll] Added 2157/2608
2026-09-07 08:03:37,932 [DEBUG] core.argyll_runner: [argyll] Added 2168/2608
2026-09-07 08:03:37,943 [DEBUG] core.argyll_runner: [argyll] Added 2179/2608
2026-09-07 08:03:37,955 [DEBUG] core.argyll_runner: [argyll] Added 2190/2608
2026-09-07 08:03:37,967 [DEBUG] core.argyll_runner: [argyll] Added 2201/2608
2026-09-07 08:03:37,979 [DEBUG] core.argyll_runner: [argyll] Added 2212/2608
2026-09-07 08:03:37,992 [DEBUG] core.argyll_runner: [argyll] Added 2223/2608
2026-09-07 08:03:38,004 [DEBUG] core.argyll_runner: [argyll] Added 2234/2608
2026-09-07 08:03:38,016 [DEBUG] core.argyll_runner: [argyll] Added 2245/2608
2026-09-07 08:03:38,029 [DEBUG] core.argyll_runner: [argyll] Added 2256/2608
2026-09-07 08:03:38,042 [DEBUG] core.argyll_runner: [argyll] Added 2267/2608
2026-09-07 08:03:38,055 [DEBUG] core.argyll_runner: [argyll] Added 2278/2608
2026-09-07 08:03:38,068 [DEBUG] core.argyll_runner: [argyll] Added 2289/2608
2026-09-07 08:03:38,081 [DEBUG] core.argyll_runner: [argyll] Added 2300/2608
2026-09-07 08:03:38,095 [DEBUG] core.argyll_runner: [argyll] Added 2311/2608
2026-09-07 08:03:38,108 [DEBUG] core.argyll_runner: [argyll] Added 2322/2608
2026-09-07 08:03:38,122 [DEBUG] core.argyll_runner: [argyll] Added 2333/2608
2026-09-07 08:03:38,135 [DEBUG] core.argyll_runner: [argyll] Added 2344/2608
2026-09-07 08:03:38,149 [DEBUG] core.argyll_runner: [argyll] Added 2355/2608
2026-09-07 08:03:38,164 [DEBUG] core.argyll_runner: [argyll] Added 2366/2608
2026-09-07 08:03:38,177 [DEBUG] core.argyll_runner: [argyll] Added 2377/2608
2026-09-07 08:03:38,192 [DEBUG] core.argyll_runner: [argyll] Added 2388/2608
2026-09-07 08:03:38,206 [DEBUG] core.argyll_runner: [argyll] Added 2399/2608
2026-09-07 08:03:38,221 [DEBUG] core.argyll_runner: [argyll] Added 2410/2608
2026-09-07 08:03:38,236 [DEBUG] core.argyll_runner: [argyll] Added 2421/2608
2026-09-07 08:03:38,251 [DEBUG] core.argyll_runner: [argyll] Added 2432/2608
2026-09-07 08:03:38,265 [DEBUG] core.argyll_runner: [argyll] Added 2443/2608
2026-09-07 08:03:38,280 [DEBUG] core.argyll_runner: [argyll] Added 2454/2608
2026-09-07 08:03:38,294 [DEBUG] core.argyll_runner: [argyll] Added 2465/2608
2026-09-07 08:03:38,310 [DEBUG] core.argyll_runner: [argyll] Added 2476/2608
2026-09-07 08:03:38,325 [DEBUG] core.argyll_runner: [argyll] Added 2487/2608
2026-09-07 08:03:38,341 [DEBUG] core.argyll_runner: [argyll] Added 2498/2608
2026-09-07 08:03:38,356 [DEBUG] core.argyll_runner: [argyll] Added 2509/2608
2026-09-07 08:03:38,373 [DEBUG] core.argyll_runner: [argyll] Added 2520/2608
2026-09-07 08:03:38,389 [DEBUG] core.argyll_runner: [argyll] Added 2531/2608
2026-09-07 08:03:38,405 [DEBUG] core.argyll_runner: [argyll] Added 2542/2608
2026-09-07 08:03:38,421 [DEBUG] core.argyll_runner: [argyll] Added 2553/2608
2026-09-07 08:03:38,437 [DEBUG] core.argyll_runner: [argyll] Added 2564/2608
2026-09-07 08:03:38,454 [DEBUG] core.argyll_runner: [argyll] Added 2575/2608
2026-09-07 08:03:38,471 [DEBUG] core.argyll_runner: [argyll] Added 2586/2608
2026-09-07 08:03:38,487 [DEBUG] core.argyll_runner: [argyll] Added 2597/2608
2026-09-07 08:03:38,504 [DEBUG] core.argyll_runner: [argyll] Added 2608/2608
2026-09-07 08:03:43,264 [DEBUG] core.argyll_runner: [argyll] 
2026-09-07 08:03:43,270 [DEBUG] core.argyll_runner: [argyll] After seeding points: MinPoint = 1.308, Min = 1.200, Avg. = 6.184, Max = 8.096, 0.3 secs
2026-09-07 08:03:43,270 [DEBUG] core.argyll_runner: [argyll] Re-seeding
2026-09-07 08:03:43,270 [DEBUG] core.argyll_runner: [argyll] It 1: Maxmv = 0.059809, MinPoint = 1.308, Min = 1.200, Avg. = 6.161, Max = 8.306, 0.3 secs.
2026-09-07 08:03:43,270 [DEBUG] core.argyll_runner: [argyll] Re-seeding
2026-09-07 08:03:43,271 [DEBUG] core.argyll_runner: [argyll] It 2: Maxmv = 0.054403, MinPoint = 1.308, Min = 1.200, Avg. = 6.107, Max = 8.288, 0.3 secs.
2026-09-07 08:03:43,271 [DEBUG] core.argyll_runner: [argyll] Re-seeding
2026-09-07 08:03:43,271 [DEBUG] core.argyll_runner: [argyll] It 3: Maxmv = 0.057218, MinPoint = 1.308, Min = 1.200, Avg. = 6.072, Max = 8.274, 0.3 secs.
2026-09-07 08:03:43,271 [DEBUG] core.argyll_runner: [argyll] Re-seeding
2026-09-07 08:03:43,272 [DEBUG] core.argyll_runner: [argyll] It 4: Maxmv = 0.044551, MinPoint = 1.308, Min = 1.200, Avg. = 6.034, Max = 7.768, 0.3 secs.
2026-09-07 08:03:43,272 [DEBUG] core.argyll_runner: [argyll] Re-seeding
2026-09-07 08:03:43,272 [DEBUG] core.argyll_runner: [argyll] It 5: Maxmv = 0.038997, MinPoint = 1.308, Min = 1.200, Avg. = 5.998, Max = 8.173, 0.3 secs.
2026-09-07 08:03:43,272 [DEBUG] core.argyll_runner: [argyll] Re-seeding
2026-09-07 08:03:43,273 [DEBUG] core.argyll_runner: [argyll] It 6: Maxmv = 0.039410, MinPoint = 1.308, Min = 1.200, Avg. = 5.971, Max = 7.793, 0.3 secs.
2026-09-07 08:03:43,273 [DEBUG] core.argyll_runner: [argyll] Re-seeding
2026-09-07 08:03:43,273 [DEBUG] core.argyll_runner: [argyll] It 7: Maxmv = 0.030691, MinPoint = 1.308, Min = 1.200, Avg. = 5.941, Max = 8.060, 0.3 secs.
2026-09-07 08:03:43,273 [DEBUG] core.argyll_runner: [argyll] Re-seeding
2026-09-07 08:03:43,274 [DEBUG] core.argyll_runner: [argyll] It 8: Maxmv = 0.030422, MinPoint = 1.308, Min = 1.200, Avg. = 5.917, Max = 7.496, 0.3 secs.
2026-09-07 08:03:43,274 [DEBUG] core.argyll_runner: [argyll] Re-seeding
2026-09-07 08:03:43,274 [DEBUG] core.argyll_runner: [argyll] It 9: Maxmv = 0.023837, MinPoint = 1.308, Min = 1.200, Avg. = 5.901, Max = 7.558, 0.3 secs.
2026-09-07 08:03:43,274 [DEBUG] core.argyll_runner: [argyll] Re-seeding
2026-09-07 08:03:43,275 [DEBUG] core.argyll_runner: [argyll] It 10: Maxmv = 0.023641, MinPoint = 1.308, Min = 1.200, Avg. = 5.884, Max = 7.176, 0.3 secs.
2026-09-07 08:03:43,275 [DEBUG] core.argyll_runner: [argyll] Re-seeding
2026-09-07 08:03:43,275 [DEBUG] core.argyll_runner: [argyll] It 11: Maxmv = 0.019634, MinPoint = 1.308, Min = 1.200, Avg. = 5.873, Max = 7.117, 0.3 secs.
2026-09-07 08:03:43,275 [DEBUG] core.argyll_runner: [argyll] Re-seeding
2026-09-07 08:03:43,276 [DEBUG] core.argyll_runner: [argyll] It 12: Maxmv = 0.018115, MinPoint = 1.308, Min = 1.200, Avg. = 5.862, Max = 7.174, 0.3 secs.
2026-09-07 08:03:43,276 [DEBUG] core.argyll_runner: [argyll] Re-seeding
2026-09-07 08:03:43,276 [DEBUG] core.argyll_runner: [argyll] It 13: Maxmv = 0.014894, MinPoint = 1.308, Min = 1.200, Avg. = 5.856, Max = 6.982, 0.3 secs.
2026-09-07 08:03:43,276 [DEBUG] core.argyll_runner: [argyll] Re-seeding
2026-09-07 08:03:43,276 [DEBUG] core.argyll_runner: [argyll] It 14: Maxmv = 0.010459, MinPoint = 1.308, Min = 1.200, Avg. = 5.850, Max = 7.031, 0.3 secs.
2026-09-07 08:03:43,277 [DEBUG] core.argyll_runner: [argyll] Re-seeding
2026-09-07 08:03:43,277 [DEBUG] core.argyll_runner: [argyll] It 15: Maxmv = 0.008538, MinPoint = 1.308, Min = 1.200, Avg. = 5.846, Max = 6.998, 0.3 secs.
2026-09-07 08:03:43,277 [DEBUG] core.argyll_runner: [argyll] Re-seeding
2026-09-07 08:03:43,277 [DEBUG] core.argyll_runner: [argyll] It 16: Maxmv = 0.006826, MinPoint = 1.308, Min = 1.200, Avg. = 5.843, Max = 6.979, 0.3 secs.
2026-09-07 08:03:43,278 [DEBUG] core.argyll_runner: [argyll] Re-seeding
2026-09-07 08:03:43,278 [DEBUG] core.argyll_runner: [argyll] It 17: Maxmv = 0.005290, MinPoint = 1.308, Min = 1.200, Avg. = 5.842, Max = 6.917, 0.3 secs.
2026-09-07 08:03:43,278 [DEBUG] core.argyll_runner: [argyll] Re-seeding
2026-09-07 08:03:43,278 [DEBUG] core.argyll_runner: [argyll] It 18: Maxmv = 0.002174, MinPoint = 1.308, Min = 1.200, Avg. = 5.841, Max = 6.896, 0.3 secs.
2026-09-07 08:03:43,279 [DEBUG] core.argyll_runner: [argyll] Re-seeding
2026-09-07 08:03:43,279 [DEBUG] core.argyll_runner: [argyll] It 19: Maxmv = 0.000847, MinPoint = 1.308, Min = 1.200, Avg. = 5.840, Max = 6.889, 0.3 secs.
2026-09-07 08:03:43,279 [DEBUG] core.argyll_runner: [argyll] Re-seeding
2026-09-07 08:03:43,279 [DEBUG] core.argyll_runner: [argyll] It 20: Maxmv = 0.000804, MinPoint = 1.308, Min = 1.200, Avg. = 5.840, Max = 6.885, 0.3 secs.
2026-09-07 08:03:43,280 [DEBUG] core.argyll_runner: [argyll] After optimization: MinPoint = 1.308, Min = 1.200, Avg. = 5.840, Max = 6.885
2026-09-07 08:03:43,280 [DEBUG] core.argyll_runner: [argyll] Total number of patches = 2622
2026-09-07 08:03:43,280 [DEBUG] core.argyll_runner: [argyll] Execution time = 6.240497 seconds
2026-09-07 08:03:43,280 [INFO] core.argyll_runner: ArgyllRunner: finished with code 0
2026-09-07 08:03:43,411 [DEBUG] workflow.chart_creator: Wrote channel sidecar A2-Instruments.channels.json: ['r', 'g', 'b']
2026-09-07 08:03:43,572 [DEBUG] ui.tiff_preview: TiffPreview: loaded 1 page(s)
2026-09-07 08:03:43,573 [INFO] ui.tabs.tab_chart: Preview loaded: 1 TIFF(s)
2026-09-07 08:03:43,615 [DEBUG] ui.tiff_preview: TiffPreview: loaded 1 page(s)
2026-09-07 08:03:43,621 [DEBUG] ui.tiff_preview: TiffPreview: loaded 1 page(s)
2026-09-07 08:03:43,635 [DEBUG] ui.tabs.tab_chart: create-chart settings written for run1 (40 parameters + ui state)
2026-09-07 08:03:46,576 [INFO] assess:   shot Screenshots/A2-instruments/SS-hex-420x297-preview.png  (2232x1146)
2026-09-07 08:03:46,576 [INFO] assess: [SS-hex-420x297] ok=True 11.1s est_before={'total': 2622, 'fillup': 0, 'page_patches': 2622, 'rows': 46, 'cols': 57, 'pages': 1, 'patch': (7.0, 8.08), 'pitch': 6.06} actual={'total': 2622, 'fillup': 0, 'page_patches': 2622, 'rows': 46, 'cols': 57, 'pages': 1, 'patch': (6.94, 8.13), 'pitch': 6.1} status='No instrument margins set for this instrument and paper size.' eng=['[ChromIQ layout engine] Drawing the pages. This part runs in one go and cannot be stopped, so the window will not respond until it is finished.', '[ChromIQ layout engine] 2622 patches (46×57), 1 page, random start 774085688']
2026-09-07 08:03:46,577 [INFO] assess:   json Test Runs/logs/d02_matrix.json
2026-09-07 08:03:46,577 [INFO] assess:   armed: dialog ~'scanner' -> click 'OK' hex heads-up (hex modes only)
2026-09-07 08:03:46,578 [INFO] assess:   armed: dialog ~'quite fill' -> click 'OK' last page hint
2026-09-07 08:03:46,578 [INFO] assess:   armed: dialog ~'already' -> click 'Continue this project' S4.7 on 2nd+ build
2026-09-07 08:03:47,307 [DEBUG] core.settings: settings.set helper_markers_show = False
2026-09-07 08:03:47,307 [DEBUG] core.settings: settings.set helper_marker_edge_mm = 2.0
2026-09-07 08:03:47,307 [DEBUG] core.settings: settings.set helper_marker_len_mm = 2.0
2026-09-07 08:03:47,307 [DEBUG] core.settings: settings.set helper_marker_per_patch = 3
2026-09-07 08:03:47,307 [DEBUG] core.settings: settings.set helper_markers_top_bottom = True
2026-09-07 08:03:47,307 [DEBUG] core.settings: settings.set helper_markers_sides = True
2026-09-07 08:03:48,225 [INFO] ui.tabs.tab_chart: chart build (Generate Chart) in manual: patch set targen | manual panel: 200x200, 0x0 grid, margins T6.0 R6.0 B6.0 L11.1
2026-09-07 08:03:48,229 [DEBUG] core.settings: settings.set session_ti3_path = ''
2026-09-07 08:03:48,229 [DEBUG] core.settings: settings.set session_icc_path = ''
2026-09-07 08:03:48,229 [DEBUG] core.settings: settings.set session_cal_ti3_path = ''
2026-09-07 08:03:48,231 [DEBUG] core.file_manager: Target name set to: A2-Instruments (root /Users/Basti/ChromIQ-assessment/A2-Instruments)
2026-09-07 08:03:48,232 [INFO] core.file_manager: opened the EXISTING project at /Users/Basti/ChromIQ-assessment/A2-Instruments (1 run(s) on disk)
2026-09-07 08:03:48,259 [INFO] workflow.chart_creator: Chart generation: 750 patches, instrument=SS paper=200x200 disable_lb=True
2026-09-07 08:03:48,259 [INFO] workflow.chart_creator: targen args: ['-v', '-d2', '-f750', '-e5', '-B5', '-G', '-g43', 'A2-Instruments']
2026-09-07 08:03:48,259 [INFO] core.argyll_runner: Run: /Applications/Argyll/bin/targen -v -d2 -f750 -e5 -B5 -G -g43 A2-Instruments  [cwd=/Users/Basti/ChromIQ-assessment/A2-Instruments/runs/run1]
2026-09-07 08:03:48,336 [DEBUG] core.argyll_runner: [argyll] iRGB test chart
2026-09-07 08:03:48,337 [DEBUG] core.argyll_runner: [argyll] White patches = 5
2026-09-07 08:03:48,337 [DEBUG] core.argyll_runner: [argyll] Black patches = 5
2026-09-07 08:03:48,337 [DEBUG] core.argyll_runner: [argyll] Composite Grey steps = 43
2026-09-07 08:03:48,337 [DEBUG] core.argyll_runner: [argyll] Full spread patches = 750
2026-09-07 08:03:48,337 [DEBUG] core.argyll_runner: [argyll] Degree of adaptation: 0.100
2026-09-07 08:03:48,337 [DEBUG] core.argyll_runner: [argyll] Adaptation weights: Device = 0.935, Perceptual = 0.065, Curvature = 0.010
2026-09-07 08:03:48,338 [DEBUG] core.argyll_runner: [argyll] Perceptual cache resolution = 11
2026-09-07 08:03:48,338 [DEBUG] core.argyll_runner: [argyll] Seeding cache...
2026-09-07 08:03:48,369 [DEBUG] core.argyll_runner: [argyll] done
2026-09-07 08:03:48,369 [DEBUG] core.argyll_runner: [argyll] Acceleration grid res = 10
2026-09-07 08:03:48,369 [DEBUG] core.argyll_runner: [argyll] 
2026-09-07 08:03:48,370 [DEBUG] core.argyll_runner: [argyll] There are 43 unique fixed points to add (51 total fixed points)
2026-09-07 08:03:48,370 [DEBUG] core.argyll_runner: [argyll] There are 699 far spread points to add
2026-09-07 08:03:48,370 [DEBUG] core.argyll_runner: [argyll] 
2026-09-07 08:03:48,370 [DEBUG] core.argyll_runner: [argyll] Added 12/742
2026-09-07 08:03:48,370 [DEBUG] core.argyll_runner: [argyll] Added 23/742
2026-09-07 08:03:48,370 [DEBUG] core.argyll_runner: [argyll] Added 34/742
2026-09-07 08:03:48,371 [DEBUG] core.argyll_runner: [argyll] Added 45/742
2026-09-07 08:03:48,371 [DEBUG] core.argyll_runner: [argyll] Added 56/742
2026-09-07 08:03:48,372 [DEBUG] core.argyll_runner: [argyll] Added 67/742
2026-09-07 08:03:48,372 [DEBUG] core.argyll_runner: [argyll] Added 78/742
2026-09-07 08:03:48,373 [DEBUG] core.argyll_runner: [argyll] Added 89/742
2026-09-07 08:03:48,373 [DEBUG] core.argyll_runner: [argyll] Added 100/742
2026-09-07 08:03:48,374 [DEBUG] core.argyll_runner: [argyll] Added 111/742
2026-09-07 08:03:48,375 [DEBUG] core.argyll_runner: [argyll] Added 122/742
2026-09-07 08:03:48,376 [DEBUG] core.argyll_runner: [argyll] Added 133/742
2026-09-07 08:03:48,378 [DEBUG] core.argyll_runner: [argyll] Added 144/742
2026-09-07 08:03:48,379 [DEBUG] core.argyll_runner: [argyll] Added 155/742
2026-09-07 08:03:48,381 [DEBUG] core.argyll_runner: [argyll] Added 166/742
2026-09-07 08:03:48,382 [DEBUG] core.argyll_runner: [argyll] Added 177/742
2026-09-07 08:03:48,384 [DEBUG] core.argyll_runner: [argyll] Added 188/742
2026-09-07 08:03:48,386 [DEBUG] core.argyll_runner: [argyll] Added 199/742
2026-09-07 08:03:48,388 [DEBUG] core.argyll_runner: [argyll] Added 210/742
2026-09-07 08:03:48,390 [DEBUG] core.argyll_runner: [argyll] Added 221/742
2026-09-07 08:03:48,393 [DEBUG] core.argyll_runner: [argyll] Added 232/742
2026-09-07 08:03:48,395 [DEBUG] core.argyll_runner: [argyll] Added 243/742
2026-09-07 08:03:48,398 [DEBUG] core.argyll_runner: [argyll] Added 254/742
2026-09-07 08:03:48,401 [DEBUG] core.argyll_runner: [argyll] Added 265/742
2026-09-07 08:03:48,404 [DEBUG] core.argyll_runner: [argyll] Added 276/742
2026-09-07 08:03:48,407 [DEBUG] core.argyll_runner: [argyll] Added 287/742
2026-09-07 08:03:48,410 [DEBUG] core.argyll_runner: [argyll] Added 298/742
2026-09-07 08:03:48,413 [DEBUG] core.argyll_runner: [argyll] Added 309/742
2026-09-07 08:03:48,417 [DEBUG] core.argyll_runner: [argyll] Added 320/742
2026-09-07 08:03:48,441 [DEBUG] core.argyll_runner: [argyll] 
2026-09-07 08:03:48,442 [DEBUG] core.argyll_runner: [argyll] Added 331/742
2026-09-07 08:03:48,442 [DEBUG] core.argyll_runner: [argyll] Added 342/742
2026-09-07 08:03:48,442 [DEBUG] core.argyll_runner: [argyll] Added 353/742
2026-09-07 08:03:48,443 [DEBUG] core.argyll_runner: [argyll] Added 364/742
2026-09-07 08:03:48,443 [DEBUG] core.argyll_runner: [argyll] Added 375/742
2026-09-07 08:03:48,444 [DEBUG] core.argyll_runner: [argyll] Added 386/742
2026-09-07 08:03:48,445 [DEBUG] core.argyll_runner: [argyll] Added 397/742
2026-09-07 08:03:48,446 [DEBUG] core.argyll_runner: [argyll] Added 408/742
2026-09-07 08:03:48,447 [DEBUG] core.argyll_runner: [argyll] Added 419/742
2026-09-07 08:03:48,448 [DEBUG] core.argyll_runner: [argyll] Added 430/742
2026-09-07 08:03:48,449 [DEBUG] core.argyll_runner: [argyll] Added 441/742
2026-09-07 08:03:48,450 [DEBUG] core.argyll_runner: [argyll] Added 452/742
2026-09-07 08:03:48,452 [DEBUG] core.argyll_runner: [argyll] Added 463/742
2026-09-07 08:03:48,454 [DEBUG] core.argyll_runner: [argyll] Added 474/742
2026-09-07 08:03:48,455 [DEBUG] core.argyll_runner: [argyll] Added 485/742
2026-09-07 08:03:48,457 [DEBUG] core.argyll_runner: [argyll] Added 496/742
2026-09-07 08:03:48,459 [DEBUG] core.argyll_runner: [argyll] Added 507/742
2026-09-07 08:03:48,462 [DEBUG] core.argyll_runner: [argyll] Added 518/742
2026-09-07 08:03:48,464 [DEBUG] core.argyll_runner: [argyll] Added 529/742
2026-09-07 08:03:48,466 [DEBUG] core.argyll_runner: [argyll] Added 540/742
2026-09-07 08:03:48,469 [DEBUG] core.argyll_runner: [argyll] Added 551/742
2026-09-07 08:03:48,472 [DEBUG] core.argyll_runner: [argyll] Added 562/742
2026-09-07 08:03:48,475 [DEBUG] core.argyll_runner: [argyll] Added 573/742
2026-09-07 08:03:48,478 [DEBUG] core.argyll_runner: [argyll] Added 584/742
2026-09-07 08:03:48,481 [DEBUG] core.argyll_runner: [argyll] Added 595/742
2026-09-07 08:03:48,484 [DEBUG] core.argyll_runner: [argyll] Added 606/742
2026-09-07 08:03:48,487 [DEBUG] core.argyll_runner: [argyll] Added 617/742
2026-09-07 08:03:48,491 [DEBUG] core.argyll_runner: [argyll] Added 628/742
2026-09-07 08:03:48,495 [DEBUG] core.argyll_runner: [argyll] Added 639/742
2026-09-07 08:03:48,498 [DEBUG] core.argyll_runner: [argyll] Added 650/742
2026-09-07 08:03:48,502 [DEBUG] core.argyll_runner: [argyll] Added 661/742
2026-09-07 08:03:48,506 [DEBUG] core.argyll_runner: [argyll] Added 672/742
2026-09-07 08:03:48,511 [DEBUG] core.argyll_runner: [argyll] Added 683/742
2026-09-07 08:03:48,515 [DEBUG] core.argyll_runner: [argyll] Added 694/742
2026-09-07 08:03:48,519 [DEBUG] core.argyll_runner: [argyll] Added 705/742
2026-09-07 08:03:48,524 [DEBUG] core.argyll_runner: [argyll] Added 716/742
2026-09-07 08:03:48,529 [DEBUG] core.argyll_runner: [argyll] Added 727/742
2026-09-07 08:03:48,535 [DEBUG] core.argyll_runner: [argyll] Added 738/742
2026-09-07 08:03:48,539 [DEBUG] core.argyll_runner: [argyll] Added 742/742
2026-09-07 08:03:49,860 [DEBUG] core.argyll_runner: [argyll] 
2026-09-07 08:03:49,861 [DEBUG] core.argyll_runner: [argyll] After seeding points: MinPoint = 3.960, Min = 3.248, Avg. = 9.601, Max = 11.935, 0.1 secs
2026-09-07 08:03:49,862 [DEBUG] core.argyll_runner: [argyll] Re-seeding
2026-09-07 08:03:49,862 [DEBUG] core.argyll_runner: [argyll] It 1: Maxmv = 0.094087, MinPoint = 3.918, Min = 3.638, Avg. = 9.550, Max = 12.925, 0.1 secs.
2026-09-07 08:03:49,862 [DEBUG] core.argyll_runner: [argyll] Re-seeding
2026-09-07 08:03:49,862 [DEBUG] core.argyll_runner: [argyll] It 2: Maxmv = 0.071531, MinPoint = 3.794, Min = 3.638, Avg. = 9.500, Max = 12.267, 0.1 secs.
2026-09-07 08:03:49,863 [DEBUG] core.argyll_runner: [argyll] Re-seeding
2026-09-07 08:03:49,863 [DEBUG] core.argyll_runner: [argyll] It 3: Maxmv = 0.069593, MinPoint = 2.517, Min = 3.638, Avg. = 9.454, Max = 12.115, 0.1 secs.
2026-09-07 08:03:49,863 [DEBUG] core.argyll_runner: [argyll] Re-seeding
2026-09-07 08:03:49,863 [DEBUG] core.argyll_runner: [argyll] It 4: Maxmv = 0.064598, MinPoint = 3.960, Min = 3.638, Avg. = 9.395, Max = 12.174, 0.1 secs.
2026-09-07 08:03:49,864 [DEBUG] core.argyll_runner: [argyll] Re-seeding
2026-09-07 08:03:49,864 [DEBUG] core.argyll_runner: [argyll] It 5: Maxmv = 0.064155, MinPoint = 3.960, Min = 3.638, Avg. = 9.344, Max = 12.200, 0.1 secs.
2026-09-07 08:03:49,864 [DEBUG] core.argyll_runner: [argyll] Re-seeding
2026-09-07 08:03:49,864 [DEBUG] core.argyll_runner: [argyll] It 6: Maxmv = 0.048702, MinPoint = 3.960, Min = 3.638, Avg. = 9.289, Max = 11.778, 0.1 secs.
2026-09-07 08:03:49,865 [DEBUG] core.argyll_runner: [argyll] Re-seeding
2026-09-07 08:03:49,865 [DEBUG] core.argyll_runner: [argyll] It 7: Maxmv = 0.047692, MinPoint = 3.960, Min = 3.638, Avg. = 9.253, Max = 11.562, 0.1 secs.
2026-09-07 08:03:49,865 [DEBUG] core.argyll_runner: [argyll] Re-seeding
2026-09-07 08:03:49,865 [DEBUG] core.argyll_runner: [argyll] It 8: Maxmv = 0.041205, MinPoint = 3.960, Min = 3.638, Avg. = 9.221, Max = 11.708, 0.1 secs.
2026-09-07 08:03:49,866 [DEBUG] core.argyll_runner: [argyll] Re-seeding
2026-09-07 08:03:49,866 [DEBUG] core.argyll_runner: [argyll] It 9: Maxmv = 0.039881, MinPoint = 3.960, Min = 3.638, Avg. = 9.195, Max = 11.167, 0.1 secs.
2026-09-07 08:03:49,866 [DEBUG] core.argyll_runner: [argyll] Re-seeding
2026-09-07 08:03:49,866 [DEBUG] core.argyll_runner: [argyll] It 10: Maxmv = 0.028455, MinPoint = 3.960, Min = 3.638, Avg. = 9.167, Max = 11.596, 0.1 secs.
2026-09-07 08:03:49,867 [DEBUG] core.argyll_runner: [argyll] Re-seeding
2026-09-07 08:03:49,867 [DEBUG] core.argyll_runner: [argyll] It 11: Maxmv = 0.031847, MinPoint = 3.960, Min = 3.638, Avg. = 9.159, Max = 11.416, 0.1 secs.
2026-09-07 08:03:49,867 [DEBUG] core.argyll_runner: [argyll] Re-seeding
2026-09-07 08:03:49,867 [DEBUG] core.argyll_runner: [argyll] It 12: Maxmv = 0.022446, MinPoint = 3.960, Min = 3.638, Avg. = 9.145, Max = 11.046, 0.1 secs.
2026-09-07 08:03:49,868 [DEBUG] core.argyll_runner: [argyll] Re-seeding
2026-09-07 08:03:49,868 [DEBUG] core.argyll_runner: [argyll] It 13: Maxmv = 0.020821, MinPoint = 3.960, Min = 3.638, Avg. = 9.131, Max = 11.113, 0.1 secs.
2026-09-07 08:03:49,868 [DEBUG] core.argyll_runner: [argyll] Re-seeding
2026-09-07 08:03:49,868 [DEBUG] core.argyll_runner: [argyll] It 14: Maxmv = 0.016092, MinPoint = 3.960, Min = 3.638, Avg. = 9.124, Max = 10.878, 0.1 secs.
2026-09-07 08:03:49,869 [DEBUG] core.argyll_runner: [argyll] Re-seeding
2026-09-07 08:03:49,869 [DEBUG] core.argyll_runner: [argyll] It 15: Maxmv = 0.012316, MinPoint = 3.960, Min = 3.638, Avg. = 9.125, Max = 11.110, 0.1 secs.
2026-09-07 08:03:49,869 [DEBUG] core.argyll_runner: [argyll] Re-seeding
2026-09-07 08:03:49,869 [DEBUG] core.argyll_runner: [argyll] It 16: Maxmv = 0.009338, MinPoint = 3.960, Min = 3.638, Avg. = 9.124, Max = 11.016, 0.1 secs.
2026-09-07 08:03:49,869 [DEBUG] core.argyll_runner: [argyll] Re-seeding
2026-09-07 08:03:49,870 [DEBUG] core.argyll_runner: [argyll] It 17: Maxmv = 0.007030, MinPoint = 3.960, Min = 3.638, Avg. = 9.123, Max = 10.916, 0.1 secs.
2026-09-07 08:03:49,870 [DEBUG] core.argyll_runner: [argyll] Re-seeding
2026-09-07 08:03:49,870 [DEBUG] core.argyll_runner: [argyll] It 18: Maxmv = 0.004024, MinPoint = 3.960, Min = 3.638, Avg. = 9.124, Max = 10.905, 0.1 secs.
2026-09-07 08:03:49,870 [DEBUG] core.argyll_runner: [argyll] Re-seeding
2026-09-07 08:03:49,871 [DEBUG] core.argyll_runner: [argyll] It 19: Maxmv = 0.001437, MinPoint = 3.960, Min = 3.638, Avg. = 9.124, Max = 10.867, 0.1 secs.
2026-09-07 08:03:49,871 [DEBUG] core.argyll_runner: [argyll] Re-seeding
2026-09-07 08:03:49,871 [DEBUG] core.argyll_runner: [argyll] It 20: Maxmv = 0.001143, MinPoint = 3.960, Min = 3.638, Avg. = 9.125, Max = 10.851, 0.1 secs.
2026-09-07 08:03:49,871 [DEBUG] core.argyll_runner: [argyll] After optimization: MinPoint = 3.960, Min = 3.638, Avg. = 9.125, Max = 10.851
2026-09-07 08:03:49,872 [DEBUG] core.argyll_runner: [argyll] Total number of patches = 750
2026-09-07 08:03:49,872 [DEBUG] core.argyll_runner: [argyll] Execution time = 1.526068 seconds
2026-09-07 08:03:49,872 [INFO] core.argyll_runner: ArgyllRunner: finished with code 0
2026-09-07 08:03:49,920 [DEBUG] workflow.chart_creator: Wrote channel sidecar A2-Instruments.channels.json: ['r', 'g', 'b']
2026-09-07 08:03:49,980 [DEBUG] ui.tiff_preview: TiffPreview: loaded 1 page(s)
2026-09-07 08:03:49,980 [INFO] ui.tabs.tab_chart: Preview loaded: 1 TIFF(s)
2026-09-07 08:03:49,996 [DEBUG] ui.tiff_preview: TiffPreview: loaded 1 page(s)
2026-09-07 08:03:49,998 [DEBUG] ui.tiff_preview: TiffPreview: loaded 1 page(s)
2026-09-07 08:03:50,005 [DEBUG] ui.tabs.tab_chart: create-chart settings written for run1 (40 parameters + ui state)
2026-09-07 08:03:51,579 [INFO] assess:   shot Screenshots/A2-instruments/SS-hex-custom_200x200-preview.png  (2232x1146)
2026-09-07 08:03:51,579 [INFO] assess: [SS-hex-custom_200x200] ok=True 5.0s est_before={'total': 750, 'fillup': 0, 'page_patches': 750, 'rows': 30, 'cols': 25, 'pages': 1, 'patch': (7.0, 8.08), 'pitch': 6.06} actual={'total': 750, 'fillup': 0, 'page_patches': 750, 'rows': 30, 'cols': 25, 'pages': 1, 'patch': (6.94, 8.13), 'pitch': 6.1} status='No instrument margins set for this instrument and paper size.' eng=['[ChromIQ layout engine] Drawing the pages. This part runs in one go and cannot be stopped, so the window will not respond until it is finished.', '[ChromIQ layout engine] 750 patches (30×25), 1 page, random start 46593461']
2026-09-07 08:03:51,580 [INFO] assess:   json Test Runs/logs/d02_matrix.json
2026-09-07 08:03:51,580 [INFO] assess:   armed: dialog ~'scanner' -> click 'OK' hex heads-up (hex modes only)
2026-09-07 08:03:51,580 [INFO] assess:   armed: dialog ~'quite fill' -> click 'OK' last page hint
2026-09-07 08:03:51,580 [INFO] assess:   armed: dialog ~'already' -> click 'Continue this project' S4.7 on 2nd+ build
2026-09-07 08:03:51,612 [DEBUG] core.settings: settings.set helper_markers_show = False
2026-09-07 08:03:51,612 [DEBUG] core.settings: settings.set helper_marker_edge_mm = 2.0
2026-09-07 08:03:51,612 [DEBUG] core.settings: settings.set helper_marker_len_mm = 2.0
2026-09-07 08:03:51,612 [DEBUG] core.settings: settings.set helper_marker_per_patch = 3
2026-09-07 08:03:51,612 [DEBUG] core.settings: settings.set helper_markers_top_bottom = True
2026-09-07 08:03:51,612 [DEBUG] core.settings: settings.set helper_markers_sides = True
2026-09-07 08:03:51,994 [DEBUG] core.settings: settings.set helper_markers_show = False
2026-09-07 08:03:51,995 [DEBUG] core.settings: settings.set helper_marker_edge_mm = 2.0
2026-09-07 08:03:51,995 [DEBUG] core.settings: settings.set helper_marker_len_mm = 2.0
2026-09-07 08:03:51,995 [DEBUG] core.settings: settings.set helper_marker_per_patch = 3
2026-09-07 08:03:51,995 [DEBUG] core.settings: settings.set helper_markers_top_bottom = True
2026-09-07 08:03:51,995 [DEBUG] core.settings: settings.set helper_markers_sides = True
2026-09-07 08:03:52,366 [DEBUG] core.settings: settings.set helper_markers_show = False
2026-09-07 08:03:52,366 [DEBUG] core.settings: settings.set helper_marker_edge_mm = 2.0
2026-09-07 08:03:52,366 [DEBUG] core.settings: settings.set helper_marker_len_mm = 2.0
2026-09-07 08:03:52,366 [DEBUG] core.settings: settings.set helper_marker_per_patch = 3
2026-09-07 08:03:52,366 [DEBUG] core.settings: settings.set helper_markers_top_bottom = True
2026-09-07 08:03:52,366 [DEBUG] core.settings: settings.set helper_markers_sides = True
2026-09-07 08:03:53,043 [INFO] ui.tabs.tab_chart: chart build (Generate Chart) in manual: patch set targen | manual panel: A4, 0x0 grid, margins T6.0 R6.0 B6.0 L14.4
2026-09-07 08:03:53,046 [DEBUG] core.settings: settings.set session_ti3_path = ''
2026-09-07 08:03:53,046 [DEBUG] core.settings: settings.set session_icc_path = ''
2026-09-07 08:03:53,046 [DEBUG] core.settings: settings.set session_cal_ti3_path = ''
2026-09-07 08:03:53,048 [DEBUG] core.file_manager: Target name set to: A2-Instruments (root /Users/Basti/ChromIQ-assessment/A2-Instruments)
2026-09-07 08:03:53,048 [INFO] core.file_manager: opened the EXISTING project at /Users/Basti/ChromIQ-assessment/A2-Instruments (1 run(s) on disk)
2026-09-07 08:03:53,071 [INFO] workflow.chart_creator: Chart generation: 345 patches, instrument=CR30 paper=A4 disable_lb=True
2026-09-07 08:03:53,072 [INFO] workflow.chart_creator: targen args: ['-v', '-d2', '-f345', '-e3', '-B3', '-G', '-g20', 'A2-Instruments']
2026-09-07 08:03:53,072 [INFO] core.argyll_runner: Run: /Applications/Argyll/bin/targen -v -d2 -f345 -e3 -B3 -G -g20 A2-Instruments  [cwd=/Users/Basti/ChromIQ-assessment/A2-Instruments/runs/run1]
2026-09-07 08:03:53,147 [DEBUG] core.argyll_runner: [argyll] iRGB test chart
2026-09-07 08:03:53,147 [DEBUG] core.argyll_runner: [argyll] White patches = 3
2026-09-07 08:03:53,148 [DEBUG] core.argyll_runner: [argyll] Black patches = 3
2026-09-07 08:03:53,148 [DEBUG] core.argyll_runner: [argyll] Composite Grey steps = 20
2026-09-07 08:03:53,148 [DEBUG] core.argyll_runner: [argyll] Full spread patches = 345
2026-09-07 08:03:53,148 [DEBUG] core.argyll_runner: [argyll] Degree of adaptation: 0.100
2026-09-07 08:03:53,148 [DEBUG] core.argyll_runner: [argyll] Adaptation weights: Device = 0.935, Perceptual = 0.065, Curvature = 0.010
2026-09-07 08:03:53,148 [DEBUG] core.argyll_runner: [argyll] Perceptual cache resolution = 9
2026-09-07 08:03:53,149 [DEBUG] core.argyll_runner: [argyll] Seeding cache...done
2026-09-07 08:03:53,149 [DEBUG] core.argyll_runner: [argyll] Acceleration grid res = 8
2026-09-07 08:03:53,149 [DEBUG] core.argyll_runner: [argyll] 
2026-09-07 08:03:53,149 [DEBUG] core.argyll_runner: [argyll] There are 20 unique fixed points to add (24 total fixed points)
2026-09-07 08:03:53,149 [DEBUG] core.argyll_runner: [argyll] There are 321 far spread points to add
2026-09-07 08:03:53,150 [DEBUG] core.argyll_runner: [argyll] 
2026-09-07 08:03:53,150 [DEBUG] core.argyll_runner: [argyll] Added 12/341
2026-09-07 08:03:53,150 [DEBUG] core.argyll_runner: [argyll] Added 23/341
2026-09-07 08:03:53,150 [DEBUG] core.argyll_runner: [argyll] Added 34/341
2026-09-07 08:03:53,182 [DEBUG] core.argyll_runner: [argyll] 
2026-09-07 08:03:53,183 [DEBUG] core.argyll_runner: [argyll] Added 45/341
2026-09-07 08:03:53,183 [DEBUG] core.argyll_runner: [argyll] Added 56/341
2026-09-07 08:03:53,183 [DEBUG] core.argyll_runner: [argyll] Added 67/341
2026-09-07 08:03:53,183 [DEBUG] core.argyll_runner: [argyll] Added 78/341
2026-09-07 08:03:53,184 [DEBUG] core.argyll_runner: [argyll] Added 89/341
2026-09-07 08:03:53,185 [DEBUG] core.argyll_runner: [argyll] Added 100/341
2026-09-07 08:03:53,185 [DEBUG] core.argyll_runner: [argyll] Added 111/341
2026-09-07 08:03:53,186 [DEBUG] core.argyll_runner: [argyll] Added 122/341
2026-09-07 08:03:53,187 [DEBUG] core.argyll_runner: [argyll] Added 133/341
2026-09-07 08:03:53,188 [DEBUG] core.argyll_runner: [argyll] Added 144/341
2026-09-07 08:03:53,190 [DEBUG] core.argyll_runner: [argyll] Added 155/341
2026-09-07 08:03:53,191 [DEBUG] core.argyll_runner: [argyll] Added 166/341
2026-09-07 08:03:53,193 [DEBUG] core.argyll_runner: [argyll] Added 177/341
2026-09-07 08:03:53,194 [DEBUG] core.argyll_runner: [argyll] Added 188/341
2026-09-07 08:03:53,196 [DEBUG] core.argyll_runner: [argyll] Added 199/341
2026-09-07 08:03:53,198 [DEBUG] core.argyll_runner: [argyll] Added 210/341
2026-09-07 08:03:53,200 [DEBUG] core.argyll_runner: [argyll] Added 221/341
2026-09-07 08:03:53,202 [DEBUG] core.argyll_runner: [argyll] Added 232/341
2026-09-07 08:03:53,204 [DEBUG] core.argyll_runner: [argyll] Added 243/341
2026-09-07 08:03:53,207 [DEBUG] core.argyll_runner: [argyll] Added 254/341
2026-09-07 08:03:53,209 [DEBUG] core.argyll_runner: [argyll] Added 265/341
2026-09-07 08:03:53,212 [DEBUG] core.argyll_runner: [argyll] Added 276/341
2026-09-07 08:03:53,215 [DEBUG] core.argyll_runner: [argyll] Added 287/341
2026-09-07 08:03:53,218 [DEBUG] core.argyll_runner: [argyll] Added 298/341
2026-09-07 08:03:53,221 [DEBUG] core.argyll_runner: [argyll] Added 309/341
2026-09-07 08:03:53,224 [DEBUG] core.argyll_runner: [argyll] Added 320/341
2026-09-07 08:03:53,227 [DEBUG] core.argyll_runner: [argyll] Added 331/341
2026-09-07 08:03:53,231 [DEBUG] core.argyll_runner: [argyll] Added 341/341
2026-09-07 08:03:53,758 [DEBUG] core.argyll_runner: [argyll] 
2026-09-07 08:03:53,759 [DEBUG] core.argyll_runner: [argyll] After seeding points: MinPoint = 4.671, Min = 4.862, Avg. = 12.654, Max = 15.882, 0.0 secs
2026-09-07 08:03:53,759 [DEBUG] core.argyll_runner: [argyll] Re-seeding
2026-09-07 08:03:53,759 [DEBUG] core.argyll_runner: [argyll] It 1: Maxmv = 0.118265, MinPoint = 5.341, Min = 5.474, Avg. = 12.558, Max = 16.724, 0.0 secs.
2026-09-07 08:03:53,760 [DEBUG] core.argyll_runner: [argyll] Re-seeding
2026-09-07 08:03:53,760 [DEBUG] core.argyll_runner: [argyll] It 2: Maxmv = 0.110208, MinPoint = 5.078, Min = 7.245, Avg. = 12.499, Max = 16.394, 0.0 secs.
2026-09-07 08:03:53,760 [DEBUG] core.argyll_runner: [argyll] Re-seeding
2026-09-07 08:03:53,760 [DEBUG] core.argyll_runner: [argyll] It 3: Maxmv = 0.087802, MinPoint = 5.767, Min = 7.544, Avg. = 12.380, Max = 15.711, 0.0 secs.
2026-09-07 08:03:53,761 [DEBUG] core.argyll_runner: [argyll] Re-seeding
2026-09-07 08:03:53,761 [DEBUG] core.argyll_runner: [argyll] It 4: Maxmv = 0.083099, MinPoint = 6.289, Min = 7.572, Avg. = 12.309, Max = 15.792, 0.0 secs.
2026-09-07 08:03:53,761 [DEBUG] core.argyll_runner: [argyll] Re-seeding
2026-09-07 08:03:53,761 [DEBUG] core.argyll_runner: [argyll] It 5: Maxmv = 0.083849, MinPoint = 8.765, Min = 8.059, Avg. = 12.293, Max = 15.440, 0.0 secs.
2026-09-07 08:03:53,762 [DEBUG] core.argyll_runner: [argyll] Re-seeding
2026-09-07 08:03:53,762 [DEBUG] core.argyll_runner: [argyll] It 6: Maxmv = 0.068780, MinPoint = 7.304, Min = 6.870, Avg. = 12.246, Max = 15.651, 0.0 secs.
2026-09-07 08:03:53,762 [DEBUG] core.argyll_runner: [argyll] Re-seeding
2026-09-07 08:03:53,762 [DEBUG] core.argyll_runner: [argyll] It 7: Maxmv = 0.068823, MinPoint = 8.765, Min = 7.922, Avg. = 12.211, Max = 15.539, 0.0 secs.
2026-09-07 08:03:53,763 [DEBUG] core.argyll_runner: [argyll] Re-seeding
2026-09-07 08:03:53,763 [DEBUG] core.argyll_runner: [argyll] It 8: Maxmv = 0.063155, MinPoint = 8.765, Min = 6.656, Avg. = 12.157, Max = 14.963, 0.0 secs.
2026-09-07 08:03:53,763 [DEBUG] core.argyll_runner: [argyll] Re-seeding
2026-09-07 08:03:53,763 [DEBUG] core.argyll_runner: [argyll] It 9: Maxmv = 0.050329, MinPoint = 8.765, Min = 8.059, Avg. = 12.137, Max = 14.688, 0.0 secs.
2026-09-07 08:03:53,764 [DEBUG] core.argyll_runner: [argyll] Re-seeding
2026-09-07 08:03:53,764 [DEBUG] core.argyll_runner: [argyll] It 10: Maxmv = 0.040705, MinPoint = 8.765, Min = 6.904, Avg. = 12.121, Max = 14.826, 0.0 secs.
2026-09-07 08:03:53,764 [DEBUG] core.argyll_runner: [argyll] Re-seeding
2026-09-07 08:03:53,764 [DEBUG] core.argyll_runner: [argyll] It 11: Maxmv = 0.037410, MinPoint = 8.765, Min = 8.059, Avg. = 12.115, Max = 14.434, 0.0 secs.
2026-09-07 08:03:53,765 [DEBUG] core.argyll_runner: [argyll] Re-seeding
2026-09-07 08:03:53,765 [DEBUG] core.argyll_runner: [argyll] It 12: Maxmv = 0.033147, MinPoint = 8.765, Min = 7.290, Avg. = 12.115, Max = 14.514, 0.0 secs.
2026-09-07 08:03:53,765 [DEBUG] core.argyll_runner: [argyll] Re-seeding
2026-09-07 08:03:53,765 [DEBUG] core.argyll_runner: [argyll] It 13: Maxmv = 0.027677, MinPoint = 8.765, Min = 8.059, Avg. = 12.111, Max = 14.581, 0.0 secs.
2026-09-07 08:03:53,766 [DEBUG] core.argyll_runner: [argyll] Re-seeding
2026-09-07 08:03:53,766 [DEBUG] core.argyll_runner: [argyll] It 14: Maxmv = 0.024292, MinPoint = 8.765, Min = 7.625, Avg. = 12.098, Max = 14.195, 0.0 secs.
2026-09-07 08:03:53,766 [DEBUG] core.argyll_runner: [argyll] Re-seeding
2026-09-07 08:03:53,766 [DEBUG] core.argyll_runner: [argyll] It 15: Maxmv = 0.020522, MinPoint = 8.765, Min = 7.425, Avg. = 12.102, Max = 14.206, 0.0 secs.
2026-09-07 08:03:53,767 [DEBUG] core.argyll_runner: [argyll] Re-seeding
2026-09-07 08:03:53,767 [DEBUG] core.argyll_runner: [argyll] It 16: Maxmv = 0.013530, MinPoint = 8.765, Min = 8.059, Avg. = 12.100, Max = 14.150, 0.0 secs.
2026-09-07 08:03:53,767 [DEBUG] core.argyll_runner: [argyll] Re-seeding
2026-09-07 08:03:53,767 [DEBUG] core.argyll_runner: [argyll] It 17: Maxmv = 0.008944, MinPoint = 8.765, Min = 7.888, Avg. = 12.102, Max = 14.086, 0.0 secs.
2026-09-07 08:03:53,768 [DEBUG] core.argyll_runner: [argyll] Re-seeding
2026-09-07 08:03:53,768 [DEBUG] core.argyll_runner: [argyll] It 18: Maxmv = 0.004380, MinPoint = 8.765, Min = 7.703, Avg. = 12.106, Max = 14.116, 0.0 secs.
2026-09-07 08:03:53,768 [DEBUG] core.argyll_runner: [argyll] Re-seeding
2026-09-07 08:03:53,768 [DEBUG] core.argyll_runner: [argyll] It 19: Maxmv = 0.002763, MinPoint = 8.765, Min = 7.830, Avg. = 12.107, Max = 14.128, 0.0 secs.
2026-09-07 08:03:53,769 [DEBUG] core.argyll_runner: [argyll] Re-seeding
2026-09-07 08:03:53,769 [DEBUG] core.argyll_runner: [argyll] It 20: Maxmv = 0.001758, MinPoint = 8.765, Min = 7.755, Avg. = 12.106, Max = 14.139, 0.0 secs.
2026-09-07 08:03:53,769 [DEBUG] core.argyll_runner: [argyll] After optimization: MinPoint = 8.765, Min = 7.755, Avg. = 12.106, Max = 14.139
2026-09-07 08:03:53,770 [DEBUG] core.argyll_runner: [argyll] Total number of patches = 345
2026-09-07 08:03:53,770 [DEBUG] core.argyll_runner: [argyll] Execution time = 0.609977 seconds
2026-09-07 08:03:53,770 [INFO] core.argyll_runner: ArgyllRunner: finished with code 0
2026-09-07 08:03:53,822 [DEBUG] workflow.chart_creator: Wrote channel sidecar A2-Instruments.channels.json: ['r', 'g', 'b']
2026-09-07 08:03:53,911 [DEBUG] ui.tiff_preview: TiffPreview: loaded 1 page(s)
2026-09-07 08:03:53,911 [INFO] ui.tabs.tab_chart: Preview loaded: 1 TIFF(s)
2026-09-07 08:03:53,923 [DEBUG] ui.tiff_preview: TiffPreview: loaded 1 page(s)
2026-09-07 08:03:53,925 [DEBUG] ui.tiff_preview: TiffPreview: loaded 1 page(s)
2026-09-07 08:03:53,933 [DEBUG] ui.tabs.tab_chart: create-chart settings written for run1 (40 parameters + ui state)
2026-09-07 08:03:55,588 [INFO] assess:   shot Screenshots/A2-instruments/CR30-flat-A4-preview.png  (2232x1146)
2026-09-07 08:03:55,589 [INFO] assess: [CR30-flat-A4] ok=True 4.0s est_before={'total': 345, 'fillup': 0, 'page_patches': 345, 'rows': 23, 'cols': 15, 'pages': 1, 'patch': (12.0, 12.0), 'pitch': None} actual={'total': 345, 'fillup': 0, 'page_patches': 345, 'rows': 23, 'cols': 15, 'pages': 1, 'patch': (12.02, 12.02), 'pitch': None} status='No instrument margins set for this instrument and paper size.' eng=['[ChromIQ layout engine] Drawing the pages. This part runs in one go and cannot be stopped, so the window will not respond until it is finished.', '[ChromIQ layout engine] 345 patches (23×15), 1 page, random start 75315647']
2026-09-07 08:03:55,590 [INFO] assess:   json Test Runs/logs/d02_matrix.json
2026-09-07 08:03:55,590 [INFO] assess:   armed: dialog ~'scanner' -> click 'OK' hex heads-up (hex modes only)
2026-09-07 08:03:55,590 [INFO] assess:   armed: dialog ~'quite fill' -> click 'OK' last page hint
2026-09-07 08:03:55,590 [INFO] assess:   armed: dialog ~'already' -> click 'Continue this project' S4.7 on 2nd+ build
2026-09-07 08:03:56,316 [DEBUG] core.settings: settings.set helper_markers_show = False
2026-09-07 08:03:56,317 [DEBUG] core.settings: settings.set helper_marker_edge_mm = 2.0
2026-09-07 08:03:56,317 [DEBUG] core.settings: settings.set helper_marker_len_mm = 2.0
2026-09-07 08:03:56,317 [DEBUG] core.settings: settings.set helper_marker_per_patch = 3
2026-09-07 08:03:56,317 [DEBUG] core.settings: settings.set helper_markers_top_bottom = True
2026-09-07 08:03:56,317 [DEBUG] core.settings: settings.set helper_markers_sides = True
2026-09-07 08:03:56,981 [INFO] ui.tabs.tab_chart: chart build (Generate Chart) in manual: patch set targen | manual panel: A4R, 0x0 grid, margins T6.0 R6.0 B6.0 L14.4
2026-09-07 08:03:56,984 [DEBUG] core.settings: settings.set session_ti3_path = ''
2026-09-07 08:03:56,984 [DEBUG] core.settings: settings.set session_icc_path = ''
2026-09-07 08:03:56,985 [DEBUG] core.settings: settings.set session_cal_ti3_path = ''
2026-09-07 08:03:56,986 [DEBUG] core.file_manager: Target name set to: A2-Instruments (root /Users/Basti/ChromIQ-assessment/A2-Instruments)
2026-09-07 08:03:56,988 [INFO] core.file_manager: opened the EXISTING project at /Users/Basti/ChromIQ-assessment/A2-Instruments (1 run(s) on disk)
2026-09-07 08:03:57,016 [INFO] workflow.chart_creator: Chart generation: 368 patches, instrument=CR30 paper=A4R disable_lb=True
2026-09-07 08:03:57,016 [INFO] workflow.chart_creator: targen args: ['-v', '-d2', '-f368', '-e3', '-B3', '-G', '-g21', 'A2-Instruments']
2026-09-07 08:03:57,016 [INFO] core.argyll_runner: Run: /Applications/Argyll/bin/targen -v -d2 -f368 -e3 -B3 -G -g21 A2-Instruments  [cwd=/Users/Basti/ChromIQ-assessment/A2-Instruments/runs/run1]
2026-09-07 08:03:57,094 [DEBUG] core.argyll_runner: [argyll] iRGB test chart
2026-09-07 08:03:57,095 [DEBUG] core.argyll_runner: [argyll] White patches = 3
2026-09-07 08:03:57,095 [DEBUG] core.argyll_runner: [argyll] Black patches = 3
2026-09-07 08:03:57,095 [DEBUG] core.argyll_runner: [argyll] Composite Grey steps = 21
2026-09-07 08:03:57,095 [DEBUG] core.argyll_runner: [argyll] Full spread patches = 368
2026-09-07 08:03:57,095 [DEBUG] core.argyll_runner: [argyll] Degree of adaptation: 0.100
2026-09-07 08:03:57,095 [DEBUG] core.argyll_runner: [argyll] Adaptation weights: Device = 0.935, Perceptual = 0.065, Curvature = 0.010
2026-09-07 08:03:57,096 [DEBUG] core.argyll_runner: [argyll] Perceptual cache resolution = 9
2026-09-07 08:03:57,096 [DEBUG] core.argyll_runner: [argyll] Seeding cache...done
2026-09-07 08:03:57,096 [DEBUG] core.argyll_runner: [argyll] Acceleration grid res = 8
2026-09-07 08:03:57,096 [DEBUG] core.argyll_runner: [argyll] 
2026-09-07 08:03:57,096 [DEBUG] core.argyll_runner: [argyll] There are 21 unique fixed points to add (25 total fixed points)
2026-09-07 08:03:57,096 [DEBUG] core.argyll_runner: [argyll] There are 343 far spread points to add
2026-09-07 08:03:57,097 [DEBUG] core.argyll_runner: [argyll] 
2026-09-07 08:03:57,097 [DEBUG] core.argyll_runner: [argyll] Added 12/364
2026-09-07 08:03:57,097 [DEBUG] core.argyll_runner: [argyll] Added 23/364
2026-09-07 08:03:57,097 [DEBUG] core.argyll_runner: [argyll] Added 34/364
2026-09-07 08:03:57,097 [DEBUG] core.argyll_runner: [argyll] Added 45/364
2026-09-07 08:03:57,119 [DEBUG] core.argyll_runner: [argyll] 
2026-09-07 08:03:57,119 [DEBUG] core.argyll_runner: [argyll] Added 56/364
2026-09-07 08:03:57,119 [DEBUG] core.argyll_runner: [argyll] Added 67/364
2026-09-07 08:03:57,120 [DEBUG] core.argyll_runner: [argyll] Added 78/364
2026-09-07 08:03:57,120 [DEBUG] core.argyll_runner: [argyll] Added 89/364
2026-09-07 08:03:57,120 [DEBUG] core.argyll_runner: [argyll] Added 100/364
2026-09-07 08:03:57,121 [DEBUG] core.argyll_runner: [argyll] Added 111/364
2026-09-07 08:03:57,122 [DEBUG] core.argyll_runner: [argyll] Added 122/364
2026-09-07 08:03:57,123 [DEBUG] core.argyll_runner: [argyll] Added 133/364
2026-09-07 08:03:57,124 [DEBUG] core.argyll_runner: [argyll] Added 144/364
2026-09-07 08:03:57,125 [DEBUG] core.argyll_runner: [argyll] Added 155/364
2026-09-07 08:03:57,126 [DEBUG] core.argyll_runner: [argyll] Added 166/364
2026-09-07 08:03:57,127 [DEBUG] core.argyll_runner: [argyll] Added 177/364
2026-09-07 08:03:57,129 [DEBUG] core.argyll_runner: [argyll] Added 188/364
2026-09-07 08:03:57,131 [DEBUG] core.argyll_runner: [argyll] Added 199/364
2026-09-07 08:03:57,132 [DEBUG] core.argyll_runner: [argyll] Added 210/364
2026-09-07 08:03:57,134 [DEBUG] core.argyll_runner: [argyll] Added 221/364
2026-09-07 08:03:57,136 [DEBUG] core.argyll_runner: [argyll] Added 232/364
2026-09-07 08:03:57,139 [DEBUG] core.argyll_runner: [argyll] Added 243/364
2026-09-07 08:03:57,141 [DEBUG] core.argyll_runner: [argyll] Added 254/364
2026-09-07 08:03:57,143 [DEBUG] core.argyll_runner: [argyll] Added 265/364
2026-09-07 08:03:57,146 [DEBUG] core.argyll_runner: [argyll] Added 276/364
2026-09-07 08:03:57,149 [DEBUG] core.argyll_runner: [argyll] Added 287/364
2026-09-07 08:03:57,152 [DEBUG] core.argyll_runner: [argyll] Added 298/364
2026-09-07 08:03:57,155 [DEBUG] core.argyll_runner: [argyll] Added 309/364
2026-09-07 08:03:57,158 [DEBUG] core.argyll_runner: [argyll] Added 320/364
2026-09-07 08:03:57,161 [DEBUG] core.argyll_runner: [argyll] Added 331/364
2026-09-07 08:03:57,165 [DEBUG] core.argyll_runner: [argyll] Added 342/364
2026-09-07 08:03:57,168 [DEBUG] core.argyll_runner: [argyll] Added 353/364
2026-09-07 08:03:57,185 [DEBUG] core.argyll_runner: [argyll] 
2026-09-07 08:03:57,186 [DEBUG] core.argyll_runner: [argyll] Added 364/364
2026-09-07 08:03:57,751 [DEBUG] core.argyll_runner: [argyll] 
2026-09-07 08:03:57,751 [DEBUG] core.argyll_runner: [argyll] After seeding points: MinPoint = 5.480, Min = 4.422, Avg. = 12.302, Max = 15.831, 0.0 secs
2026-09-07 08:03:57,752 [DEBUG] core.argyll_runner: [argyll] Re-seeding
2026-09-07 08:03:57,752 [DEBUG] core.argyll_runner: [argyll] It 1: Maxmv = 0.145153, MinPoint = 5.378, Min = 4.804, Avg. = 12.349, Max = 17.433, 0.0 secs.
2026-09-07 08:03:57,752 [DEBUG] core.argyll_runner: [argyll] Re-seeding
2026-09-07 08:03:57,753 [DEBUG] core.argyll_runner: [argyll] It 2: Maxmv = 0.101092, MinPoint = 5.617, Min = 6.048, Avg. = 12.221, Max = 17.434, 0.0 secs.
2026-09-07 08:03:57,753 [DEBUG] core.argyll_runner: [argyll] Re-seeding
2026-09-07 08:03:57,753 [DEBUG] core.argyll_runner: [argyll] It 3: Maxmv = 0.106878, MinPoint = 5.725, Min = 6.579, Avg. = 12.144, Max = 16.518, 0.0 secs.
2026-09-07 08:03:57,753 [DEBUG] core.argyll_runner: [argyll] Re-seeding
2026-09-07 08:03:57,754 [DEBUG] core.argyll_runner: [argyll] It 4: Maxmv = 0.100001, MinPoint = 6.994, Min = 6.088, Avg. = 12.063, Max = 15.693, 0.0 secs.
2026-09-07 08:03:57,754 [DEBUG] core.argyll_runner: [argyll] Re-seeding
2026-09-07 08:03:57,754 [DEBUG] core.argyll_runner: [argyll] It 5: Maxmv = 0.088195, MinPoint = 7.763, Min = 6.194, Avg. = 12.019, Max = 16.158, 0.0 secs.
2026-09-07 08:03:57,754 [DEBUG] core.argyll_runner: [argyll] Re-seeding
2026-09-07 08:03:57,754 [DEBUG] core.argyll_runner: [argyll] It 6: Maxmv = 0.078995, MinPoint = 8.327, Min = 6.547, Avg. = 11.959, Max = 15.781, 0.0 secs.
2026-09-07 08:03:57,755 [DEBUG] core.argyll_runner: [argyll] Re-seeding
2026-09-07 08:03:57,755 [DEBUG] core.argyll_runner: [argyll] It 7: Maxmv = 0.061690, MinPoint = 8.327, Min = 6.518, Avg. = 11.904, Max = 15.829, 0.0 secs.
2026-09-07 08:03:57,755 [DEBUG] core.argyll_runner: [argyll] Re-seeding
2026-09-07 08:03:57,755 [DEBUG] core.argyll_runner: [argyll] It 8: Maxmv = 0.059075, MinPoint = 8.327, Min = 7.075, Avg. = 11.846, Max = 15.244, 0.0 secs.
2026-09-07 08:03:57,756 [DEBUG] core.argyll_runner: [argyll] Re-seeding
2026-09-07 08:03:57,756 [DEBUG] core.argyll_runner: [argyll] It 9: Maxmv = 0.051646, MinPoint = 8.327, Min = 6.967, Avg. = 11.829, Max = 15.093, 0.0 secs.
2026-09-07 08:03:57,756 [DEBUG] core.argyll_runner: [argyll] Re-seeding
2026-09-07 08:03:57,756 [DEBUG] core.argyll_runner: [argyll] It 10: Maxmv = 0.040851, MinPoint = 8.327, Min = 7.293, Avg. = 11.772, Max = 15.107, 0.0 secs.
2026-09-07 08:03:57,757 [DEBUG] core.argyll_runner: [argyll] Re-seeding
2026-09-07 08:03:57,757 [DEBUG] core.argyll_runner: [argyll] It 11: Maxmv = 0.042167, MinPoint = 8.327, Min = 7.194, Avg. = 11.785, Max = 14.821, 0.0 secs.
2026-09-07 08:03:57,757 [DEBUG] core.argyll_runner: [argyll] Re-seeding
2026-09-07 08:03:57,757 [DEBUG] core.argyll_runner: [argyll] It 12: Maxmv = 0.036160, MinPoint = 8.327, Min = 7.307, Avg. = 11.751, Max = 14.838, 0.0 secs.
2026-09-07 08:03:57,758 [DEBUG] core.argyll_runner: [argyll] Re-seeding
2026-09-07 08:03:57,758 [DEBUG] core.argyll_runner: [argyll] It 13: Maxmv = 0.037945, MinPoint = 8.327, Min = 7.380, Avg. = 11.754, Max = 14.911, 0.0 secs.
2026-09-07 08:03:57,758 [DEBUG] core.argyll_runner: [argyll] Re-seeding
2026-09-07 08:03:57,758 [DEBUG] core.argyll_runner: [argyll] It 14: Maxmv = 0.025117, MinPoint = 8.327, Min = 7.656, Avg. = 11.741, Max = 15.295, 0.0 secs.
2026-09-07 08:03:57,759 [DEBUG] core.argyll_runner: [argyll] Re-seeding
2026-09-07 08:03:57,759 [DEBUG] core.argyll_runner: [argyll] It 15: Maxmv = 0.016633, MinPoint = 8.327, Min = 7.656, Avg. = 11.737, Max = 14.371, 0.0 secs.
2026-09-07 08:03:57,759 [DEBUG] core.argyll_runner: [argyll] Re-seeding
2026-09-07 08:03:57,759 [DEBUG] core.argyll_runner: [argyll] It 16: Maxmv = 0.018184, MinPoint = 8.327, Min = 7.656, Avg. = 11.731, Max = 14.174, 0.0 secs.
2026-09-07 08:03:57,760 [DEBUG] core.argyll_runner: [argyll] Re-seeding
2026-09-07 08:03:57,760 [DEBUG] core.argyll_runner: [argyll] It 17: Maxmv = 0.009919, MinPoint = 8.327, Min = 7.656, Avg. = 11.730, Max = 14.164, 0.0 secs.
2026-09-07 08:03:57,760 [DEBUG] core.argyll_runner: [argyll] Re-seeding
2026-09-07 08:03:57,760 [DEBUG] core.argyll_runner: [argyll] It 18: Maxmv = 0.005889, MinPoint = 8.327, Min = 7.656, Avg. = 11.729, Max = 14.154, 0.0 secs.
2026-09-07 08:03:57,761 [DEBUG] core.argyll_runner: [argyll] Re-seeding
2026-09-07 08:03:57,761 [DEBUG] core.argyll_runner: [argyll] It 19: Maxmv = 0.001964, MinPoint = 8.327, Min = 7.656, Avg. = 11.729, Max = 14.130, 0.0 secs.
2026-09-07 08:03:57,761 [DEBUG] core.argyll_runner: [argyll] Re-seeding
2026-09-07 08:03:57,761 [DEBUG] core.argyll_runner: [argyll] It 20: Maxmv = 0.001986, MinPoint = 8.327, Min = 7.656, Avg. = 11.730, Max = 14.118, 0.0 secs.
2026-09-07 08:03:57,762 [DEBUG] core.argyll_runner: [argyll] After optimization: MinPoint = 8.327, Min = 7.656, Avg. = 11.730, Max = 14.118
2026-09-07 08:03:57,762 [DEBUG] core.argyll_runner: [argyll] Total number of patches = 368
2026-09-07 08:03:57,762 [DEBUG] core.argyll_runner: [argyll] Execution time = 0.660716 seconds
2026-09-07 08:03:57,762 [INFO] core.argyll_runner: ArgyllRunner: finished with code 0
2026-09-07 08:03:57,814 [DEBUG] workflow.chart_creator: Wrote channel sidecar A2-Instruments.channels.json: ['r', 'g', 'b']
2026-09-07 08:03:57,898 [DEBUG] ui.tiff_preview: TiffPreview: loaded 1 page(s)
2026-09-07 08:03:57,898 [INFO] ui.tabs.tab_chart: Preview loaded: 1 TIFF(s)
2026-09-07 08:03:57,911 [DEBUG] ui.tiff_preview: TiffPreview: loaded 1 page(s)
2026-09-07 08:03:57,913 [DEBUG] ui.tiff_preview: TiffPreview: loaded 1 page(s)
2026-09-07 08:03:57,918 [DEBUG] ui.tabs.tab_chart: create-chart settings written for run1 (40 parameters + ui state)
2026-09-07 08:03:59,621 [INFO] assess:   shot Screenshots/A2-instruments/CR30-flat-A4R-preview.png  (2232x1146)
2026-09-07 08:03:59,622 [INFO] assess: [CR30-flat-A4R] ok=True 4.0s est_before={'total': 368, 'fillup': 0, 'page_patches': 368, 'rows': 16, 'cols': 23, 'pages': 1, 'patch': (12.0, 12.0), 'pitch': None} actual={'total': 368, 'fillup': 0, 'page_patches': 368, 'rows': 16, 'cols': 23, 'pages': 1, 'patch': (12.02, 12.02), 'pitch': None} status='No instrument margins set for this instrument and paper size.' eng=['[ChromIQ layout engine] Drawing the pages. This part runs in one go and cannot be stopped, so the window will not respond until it is finished.', '[ChromIQ layout engine] 368 patches (16×23), 1 page, random start 630313821']
2026-09-07 08:03:59,623 [INFO] assess:   json Test Runs/logs/d02_matrix.json
2026-09-07 08:03:59,623 [INFO] assess:   armed: dialog ~'scanner' -> click 'OK' hex heads-up (hex modes only)
2026-09-07 08:03:59,623 [INFO] assess:   armed: dialog ~'quite fill' -> click 'OK' last page hint
2026-09-07 08:03:59,623 [INFO] assess:   armed: dialog ~'already' -> click 'Continue this project' S4.7 on 2nd+ build
2026-09-07 08:04:00,348 [DEBUG] core.settings: settings.set helper_markers_show = False
2026-09-07 08:04:00,348 [DEBUG] core.settings: settings.set helper_marker_edge_mm = 2.0
2026-09-07 08:04:00,348 [DEBUG] core.settings: settings.set helper_marker_len_mm = 2.0
2026-09-07 08:04:00,349 [DEBUG] core.settings: settings.set helper_marker_per_patch = 3
2026-09-07 08:04:00,349 [DEBUG] core.settings: settings.set helper_markers_top_bottom = True
2026-09-07 08:04:00,349 [DEBUG] core.settings: settings.set helper_markers_sides = True
2026-09-07 08:04:01,017 [INFO] ui.tabs.tab_chart: chart build (Generate Chart) in manual: patch set targen | manual panel: A3, 0x0 grid, margins T6.0 R6.0 B6.0 L14.4
2026-09-07 08:04:01,020 [DEBUG] core.settings: settings.set session_ti3_path = ''
2026-09-07 08:04:01,021 [DEBUG] core.settings: settings.set session_icc_path = ''
2026-09-07 08:04:01,021 [DEBUG] core.settings: settings.set session_cal_ti3_path = ''
2026-09-07 08:04:01,022 [DEBUG] core.file_manager: Target name set to: A2-Instruments (root /Users/Basti/ChromIQ-assessment/A2-Instruments)
2026-09-07 08:04:01,023 [INFO] core.file_manager: opened the EXISTING project at /Users/Basti/ChromIQ-assessment/A2-Instruments (1 run(s) on disk)
2026-09-07 08:04:01,054 [INFO] workflow.chart_creator: Chart generation: 782 patches, instrument=CR30 paper=A3 disable_lb=True
2026-09-07 08:04:01,054 [INFO] workflow.chart_creator: targen args: ['-v', '-d2', '-f782', '-e5', '-B5', '-G', '-g45', 'A2-Instruments']
2026-09-07 08:04:01,054 [INFO] core.argyll_runner: Run: /Applications/Argyll/bin/targen -v -d2 -f782 -e5 -B5 -G -g45 A2-Instruments  [cwd=/Users/Basti/ChromIQ-assessment/A2-Instruments/runs/run1]
2026-09-07 08:04:01,134 [DEBUG] core.argyll_runner: [argyll] iRGB test chart
2026-09-07 08:04:01,134 [DEBUG] core.argyll_runner: [argyll] White patches = 5
2026-09-07 08:04:01,134 [DEBUG] core.argyll_runner: [argyll] Black patches = 5
2026-09-07 08:04:01,134 [DEBUG] core.argyll_runner: [argyll] Composite Grey steps = 45
2026-09-07 08:04:01,134 [DEBUG] core.argyll_runner: [argyll] Full spread patches = 782
2026-09-07 08:04:01,135 [DEBUG] core.argyll_runner: [argyll] Degree of adaptation: 0.100
2026-09-07 08:04:01,135 [DEBUG] core.argyll_runner: [argyll] Adaptation weights: Device = 0.935, Perceptual = 0.065, Curvature = 0.010
2026-09-07 08:04:01,135 [DEBUG] core.argyll_runner: [argyll] Perceptual cache resolution = 11
2026-09-07 08:04:01,135 [DEBUG] core.argyll_runner: [argyll] Seeding cache...done
2026-09-07 08:04:01,135 [DEBUG] core.argyll_runner: [argyll] Acceleration grid res = 10
2026-09-07 08:04:01,136 [DEBUG] core.argyll_runner: [argyll] 
2026-09-07 08:04:01,136 [DEBUG] core.argyll_runner: [argyll] There are 45 unique fixed points to add (53 total fixed points)
2026-09-07 08:04:01,136 [DEBUG] core.argyll_runner: [argyll] There are 729 far spread points to add
2026-09-07 08:04:01,136 [DEBUG] core.argyll_runner: [argyll] 
2026-09-07 08:04:01,136 [DEBUG] core.argyll_runner: [argyll] Added 12/774
2026-09-07 08:04:01,136 [DEBUG] core.argyll_runner: [argyll] Added 23/774
2026-09-07 08:04:01,137 [DEBUG] core.argyll_runner: [argyll] Added 34/774
2026-09-07 08:04:01,137 [DEBUG] core.argyll_runner: [argyll] Added 45/774
2026-09-07 08:04:01,137 [DEBUG] core.argyll_runner: [argyll] Added 56/774
2026-09-07 08:04:01,138 [DEBUG] core.argyll_runner: [argyll] Added 67/774
2026-09-07 08:04:01,158 [DEBUG] core.argyll_runner: [argyll] 
2026-09-07 08:04:01,158 [DEBUG] core.argyll_runner: [argyll] Added 78/774
2026-09-07 08:04:01,158 [DEBUG] core.argyll_runner: [argyll] Added 89/774
2026-09-07 08:04:01,159 [DEBUG] core.argyll_runner: [argyll] Added 100/774
2026-09-07 08:04:01,159 [DEBUG] core.argyll_runner: [argyll] Added 111/774
2026-09-07 08:04:01,160 [DEBUG] core.argyll_runner: [argyll] Added 122/774
2026-09-07 08:04:01,160 [DEBUG] core.argyll_runner: [argyll] Added 133/774
2026-09-07 08:04:01,161 [DEBUG] core.argyll_runner: [argyll] Added 144/774
2026-09-07 08:04:01,162 [DEBUG] core.argyll_runner: [argyll] Added 155/774
2026-09-07 08:04:01,163 [DEBUG] core.argyll_runner: [argyll] Added 166/774
2026-09-07 08:04:01,165 [DEBUG] core.argyll_runner: [argyll] Added 177/774
2026-09-07 08:04:01,166 [DEBUG] core.argyll_runner: [argyll] Added 188/774
2026-09-07 08:04:01,167 [DEBUG] core.argyll_runner: [argyll] Added 199/774
2026-09-07 08:04:01,169 [DEBUG] core.argyll_runner: [argyll] Added 210/774
2026-09-07 08:04:01,171 [DEBUG] core.argyll_runner: [argyll] Added 221/774
2026-09-07 08:04:01,173 [DEBUG] core.argyll_runner: [argyll] Added 232/774
2026-09-07 08:04:01,175 [DEBUG] core.argyll_runner: [argyll] Added 243/774
2026-09-07 08:04:01,177 [DEBUG] core.argyll_runner: [argyll] Added 254/774
2026-09-07 08:04:01,180 [DEBUG] core.argyll_runner: [argyll] Added 265/774
2026-09-07 08:04:01,182 [DEBUG] core.argyll_runner: [argyll] Added 276/774
2026-09-07 08:04:01,185 [DEBUG] core.argyll_runner: [argyll] Added 287/774
2026-09-07 08:04:01,187 [DEBUG] core.argyll_runner: [argyll] Added 298/774
2026-09-07 08:04:01,203 [DEBUG] core.argyll_runner: [argyll] 
2026-09-07 08:04:01,204 [DEBUG] core.argyll_runner: [argyll] Added 309/774
2026-09-07 08:04:01,204 [DEBUG] core.argyll_runner: [argyll] Added 320/774
2026-09-07 08:04:01,204 [DEBUG] core.argyll_runner: [argyll] Added 331/774
2026-09-07 08:04:01,205 [DEBUG] core.argyll_runner: [argyll] Added 342/774
2026-09-07 08:04:01,205 [DEBUG] core.argyll_runner: [argyll] Added 353/774
2026-09-07 08:04:01,206 [DEBUG] core.argyll_runner: [argyll] Added 364/774
2026-09-07 08:04:01,207 [DEBUG] core.argyll_runner: [argyll] Added 375/774
2026-09-07 08:04:01,208 [DEBUG] core.argyll_runner: [argyll] Added 386/774
2026-09-07 08:04:01,209 [DEBUG] core.argyll_runner: [argyll] Added 397/774
2026-09-07 08:04:01,210 [DEBUG] core.argyll_runner: [argyll] Added 408/774
2026-09-07 08:04:01,212 [DEBUG] core.argyll_runner: [argyll] Added 419/774
2026-09-07 08:04:01,213 [DEBUG] core.argyll_runner: [argyll] Added 430/774
2026-09-07 08:04:01,215 [DEBUG] core.argyll_runner: [argyll] Added 441/774
2026-09-07 08:04:01,216 [DEBUG] core.argyll_runner: [argyll] Added 452/774
2026-09-07 08:04:01,218 [DEBUG] core.argyll_runner: [argyll] Added 463/774
2026-09-07 08:04:01,220 [DEBUG] core.argyll_runner: [argyll] Added 474/774
2026-09-07 08:04:01,222 [DEBUG] core.argyll_runner: [argyll] Added 485/774
2026-09-07 08:04:01,224 [DEBUG] core.argyll_runner: [argyll] Added 496/774
2026-09-07 08:04:01,226 [DEBUG] core.argyll_runner: [argyll] Added 507/774
2026-09-07 08:04:01,229 [DEBUG] core.argyll_runner: [argyll] Added 518/774
2026-09-07 08:04:01,232 [DEBUG] core.argyll_runner: [argyll] Added 529/774
2026-09-07 08:04:01,235 [DEBUG] core.argyll_runner: [argyll] Added 540/774
2026-09-07 08:04:01,238 [DEBUG] core.argyll_runner: [argyll] Added 551/774
2026-09-07 08:04:01,241 [DEBUG] core.argyll_runner: [argyll] Added 562/774
2026-09-07 08:04:01,245 [DEBUG] core.argyll_runner: [argyll] Added 573/774
2026-09-07 08:04:01,248 [DEBUG] core.argyll_runner: [argyll] Added 584/774
2026-09-07 08:04:01,252 [DEBUG] core.argyll_runner: [argyll] Added 595/774
2026-09-07 08:04:01,256 [DEBUG] core.argyll_runner: [argyll] Added 606/774
2026-09-07 08:04:01,259 [DEBUG] core.argyll_runner: [argyll] Added 617/774
2026-09-07 08:04:01,263 [DEBUG] core.argyll_runner: [argyll] Added 628/774
2026-09-07 08:04:01,267 [DEBUG] core.argyll_runner: [argyll] Added 639/774
2026-09-07 08:04:01,271 [DEBUG] core.argyll_runner: [argyll] Added 650/774
2026-09-07 08:04:01,276 [DEBUG] core.argyll_runner: [argyll] Added 661/774
2026-09-07 08:04:01,280 [DEBUG] core.argyll_runner: [argyll] Added 672/774
2026-09-07 08:04:01,285 [DEBUG] core.argyll_runner: [argyll] Added 683/774
2026-09-07 08:04:01,289 [DEBUG] core.argyll_runner: [argyll] Added 694/774
2026-09-07 08:04:01,294 [DEBUG] core.argyll_runner: [argyll] Added 705/774
2026-09-07 08:04:01,299 [DEBUG] core.argyll_runner: [argyll] Added 716/774
2026-09-07 08:04:01,304 [DEBUG] core.argyll_runner: [argyll] Added 727/774
2026-09-07 08:04:01,310 [DEBUG] core.argyll_runner: [argyll] Added 738/774
2026-09-07 08:04:01,315 [DEBUG] core.argyll_runner: [argyll] Added 749/774
2026-09-07 08:04:01,321 [DEBUG] core.argyll_runner: [argyll] Added 760/774
2026-09-07 08:04:01,327 [DEBUG] core.argyll_runner: [argyll] Added 771/774
2026-09-07 08:04:01,333 [DEBUG] core.argyll_runner: [argyll] Added 774/774
2026-09-07 08:04:02,700 [DEBUG] core.argyll_runner: [argyll] 
2026-09-07 08:04:02,702 [DEBUG] core.argyll_runner: [argyll] After seeding points: MinPoint = 3.576, Min = 3.115, Avg. = 9.493, Max = 11.609, 0.1 secs
2026-09-07 08:04:02,703 [DEBUG] core.argyll_runner: [argyll] Re-seeding
2026-09-07 08:04:02,703 [DEBUG] core.argyll_runner: [argyll] It 1: Maxmv = 0.120669, MinPoint = 3.754, Min = 3.472, Avg. = 9.450, Max = 13.497, 0.1 secs.
2026-09-07 08:04:02,703 [DEBUG] core.argyll_runner: [argyll] Re-seeding
2026-09-07 08:04:02,703 [DEBUG] core.argyll_runner: [argyll] It 2: Maxmv = 0.082045, MinPoint = 3.780, Min = 3.472, Avg. = 9.360, Max = 12.619, 0.1 secs.
2026-09-07 08:04:02,704 [DEBUG] core.argyll_runner: [argyll] Re-seeding
2026-09-07 08:04:02,704 [DEBUG] core.argyll_runner: [argyll] It 3: Maxmv = 0.071444, MinPoint = 3.780, Min = 3.472, Avg. = 9.335, Max = 12.686, 0.1 secs.
2026-09-07 08:04:02,704 [DEBUG] core.argyll_runner: [argyll] Re-seeding
2026-09-07 08:04:02,704 [DEBUG] core.argyll_runner: [argyll] It 4: Maxmv = 0.076343, MinPoint = 3.097, Min = 3.472, Avg. = 9.225, Max = 11.847, 0.1 secs.
2026-09-07 08:04:02,705 [DEBUG] core.argyll_runner: [argyll] Re-seeding
2026-09-07 08:04:02,705 [DEBUG] core.argyll_runner: [argyll] It 5: Maxmv = 0.060407, MinPoint = 3.780, Min = 3.472, Avg. = 9.188, Max = 11.582, 0.1 secs.
2026-09-07 08:04:02,705 [DEBUG] core.argyll_runner: [argyll] Re-seeding
2026-09-07 08:04:02,705 [DEBUG] core.argyll_runner: [argyll] It 6: Maxmv = 0.052313, MinPoint = 3.780, Min = 3.472, Avg. = 9.142, Max = 12.004, 0.1 secs.
2026-09-07 08:04:02,706 [DEBUG] core.argyll_runner: [argyll] Re-seeding
2026-09-07 08:04:02,706 [DEBUG] core.argyll_runner: [argyll] It 7: Maxmv = 0.044295, MinPoint = 3.780, Min = 3.472, Avg. = 9.097, Max = 11.523, 0.1 secs.
2026-09-07 08:04:02,706 [DEBUG] core.argyll_runner: [argyll] Re-seeding
2026-09-07 08:04:02,706 [DEBUG] core.argyll_runner: [argyll] It 8: Maxmv = 0.048481, MinPoint = 3.780, Min = 3.472, Avg. = 9.072, Max = 11.413, 0.1 secs.
2026-09-07 08:04:02,707 [DEBUG] core.argyll_runner: [argyll] Re-seeding
2026-09-07 08:04:02,707 [DEBUG] core.argyll_runner: [argyll] It 9: Maxmv = 0.032665, MinPoint = 3.780, Min = 3.472, Avg. = 9.050, Max = 11.154, 0.1 secs.
2026-09-07 08:04:02,707 [DEBUG] core.argyll_runner: [argyll] Re-seeding
2026-09-07 08:04:02,707 [DEBUG] core.argyll_runner: [argyll] It 10: Maxmv = 0.029353, MinPoint = 3.780, Min = 3.472, Avg. = 9.024, Max = 10.741, 0.1 secs.
2026-09-07 08:04:02,708 [DEBUG] core.argyll_runner: [argyll] Re-seeding
2026-09-07 08:04:02,708 [DEBUG] core.argyll_runner: [argyll] It 11: Maxmv = 0.025675, MinPoint = 3.780, Min = 3.472, Avg. = 9.017, Max = 10.792, 0.1 secs.
2026-09-07 08:04:02,708 [DEBUG] core.argyll_runner: [argyll] Re-seeding
2026-09-07 08:04:02,708 [DEBUG] core.argyll_runner: [argyll] It 12: Maxmv = 0.022409, MinPoint = 3.780, Min = 3.472, Avg. = 9.004, Max = 10.543, 0.1 secs.
2026-09-07 08:04:02,709 [DEBUG] core.argyll_runner: [argyll] Re-seeding
2026-09-07 08:04:02,709 [DEBUG] core.argyll_runner: [argyll] It 13: Maxmv = 0.018301, MinPoint = 3.780, Min = 3.472, Avg. = 8.995, Max = 10.631, 0.1 secs.
2026-09-07 08:04:02,709 [DEBUG] core.argyll_runner: [argyll] Re-seeding
2026-09-07 08:04:02,709 [DEBUG] core.argyll_runner: [argyll] It 14: Maxmv = 0.016184, MinPoint = 3.780, Min = 3.472, Avg. = 8.988, Max = 10.528, 0.1 secs.
2026-09-07 08:04:02,710 [DEBUG] core.argyll_runner: [argyll] Re-seeding
2026-09-07 08:04:02,710 [DEBUG] core.argyll_runner: [argyll] It 15: Maxmv = 0.011423, MinPoint = 3.780, Min = 3.472, Avg. = 8.982, Max = 10.539, 0.1 secs.
2026-09-07 08:04:02,710 [DEBUG] core.argyll_runner: [argyll] Re-seeding
2026-09-07 08:04:02,710 [DEBUG] core.argyll_runner: [argyll] It 16: Maxmv = 0.010083, MinPoint = 3.780, Min = 3.472, Avg. = 8.977, Max = 10.662, 0.1 secs.
2026-09-07 08:04:02,711 [DEBUG] core.argyll_runner: [argyll] Re-seeding
2026-09-07 08:04:02,711 [DEBUG] core.argyll_runner: [argyll] It 17: Maxmv = 0.005954, MinPoint = 3.780, Min = 3.472, Avg. = 8.976, Max = 10.798, 0.1 secs.
2026-09-07 08:04:02,711 [DEBUG] core.argyll_runner: [argyll] Re-seeding
2026-09-07 08:04:02,711 [DEBUG] core.argyll_runner: [argyll] It 18: Maxmv = 0.003959, MinPoint = 3.780, Min = 3.472, Avg. = 8.975, Max = 10.781, 0.1 secs.
2026-09-07 08:04:02,712 [DEBUG] core.argyll_runner: [argyll] Re-seeding
2026-09-07 08:04:02,712 [DEBUG] core.argyll_runner: [argyll] It 19: Maxmv = 0.001447, MinPoint = 3.780, Min = 3.472, Avg. = 8.974, Max = 10.753, 0.1 secs.
2026-09-07 08:04:02,712 [DEBUG] core.argyll_runner: [argyll] Re-seeding
2026-09-07 08:04:02,712 [DEBUG] core.argyll_runner: [argyll] It 20: Maxmv = 0.001368, MinPoint = 3.780, Min = 3.472, Avg. = 8.974, Max = 10.770, 0.1 secs.
2026-09-07 08:04:02,713 [DEBUG] core.argyll_runner: [argyll] After optimization: MinPoint = 3.780, Min = 3.472, Avg. = 8.974, Max = 10.770
2026-09-07 08:04:02,713 [DEBUG] core.argyll_runner: [argyll] Total number of patches = 782
2026-09-07 08:04:02,713 [DEBUG] core.argyll_runner: [argyll] Execution time = 1.577527 seconds
2026-09-07 08:04:02,713 [INFO] core.argyll_runner: ArgyllRunner: finished with code 0
2026-09-07 08:04:02,813 [DEBUG] workflow.chart_creator: Wrote channel sidecar A2-Instruments.channels.json: ['r', 'g', 'b']
2026-09-07 08:04:02,970 [DEBUG] ui.tiff_preview: TiffPreview: loaded 1 page(s)
2026-09-07 08:04:02,970 [INFO] ui.tabs.tab_chart: Preview loaded: 1 TIFF(s)
2026-09-07 08:04:02,989 [DEBUG] ui.tiff_preview: TiffPreview: loaded 1 page(s)
2026-09-07 08:04:02,992 [DEBUG] ui.tiff_preview: TiffPreview: loaded 1 page(s)
2026-09-07 08:04:02,999 [DEBUG] ui.tabs.tab_chart: create-chart settings written for run1 (40 parameters + ui state)
2026-09-07 08:04:05,413 [INFO] assess:   shot Screenshots/A2-instruments/CR30-flat-A3-preview.png  (2232x1146)
2026-09-07 08:04:05,413 [INFO] assess: [CR30-flat-A3] ok=True 5.8s est_before={'total': 782, 'fillup': 0, 'page_patches': 782, 'rows': 34, 'cols': 23, 'pages': 1, 'patch': (12.0, 12.0), 'pitch': None} actual={'total': 782, 'fillup': 0, 'page_patches': 782, 'rows': 34, 'cols': 23, 'pages': 1, 'patch': (12.02, 12.02), 'pitch': None} status='No instrument margins set for this instrument and paper size.' eng=['[ChromIQ layout engine] Drawing the pages. This part runs in one go and cannot be stopped, so the window will not respond until it is finished.', '[ChromIQ layout engine] 782 patches (34×23), 1 page, random start 1674721422']
2026-09-07 08:04:05,416 [INFO] assess:   json Test Runs/logs/d02_matrix.json
2026-09-07 08:04:05,416 [INFO] assess:   armed: dialog ~'scanner' -> click 'OK' hex heads-up (hex modes only)
2026-09-07 08:04:05,416 [INFO] assess:   armed: dialog ~'quite fill' -> click 'OK' last page hint
2026-09-07 08:04:05,416 [INFO] assess:   armed: dialog ~'already' -> click 'Continue this project' S4.7 on 2nd+ build
2026-09-07 08:04:06,141 [DEBUG] core.settings: settings.set helper_markers_show = False
2026-09-07 08:04:06,141 [DEBUG] core.settings: settings.set helper_marker_edge_mm = 2.0
2026-09-07 08:04:06,141 [DEBUG] core.settings: settings.set helper_marker_len_mm = 2.0
2026-09-07 08:04:06,141 [DEBUG] core.settings: settings.set helper_marker_per_patch = 3
2026-09-07 08:04:06,141 [DEBUG] core.settings: settings.set helper_markers_top_bottom = True
2026-09-07 08:04:06,141 [DEBUG] core.settings: settings.set helper_markers_sides = True
2026-09-07 08:04:06,820 [INFO] ui.tabs.tab_chart: chart build (Generate Chart) in manual: patch set targen | manual panel: 420x297, 0x0 grid, margins T6.0 R6.0 B6.0 L14.4
2026-09-07 08:04:06,823 [DEBUG] core.settings: settings.set session_ti3_path = ''
2026-09-07 08:04:06,824 [DEBUG] core.settings: settings.set session_icc_path = ''
2026-09-07 08:04:06,824 [DEBUG] core.settings: settings.set session_cal_ti3_path = ''
2026-09-07 08:04:06,826 [DEBUG] core.file_manager: Target name set to: A2-Instruments (root /Users/Basti/ChromIQ-assessment/A2-Instruments)
2026-09-07 08:04:06,827 [INFO] core.file_manager: opened the EXISTING project at /Users/Basti/ChromIQ-assessment/A2-Instruments (1 run(s) on disk)
2026-09-07 08:04:06,853 [INFO] workflow.chart_creator: Chart generation: 759 patches, instrument=CR30 paper=420x297 disable_lb=True
2026-09-07 08:04:06,853 [INFO] workflow.chart_creator: targen args: ['-v', '-d2', '-f759', '-e5', '-B5', '-G', '-g43', 'A2-Instruments']
2026-09-07 08:04:06,853 [INFO] core.argyll_runner: Run: /Applications/Argyll/bin/targen -v -d2 -f759 -e5 -B5 -G -g43 A2-Instruments  [cwd=/Users/Basti/ChromIQ-assessment/A2-Instruments/runs/run1]
2026-09-07 08:04:06,948 [DEBUG] core.argyll_runner: [argyll] iRGB test chart
2026-09-07 08:04:06,948 [DEBUG] core.argyll_runner: [argyll] White patches = 5
2026-09-07 08:04:06,948 [DEBUG] core.argyll_runner: [argyll] Black patches = 5
2026-09-07 08:04:06,948 [DEBUG] core.argyll_runner: [argyll] Composite Grey steps = 43
2026-09-07 08:04:06,949 [DEBUG] core.argyll_runner: [argyll] Full spread patches = 759
2026-09-07 08:04:06,949 [DEBUG] core.argyll_runner: [argyll] Degree of adaptation: 0.100
2026-09-07 08:04:06,949 [DEBUG] core.argyll_runner: [argyll] Adaptation weights: Device = 0.935, Perceptual = 0.065, Curvature = 0.010
2026-09-07 08:04:06,949 [DEBUG] core.argyll_runner: [argyll] Perceptual cache resolution = 11
2026-09-07 08:04:06,949 [DEBUG] core.argyll_runner: [argyll] Seeding cache...
2026-09-07 08:04:06,981 [DEBUG] core.argyll_runner: [argyll] done
2026-09-07 08:04:06,981 [DEBUG] core.argyll_runner: [argyll] Acceleration grid res = 10
2026-09-07 08:04:06,981 [DEBUG] core.argyll_runner: [argyll] 
2026-09-07 08:04:06,981 [DEBUG] core.argyll_runner: [argyll] There are 43 unique fixed points to add (51 total fixed points)
2026-09-07 08:04:06,981 [DEBUG] core.argyll_runner: [argyll] There are 708 far spread points to add
2026-09-07 08:04:06,981 [DEBUG] core.argyll_runner: [argyll] 
2026-09-07 08:04:06,982 [DEBUG] core.argyll_runner: [argyll] Added 12/751
2026-09-07 08:04:06,982 [DEBUG] core.argyll_runner: [argyll] Added 23/751
2026-09-07 08:04:06,982 [DEBUG] core.argyll_runner: [argyll] Added 34/751
2026-09-07 08:04:06,982 [DEBUG] core.argyll_runner: [argyll] Added 45/751
2026-09-07 08:04:06,983 [DEBUG] core.argyll_runner: [argyll] Added 56/751
2026-09-07 08:04:06,983 [DEBUG] core.argyll_runner: [argyll] Added 67/751
2026-09-07 08:04:06,984 [DEBUG] core.argyll_runner: [argyll] Added 78/751
2026-09-07 08:04:06,984 [DEBUG] core.argyll_runner: [argyll] Added 89/751
2026-09-07 08:04:06,985 [DEBUG] core.argyll_runner: [argyll] Added 100/751
2026-09-07 08:04:06,986 [DEBUG] core.argyll_runner: [argyll] Added 111/751
2026-09-07 08:04:06,987 [DEBUG] core.argyll_runner: [argyll] Added 122/751
2026-09-07 08:04:06,988 [DEBUG] core.argyll_runner: [argyll] Added 133/751
2026-09-07 08:04:06,989 [DEBUG] core.argyll_runner: [argyll] Added 144/751
2026-09-07 08:04:06,990 [DEBUG] core.argyll_runner: [argyll] Added 155/751
2026-09-07 08:04:06,992 [DEBUG] core.argyll_runner: [argyll] Added 166/751
2026-09-07 08:04:06,994 [DEBUG] core.argyll_runner: [argyll] Added 177/751
2026-09-07 08:04:06,996 [DEBUG] core.argyll_runner: [argyll] Added 188/751
2026-09-07 08:04:06,997 [DEBUG] core.argyll_runner: [argyll] Added 199/751
2026-09-07 08:04:06,999 [DEBUG] core.argyll_runner: [argyll] Added 210/751
2026-09-07 08:04:07,002 [DEBUG] core.argyll_runner: [argyll] Added 221/751
2026-09-07 08:04:07,004 [DEBUG] core.argyll_runner: [argyll] Added 232/751
2026-09-07 08:04:07,007 [DEBUG] core.argyll_runner: [argyll] Added 243/751
2026-09-07 08:04:07,009 [DEBUG] core.argyll_runner: [argyll] Added 254/751
2026-09-07 08:04:07,012 [DEBUG] core.argyll_runner: [argyll] Added 265/751
2026-09-07 08:04:07,015 [DEBUG] core.argyll_runner: [argyll] Added 276/751
2026-09-07 08:04:07,018 [DEBUG] core.argyll_runner: [argyll] Added 287/751
2026-09-07 08:04:07,021 [DEBUG] core.argyll_runner: [argyll] Added 298/751
2026-09-07 08:04:07,024 [DEBUG] core.argyll_runner: [argyll] Added 309/751
2026-09-07 08:04:07,028 [DEBUG] core.argyll_runner: [argyll] Added 320/751
2026-09-07 08:04:07,031 [DEBUG] core.argyll_runner: [argyll] Added 331/751
2026-09-07 08:04:07,055 [DEBUG] core.argyll_runner: [argyll] 
2026-09-07 08:04:07,056 [DEBUG] core.argyll_runner: [argyll] Added 342/751
2026-09-07 08:04:07,056 [DEBUG] core.argyll_runner: [argyll] Added 353/751
2026-09-07 08:04:07,057 [DEBUG] core.argyll_runner: [argyll] Added 364/751
2026-09-07 08:04:07,057 [DEBUG] core.argyll_runner: [argyll] Added 375/751
2026-09-07 08:04:07,057 [DEBUG] core.argyll_runner: [argyll] Added 386/751
2026-09-07 08:04:07,058 [DEBUG] core.argyll_runner: [argyll] Added 397/751
2026-09-07 08:04:07,059 [DEBUG] core.argyll_runner: [argyll] Added 408/751
2026-09-07 08:04:07,060 [DEBUG] core.argyll_runner: [argyll] Added 419/751
2026-09-07 08:04:07,061 [DEBUG] core.argyll_runner: [argyll] Added 430/751
2026-09-07 08:04:07,062 [DEBUG] core.argyll_runner: [argyll] Added 441/751
2026-09-07 08:04:07,063 [DEBUG] core.argyll_runner: [argyll] Added 452/751
2026-09-07 08:04:07,065 [DEBUG] core.argyll_runner: [argyll] Added 463/751
2026-09-07 08:04:07,066 [DEBUG] core.argyll_runner: [argyll] Added 474/751
2026-09-07 08:04:07,068 [DEBUG] core.argyll_runner: [argyll] Added 485/751
2026-09-07 08:04:07,070 [DEBUG] core.argyll_runner: [argyll] Added 496/751
2026-09-07 08:04:07,072 [DEBUG] core.argyll_runner: [argyll] Added 507/751
2026-09-07 08:04:07,074 [DEBUG] core.argyll_runner: [argyll] Added 518/751
2026-09-07 08:04:07,076 [DEBUG] core.argyll_runner: [argyll] Added 529/751
2026-09-07 08:04:07,079 [DEBUG] core.argyll_runner: [argyll] Added 540/751
2026-09-07 08:04:07,081 [DEBUG] core.argyll_runner: [argyll] Added 551/751
2026-09-07 08:04:07,084 [DEBUG] core.argyll_runner: [argyll] Added 562/751
2026-09-07 08:04:07,087 [DEBUG] core.argyll_runner: [argyll] Added 573/751
2026-09-07 08:04:07,089 [DEBUG] core.argyll_runner: [argyll] Added 584/751
2026-09-07 08:04:07,093 [DEBUG] core.argyll_runner: [argyll] Added 595/751
2026-09-07 08:04:07,096 [DEBUG] core.argyll_runner: [argyll] Added 606/751
2026-09-07 08:04:07,099 [DEBUG] core.argyll_runner: [argyll] Added 617/751
2026-09-07 08:04:07,103 [DEBUG] core.argyll_runner: [argyll] Added 628/751
2026-09-07 08:04:07,106 [DEBUG] core.argyll_runner: [argyll] Added 639/751
2026-09-07 08:04:07,110 [DEBUG] core.argyll_runner: [argyll] Added 650/751
2026-09-07 08:04:07,114 [DEBUG] core.argyll_runner: [argyll] Added 661/751
2026-09-07 08:04:07,118 [DEBUG] core.argyll_runner: [argyll] Added 672/751
2026-09-07 08:04:07,122 [DEBUG] core.argyll_runner: [argyll] Added 683/751
2026-09-07 08:04:07,127 [DEBUG] core.argyll_runner: [argyll] Added 694/751
2026-09-07 08:04:07,131 [DEBUG] core.argyll_runner: [argyll] Added 705/751
2026-09-07 08:04:07,136 [DEBUG] core.argyll_runner: [argyll] Added 716/751
2026-09-07 08:04:07,140 [DEBUG] core.argyll_runner: [argyll] Added 727/751
2026-09-07 08:04:07,145 [DEBUG] core.argyll_runner: [argyll] Added 738/751
2026-09-07 08:04:07,150 [DEBUG] core.argyll_runner: [argyll] Added 749/751
2026-09-07 08:04:07,155 [DEBUG] core.argyll_runner: [argyll] Added 751/751
2026-09-07 08:04:08,491 [DEBUG] core.argyll_runner: [argyll] 
2026-09-07 08:04:08,493 [DEBUG] core.argyll_runner: [argyll] After seeding points: MinPoint = 3.472, Min = 3.638, Avg. = 9.565, Max = 12.114, 0.1 secs
2026-09-07 08:04:08,493 [DEBUG] core.argyll_runner: [argyll] Re-seeding
2026-09-07 08:04:08,494 [DEBUG] core.argyll_runner: [argyll] It 1: Maxmv = 0.080986, MinPoint = 2.964, Min = 3.285, Avg. = 9.536, Max = 12.645, 0.1 secs.
2026-09-07 08:04:08,494 [DEBUG] core.argyll_runner: [argyll] Re-seeding
2026-09-07 08:04:08,494 [DEBUG] core.argyll_runner: [argyll] It 2: Maxmv = 0.076130, MinPoint = 3.318, Min = 3.638, Avg. = 9.451, Max = 12.654, 0.1 secs.
2026-09-07 08:04:08,494 [DEBUG] core.argyll_runner: [argyll] Re-seeding
2026-09-07 08:04:08,495 [DEBUG] core.argyll_runner: [argyll] It 3: Maxmv = 0.072799, MinPoint = 3.959, Min = 3.638, Avg. = 9.388, Max = 12.340, 0.1 secs.
2026-09-07 08:04:08,495 [DEBUG] core.argyll_runner: [argyll] Re-seeding
2026-09-07 08:04:08,495 [DEBUG] core.argyll_runner: [argyll] It 4: Maxmv = 0.064647, MinPoint = 3.960, Min = 3.638, Avg. = 9.315, Max = 12.201, 0.1 secs.
2026-09-07 08:04:08,495 [DEBUG] core.argyll_runner: [argyll] Re-seeding
2026-09-07 08:04:08,496 [DEBUG] core.argyll_runner: [argyll] It 5: Maxmv = 0.057207, MinPoint = 3.960, Min = 3.638, Avg. = 9.256, Max = 11.780, 0.1 secs.
2026-09-07 08:04:08,496 [DEBUG] core.argyll_runner: [argyll] Re-seeding
2026-09-07 08:04:08,496 [DEBUG] core.argyll_runner: [argyll] It 6: Maxmv = 0.051319, MinPoint = 3.960, Min = 3.638, Avg. = 9.210, Max = 11.995, 0.1 secs.
2026-09-07 08:04:08,496 [DEBUG] core.argyll_runner: [argyll] Re-seeding
2026-09-07 08:04:08,497 [DEBUG] core.argyll_runner: [argyll] It 7: Maxmv = 0.054365, MinPoint = 3.960, Min = 3.638, Avg. = 9.168, Max = 12.274, 0.1 secs.
2026-09-07 08:04:08,497 [DEBUG] core.argyll_runner: [argyll] Re-seeding
2026-09-07 08:04:08,497 [DEBUG] core.argyll_runner: [argyll] It 8: Maxmv = 0.042691, MinPoint = 3.960, Min = 3.638, Avg. = 9.162, Max = 11.579, 0.1 secs.
2026-09-07 08:04:08,497 [DEBUG] core.argyll_runner: [argyll] Re-seeding
2026-09-07 08:04:08,498 [DEBUG] core.argyll_runner: [argyll] It 9: Maxmv = 0.040325, MinPoint = 3.960, Min = 3.638, Avg. = 9.144, Max = 11.332, 0.1 secs.
2026-09-07 08:04:08,498 [DEBUG] core.argyll_runner: [argyll] Re-seeding
2026-09-07 08:04:08,498 [DEBUG] core.argyll_runner: [argyll] It 10: Maxmv = 0.030133, MinPoint = 3.960, Min = 3.638, Avg. = 9.118, Max = 11.128, 0.1 secs.
2026-09-07 08:04:08,498 [DEBUG] core.argyll_runner: [argyll] Re-seeding
2026-09-07 08:04:08,498 [DEBUG] core.argyll_runner: [argyll] It 11: Maxmv = 0.027572, MinPoint = 3.960, Min = 3.638, Avg. = 9.101, Max = 11.264, 0.1 secs.
2026-09-07 08:04:08,499 [DEBUG] core.argyll_runner: [argyll] Re-seeding
2026-09-07 08:04:08,499 [DEBUG] core.argyll_runner: [argyll] It 12: Maxmv = 0.022997, MinPoint = 3.960, Min = 3.638, Avg. = 9.081, Max = 10.943, 0.1 secs.
2026-09-07 08:04:08,499 [DEBUG] core.argyll_runner: [argyll] Re-seeding
2026-09-07 08:04:08,499 [DEBUG] core.argyll_runner: [argyll] It 13: Maxmv = 0.021308, MinPoint = 3.960, Min = 3.638, Avg. = 9.078, Max = 11.057, 0.1 secs.
2026-09-07 08:04:08,500 [DEBUG] core.argyll_runner: [argyll] Re-seeding
2026-09-07 08:04:08,500 [DEBUG] core.argyll_runner: [argyll] It 14: Maxmv = 0.015261, MinPoint = 3.960, Min = 3.638, Avg. = 9.068, Max = 10.974, 0.1 secs.
2026-09-07 08:04:08,500 [DEBUG] core.argyll_runner: [argyll] Re-seeding
2026-09-07 08:04:08,500 [DEBUG] core.argyll_runner: [argyll] It 15: Maxmv = 0.012619, MinPoint = 3.960, Min = 3.638, Avg. = 9.067, Max = 10.725, 0.1 secs.
2026-09-07 08:04:08,501 [DEBUG] core.argyll_runner: [argyll] Re-seeding
2026-09-07 08:04:08,501 [DEBUG] core.argyll_runner: [argyll] It 16: Maxmv = 0.009251, MinPoint = 3.960, Min = 3.638, Avg. = 9.063, Max = 10.574, 0.1 secs.
2026-09-07 08:04:08,501 [DEBUG] core.argyll_runner: [argyll] Re-seeding
2026-09-07 08:04:08,501 [DEBUG] core.argyll_runner: [argyll] It 17: Maxmv = 0.006712, MinPoint = 3.960, Min = 3.638, Avg. = 9.059, Max = 10.707, 0.1 secs.
2026-09-07 08:04:08,502 [DEBUG] core.argyll_runner: [argyll] Re-seeding
2026-09-07 08:04:08,502 [DEBUG] core.argyll_runner: [argyll] It 18: Maxmv = 0.003423, MinPoint = 3.960, Min = 3.638, Avg. = 9.060, Max = 10.682, 0.1 secs.
2026-09-07 08:04:08,502 [DEBUG] core.argyll_runner: [argyll] Re-seeding
2026-09-07 08:04:08,502 [DEBUG] core.argyll_runner: [argyll] It 19: Maxmv = 0.001381, MinPoint = 3.960, Min = 3.638, Avg. = 9.060, Max = 10.730, 0.1 secs.
2026-09-07 08:04:08,503 [DEBUG] core.argyll_runner: [argyll] Re-seeding
2026-09-07 08:04:08,503 [DEBUG] core.argyll_runner: [argyll] It 20: Maxmv = 0.001326, MinPoint = 3.960, Min = 3.638, Avg. = 9.058, Max = 10.671, 0.1 secs.
2026-09-07 08:04:08,503 [DEBUG] core.argyll_runner: [argyll] After optimization: MinPoint = 3.960, Min = 3.638, Avg. = 9.058, Max = 10.671
2026-09-07 08:04:08,504 [DEBUG] core.argyll_runner: [argyll] Total number of patches = 759
2026-09-07 08:04:08,504 [DEBUG] core.argyll_runner: [argyll] Execution time = 1.546286 seconds
2026-09-07 08:04:08,504 [INFO] core.argyll_runner: ArgyllRunner: finished with code 0
2026-09-07 08:04:08,602 [DEBUG] workflow.chart_creator: Wrote channel sidecar A2-Instruments.channels.json: ['r', 'g', 'b']
2026-09-07 08:04:08,765 [DEBUG] ui.tiff_preview: TiffPreview: loaded 1 page(s)
2026-09-07 08:04:08,765 [INFO] ui.tabs.tab_chart: Preview loaded: 1 TIFF(s)
2026-09-07 08:04:08,782 [DEBUG] ui.tiff_preview: TiffPreview: loaded 1 page(s)
2026-09-07 08:04:08,785 [DEBUG] ui.tiff_preview: TiffPreview: loaded 1 page(s)
2026-09-07 08:04:08,792 [DEBUG] ui.tabs.tab_chart: create-chart settings written for run1 (40 parameters + ui state)
2026-09-07 08:04:11,221 [INFO] assess:   shot Screenshots/A2-instruments/CR30-flat-420x297-preview.png  (2232x1146)
2026-09-07 08:04:11,221 [INFO] assess: [CR30-flat-420x297] ok=True 5.8s est_before={'total': 759, 'fillup': 0, 'page_patches': 759, 'rows': 23, 'cols': 33, 'pages': 1, 'patch': (12.0, 12.0), 'pitch': None} actual={'total': 759, 'fillup': 0, 'page_patches': 759, 'rows': 23, 'cols': 33, 'pages': 1, 'patch': (12.02, 12.02), 'pitch': None} status='No instrument margins set for this instrument and paper size.' eng=['[ChromIQ layout engine] Drawing the pages. This part runs in one go and cannot be stopped, so the window will not respond until it is finished.', '[ChromIQ layout engine] 759 patches (23×33), 1 page, random start 1581139383']
2026-09-07 08:04:11,222 [INFO] assess:   json Test Runs/logs/d02_matrix.json
2026-09-07 08:04:11,222 [INFO] assess:   armed: dialog ~'scanner' -> click 'OK' hex heads-up (hex modes only)
2026-09-07 08:04:11,222 [INFO] assess:   armed: dialog ~'quite fill' -> click 'OK' last page hint
2026-09-07 08:04:11,222 [INFO] assess:   armed: dialog ~'already' -> click 'Continue this project' S4.7 on 2nd+ build
2026-09-07 08:04:11,956 [DEBUG] core.settings: settings.set helper_markers_show = False
2026-09-07 08:04:11,956 [DEBUG] core.settings: settings.set helper_marker_edge_mm = 2.0
2026-09-07 08:04:11,956 [DEBUG] core.settings: settings.set helper_marker_len_mm = 2.0
2026-09-07 08:04:11,956 [DEBUG] core.settings: settings.set helper_marker_per_patch = 3
2026-09-07 08:04:11,956 [DEBUG] core.settings: settings.set helper_markers_top_bottom = True
2026-09-07 08:04:11,956 [DEBUG] core.settings: settings.set helper_markers_sides = True
2026-09-07 08:04:12,868 [INFO] ui.tabs.tab_chart: chart build (Generate Chart) in manual: patch set targen | manual panel: 200x200, 0x0 grid, margins T6.0 R6.0 B6.0 L14.4
2026-09-07 08:04:12,872 [DEBUG] core.settings: settings.set session_ti3_path = ''
2026-09-07 08:04:12,872 [DEBUG] core.settings: settings.set session_icc_path = ''
2026-09-07 08:04:12,872 [DEBUG] core.settings: settings.set session_cal_ti3_path = ''
2026-09-07 08:04:12,874 [DEBUG] core.file_manager: Target name set to: A2-Instruments (root /Users/Basti/ChromIQ-assessment/A2-Instruments)
2026-09-07 08:04:12,875 [INFO] core.file_manager: opened the EXISTING project at /Users/Basti/ChromIQ-assessment/A2-Instruments (1 run(s) on disk)
2026-09-07 08:04:12,904 [INFO] workflow.chart_creator: Chart generation: 210 patches, instrument=CR30 paper=200x200 disable_lb=True
2026-09-07 08:04:12,904 [INFO] workflow.chart_creator: targen args: ['-v', '-d2', '-f210', '-e2', '-B2', '-G', '-g12', 'A2-Instruments']
2026-09-07 08:04:12,904 [INFO] core.argyll_runner: Run: /Applications/Argyll/bin/targen -v -d2 -f210 -e2 -B2 -G -g12 A2-Instruments  [cwd=/Users/Basti/ChromIQ-assessment/A2-Instruments/runs/run1]
2026-09-07 08:04:12,988 [DEBUG] core.argyll_runner: [argyll] iRGB test chart
2026-09-07 08:04:12,988 [DEBUG] core.argyll_runner: [argyll] White patches = 2
2026-09-07 08:04:12,988 [DEBUG] core.argyll_runner: [argyll] Black patches = 2
2026-09-07 08:04:12,988 [DEBUG] core.argyll_runner: [argyll] Composite Grey steps = 12
2026-09-07 08:04:12,988 [DEBUG] core.argyll_runner: [argyll] Full spread patches = 210
2026-09-07 08:04:12,989 [DEBUG] core.argyll_runner: [argyll] Degree of adaptation: 0.100
2026-09-07 08:04:12,989 [DEBUG] core.argyll_runner: [argyll] Adaptation weights: Device = 0.935, Perceptual = 0.065, Curvature = 0.010
2026-09-07 08:04:12,989 [DEBUG] core.argyll_runner: [argyll] Perceptual cache resolution = 7
2026-09-07 08:04:12,989 [DEBUG] core.argyll_runner: [argyll] Seeding cache...done
2026-09-07 08:04:12,989 [DEBUG] core.argyll_runner: [argyll] Acceleration grid res = 6
2026-09-07 08:04:12,990 [DEBUG] core.argyll_runner: [argyll] 
2026-09-07 08:04:12,990 [DEBUG] core.argyll_runner: [argyll] There are 12 unique fixed points to add (14 total fixed points)
2026-09-07 08:04:12,990 [DEBUG] core.argyll_runner: [argyll] There are 196 far spread points to add
2026-09-07 08:04:12,990 [DEBUG] core.argyll_runner: [argyll] 
2026-09-07 08:04:12,990 [DEBUG] core.argyll_runner: [argyll] Added 12/208
2026-09-07 08:04:12,990 [DEBUG] core.argyll_runner: [argyll] Added 23/208
2026-09-07 08:04:12,990 [DEBUG] core.argyll_runner: [argyll] Added 34/208
2026-09-07 08:04:12,991 [DEBUG] core.argyll_runner: [argyll] Added 45/208
2026-09-07 08:04:12,991 [DEBUG] core.argyll_runner: [argyll] Added 56/208
2026-09-07 08:04:12,992 [DEBUG] core.argyll_runner: [argyll] Added 67/208
2026-09-07 08:04:12,993 [DEBUG] core.argyll_runner: [argyll] Added 78/208
2026-09-07 08:04:12,994 [DEBUG] core.argyll_runner: [argyll] Added 89/208
2026-09-07 08:04:12,995 [DEBUG] core.argyll_runner: [argyll] Added 100/208
2026-09-07 08:04:12,996 [DEBUG] core.argyll_runner: [argyll] Added 111/208
2026-09-07 08:04:12,997 [DEBUG] core.argyll_runner: [argyll] Added 122/208
2026-09-07 08:04:13,019 [DEBUG] core.argyll_runner: [argyll] 
2026-09-07 08:04:13,020 [DEBUG] core.argyll_runner: [argyll] Added 133/208
2026-09-07 08:04:13,020 [DEBUG] core.argyll_runner: [argyll] Added 144/208
2026-09-07 08:04:13,020 [DEBUG] core.argyll_runner: [argyll] Added 155/208
2026-09-07 08:04:13,020 [DEBUG] core.argyll_runner: [argyll] Added 166/208
2026-09-07 08:04:13,021 [DEBUG] core.argyll_runner: [argyll] Added 177/208
2026-09-07 08:04:13,021 [DEBUG] core.argyll_runner: [argyll] Added 188/208
2026-09-07 08:04:13,022 [DEBUG] core.argyll_runner: [argyll] Added 199/208
2026-09-07 08:04:13,023 [DEBUG] core.argyll_runner: [argyll] Added 208/208
2026-09-07 08:04:13,307 [DEBUG] core.argyll_runner: [argyll] 
2026-09-07 08:04:13,307 [DEBUG] core.argyll_runner: [argyll] After seeding points: MinPoint = 7.512, Min = 5.667, Avg. = 15.126, Max = 19.000, 0.0 secs
2026-09-07 08:04:13,307 [DEBUG] core.argyll_runner: [argyll] Re-seeding
2026-09-07 08:04:13,308 [DEBUG] core.argyll_runner: [argyll] It 1: Maxmv = 0.178686, MinPoint = 5.322, Min = 5.192, Avg. = 15.043, Max = 21.186, 0.0 secs.
2026-09-07 08:04:13,308 [DEBUG] core.argyll_runner: [argyll] Re-seeding
2026-09-07 08:04:13,308 [DEBUG] core.argyll_runner: [argyll] It 2: Maxmv = 0.120094, MinPoint = 7.541, Min = 7.641, Avg. = 14.904, Max = 19.523, 0.0 secs.
2026-09-07 08:04:13,308 [DEBUG] core.argyll_runner: [argyll] Re-seeding
2026-09-07 08:04:13,309 [DEBUG] core.argyll_runner: [argyll] It 3: Maxmv = 0.133575, MinPoint = 5.826, Min = 8.529, Avg. = 14.897, Max = 19.626, 0.0 secs.
2026-09-07 08:04:13,309 [DEBUG] core.argyll_runner: [argyll] Re-seeding
2026-09-07 08:04:13,309 [DEBUG] core.argyll_runner: [argyll] It 4: Maxmv = 0.098164, MinPoint = 9.196, Min = 9.688, Avg. = 14.662, Max = 20.575, 0.0 secs.
2026-09-07 08:04:13,309 [DEBUG] core.argyll_runner: [argyll] Re-seeding
2026-09-07 08:04:13,309 [DEBUG] core.argyll_runner: [argyll] It 5: Maxmv = 0.079065, MinPoint = 11.944, Min = 9.106, Avg. = 14.600, Max = 20.006, 0.0 secs.
2026-09-07 08:04:13,310 [DEBUG] core.argyll_runner: [argyll] Re-seeding
2026-09-07 08:04:13,310 [DEBUG] core.argyll_runner: [argyll] It 6: Maxmv = 0.087342, MinPoint = 9.892, Min = 8.828, Avg. = 14.555, Max = 19.399, 0.0 secs.
2026-09-07 08:04:13,310 [DEBUG] core.argyll_runner: [argyll] Re-seeding
2026-09-07 08:04:13,310 [DEBUG] core.argyll_runner: [argyll] It 7: Maxmv = 0.069522, MinPoint = 11.559, Min = 9.406, Avg. = 14.500, Max = 19.188, 0.0 secs.
2026-09-07 08:04:13,311 [DEBUG] core.argyll_runner: [argyll] Re-seeding
2026-09-07 08:04:13,311 [DEBUG] core.argyll_runner: [argyll] It 8: Maxmv = 0.063214, MinPoint = 12.107, Min = 9.819, Avg. = 14.443, Max = 18.932, 0.0 secs.
2026-09-07 08:04:13,311 [DEBUG] core.argyll_runner: [argyll] Re-seeding
2026-09-07 08:04:13,311 [DEBUG] core.argyll_runner: [argyll] It 9: Maxmv = 0.062456, MinPoint = 13.083, Min = 9.687, Avg. = 14.413, Max = 17.790, 0.0 secs.
2026-09-07 08:04:13,312 [DEBUG] core.argyll_runner: [argyll] Re-seeding
2026-09-07 08:04:13,312 [DEBUG] core.argyll_runner: [argyll] It 10: Maxmv = 0.045611, MinPoint = 13.185, Min = 9.883, Avg. = 14.401, Max = 18.527, 0.0 secs.
2026-09-07 08:04:13,312 [DEBUG] core.argyll_runner: [argyll] Re-seeding
2026-09-07 08:04:13,312 [DEBUG] core.argyll_runner: [argyll] It 11: Maxmv = 0.040528, MinPoint = 13.490, Min = 10.558, Avg. = 14.388, Max = 17.657, 0.0 secs.
2026-09-07 08:04:13,312 [DEBUG] core.argyll_runner: [argyll] Re-seeding
2026-09-07 08:04:13,313 [DEBUG] core.argyll_runner: [argyll] It 12: Maxmv = 0.036187, MinPoint = 13.438, Min = 11.144, Avg. = 14.354, Max = 18.064, 0.0 secs.
2026-09-07 08:04:13,313 [DEBUG] core.argyll_runner: [argyll] Re-seeding
2026-09-07 08:04:13,313 [DEBUG] core.argyll_runner: [argyll] It 13: Maxmv = 0.028398, MinPoint = 14.205, Min = 11.055, Avg. = 14.332, Max = 17.246, 0.0 secs.
2026-09-07 08:04:13,313 [DEBUG] core.argyll_runner: [argyll] Re-seeding
2026-09-07 08:04:13,314 [DEBUG] core.argyll_runner: [argyll] It 14: Maxmv = 0.022804, MinPoint = 13.855, Min = 10.966, Avg. = 14.308, Max = 17.405, 0.0 secs.
2026-09-07 08:04:13,314 [DEBUG] core.argyll_runner: [argyll] Re-seeding
2026-09-07 08:04:13,314 [DEBUG] core.argyll_runner: [argyll] It 15: Maxmv = 0.018924, MinPoint = 14.217, Min = 11.083, Avg. = 14.294, Max = 17.271, 0.0 secs.
2026-09-07 08:04:13,314 [DEBUG] core.argyll_runner: [argyll] Re-seeding
2026-09-07 08:04:13,315 [DEBUG] core.argyll_runner: [argyll] It 16: Maxmv = 0.016043, MinPoint = 13.727, Min = 11.046, Avg. = 14.304, Max = 17.082, 0.0 secs.
2026-09-07 08:04:13,315 [DEBUG] core.argyll_runner: [argyll] Re-seeding
2026-09-07 08:04:13,315 [DEBUG] core.argyll_runner: [argyll] It 17: Maxmv = 0.012088, MinPoint = 13.961, Min = 10.988, Avg. = 14.307, Max = 17.353, 0.0 secs.
2026-09-07 08:04:13,315 [DEBUG] core.argyll_runner: [argyll] Re-seeding
2026-09-07 08:04:13,315 [DEBUG] core.argyll_runner: [argyll] It 18: Maxmv = 0.006570, MinPoint = 13.975, Min = 10.958, Avg. = 14.306, Max = 17.079, 0.0 secs.
2026-09-07 08:04:13,316 [DEBUG] core.argyll_runner: [argyll] Re-seeding
2026-09-07 08:04:13,316 [DEBUG] core.argyll_runner: [argyll] It 19: Maxmv = 0.002052, MinPoint = 13.986, Min = 10.940, Avg. = 14.310, Max = 17.123, 0.0 secs.
2026-09-07 08:04:13,316 [DEBUG] core.argyll_runner: [argyll] Re-seeding
2026-09-07 08:04:13,316 [DEBUG] core.argyll_runner: [argyll] It 20: Maxmv = 0.002065, MinPoint = 13.979, Min = 10.924, Avg. = 14.304, Max = 17.164, 0.0 secs.
2026-09-07 08:04:13,317 [DEBUG] core.argyll_runner: [argyll] After optimization: MinPoint = 13.979, Min = 10.924, Avg. = 14.304, Max = 17.164
2026-09-07 08:04:13,317 [DEBUG] core.argyll_runner: [argyll] Total number of patches = 210
2026-09-07 08:04:13,317 [DEBUG] core.argyll_runner: [argyll] Execution time = 0.339516 seconds
2026-09-07 08:04:13,330 [INFO] core.argyll_runner: ArgyllRunner: finished with code 0
2026-09-07 08:04:13,366 [DEBUG] workflow.chart_creator: Wrote channel sidecar A2-Instruments.channels.json: ['r', 'g', 'b']
2026-09-07 08:04:13,425 [DEBUG] ui.tiff_preview: TiffPreview: loaded 1 page(s)
2026-09-07 08:04:13,425 [INFO] ui.tabs.tab_chart: Preview loaded: 1 TIFF(s)
2026-09-07 08:04:13,434 [DEBUG] ui.tiff_preview: TiffPreview: loaded 1 page(s)
2026-09-07 08:04:13,435 [DEBUG] ui.tiff_preview: TiffPreview: loaded 1 page(s)
2026-09-07 08:04:13,439 [DEBUG] ui.tabs.tab_chart: create-chart settings written for run1 (40 parameters + ui state)
2026-09-07 08:04:14,855 [INFO] assess:   shot Screenshots/A2-instruments/CR30-flat-custom_200x200-preview.png  (2232x1146)
2026-09-07 08:04:14,855 [INFO] assess: [CR30-flat-custom_200x200] ok=True 3.6s est_before={'total': 210, 'fillup': 0, 'page_patches': 210, 'rows': 15, 'cols': 14, 'pages': 1, 'patch': (12.0, 12.0), 'pitch': None} actual={'total': 210, 'fillup': 0, 'page_patches': 210, 'rows': 15, 'cols': 14, 'pages': 1, 'patch': (12.02, 12.02), 'pitch': None} status='No instrument margins set for this instrument and paper size.' eng=['[ChromIQ layout engine] Drawing the pages. This part runs in one go and cannot be stopped, so the window will not respond until it is finished.', '[ChromIQ layout engine] 210 patches (15×14), 1 page, random start 701198179']
2026-09-07 08:04:14,857 [INFO] assess:   json Test Runs/logs/d02_matrix.json
2026-09-07 08:04:14,857 [INFO] assess:   armed: dialog ~'scanner' -> click 'OK' hex heads-up (hex modes only)
2026-09-07 08:04:14,857 [INFO] assess:   armed: dialog ~'quite fill' -> click 'OK' last page hint
2026-09-07 08:04:14,857 [INFO] assess:   armed: dialog ~'already' -> click 'Continue this project' S4.7 on 2nd+ build
2026-09-07 08:04:15,227 [DEBUG] core.settings: settings.set helper_markers_show = False
2026-09-07 08:04:15,227 [DEBUG] core.settings: settings.set helper_marker_edge_mm = 2.0
2026-09-07 08:04:15,227 [DEBUG] core.settings: settings.set helper_marker_len_mm = 2.0
2026-09-07 08:04:15,227 [DEBUG] core.settings: settings.set helper_marker_per_patch = 3
2026-09-07 08:04:15,227 [DEBUG] core.settings: settings.set helper_markers_top_bottom = True
2026-09-07 08:04:15,227 [DEBUG] core.settings: settings.set helper_markers_sides = True
2026-09-07 08:04:15,308 [INFO] assess:   DIALOG expected [QMessageBox] '' -> clicked 'OK'
2026-09-07 08:04:15,673 [DEBUG] core.settings: settings.set helper_markers_show = False
2026-09-07 08:04:15,673 [DEBUG] core.settings: settings.set helper_marker_edge_mm = 2.0
2026-09-07 08:04:15,673 [DEBUG] core.settings: settings.set helper_marker_len_mm = 2.0
2026-09-07 08:04:15,673 [DEBUG] core.settings: settings.set helper_marker_per_patch = 3
2026-09-07 08:04:15,673 [DEBUG] core.settings: settings.set helper_markers_top_bottom = True
2026-09-07 08:04:15,674 [DEBUG] core.settings: settings.set helper_markers_sides = True
2026-09-07 08:04:16,344 [INFO] ui.tabs.tab_chart: chart build (Generate Chart) in manual: patch set targen | manual panel: A4, 0x0 grid, margins T6.0 R6.0 B6.0 L14.4
2026-09-07 08:04:16,348 [DEBUG] core.settings: settings.set session_ti3_path = ''
2026-09-07 08:04:16,348 [DEBUG] core.settings: settings.set session_icc_path = ''
2026-09-07 08:04:16,348 [DEBUG] core.settings: settings.set session_cal_ti3_path = ''
2026-09-07 08:04:16,350 [DEBUG] core.file_manager: Target name set to: A2-Instruments (root /Users/Basti/ChromIQ-assessment/A2-Instruments)
2026-09-07 08:04:16,351 [INFO] core.file_manager: opened the EXISTING project at /Users/Basti/ChromIQ-assessment/A2-Instruments (1 run(s) on disk)
2026-09-07 08:04:16,377 [INFO] workflow.chart_creator: Chart generation: 405 patches, instrument=CR30 paper=A4 disable_lb=True
2026-09-07 08:04:16,378 [INFO] workflow.chart_creator: targen args: ['-v', '-d2', '-f405', '-e3', '-B3', '-G', '-g23', 'A2-Instruments']
2026-09-07 08:04:16,378 [INFO] core.argyll_runner: Run: /Applications/Argyll/bin/targen -v -d2 -f405 -e3 -B3 -G -g23 A2-Instruments  [cwd=/Users/Basti/ChromIQ-assessment/A2-Instruments/runs/run1]
2026-09-07 08:04:16,474 [DEBUG] core.argyll_runner: [argyll] iRGB test chart
2026-09-07 08:04:16,474 [DEBUG] core.argyll_runner: [argyll] White patches = 3
2026-09-07 08:04:16,474 [DEBUG] core.argyll_runner: [argyll] Black patches = 3
2026-09-07 08:04:16,474 [DEBUG] core.argyll_runner: [argyll] Composite Grey steps = 23
2026-09-07 08:04:16,475 [DEBUG] core.argyll_runner: [argyll] Full spread patches = 405
2026-09-07 08:04:16,475 [DEBUG] core.argyll_runner: [argyll] Degree of adaptation: 0.100
2026-09-07 08:04:16,475 [DEBUG] core.argyll_runner: [argyll] Adaptation weights: Device = 0.935, Perceptual = 0.065, Curvature = 0.010
2026-09-07 08:04:16,475 [DEBUG] core.argyll_runner: [argyll] Perceptual cache resolution = 9
2026-09-07 08:04:16,475 [DEBUG] core.argyll_runner: [argyll] Seeding cache...done
2026-09-07 08:04:16,476 [DEBUG] core.argyll_runner: [argyll] Acceleration grid res = 8
2026-09-07 08:04:16,476 [DEBUG] core.argyll_runner: [argyll] 
2026-09-07 08:04:16,476 [DEBUG] core.argyll_runner: [argyll] There are 23 unique fixed points to add (27 total fixed points)
2026-09-07 08:04:16,476 [DEBUG] core.argyll_runner: [argyll] There are 378 far spread points to add
2026-09-07 08:04:16,476 [DEBUG] core.argyll_runner: [argyll] 
2026-09-07 08:04:16,476 [DEBUG] core.argyll_runner: [argyll] Added 12/401
2026-09-07 08:04:16,476 [DEBUG] core.argyll_runner: [argyll] Added 23/401
2026-09-07 08:04:16,477 [DEBUG] core.argyll_runner: [argyll] Added 34/401
2026-09-07 08:04:16,477 [DEBUG] core.argyll_runner: [argyll] Added 45/401
2026-09-07 08:04:16,477 [DEBUG] core.argyll_runner: [argyll] Added 56/401
2026-09-07 08:04:16,478 [DEBUG] core.argyll_runner: [argyll] Added 67/401
2026-09-07 08:04:16,510 [DEBUG] core.argyll_runner: [argyll] 
2026-09-07 08:04:16,510 [DEBUG] core.argyll_runner: [argyll] Added 78/401
2026-09-07 08:04:16,510 [DEBUG] core.argyll_runner: [argyll] Added 89/401
2026-09-07 08:04:16,511 [DEBUG] core.argyll_runner: [argyll] Added 100/401
2026-09-07 08:04:16,511 [DEBUG] core.argyll_runner: [argyll] Added 111/401
2026-09-07 08:04:16,512 [DEBUG] core.argyll_runner: [argyll] Added 122/401
2026-09-07 08:04:16,512 [DEBUG] core.argyll_runner: [argyll] Added 133/401
2026-09-07 08:04:16,513 [DEBUG] core.argyll_runner: [argyll] Added 144/401
2026-09-07 08:04:16,514 [DEBUG] core.argyll_runner: [argyll] Added 155/401
2026-09-07 08:04:16,515 [DEBUG] core.argyll_runner: [argyll] Added 166/401
2026-09-07 08:04:16,516 [DEBUG] core.argyll_runner: [argyll] Added 177/401
2026-09-07 08:04:16,517 [DEBUG] core.argyll_runner: [argyll] Added 188/401
2026-09-07 08:04:16,519 [DEBUG] core.argyll_runner: [argyll] Added 199/401
2026-09-07 08:04:16,520 [DEBUG] core.argyll_runner: [argyll] Added 210/401
2026-09-07 08:04:16,522 [DEBUG] core.argyll_runner: [argyll] Added 221/401
2026-09-07 08:04:16,524 [DEBUG] core.argyll_runner: [argyll] Added 232/401
2026-09-07 08:04:16,525 [DEBUG] core.argyll_runner: [argyll] Added 243/401
2026-09-07 08:04:16,527 [DEBUG] core.argyll_runner: [argyll] Added 254/401
2026-09-07 08:04:16,530 [DEBUG] core.argyll_runner: [argyll] Added 265/401
2026-09-07 08:04:16,532 [DEBUG] core.argyll_runner: [argyll] Added 276/401
2026-09-07 08:04:16,534 [DEBUG] core.argyll_runner: [argyll] Added 287/401
2026-09-07 08:04:16,537 [DEBUG] core.argyll_runner: [argyll] Added 298/401
2026-09-07 08:04:16,539 [DEBUG] core.argyll_runner: [argyll] Added 309/401
2026-09-07 08:04:16,542 [DEBUG] core.argyll_runner: [argyll] Added 320/401
2026-09-07 08:04:16,545 [DEBUG] core.argyll_runner: [argyll] Added 331/401
2026-09-07 08:04:16,548 [DEBUG] core.argyll_runner: [argyll] Added 342/401
2026-09-07 08:04:16,551 [DEBUG] core.argyll_runner: [argyll] Added 353/401
2026-09-07 08:04:16,555 [DEBUG] core.argyll_runner: [argyll] Added 364/401
2026-09-07 08:04:16,558 [DEBUG] core.argyll_runner: [argyll] Added 375/401
2026-09-07 08:04:16,562 [DEBUG] core.argyll_runner: [argyll] Added 386/401
2026-09-07 08:04:16,566 [DEBUG] core.argyll_runner: [argyll] Added 397/401
2026-09-07 08:04:16,570 [DEBUG] core.argyll_runner: [argyll] Added 401/401
2026-09-07 08:04:17,190 [DEBUG] core.argyll_runner: [argyll] 
2026-09-07 08:04:17,191 [DEBUG] core.argyll_runner: [argyll] After seeding points: MinPoint = 4.579, Min = 4.622, Avg. = 11.836, Max = 14.828, 0.0 secs
2026-09-07 08:04:17,192 [DEBUG] core.argyll_runner: [argyll] Re-seeding
2026-09-07 08:04:17,192 [DEBUG] core.argyll_runner: [argyll] It 1: Maxmv = 0.111790, MinPoint = 4.088, Min = 5.231, Avg. = 11.849, Max = 16.204, 0.0 secs.
2026-09-07 08:04:17,192 [DEBUG] core.argyll_runner: [argyll] Re-seeding
2026-09-07 08:04:17,192 [DEBUG] core.argyll_runner: [argyll] It 2: Maxmv = 0.100639, MinPoint = 6.488, Min = 6.459, Avg. = 11.733, Max = 15.986, 0.0 secs.
2026-09-07 08:04:17,193 [DEBUG] core.argyll_runner: [argyll] Re-seeding
2026-09-07 08:04:17,193 [DEBUG] core.argyll_runner: [argyll] It 3: Maxmv = 0.083829, MinPoint = 6.141, Min = 5.981, Avg. = 11.696, Max = 15.566, 0.0 secs.
2026-09-07 08:04:17,193 [DEBUG] core.argyll_runner: [argyll] Re-seeding
2026-09-07 08:04:17,193 [DEBUG] core.argyll_runner: [argyll] It 4: Maxmv = 0.083232, MinPoint = 4.917, Min = 6.960, Avg. = 11.620, Max = 15.462, 0.0 secs.
2026-09-07 08:04:17,193 [DEBUG] core.argyll_runner: [argyll] Re-seeding
2026-09-07 08:04:17,194 [DEBUG] core.argyll_runner: [argyll] It 5: Maxmv = 0.080686, MinPoint = 6.881, Min = 6.960, Avg. = 11.605, Max = 15.821, 0.0 secs.
2026-09-07 08:04:17,194 [DEBUG] core.argyll_runner: [argyll] Re-seeding
2026-09-07 08:04:17,194 [DEBUG] core.argyll_runner: [argyll] It 6: Maxmv = 0.067306, MinPoint = 7.570, Min = 6.960, Avg. = 11.559, Max = 14.825, 0.0 secs.
2026-09-07 08:04:17,194 [DEBUG] core.argyll_runner: [argyll] Re-seeding
2026-09-07 08:04:17,195 [DEBUG] core.argyll_runner: [argyll] It 7: Maxmv = 0.051097, MinPoint = 7.570, Min = 6.960, Avg. = 11.486, Max = 14.752, 0.0 secs.
2026-09-07 08:04:17,195 [DEBUG] core.argyll_runner: [argyll] Re-seeding
2026-09-07 08:04:17,195 [DEBUG] core.argyll_runner: [argyll] It 8: Maxmv = 0.058282, MinPoint = 7.570, Min = 6.960, Avg. = 11.443, Max = 14.522, 0.0 secs.
2026-09-07 08:04:17,195 [DEBUG] core.argyll_runner: [argyll] Re-seeding
2026-09-07 08:04:17,196 [DEBUG] core.argyll_runner: [argyll] It 9: Maxmv = 0.047926, MinPoint = 7.570, Min = 6.960, Avg. = 11.403, Max = 14.349, 0.0 secs.
2026-09-07 08:04:17,196 [DEBUG] core.argyll_runner: [argyll] Re-seeding
2026-09-07 08:04:17,196 [DEBUG] core.argyll_runner: [argyll] It 10: Maxmv = 0.037121, MinPoint = 7.570, Min = 6.960, Avg. = 11.385, Max = 14.216, 0.0 secs.
2026-09-07 08:04:17,196 [DEBUG] core.argyll_runner: [argyll] Re-seeding
2026-09-07 08:04:17,196 [DEBUG] core.argyll_runner: [argyll] It 11: Maxmv = 0.031598, MinPoint = 7.570, Min = 6.960, Avg. = 11.349, Max = 14.181, 0.0 secs.
2026-09-07 08:04:17,197 [DEBUG] core.argyll_runner: [argyll] Re-seeding
2026-09-07 08:04:17,197 [DEBUG] core.argyll_runner: [argyll] It 12: Maxmv = 0.030433, MinPoint = 7.570, Min = 6.960, Avg. = 11.344, Max = 14.107, 0.0 secs.
2026-09-07 08:04:17,197 [DEBUG] core.argyll_runner: [argyll] Re-seeding
2026-09-07 08:04:17,197 [DEBUG] core.argyll_runner: [argyll] It 13: Maxmv = 0.023369, MinPoint = 7.570, Min = 6.960, Avg. = 11.313, Max = 13.663, 0.0 secs.
2026-09-07 08:04:17,198 [DEBUG] core.argyll_runner: [argyll] Re-seeding
2026-09-07 08:04:17,198 [DEBUG] core.argyll_runner: [argyll] It 14: Maxmv = 0.018043, MinPoint = 7.570, Min = 6.960, Avg. = 11.303, Max = 13.788, 0.0 secs.
2026-09-07 08:04:17,198 [DEBUG] core.argyll_runner: [argyll] Re-seeding
2026-09-07 08:04:17,198 [DEBUG] core.argyll_runner: [argyll] It 15: Maxmv = 0.013651, MinPoint = 7.570, Min = 6.960, Avg. = 11.288, Max = 13.494, 0.0 secs.
2026-09-07 08:04:17,199 [DEBUG] core.argyll_runner: [argyll] Re-seeding
2026-09-07 08:04:17,199 [DEBUG] core.argyll_runner: [argyll] It 16: Maxmv = 0.010612, MinPoint = 7.570, Min = 6.960, Avg. = 11.289, Max = 13.706, 0.0 secs.
2026-09-07 08:04:17,199 [DEBUG] core.argyll_runner: [argyll] Re-seeding
2026-09-07 08:04:17,199 [DEBUG] core.argyll_runner: [argyll] It 17: Maxmv = 0.008126, MinPoint = 7.570, Min = 6.960, Avg. = 11.284, Max = 13.520, 0.0 secs.
2026-09-07 08:04:17,200 [DEBUG] core.argyll_runner: [argyll] Re-seeding
2026-09-07 08:04:17,200 [DEBUG] core.argyll_runner: [argyll] It 18: Maxmv = 0.004670, MinPoint = 7.570, Min = 6.960, Avg. = 11.285, Max = 13.569, 0.0 secs.
2026-09-07 08:04:17,200 [DEBUG] core.argyll_runner: [argyll] Re-seeding
2026-09-07 08:04:17,200 [DEBUG] core.argyll_runner: [argyll] It 19: Maxmv = 0.001886, MinPoint = 7.570, Min = 6.960, Avg. = 11.285, Max = 13.584, 0.0 secs.
2026-09-07 08:04:17,200 [DEBUG] core.argyll_runner: [argyll] Re-seeding
2026-09-07 08:04:17,201 [DEBUG] core.argyll_runner: [argyll] It 20: Maxmv = 0.001767, MinPoint = 7.570, Min = 6.960, Avg. = 11.285, Max = 13.598, 0.0 secs.
2026-09-07 08:04:17,201 [DEBUG] core.argyll_runner: [argyll] After optimization: MinPoint = 7.570, Min = 6.960, Avg. = 11.285, Max = 13.598
2026-09-07 08:04:17,201 [DEBUG] core.argyll_runner: [argyll] Total number of patches = 405
2026-09-07 08:04:17,201 [DEBUG] core.argyll_runner: [argyll] Execution time = 0.737194 seconds
2026-09-07 08:04:17,215 [INFO] core.argyll_runner: ArgyllRunner: finished with code 0
2026-09-07 08:04:17,267 [DEBUG] workflow.chart_creator: Wrote channel sidecar A2-Instruments.channels.json: ['r', 'g', 'b']
2026-09-07 08:04:17,352 [DEBUG] ui.tiff_preview: TiffPreview: loaded 1 page(s)
2026-09-07 08:04:17,352 [INFO] ui.tabs.tab_chart: Preview loaded: 1 TIFF(s)
2026-09-07 08:04:17,364 [DEBUG] ui.tiff_preview: TiffPreview: loaded 1 page(s)
2026-09-07 08:04:17,366 [DEBUG] ui.tiff_preview: TiffPreview: loaded 1 page(s)
2026-09-07 08:04:17,373 [DEBUG] ui.tabs.tab_chart: create-chart settings written for run1 (40 parameters + ui state)
2026-09-07 08:04:19,206 [INFO] assess:   shot Screenshots/A2-instruments/CR30-hex-A4-preview.png  (2232x1146)
2026-09-07 08:04:19,206 [INFO] assess: [CR30-hex-A4] ok=True 4.3s est_before={'total': 405, 'fillup': 0, 'page_patches': 405, 'rows': 27, 'cols': 15, 'pages': 1, 'patch': (12.0, 13.86), 'pitch': 10.39} actual={'total': 405, 'fillup': 0, 'page_patches': 405, 'rows': 27, 'cols': 15, 'pages': 1, 'patch': (12.02, 13.89), 'pitch': 10.41} status='No instrument margins set for this instrument and paper size.' eng=['[ChromIQ layout engine] Drawing the pages. This part runs in one go and cannot be stopped, so the window will not respond until it is finished.', '[ChromIQ layout engine] 405 patches (27×15), 1 page, random start 627376034']
2026-09-07 08:04:19,208 [INFO] assess:   json Test Runs/logs/d02_matrix.json
2026-09-07 08:04:19,208 [INFO] assess:   armed: dialog ~'scanner' -> click 'OK' hex heads-up (hex modes only)
2026-09-07 08:04:19,208 [INFO] assess:   armed: dialog ~'quite fill' -> click 'OK' last page hint
2026-09-07 08:04:19,208 [INFO] assess:   armed: dialog ~'already' -> click 'Continue this project' S4.7 on 2nd+ build
2026-09-07 08:04:19,937 [DEBUG] core.settings: settings.set helper_markers_show = False
2026-09-07 08:04:19,938 [DEBUG] core.settings: settings.set helper_marker_edge_mm = 2.0
2026-09-07 08:04:19,938 [DEBUG] core.settings: settings.set helper_marker_len_mm = 2.0
2026-09-07 08:04:19,938 [DEBUG] core.settings: settings.set helper_marker_per_patch = 3
2026-09-07 08:04:19,938 [DEBUG] core.settings: settings.set helper_markers_top_bottom = True
2026-09-07 08:04:19,938 [DEBUG] core.settings: settings.set helper_markers_sides = True
2026-09-07 08:04:20,617 [INFO] ui.tabs.tab_chart: chart build (Generate Chart) in manual: patch set targen | manual panel: A4R, 0x0 grid, margins T6.0 R6.0 B6.0 L14.4
2026-09-07 08:04:20,621 [DEBUG] core.settings: settings.set session_ti3_path = ''
2026-09-07 08:04:20,621 [DEBUG] core.settings: settings.set session_icc_path = ''
2026-09-07 08:04:20,621 [DEBUG] core.settings: settings.set session_cal_ti3_path = ''
2026-09-07 08:04:20,622 [DEBUG] core.file_manager: Target name set to: A2-Instruments (root /Users/Basti/ChromIQ-assessment/A2-Instruments)
2026-09-07 08:04:20,625 [INFO] core.file_manager: opened the EXISTING project at /Users/Basti/ChromIQ-assessment/A2-Instruments (1 run(s) on disk)
2026-09-07 08:04:20,653 [INFO] workflow.chart_creator: Chart generation: 396 patches, instrument=CR30 paper=A4R disable_lb=True
2026-09-07 08:04:20,653 [INFO] workflow.chart_creator: targen args: ['-v', '-d2', '-f396', '-e3', '-B3', '-G', '-g23', 'A2-Instruments']
2026-09-07 08:04:20,653 [INFO] core.argyll_runner: Run: /Applications/Argyll/bin/targen -v -d2 -f396 -e3 -B3 -G -g23 A2-Instruments  [cwd=/Users/Basti/ChromIQ-assessment/A2-Instruments/runs/run1]
2026-09-07 08:04:20,735 [DEBUG] core.argyll_runner: [argyll] iRGB test chart
2026-09-07 08:04:20,735 [DEBUG] core.argyll_runner: [argyll] White patches = 3
2026-09-07 08:04:20,736 [DEBUG] core.argyll_runner: [argyll] Black patches = 3
2026-09-07 08:04:20,736 [DEBUG] core.argyll_runner: [argyll] Composite Grey steps = 23
2026-09-07 08:04:20,736 [DEBUG] core.argyll_runner: [argyll] Full spread patches = 396
2026-09-07 08:04:20,736 [DEBUG] core.argyll_runner: [argyll] Degree of adaptation: 0.100
2026-09-07 08:04:20,736 [DEBUG] core.argyll_runner: [argyll] Adaptation weights: Device = 0.935, Perceptual = 0.065, Curvature = 0.010
2026-09-07 08:04:20,736 [DEBUG] core.argyll_runner: [argyll] Perceptual cache resolution = 9
2026-09-07 08:04:20,737 [DEBUG] core.argyll_runner: [argyll] Seeding cache...done
2026-09-07 08:04:20,737 [DEBUG] core.argyll_runner: [argyll] Acceleration grid res = 8
2026-09-07 08:04:20,737 [DEBUG] core.argyll_runner: [argyll] 
2026-09-07 08:04:20,737 [DEBUG] core.argyll_runner: [argyll] There are 23 unique fixed points to add (27 total fixed points)
2026-09-07 08:04:20,737 [DEBUG] core.argyll_runner: [argyll] There are 369 far spread points to add
2026-09-07 08:04:20,738 [DEBUG] core.argyll_runner: [argyll] 
2026-09-07 08:04:20,738 [DEBUG] core.argyll_runner: [argyll] Added 12/392
2026-09-07 08:04:20,738 [DEBUG] core.argyll_runner: [argyll] Added 23/392
2026-09-07 08:04:20,738 [DEBUG] core.argyll_runner: [argyll] Added 34/392
2026-09-07 08:04:20,738 [DEBUG] core.argyll_runner: [argyll] Added 45/392
2026-09-07 08:04:20,739 [DEBUG] core.argyll_runner: [argyll] Added 56/392
2026-09-07 08:04:20,739 [DEBUG] core.argyll_runner: [argyll] Added 67/392
2026-09-07 08:04:20,740 [DEBUG] core.argyll_runner: [argyll] Added 78/392
2026-09-07 08:04:20,761 [DEBUG] core.argyll_runner: [argyll] 
2026-09-07 08:04:20,761 [DEBUG] core.argyll_runner: [argyll] Added 89/392
2026-09-07 08:04:20,761 [DEBUG] core.argyll_runner: [argyll] Added 100/392
2026-09-07 08:04:20,761 [DEBUG] core.argyll_runner: [argyll] Added 111/392
2026-09-07 08:04:20,762 [DEBUG] core.argyll_runner: [argyll] Added 122/392
2026-09-07 08:04:20,762 [DEBUG] core.argyll_runner: [argyll] Added 133/392
2026-09-07 08:04:20,763 [DEBUG] core.argyll_runner: [argyll] Added 144/392
2026-09-07 08:04:20,764 [DEBUG] core.argyll_runner: [argyll] Added 155/392
2026-09-07 08:04:20,765 [DEBUG] core.argyll_runner: [argyll] Added 166/392
2026-09-07 08:04:20,766 [DEBUG] core.argyll_runner: [argyll] Added 177/392
2026-09-07 08:04:20,767 [DEBUG] core.argyll_runner: [argyll] Added 188/392
2026-09-07 08:04:20,768 [DEBUG] core.argyll_runner: [argyll] Added 199/392
2026-09-07 08:04:20,770 [DEBUG] core.argyll_runner: [argyll] Added 210/392
2026-09-07 08:04:20,771 [DEBUG] core.argyll_runner: [argyll] Added 221/392
2026-09-07 08:04:20,773 [DEBUG] core.argyll_runner: [argyll] Added 232/392
2026-09-07 08:04:20,775 [DEBUG] core.argyll_runner: [argyll] Added 243/392
2026-09-07 08:04:20,776 [DEBUG] core.argyll_runner: [argyll] Added 254/392
2026-09-07 08:04:20,778 [DEBUG] core.argyll_runner: [argyll] Added 265/392
2026-09-07 08:04:20,781 [DEBUG] core.argyll_runner: [argyll] Added 276/392
2026-09-07 08:04:20,783 [DEBUG] core.argyll_runner: [argyll] Added 287/392
2026-09-07 08:04:20,785 [DEBUG] core.argyll_runner: [argyll] Added 298/392
2026-09-07 08:04:20,788 [DEBUG] core.argyll_runner: [argyll] Added 309/392
2026-09-07 08:04:20,791 [DEBUG] core.argyll_runner: [argyll] Added 320/392
2026-09-07 08:04:20,793 [DEBUG] core.argyll_runner: [argyll] Added 331/392
2026-09-07 08:04:20,796 [DEBUG] core.argyll_runner: [argyll] Added 342/392
2026-09-07 08:04:20,800 [DEBUG] core.argyll_runner: [argyll] Added 353/392
2026-09-07 08:04:20,803 [DEBUG] core.argyll_runner: [argyll] Added 364/392
2026-09-07 08:04:20,806 [DEBUG] core.argyll_runner: [argyll] Added 375/392
2026-09-07 08:04:20,810 [DEBUG] core.argyll_runner: [argyll] Added 386/392
2026-09-07 08:04:20,813 [DEBUG] core.argyll_runner: [argyll] Added 392/392
2026-09-07 08:04:21,459 [DEBUG] core.argyll_runner: [argyll] 
2026-09-07 08:04:21,460 [DEBUG] core.argyll_runner: [argyll] After seeding points: MinPoint = 3.970, Min = 4.388, Avg. = 12.001, Max = 15.262, 0.0 secs
2026-09-07 08:04:21,460 [DEBUG] core.argyll_runner: [argyll] Re-seeding
2026-09-07 08:04:21,460 [DEBUG] core.argyll_runner: [argyll] It 1: Maxmv = 0.106734, MinPoint = 6.399, Min = 5.367, Avg. = 11.945, Max = 15.576, 0.0 secs.
2026-09-07 08:04:21,461 [DEBUG] core.argyll_runner: [argyll] Re-seeding
2026-09-07 08:04:21,461 [DEBUG] core.argyll_runner: [argyll] It 2: Maxmv = 0.099251, MinPoint = 4.423, Min = 6.315, Avg. = 11.897, Max = 16.114, 0.0 secs.
2026-09-07 08:04:21,461 [DEBUG] core.argyll_runner: [argyll] Re-seeding
2026-09-07 08:04:21,461 [DEBUG] core.argyll_runner: [argyll] It 3: Maxmv = 0.099124, MinPoint = 2.364, Min = 6.774, Avg. = 11.832, Max = 16.722, 0.0 secs.
2026-09-07 08:04:21,462 [DEBUG] core.argyll_runner: [argyll] Re-seeding
2026-09-07 08:04:21,462 [DEBUG] core.argyll_runner: [argyll] It 4: Maxmv = 0.096536, MinPoint = 6.634, Min = 6.518, Avg. = 11.725, Max = 15.887, 0.0 secs.
2026-09-07 08:04:21,462 [DEBUG] core.argyll_runner: [argyll] Re-seeding
2026-09-07 08:04:21,462 [DEBUG] core.argyll_runner: [argyll] It 5: Maxmv = 0.074597, MinPoint = 7.486, Min = 6.960, Avg. = 11.717, Max = 15.177, 0.0 secs.
2026-09-07 08:04:21,463 [DEBUG] core.argyll_runner: [argyll] Re-seeding
2026-09-07 08:04:21,463 [DEBUG] core.argyll_runner: [argyll] It 6: Maxmv = 0.064293, MinPoint = 7.570, Min = 6.960, Avg. = 11.618, Max = 14.914, 0.0 secs.
2026-09-07 08:04:21,463 [DEBUG] core.argyll_runner: [argyll] Re-seeding
2026-09-07 08:04:21,463 [DEBUG] core.argyll_runner: [argyll] It 7: Maxmv = 0.054665, MinPoint = 7.570, Min = 6.960, Avg. = 11.615, Max = 14.832, 0.0 secs.
2026-09-07 08:04:21,464 [DEBUG] core.argyll_runner: [argyll] Re-seeding
2026-09-07 08:04:21,464 [DEBUG] core.argyll_runner: [argyll] It 8: Maxmv = 0.052091, MinPoint = 7.570, Min = 6.960, Avg. = 11.572, Max = 15.268, 0.0 secs.
2026-09-07 08:04:21,464 [DEBUG] core.argyll_runner: [argyll] Re-seeding
2026-09-07 08:04:21,464 [DEBUG] core.argyll_runner: [argyll] It 9: Maxmv = 0.048025, MinPoint = 7.570, Min = 6.960, Avg. = 11.556, Max = 14.295, 0.0 secs.
2026-09-07 08:04:21,465 [DEBUG] core.argyll_runner: [argyll] Re-seeding
2026-09-07 08:04:21,465 [DEBUG] core.argyll_runner: [argyll] It 10: Maxmv = 0.034258, MinPoint = 7.570, Min = 6.960, Avg. = 11.523, Max = 14.831, 0.0 secs.
2026-09-07 08:04:21,465 [DEBUG] core.argyll_runner: [argyll] Re-seeding
2026-09-07 08:04:21,465 [DEBUG] core.argyll_runner: [argyll] It 11: Maxmv = 0.037811, MinPoint = 7.570, Min = 6.960, Avg. = 11.502, Max = 14.344, 0.0 secs.
2026-09-07 08:04:21,466 [DEBUG] core.argyll_runner: [argyll] Re-seeding
2026-09-07 08:04:21,466 [DEBUG] core.argyll_runner: [argyll] It 12: Maxmv = 0.025586, MinPoint = 7.570, Min = 6.960, Avg. = 11.468, Max = 14.642, 0.0 secs.
2026-09-07 08:04:21,466 [DEBUG] core.argyll_runner: [argyll] Re-seeding
2026-09-07 08:04:21,466 [DEBUG] core.argyll_runner: [argyll] It 13: Maxmv = 0.022614, MinPoint = 7.570, Min = 6.960, Avg. = 11.457, Max = 14.396, 0.0 secs.
2026-09-07 08:04:21,467 [DEBUG] core.argyll_runner: [argyll] Re-seeding
2026-09-07 08:04:21,467 [DEBUG] core.argyll_runner: [argyll] It 14: Maxmv = 0.018911, MinPoint = 7.570, Min = 6.960, Avg. = 11.451, Max = 14.232, 0.0 secs.
2026-09-07 08:04:21,467 [DEBUG] core.argyll_runner: [argyll] Re-seeding
2026-09-07 08:04:21,467 [DEBUG] core.argyll_runner: [argyll] It 15: Maxmv = 0.014725, MinPoint = 7.570, Min = 6.960, Avg. = 11.449, Max = 14.024, 0.0 secs.
2026-09-07 08:04:21,467 [DEBUG] core.argyll_runner: [argyll] Re-seeding
2026-09-07 08:04:21,468 [DEBUG] core.argyll_runner: [argyll] It 16: Maxmv = 0.012023, MinPoint = 7.570, Min = 6.960, Avg. = 11.440, Max = 13.964, 0.0 secs.
2026-09-07 08:04:21,468 [DEBUG] core.argyll_runner: [argyll] Re-seeding
2026-09-07 08:04:21,468 [DEBUG] core.argyll_runner: [argyll] It 17: Maxmv = 0.008625, MinPoint = 7.570, Min = 6.960, Avg. = 11.439, Max = 13.998, 0.0 secs.
2026-09-07 08:04:21,468 [DEBUG] core.argyll_runner: [argyll] Re-seeding
2026-09-07 08:04:21,469 [DEBUG] core.argyll_runner: [argyll] It 18: Maxmv = 0.005636, MinPoint = 7.570, Min = 6.960, Avg. = 11.437, Max = 13.921, 0.0 secs.
2026-09-07 08:04:21,469 [DEBUG] core.argyll_runner: [argyll] Re-seeding
2026-09-07 08:04:21,469 [DEBUG] core.argyll_runner: [argyll] It 19: Maxmv = 0.001572, MinPoint = 7.570, Min = 6.960, Avg. = 11.436, Max = 13.891, 0.0 secs.
2026-09-07 08:04:21,469 [DEBUG] core.argyll_runner: [argyll] Re-seeding
2026-09-07 08:04:21,470 [DEBUG] core.argyll_runner: [argyll] It 20: Maxmv = 0.001715, MinPoint = 7.570, Min = 6.960, Avg. = 11.436, Max = 13.861, 0.0 secs.
2026-09-07 08:04:21,470 [DEBUG] core.argyll_runner: [argyll] After optimization: MinPoint = 7.570, Min = 6.960, Avg. = 11.436, Max = 13.861
2026-09-07 08:04:21,470 [DEBUG] core.argyll_runner: [argyll] Total number of patches = 396
2026-09-07 08:04:21,471 [DEBUG] core.argyll_runner: [argyll] Execution time = 0.730710 seconds
2026-09-07 08:04:21,471 [INFO] core.argyll_runner: ArgyllRunner: finished with code 0
2026-09-07 08:04:21,525 [DEBUG] workflow.chart_creator: Wrote channel sidecar A2-Instruments.channels.json: ['r', 'g', 'b']
2026-09-07 08:04:21,607 [DEBUG] ui.tiff_preview: TiffPreview: loaded 1 page(s)
2026-09-07 08:04:21,607 [INFO] ui.tabs.tab_chart: Preview loaded: 1 TIFF(s)
2026-09-07 08:04:21,619 [DEBUG] ui.tiff_preview: TiffPreview: loaded 1 page(s)
2026-09-07 08:04:21,620 [DEBUG] ui.tiff_preview: TiffPreview: loaded 1 page(s)
2026-09-07 08:04:21,626 [DEBUG] ui.tabs.tab_chart: create-chart settings written for run1 (40 parameters + ui state)
2026-09-07 08:04:23,464 [INFO] assess:   shot Screenshots/A2-instruments/CR30-hex-A4R-preview.png  (2232x1146)
2026-09-07 08:04:23,464 [INFO] assess: [CR30-hex-A4R] ok=True 4.3s est_before={'total': 396, 'fillup': 0, 'page_patches': 396, 'rows': 18, 'cols': 22, 'pages': 1, 'patch': (12.0, 13.86), 'pitch': 10.39} actual={'total': 396, 'fillup': 0, 'page_patches': 396, 'rows': 18, 'cols': 22, 'pages': 1, 'patch': (12.02, 13.89), 'pitch': 10.41} status='No instrument margins set for this instrument and paper size.' eng=['[ChromIQ layout engine] Drawing the pages. This part runs in one go and cannot be stopped, so the window will not respond until it is finished.', '[ChromIQ layout engine] 396 patches (18×22), 1 page, random start 393751289']
2026-09-07 08:04:23,466 [INFO] assess:   json Test Runs/logs/d02_matrix.json
2026-09-07 08:04:23,466 [INFO] assess:   armed: dialog ~'scanner' -> click 'OK' hex heads-up (hex modes only)
2026-09-07 08:04:23,466 [INFO] assess:   armed: dialog ~'quite fill' -> click 'OK' last page hint
2026-09-07 08:04:23,466 [INFO] assess:   armed: dialog ~'already' -> click 'Continue this project' S4.7 on 2nd+ build
2026-09-07 08:04:24,195 [DEBUG] core.settings: settings.set helper_markers_show = False
2026-09-07 08:04:24,195 [DEBUG] core.settings: settings.set helper_marker_edge_mm = 2.0
2026-09-07 08:04:24,195 [DEBUG] core.settings: settings.set helper_marker_len_mm = 2.0
2026-09-07 08:04:24,195 [DEBUG] core.settings: settings.set helper_marker_per_patch = 3
2026-09-07 08:04:24,195 [DEBUG] core.settings: settings.set helper_markers_top_bottom = True
2026-09-07 08:04:24,195 [DEBUG] core.settings: settings.set helper_markers_sides = True
2026-09-07 08:04:24,854 [INFO] ui.tabs.tab_chart: chart build (Generate Chart) in manual: patch set targen | manual panel: A3, 0x0 grid, margins T6.0 R6.0 B6.0 L14.4
2026-09-07 08:04:24,858 [DEBUG] core.settings: settings.set session_ti3_path = ''
2026-09-07 08:04:24,858 [DEBUG] core.settings: settings.set session_icc_path = ''
2026-09-07 08:04:24,858 [DEBUG] core.settings: settings.set session_cal_ti3_path = ''
2026-09-07 08:04:24,860 [DEBUG] core.file_manager: Target name set to: A2-Instruments (root /Users/Basti/ChromIQ-assessment/A2-Instruments)
2026-09-07 08:04:24,861 [INFO] core.file_manager: opened the EXISTING project at /Users/Basti/ChromIQ-assessment/A2-Instruments (1 run(s) on disk)
2026-09-07 08:04:24,891 [INFO] workflow.chart_creator: Chart generation: 836 patches, instrument=CR30 paper=A3 disable_lb=True
2026-09-07 08:04:24,892 [INFO] workflow.chart_creator: targen args: ['-v', '-d2', '-f836', '-e5', '-B5', '-G', '-g48', 'A2-Instruments']
2026-09-07 08:04:24,892 [INFO] core.argyll_runner: Run: /Applications/Argyll/bin/targen -v -d2 -f836 -e5 -B5 -G -g48 A2-Instruments  [cwd=/Users/Basti/ChromIQ-assessment/A2-Instruments/runs/run1]
2026-09-07 08:04:24,971 [DEBUG] core.argyll_runner: [argyll] iRGB test chart
2026-09-07 08:04:24,971 [DEBUG] core.argyll_runner: [argyll] White patches = 5
2026-09-07 08:04:24,971 [DEBUG] core.argyll_runner: [argyll] Black patches = 5
2026-09-07 08:04:24,971 [DEBUG] core.argyll_runner: [argyll] Composite Grey steps = 48
2026-09-07 08:04:24,971 [DEBUG] core.argyll_runner: [argyll] Full spread patches = 836
2026-09-07 08:04:24,972 [DEBUG] core.argyll_runner: [argyll] Degree of adaptation: 0.100
2026-09-07 08:04:24,972 [DEBUG] core.argyll_runner: [argyll] Adaptation weights: Device = 0.935, Perceptual = 0.065, Curvature = 0.010
2026-09-07 08:04:24,972 [DEBUG] core.argyll_runner: [argyll] Perceptual cache resolution = 11
2026-09-07 08:04:24,972 [DEBUG] core.argyll_runner: [argyll] Seeding cache...
2026-09-07 08:04:25,004 [DEBUG] core.argyll_runner: [argyll] done
2026-09-07 08:04:25,004 [DEBUG] core.argyll_runner: [argyll] Acceleration grid res = 10
2026-09-07 08:04:25,004 [DEBUG] core.argyll_runner: [argyll] 
2026-09-07 08:04:25,004 [DEBUG] core.argyll_runner: [argyll] There are 48 unique fixed points to add (56 total fixed points)
2026-09-07 08:04:25,005 [DEBUG] core.argyll_runner: [argyll] There are 780 far spread points to add
2026-09-07 08:04:25,005 [DEBUG] core.argyll_runner: [argyll] 
2026-09-07 08:04:25,005 [DEBUG] core.argyll_runner: [argyll] Added 12/828
2026-09-07 08:04:25,005 [DEBUG] core.argyll_runner: [argyll] Added 23/828
2026-09-07 08:04:25,005 [DEBUG] core.argyll_runner: [argyll] Added 34/828
2026-09-07 08:04:25,005 [DEBUG] core.argyll_runner: [argyll] Added 45/828
2026-09-07 08:04:25,006 [DEBUG] core.argyll_runner: [argyll] Added 56/828
2026-09-07 08:04:25,006 [DEBUG] core.argyll_runner: [argyll] Added 67/828
2026-09-07 08:04:25,007 [DEBUG] core.argyll_runner: [argyll] Added 78/828
2026-09-07 08:04:25,007 [DEBUG] core.argyll_runner: [argyll] Added 89/828
2026-09-07 08:04:25,008 [DEBUG] core.argyll_runner: [argyll] Added 100/828
2026-09-07 08:04:25,009 [DEBUG] core.argyll_runner: [argyll] Added 111/828
2026-09-07 08:04:25,010 [DEBUG] core.argyll_runner: [argyll] Added 122/828
2026-09-07 08:04:25,011 [DEBUG] core.argyll_runner: [argyll] Added 133/828
2026-09-07 08:04:25,012 [DEBUG] core.argyll_runner: [argyll] Added 144/828
2026-09-07 08:04:25,013 [DEBUG] core.argyll_runner: [argyll] Added 155/828
2026-09-07 08:04:25,015 [DEBUG] core.argyll_runner: [argyll] Added 166/828
2026-09-07 08:04:25,016 [DEBUG] core.argyll_runner: [argyll] Added 177/828
2026-09-07 08:04:25,018 [DEBUG] core.argyll_runner: [argyll] Added 188/828
2026-09-07 08:04:25,020 [DEBUG] core.argyll_runner: [argyll] Added 199/828
2026-09-07 08:04:25,022 [DEBUG] core.argyll_runner: [argyll] Added 210/828
2026-09-07 08:04:25,024 [DEBUG] core.argyll_runner: [argyll] Added 221/828
2026-09-07 08:04:25,026 [DEBUG] core.argyll_runner: [argyll] Added 232/828
2026-09-07 08:04:25,029 [DEBUG] core.argyll_runner: [argyll] Added 243/828
2026-09-07 08:04:25,031 [DEBUG] core.argyll_runner: [argyll] Added 254/828
2026-09-07 08:04:25,034 [DEBUG] core.argyll_runner: [argyll] Added 265/828
2026-09-07 08:04:25,037 [DEBUG] core.argyll_runner: [argyll] Added 276/828
2026-09-07 08:04:25,040 [DEBUG] core.argyll_runner: [argyll] Added 287/828
2026-09-07 08:04:25,043 [DEBUG] core.argyll_runner: [argyll] Added 298/828
2026-09-07 08:04:25,046 [DEBUG] core.argyll_runner: [argyll] Added 309/828
2026-09-07 08:04:25,049 [DEBUG] core.argyll_runner: [argyll] Added 320/828
2026-09-07 08:04:25,052 [DEBUG] core.argyll_runner: [argyll] Added 331/828
2026-09-07 08:04:25,056 [DEBUG] core.argyll_runner: [argyll] Added 342/828
2026-09-07 08:04:25,060 [DEBUG] core.argyll_runner: [argyll] Added 353/828
2026-09-07 08:04:25,083 [DEBUG] core.argyll_runner: [argyll] 
2026-09-07 08:04:25,085 [DEBUG] core.argyll_runner: [argyll] Added 364/828
2026-09-07 08:04:25,085 [DEBUG] core.argyll_runner: [argyll] Added 375/828
2026-09-07 08:04:25,085 [DEBUG] core.argyll_runner: [argyll] Added 386/828
2026-09-07 08:04:25,085 [DEBUG] core.argyll_runner: [argyll] Added 397/828
2026-09-07 08:04:25,086 [DEBUG] core.argyll_runner: [argyll] Added 408/828
2026-09-07 08:04:25,087 [DEBUG] core.argyll_runner: [argyll] Added 419/828
2026-09-07 08:04:25,087 [DEBUG] core.argyll_runner: [argyll] Added 430/828
2026-09-07 08:04:25,088 [DEBUG] core.argyll_runner: [argyll] Added 441/828
2026-09-07 08:04:25,089 [DEBUG] core.argyll_runner: [argyll] Added 452/828
2026-09-07 08:04:25,090 [DEBUG] core.argyll_runner: [argyll] Added 463/828
2026-09-07 08:04:25,092 [DEBUG] core.argyll_runner: [argyll] Added 474/828
2026-09-07 08:04:25,093 [DEBUG] core.argyll_runner: [argyll] Added 485/828
2026-09-07 08:04:25,095 [DEBUG] core.argyll_runner: [argyll] Added 496/828
2026-09-07 08:04:25,096 [DEBUG] core.argyll_runner: [argyll] Added 507/828
2026-09-07 08:04:25,098 [DEBUG] core.argyll_runner: [argyll] Added 518/828
2026-09-07 08:04:25,100 [DEBUG] core.argyll_runner: [argyll] Added 529/828
2026-09-07 08:04:25,102 [DEBUG] core.argyll_runner: [argyll] Added 540/828
2026-09-07 08:04:25,104 [DEBUG] core.argyll_runner: [argyll] Added 551/828
2026-09-07 08:04:25,107 [DEBUG] core.argyll_runner: [argyll] Added 562/828
2026-09-07 08:04:25,109 [DEBUG] core.argyll_runner: [argyll] Added 573/828
2026-09-07 08:04:25,112 [DEBUG] core.argyll_runner: [argyll] Added 584/828
2026-09-07 08:04:25,114 [DEBUG] core.argyll_runner: [argyll] Added 595/828
2026-09-07 08:04:25,117 [DEBUG] core.argyll_runner: [argyll] Added 606/828
2026-09-07 08:04:25,120 [DEBUG] core.argyll_runner: [argyll] Added 617/828
2026-09-07 08:04:25,123 [DEBUG] core.argyll_runner: [argyll] Added 628/828
2026-09-07 08:04:25,127 [DEBUG] core.argyll_runner: [argyll] Added 639/828
2026-09-07 08:04:25,130 [DEBUG] core.argyll_runner: [argyll] Added 650/828
2026-09-07 08:04:25,133 [DEBUG] core.argyll_runner: [argyll] Added 661/828
2026-09-07 08:04:25,137 [DEBUG] core.argyll_runner: [argyll] Added 672/828
2026-09-07 08:04:25,141 [DEBUG] core.argyll_runner: [argyll] Added 683/828
2026-09-07 08:04:25,145 [DEBUG] core.argyll_runner: [argyll] Added 694/828
2026-09-07 08:04:25,149 [DEBUG] core.argyll_runner: [argyll] Added 705/828
2026-09-07 08:04:25,153 [DEBUG] core.argyll_runner: [argyll] Added 716/828
2026-09-07 08:04:25,158 [DEBUG] core.argyll_runner: [argyll] Added 727/828
2026-09-07 08:04:25,162 [DEBUG] core.argyll_runner: [argyll] Added 738/828
2026-09-07 08:04:25,167 [DEBUG] core.argyll_runner: [argyll] Added 749/828
2026-09-07 08:04:25,172 [DEBUG] core.argyll_runner: [argyll] Added 760/828
2026-09-07 08:04:25,176 [DEBUG] core.argyll_runner: [argyll] Added 771/828
2026-09-07 08:04:25,181 [DEBUG] core.argyll_runner: [argyll] Added 782/828
2026-09-07 08:04:25,187 [DEBUG] core.argyll_runner: [argyll] Added 793/828
2026-09-07 08:04:25,192 [DEBUG] core.argyll_runner: [argyll] Added 804/828
2026-09-07 08:04:25,197 [DEBUG] core.argyll_runner: [argyll] Added 815/828
2026-09-07 08:04:25,203 [DEBUG] core.argyll_runner: [argyll] Added 826/828
2026-09-07 08:04:25,209 [DEBUG] core.argyll_runner: [argyll] Added 828/828
2026-09-07 08:04:26,661 [DEBUG] core.argyll_runner: [argyll] 
2026-09-07 08:04:26,663 [DEBUG] core.argyll_runner: [argyll] After seeding points: MinPoint = 3.539, Min = 3.251, Avg. = 9.266, Max = 11.814, 0.1 secs
2026-09-07 08:04:26,664 [DEBUG] core.argyll_runner: [argyll] Re-seeding
2026-09-07 08:04:26,664 [DEBUG] core.argyll_runner: [argyll] It 1: Maxmv = 0.080506, MinPoint = 1.102, Min = 3.009, Avg. = 9.246, Max = 12.281, 0.1 secs.
2026-09-07 08:04:26,664 [DEBUG] core.argyll_runner: [argyll] Re-seeding
2026-09-07 08:04:26,664 [DEBUG] core.argyll_runner: [argyll] It 2: Maxmv = 0.084254, MinPoint = 2.677, Min = 3.251, Avg. = 9.146, Max = 11.853, 0.1 secs.
2026-09-07 08:04:26,665 [DEBUG] core.argyll_runner: [argyll] Re-seeding
2026-09-07 08:04:26,665 [DEBUG] core.argyll_runner: [argyll] It 3: Maxmv = 0.071598, MinPoint = 3.539, Min = 3.251, Avg. = 9.089, Max = 12.333, 0.1 secs.
2026-09-07 08:04:26,665 [DEBUG] core.argyll_runner: [argyll] Re-seeding
2026-09-07 08:04:26,665 [DEBUG] core.argyll_runner: [argyll] It 4: Maxmv = 0.071869, MinPoint = 3.134, Min = 3.251, Avg. = 9.030, Max = 11.662, 0.1 secs.
2026-09-07 08:04:26,666 [DEBUG] core.argyll_runner: [argyll] Re-seeding
2026-09-07 08:04:26,666 [DEBUG] core.argyll_runner: [argyll] It 5: Maxmv = 0.066760, MinPoint = 3.539, Min = 3.251, Avg. = 8.987, Max = 11.824, 0.1 secs.
2026-09-07 08:04:26,666 [DEBUG] core.argyll_runner: [argyll] Re-seeding
2026-09-07 08:04:26,666 [DEBUG] core.argyll_runner: [argyll] It 6: Maxmv = 0.050523, MinPoint = 3.539, Min = 3.251, Avg. = 8.922, Max = 11.124, 0.1 secs.
2026-09-07 08:04:26,666 [DEBUG] core.argyll_runner: [argyll] Re-seeding
2026-09-07 08:04:26,667 [DEBUG] core.argyll_runner: [argyll] It 7: Maxmv = 0.059782, MinPoint = 3.539, Min = 3.251, Avg. = 8.893, Max = 11.707, 0.1 secs.
2026-09-07 08:04:26,667 [DEBUG] core.argyll_runner: [argyll] Re-seeding
2026-09-07 08:04:26,667 [DEBUG] core.argyll_runner: [argyll] It 8: Maxmv = 0.042094, MinPoint = 3.539, Min = 3.251, Avg. = 8.859, Max = 10.711, 0.1 secs.
2026-09-07 08:04:26,667 [DEBUG] core.argyll_runner: [argyll] Re-seeding
2026-09-07 08:04:26,668 [DEBUG] core.argyll_runner: [argyll] It 9: Maxmv = 0.040807, MinPoint = 3.539, Min = 3.251, Avg. = 8.831, Max = 11.036, 0.1 secs.
2026-09-07 08:04:26,668 [DEBUG] core.argyll_runner: [argyll] Re-seeding
2026-09-07 08:04:26,668 [DEBUG] core.argyll_runner: [argyll] It 10: Maxmv = 0.030137, MinPoint = 3.539, Min = 3.251, Avg. = 8.807, Max = 10.905, 0.1 secs.
2026-09-07 08:04:26,668 [DEBUG] core.argyll_runner: [argyll] Re-seeding
2026-09-07 08:04:26,668 [DEBUG] core.argyll_runner: [argyll] It 11: Maxmv = 0.028484, MinPoint = 3.539, Min = 3.251, Avg. = 8.787, Max = 11.183, 0.1 secs.
2026-09-07 08:04:26,669 [DEBUG] core.argyll_runner: [argyll] Re-seeding
2026-09-07 08:04:26,669 [DEBUG] core.argyll_runner: [argyll] It 12: Maxmv = 0.023458, MinPoint = 3.539, Min = 3.251, Avg. = 8.772, Max = 10.453, 0.1 secs.
2026-09-07 08:04:26,669 [DEBUG] core.argyll_runner: [argyll] Re-seeding
2026-09-07 08:04:26,669 [DEBUG] core.argyll_runner: [argyll] It 13: Maxmv = 0.021748, MinPoint = 3.539, Min = 3.251, Avg. = 8.767, Max = 10.539, 0.1 secs.
2026-09-07 08:04:26,670 [DEBUG] core.argyll_runner: [argyll] Re-seeding
2026-09-07 08:04:26,670 [DEBUG] core.argyll_runner: [argyll] It 14: Maxmv = 0.019754, MinPoint = 3.539, Min = 3.251, Avg. = 8.759, Max = 10.378, 0.1 secs.
2026-09-07 08:04:26,670 [DEBUG] core.argyll_runner: [argyll] Re-seeding
2026-09-07 08:04:26,670 [DEBUG] core.argyll_runner: [argyll] It 15: Maxmv = 0.011970, MinPoint = 3.539, Min = 3.251, Avg. = 8.751, Max = 10.334, 0.1 secs.
2026-09-07 08:04:26,671 [DEBUG] core.argyll_runner: [argyll] Re-seeding
2026-09-07 08:04:26,671 [DEBUG] core.argyll_runner: [argyll] It 16: Maxmv = 0.010452, MinPoint = 3.539, Min = 3.251, Avg. = 8.752, Max = 10.180, 0.1 secs.
2026-09-07 08:04:26,671 [DEBUG] core.argyll_runner: [argyll] Re-seeding
2026-09-07 08:04:26,671 [DEBUG] core.argyll_runner: [argyll] It 17: Maxmv = 0.005814, MinPoint = 3.539, Min = 3.251, Avg. = 8.749, Max = 10.252, 0.1 secs.
2026-09-07 08:04:26,671 [DEBUG] core.argyll_runner: [argyll] Re-seeding
2026-09-07 08:04:26,672 [DEBUG] core.argyll_runner: [argyll] It 18: Maxmv = 0.004445, MinPoint = 3.539, Min = 3.251, Avg. = 8.751, Max = 10.281, 0.1 secs.
2026-09-07 08:04:26,672 [DEBUG] core.argyll_runner: [argyll] Re-seeding
2026-09-07 08:04:26,672 [DEBUG] core.argyll_runner: [argyll] It 19: Maxmv = 0.001298, MinPoint = 3.539, Min = 3.251, Avg. = 8.751, Max = 10.249, 0.1 secs.
2026-09-07 08:04:26,672 [DEBUG] core.argyll_runner: [argyll] Re-seeding
2026-09-07 08:04:26,673 [DEBUG] core.argyll_runner: [argyll] It 20: Maxmv = 0.001426, MinPoint = 3.539, Min = 3.251, Avg. = 8.751, Max = 10.258, 0.1 secs.
2026-09-07 08:04:26,673 [DEBUG] core.argyll_runner: [argyll] After optimization: MinPoint = 3.539, Min = 3.251, Avg. = 8.751, Max = 10.258
2026-09-07 08:04:26,673 [DEBUG] core.argyll_runner: [argyll] Total number of patches = 836
2026-09-07 08:04:26,673 [DEBUG] core.argyll_runner: [argyll] Execution time = 1.713013 seconds
2026-09-07 08:04:26,687 [INFO] core.argyll_runner: ArgyllRunner: finished with code 0
2026-09-07 08:04:26,787 [DEBUG] workflow.chart_creator: Wrote channel sidecar A2-Instruments.channels.json: ['r', 'g', 'b']
2026-09-07 08:04:26,954 [DEBUG] ui.tiff_preview: TiffPreview: loaded 1 page(s)
2026-09-07 08:04:26,954 [INFO] ui.tabs.tab_chart: Preview loaded: 1 TIFF(s)
2026-09-07 08:04:26,972 [DEBUG] ui.tiff_preview: TiffPreview: loaded 1 page(s)
2026-09-07 08:04:26,976 [DEBUG] ui.tiff_preview: TiffPreview: loaded 1 page(s)
2026-09-07 08:04:26,984 [DEBUG] ui.tabs.tab_chart: create-chart settings written for run1 (40 parameters + ui state)
2026-09-07 08:04:29,708 [INFO] assess:   shot Screenshots/A2-instruments/CR30-hex-A3-preview.png  (2232x1146)
2026-09-07 08:04:29,708 [INFO] assess: [CR30-hex-A3] ok=True 6.2s est_before={'total': 836, 'fillup': 0, 'page_patches': 836, 'rows': 38, 'cols': 22, 'pages': 1, 'patch': (12.0, 13.86), 'pitch': 10.39} actual={'total': 836, 'fillup': 0, 'page_patches': 836, 'rows': 38, 'cols': 22, 'pages': 1, 'patch': (12.02, 13.89), 'pitch': 10.41} status='No instrument margins set for this instrument and paper size.' eng=['[ChromIQ layout engine] Drawing the pages. This part runs in one go and cannot be stopped, so the window will not respond until it is finished.', '[ChromIQ layout engine] 836 patches (38×22), 1 page, random start 668647221']
2026-09-07 08:04:29,709 [INFO] assess:   json Test Runs/logs/d02_matrix.json
2026-09-07 08:04:29,709 [INFO] assess:   armed: dialog ~'scanner' -> click 'OK' hex heads-up (hex modes only)
2026-09-07 08:04:29,709 [INFO] assess:   armed: dialog ~'quite fill' -> click 'OK' last page hint
2026-09-07 08:04:29,709 [INFO] assess:   armed: dialog ~'already' -> click 'Continue this project' S4.7 on 2nd+ build
2026-09-07 08:04:30,440 [DEBUG] core.settings: settings.set helper_markers_show = False
2026-09-07 08:04:30,440 [DEBUG] core.settings: settings.set helper_marker_edge_mm = 2.0
2026-09-07 08:04:30,440 [DEBUG] core.settings: settings.set helper_marker_len_mm = 2.0
2026-09-07 08:04:30,440 [DEBUG] core.settings: settings.set helper_marker_per_patch = 3
2026-09-07 08:04:30,440 [DEBUG] core.settings: settings.set helper_markers_top_bottom = True
2026-09-07 08:04:30,440 [DEBUG] core.settings: settings.set helper_markers_sides = True
2026-09-07 08:04:31,110 [INFO] ui.tabs.tab_chart: chart build (Generate Chart) in manual: patch set targen | manual panel: 420x297, 0x0 grid, margins T6.0 R6.0 B6.0 L14.4
2026-09-07 08:04:31,113 [DEBUG] core.settings: settings.set session_ti3_path = ''
2026-09-07 08:04:31,114 [DEBUG] core.settings: settings.set session_icc_path = ''
2026-09-07 08:04:31,114 [DEBUG] core.settings: settings.set session_cal_ti3_path = ''
2026-09-07 08:04:31,115 [DEBUG] core.file_manager: Target name set to: A2-Instruments (root /Users/Basti/ChromIQ-assessment/A2-Instruments)
2026-09-07 08:04:31,115 [INFO] core.file_manager: opened the EXISTING project at /Users/Basti/ChromIQ-assessment/A2-Instruments (1 run(s) on disk)
2026-09-07 08:04:31,137 [INFO] workflow.chart_creator: Chart generation: 864 patches, instrument=CR30 paper=420x297 disable_lb=True
2026-09-07 08:04:31,137 [INFO] workflow.chart_creator: targen args: ['-v', '-d2', '-f864', '-e5', '-B5', '-G', '-g49', 'A2-Instruments']
2026-09-07 08:04:31,138 [INFO] core.argyll_runner: Run: /Applications/Argyll/bin/targen -v -d2 -f864 -e5 -B5 -G -g49 A2-Instruments  [cwd=/Users/Basti/ChromIQ-assessment/A2-Instruments/runs/run1]
2026-09-07 08:04:31,213 [DEBUG] core.argyll_runner: [argyll] iRGB test chart
2026-09-07 08:04:31,214 [DEBUG] core.argyll_runner: [argyll] White patches = 5
2026-09-07 08:04:31,214 [DEBUG] core.argyll_runner: [argyll] Black patches = 5
2026-09-07 08:04:31,214 [DEBUG] core.argyll_runner: [argyll] Composite Grey steps = 49
2026-09-07 08:04:31,214 [DEBUG] core.argyll_runner: [argyll] Full spread patches = 864
2026-09-07 08:04:31,214 [DEBUG] core.argyll_runner: [argyll] Degree of adaptation: 0.100
2026-09-07 08:04:31,214 [DEBUG] core.argyll_runner: [argyll] Adaptation weights: Device = 0.935, Perceptual = 0.065, Curvature = 0.010
2026-09-07 08:04:31,215 [DEBUG] core.argyll_runner: [argyll] Perceptual cache resolution = 11
2026-09-07 08:04:31,215 [DEBUG] core.argyll_runner: [argyll] Seeding cache...
2026-09-07 08:04:31,247 [DEBUG] core.argyll_runner: [argyll] done
2026-09-07 08:04:31,247 [DEBUG] core.argyll_runner: [argyll] Acceleration grid res = 10
2026-09-07 08:04:31,247 [DEBUG] core.argyll_runner: [argyll] 
2026-09-07 08:04:31,247 [DEBUG] core.argyll_runner: [argyll] There are 49 unique fixed points to add (57 total fixed points)
2026-09-07 08:04:31,247 [DEBUG] core.argyll_runner: [argyll] There are 807 far spread points to add
2026-09-07 08:04:31,248 [DEBUG] core.argyll_runner: [argyll] 
2026-09-07 08:04:31,248 [DEBUG] core.argyll_runner: [argyll] Added 12/856
2026-09-07 08:04:31,248 [DEBUG] core.argyll_runner: [argyll] Added 23/856
2026-09-07 08:04:31,248 [DEBUG] core.argyll_runner: [argyll] Added 34/856
2026-09-07 08:04:31,248 [DEBUG] core.argyll_runner: [argyll] Added 45/856
2026-09-07 08:04:31,249 [DEBUG] core.argyll_runner: [argyll] Added 56/856
2026-09-07 08:04:31,249 [DEBUG] core.argyll_runner: [argyll] Added 67/856
2026-09-07 08:04:31,250 [DEBUG] core.argyll_runner: [argyll] Added 78/856
2026-09-07 08:04:31,250 [DEBUG] core.argyll_runner: [argyll] Added 89/856
2026-09-07 08:04:31,251 [DEBUG] core.argyll_runner: [argyll] Added 100/856
2026-09-07 08:04:31,252 [DEBUG] core.argyll_runner: [argyll] Added 111/856
2026-09-07 08:04:31,252 [DEBUG] core.argyll_runner: [argyll] Added 122/856
2026-09-07 08:04:31,254 [DEBUG] core.argyll_runner: [argyll] Added 133/856
2026-09-07 08:04:31,255 [DEBUG] core.argyll_runner: [argyll] Added 144/856
2026-09-07 08:04:31,256 [DEBUG] core.argyll_runner: [argyll] Added 155/856
2026-09-07 08:04:31,258 [DEBUG] core.argyll_runner: [argyll] Added 166/856
2026-09-07 08:04:31,259 [DEBUG] core.argyll_runner: [argyll] Added 177/856
2026-09-07 08:04:31,261 [DEBUG] core.argyll_runner: [argyll] Added 188/856
2026-09-07 08:04:31,263 [DEBUG] core.argyll_runner: [argyll] Added 199/856
2026-09-07 08:04:31,265 [DEBUG] core.argyll_runner: [argyll] Added 210/856
2026-09-07 08:04:31,267 [DEBUG] core.argyll_runner: [argyll] Added 221/856
2026-09-07 08:04:31,269 [DEBUG] core.argyll_runner: [argyll] Added 232/856
2026-09-07 08:04:31,271 [DEBUG] core.argyll_runner: [argyll] Added 243/856
2026-09-07 08:04:31,274 [DEBUG] core.argyll_runner: [argyll] Added 254/856
2026-09-07 08:04:31,276 [DEBUG] core.argyll_runner: [argyll] Added 265/856
2026-09-07 08:04:31,279 [DEBUG] core.argyll_runner: [argyll] Added 276/856
2026-09-07 08:04:31,282 [DEBUG] core.argyll_runner: [argyll] Added 287/856
2026-09-07 08:04:31,285 [DEBUG] core.argyll_runner: [argyll] Added 298/856
2026-09-07 08:04:31,307 [DEBUG] core.argyll_runner: [argyll] 
2026-09-07 08:04:31,308 [DEBUG] core.argyll_runner: [argyll] Added 309/856
2026-09-07 08:04:31,308 [DEBUG] core.argyll_runner: [argyll] Added 320/856
2026-09-07 08:04:31,308 [DEBUG] core.argyll_runner: [argyll] Added 331/856
2026-09-07 08:04:31,309 [DEBUG] core.argyll_runner: [argyll] Added 342/856
2026-09-07 08:04:31,309 [DEBUG] core.argyll_runner: [argyll] Added 353/856
2026-09-07 08:04:31,310 [DEBUG] core.argyll_runner: [argyll] Added 364/856
2026-09-07 08:04:31,311 [DEBUG] core.argyll_runner: [argyll] Added 375/856
2026-09-07 08:04:31,311 [DEBUG] core.argyll_runner: [argyll] Added 386/856
2026-09-07 08:04:31,312 [DEBUG] core.argyll_runner: [argyll] Added 397/856
2026-09-07 08:04:31,314 [DEBUG] core.argyll_runner: [argyll] Added 408/856
2026-09-07 08:04:31,315 [DEBUG] core.argyll_runner: [argyll] Added 419/856
2026-09-07 08:04:31,316 [DEBUG] core.argyll_runner: [argyll] Added 430/856
2026-09-07 08:04:31,318 [DEBUG] core.argyll_runner: [argyll] Added 441/856
2026-09-07 08:04:31,320 [DEBUG] core.argyll_runner: [argyll] Added 452/856
2026-09-07 08:04:31,321 [DEBUG] core.argyll_runner: [argyll] Added 463/856
2026-09-07 08:04:31,323 [DEBUG] core.argyll_runner: [argyll] Added 474/856
2026-09-07 08:04:31,325 [DEBUG] core.argyll_runner: [argyll] Added 485/856
2026-09-07 08:04:31,328 [DEBUG] core.argyll_runner: [argyll] Added 496/856
2026-09-07 08:04:31,330 [DEBUG] core.argyll_runner: [argyll] Added 507/856
2026-09-07 08:04:31,332 [DEBUG] core.argyll_runner: [argyll] Added 518/856
2026-09-07 08:04:31,335 [DEBUG] core.argyll_runner: [argyll] Added 529/856
2026-09-07 08:04:31,338 [DEBUG] core.argyll_runner: [argyll] Added 540/856
2026-09-07 08:04:31,341 [DEBUG] core.argyll_runner: [argyll] Added 551/856
2026-09-07 08:04:31,343 [DEBUG] core.argyll_runner: [argyll] Added 562/856
2026-09-07 08:04:31,347 [DEBUG] core.argyll_runner: [argyll] Added 573/856
2026-09-07 08:04:31,350 [DEBUG] core.argyll_runner: [argyll] Added 584/856
2026-09-07 08:04:31,353 [DEBUG] core.argyll_runner: [argyll] Added 595/856
2026-09-07 08:04:31,357 [DEBUG] core.argyll_runner: [argyll] Added 606/856
2026-09-07 08:04:31,360 [DEBUG] core.argyll_runner: [argyll] Added 617/856
2026-09-07 08:04:31,364 [DEBUG] core.argyll_runner: [argyll] Added 628/856
2026-09-07 08:04:31,368 [DEBUG] core.argyll_runner: [argyll] Added 639/856
2026-09-07 08:04:31,372 [DEBUG] core.argyll_runner: [argyll] Added 650/856
2026-09-07 08:04:31,376 [DEBUG] core.argyll_runner: [argyll] Added 661/856
2026-09-07 08:04:31,381 [DEBUG] core.argyll_runner: [argyll] Added 672/856
2026-09-07 08:04:31,385 [DEBUG] core.argyll_runner: [argyll] Added 683/856
2026-09-07 08:04:31,390 [DEBUG] core.argyll_runner: [argyll] Added 694/856
2026-09-07 08:04:31,395 [DEBUG] core.argyll_runner: [argyll] Added 705/856
2026-09-07 08:04:31,400 [DEBUG] core.argyll_runner: [argyll] Added 716/856
2026-09-07 08:04:31,404 [DEBUG] core.argyll_runner: [argyll] Added 727/856
2026-09-07 08:04:31,410 [DEBUG] core.argyll_runner: [argyll] Added 738/856
2026-09-07 08:04:31,415 [DEBUG] core.argyll_runner: [argyll] Added 749/856
2026-09-07 08:04:31,420 [DEBUG] core.argyll_runner: [argyll] Added 760/856
2026-09-07 08:04:31,426 [DEBUG] core.argyll_runner: [argyll] Added 771/856
2026-09-07 08:04:31,432 [DEBUG] core.argyll_runner: [argyll] Added 782/856
2026-09-07 08:04:31,438 [DEBUG] core.argyll_runner: [argyll] Added 793/856
2026-09-07 08:04:31,444 [DEBUG] core.argyll_runner: [argyll] Added 804/856
2026-09-07 08:04:31,450 [DEBUG] core.argyll_runner: [argyll] Added 815/856
2026-09-07 08:04:31,456 [DEBUG] core.argyll_runner: [argyll] Added 826/856
2026-09-07 08:04:31,462 [DEBUG] core.argyll_runner: [argyll] Added 837/856
2026-09-07 08:04:31,469 [DEBUG] core.argyll_runner: [argyll] Added 848/856
2026-09-07 08:04:31,476 [DEBUG] core.argyll_runner: [argyll] Added 856/856
2026-09-07 08:04:32,987 [DEBUG] core.argyll_runner: [argyll] 
2026-09-07 08:04:32,989 [DEBUG] core.argyll_runner: [argyll] After seeding points: MinPoint = 3.465, Min = 3.183, Avg. = 9.136, Max = 12.184, 0.1 secs
2026-09-07 08:04:32,989 [DEBUG] core.argyll_runner: [argyll] Re-seeding
2026-09-07 08:04:32,990 [DEBUG] core.argyll_runner: [argyll] It 1: Maxmv = 0.074725, MinPoint = 2.224, Min = 3.183, Avg. = 9.134, Max = 12.068, 0.1 secs.
2026-09-07 08:04:32,990 [DEBUG] core.argyll_runner: [argyll] Re-seeding
2026-09-07 08:04:32,990 [DEBUG] core.argyll_runner: [argyll] It 2: Maxmv = 0.078417, MinPoint = 1.638, Min = 3.183, Avg. = 9.048, Max = 12.339, 0.1 secs.
2026-09-07 08:04:32,990 [DEBUG] core.argyll_runner: [argyll] Re-seeding
2026-09-07 08:04:32,991 [DEBUG] core.argyll_runner: [argyll] It 3: Maxmv = 0.082966, MinPoint = 3.465, Min = 3.183, Avg. = 8.972, Max = 12.121, 0.1 secs.
2026-09-07 08:04:32,991 [DEBUG] core.argyll_runner: [argyll] Re-seeding
2026-09-07 08:04:32,991 [DEBUG] core.argyll_runner: [argyll] It 4: Maxmv = 0.062489, MinPoint = 3.465, Min = 3.183, Avg. = 8.949, Max = 12.035, 0.1 secs.
2026-09-07 08:04:32,991 [DEBUG] core.argyll_runner: [argyll] Re-seeding
2026-09-07 08:04:32,992 [DEBUG] core.argyll_runner: [argyll] It 5: Maxmv = 0.054447, MinPoint = 3.465, Min = 3.183, Avg. = 8.868, Max = 11.478, 0.1 secs.
2026-09-07 08:04:32,992 [DEBUG] core.argyll_runner: [argyll] Re-seeding
2026-09-07 08:04:32,992 [DEBUG] core.argyll_runner: [argyll] It 6: Maxmv = 0.052413, MinPoint = 3.465, Min = 3.183, Avg. = 8.841, Max = 11.259, 0.1 secs.
2026-09-07 08:04:32,992 [DEBUG] core.argyll_runner: [argyll] Re-seeding
2026-09-07 08:04:32,993 [DEBUG] core.argyll_runner: [argyll] It 7: Maxmv = 0.041267, MinPoint = 3.465, Min = 3.183, Avg. = 8.802, Max = 11.124, 0.1 secs.
2026-09-07 08:04:32,993 [DEBUG] core.argyll_runner: [argyll] Re-seeding
2026-09-07 08:04:32,993 [DEBUG] core.argyll_runner: [argyll] It 8: Maxmv = 0.038918, MinPoint = 3.465, Min = 3.183, Avg. = 8.781, Max = 11.193, 0.1 secs.
2026-09-07 08:04:32,993 [DEBUG] core.argyll_runner: [argyll] Re-seeding
2026-09-07 08:04:32,994 [DEBUG] core.argyll_runner: [argyll] It 9: Maxmv = 0.037602, MinPoint = 3.465, Min = 3.183, Avg. = 8.741, Max = 10.843, 0.1 secs.
2026-09-07 08:04:32,994 [DEBUG] core.argyll_runner: [argyll] Re-seeding
2026-09-07 08:04:32,994 [DEBUG] core.argyll_runner: [argyll] It 10: Maxmv = 0.029544, MinPoint = 3.465, Min = 3.183, Avg. = 8.723, Max = 10.866, 0.1 secs.
2026-09-07 08:04:32,994 [DEBUG] core.argyll_runner: [argyll] Re-seeding
2026-09-07 08:04:32,995 [DEBUG] core.argyll_runner: [argyll] It 11: Maxmv = 0.029941, MinPoint = 3.465, Min = 3.183, Avg. = 8.700, Max = 10.774, 0.1 secs.
2026-09-07 08:04:32,995 [DEBUG] core.argyll_runner: [argyll] Re-seeding
2026-09-07 08:04:32,995 [DEBUG] core.argyll_runner: [argyll] It 12: Maxmv = 0.023593, MinPoint = 3.465, Min = 3.183, Avg. = 8.682, Max = 10.534, 0.1 secs.
2026-09-07 08:04:32,995 [DEBUG] core.argyll_runner: [argyll] Re-seeding
2026-09-07 08:04:32,996 [DEBUG] core.argyll_runner: [argyll] It 13: Maxmv = 0.015328, MinPoint = 3.465, Min = 3.183, Avg. = 8.672, Max = 10.493, 0.1 secs.
2026-09-07 08:04:32,996 [DEBUG] core.argyll_runner: [argyll] Re-seeding
2026-09-07 08:04:32,996 [DEBUG] core.argyll_runner: [argyll] It 14: Maxmv = 0.014003, MinPoint = 3.465, Min = 3.183, Avg. = 8.671, Max = 10.300, 0.1 secs.
2026-09-07 08:04:32,996 [DEBUG] core.argyll_runner: [argyll] Re-seeding
2026-09-07 08:04:32,997 [DEBUG] core.argyll_runner: [argyll] It 15: Maxmv = 0.011399, MinPoint = 3.465, Min = 3.183, Avg. = 8.670, Max = 10.209, 0.1 secs.
2026-09-07 08:04:32,997 [DEBUG] core.argyll_runner: [argyll] Re-seeding
2026-09-07 08:04:32,997 [DEBUG] core.argyll_runner: [argyll] It 16: Maxmv = 0.008420, MinPoint = 3.465, Min = 3.183, Avg. = 8.670, Max = 10.204, 0.1 secs.
2026-09-07 08:04:32,997 [DEBUG] core.argyll_runner: [argyll] Re-seeding
2026-09-07 08:04:32,998 [DEBUG] core.argyll_runner: [argyll] It 17: Maxmv = 0.005456, MinPoint = 3.465, Min = 3.183, Avg. = 8.668, Max = 10.200, 0.1 secs.
2026-09-07 08:04:32,998 [DEBUG] core.argyll_runner: [argyll] Re-seeding
2026-09-07 08:04:32,998 [DEBUG] core.argyll_runner: [argyll] It 18: Maxmv = 0.003574, MinPoint = 3.465, Min = 3.183, Avg. = 8.669, Max = 10.095, 0.1 secs.
2026-09-07 08:04:32,998 [DEBUG] core.argyll_runner: [argyll] Re-seeding
2026-09-07 08:04:32,999 [DEBUG] core.argyll_runner: [argyll] It 19: Maxmv = 0.001306, MinPoint = 3.465, Min = 3.183, Avg. = 8.669, Max = 10.093, 0.1 secs.
2026-09-07 08:04:32,999 [DEBUG] core.argyll_runner: [argyll] Re-seeding
2026-09-07 08:04:32,999 [DEBUG] core.argyll_runner: [argyll] It 20: Maxmv = 0.001239, MinPoint = 3.465, Min = 3.183, Avg. = 8.669, Max = 10.091, 0.1 secs.
2026-09-07 08:04:32,999 [DEBUG] core.argyll_runner: [argyll] After optimization: MinPoint = 3.465, Min = 3.183, Avg. = 8.669, Max = 10.091
2026-09-07 08:04:33,000 [DEBUG] core.argyll_runner: [argyll] Total number of patches = 864
2026-09-07 08:04:33,000 [DEBUG] core.argyll_runner: [argyll] Execution time = 1.771106 seconds
2026-09-07 08:04:33,000 [INFO] core.argyll_runner: ArgyllRunner: finished with code 0
2026-09-07 08:04:33,105 [DEBUG] workflow.chart_creator: Wrote channel sidecar A2-Instruments.channels.json: ['r', 'g', 'b']
2026-09-07 08:04:33,267 [DEBUG] ui.tiff_preview: TiffPreview: loaded 1 page(s)
2026-09-07 08:04:33,267 [INFO] ui.tabs.tab_chart: Preview loaded: 1 TIFF(s)
2026-09-07 08:04:33,286 [DEBUG] ui.tiff_preview: TiffPreview: loaded 1 page(s)
2026-09-07 08:04:33,289 [DEBUG] ui.tiff_preview: TiffPreview: loaded 1 page(s)
2026-09-07 08:04:33,299 [DEBUG] ui.tabs.tab_chart: create-chart settings written for run1 (40 parameters + ui state)
2026-09-07 08:04:36,076 [INFO] assess:   shot Screenshots/A2-instruments/CR30-hex-420x297-preview.png  (2232x1146)
2026-09-07 08:04:36,077 [INFO] assess: [CR30-hex-420x297] ok=True 6.4s est_before={'total': 864, 'fillup': 0, 'page_patches': 864, 'rows': 27, 'cols': 32, 'pages': 1, 'patch': (12.0, 13.86), 'pitch': 10.39} actual={'total': 864, 'fillup': 0, 'page_patches': 864, 'rows': 27, 'cols': 32, 'pages': 1, 'patch': (12.02, 13.89), 'pitch': 10.41} status='No instrument margins set for this instrument and paper size.' eng=['[ChromIQ layout engine] Drawing the pages. This part runs in one go and cannot be stopped, so the window will not respond until it is finished.', '[ChromIQ layout engine] 864 patches (27×32), 1 page, random start 22602117']
2026-09-07 08:04:36,078 [INFO] assess:   json Test Runs/logs/d02_matrix.json
2026-09-07 08:04:36,078 [INFO] assess:   armed: dialog ~'scanner' -> click 'OK' hex heads-up (hex modes only)
2026-09-07 08:04:36,078 [INFO] assess:   armed: dialog ~'quite fill' -> click 'OK' last page hint
2026-09-07 08:04:36,078 [INFO] assess:   armed: dialog ~'already' -> click 'Continue this project' S4.7 on 2nd+ build
2026-09-07 08:04:36,812 [DEBUG] core.settings: settings.set helper_markers_show = False
2026-09-07 08:04:36,812 [DEBUG] core.settings: settings.set helper_marker_edge_mm = 2.0
2026-09-07 08:04:36,812 [DEBUG] core.settings: settings.set helper_marker_len_mm = 2.0
2026-09-07 08:04:36,812 [DEBUG] core.settings: settings.set helper_marker_per_patch = 3
2026-09-07 08:04:36,812 [DEBUG] core.settings: settings.set helper_markers_top_bottom = True
2026-09-07 08:04:36,812 [DEBUG] core.settings: settings.set helper_markers_sides = True
2026-09-07 08:04:37,738 [INFO] ui.tabs.tab_chart: chart build (Generate Chart) in manual: patch set targen | manual panel: 200x200, 0x0 grid, margins T6.0 R6.0 B6.0 L14.4
2026-09-07 08:04:37,742 [DEBUG] core.settings: settings.set session_ti3_path = ''
2026-09-07 08:04:37,742 [DEBUG] core.settings: settings.set session_icc_path = ''
2026-09-07 08:04:37,742 [DEBUG] core.settings: settings.set session_cal_ti3_path = ''
2026-09-07 08:04:37,744 [DEBUG] core.file_manager: Target name set to: A2-Instruments (root /Users/Basti/ChromIQ-assessment/A2-Instruments)
2026-09-07 08:04:37,745 [INFO] core.file_manager: opened the EXISTING project at /Users/Basti/ChromIQ-assessment/A2-Instruments (1 run(s) on disk)
2026-09-07 08:04:37,778 [INFO] workflow.chart_creator: Chart generation: 238 patches, instrument=CR30 paper=200x200 disable_lb=True
2026-09-07 08:04:37,778 [INFO] workflow.chart_creator: targen args: ['-v', '-d2', '-f238', '-e2', '-B2', '-G', '-g14', 'A2-Instruments']
2026-09-07 08:04:37,778 [INFO] core.argyll_runner: Run: /Applications/Argyll/bin/targen -v -d2 -f238 -e2 -B2 -G -g14 A2-Instruments  [cwd=/Users/Basti/ChromIQ-assessment/A2-Instruments/runs/run1]
2026-09-07 08:04:37,861 [DEBUG] core.argyll_runner: [argyll] iRGB test chart
2026-09-07 08:04:37,862 [DEBUG] core.argyll_runner: [argyll] White patches = 2
2026-09-07 08:04:37,862 [DEBUG] core.argyll_runner: [argyll] Black patches = 2
2026-09-07 08:04:37,862 [DEBUG] core.argyll_runner: [argyll] Composite Grey steps = 14
2026-09-07 08:04:37,862 [DEBUG] core.argyll_runner: [argyll] Full spread patches = 238
2026-09-07 08:04:37,862 [DEBUG] core.argyll_runner: [argyll] Degree of adaptation: 0.100
2026-09-07 08:04:37,862 [DEBUG] core.argyll_runner: [argyll] Adaptation weights: Device = 0.935, Perceptual = 0.065, Curvature = 0.010
2026-09-07 08:04:37,862 [DEBUG] core.argyll_runner: [argyll] Perceptual cache resolution = 7
2026-09-07 08:04:37,863 [DEBUG] core.argyll_runner: [argyll] Seeding cache...done
2026-09-07 08:04:37,863 [DEBUG] core.argyll_runner: [argyll] Acceleration grid res = 7
2026-09-07 08:04:37,863 [DEBUG] core.argyll_runner: [argyll] 
2026-09-07 08:04:37,863 [DEBUG] core.argyll_runner: [argyll] There are 14 unique fixed points to add (16 total fixed points)
2026-09-07 08:04:37,863 [DEBUG] core.argyll_runner: [argyll] There are 222 far spread points to add
2026-09-07 08:04:37,864 [DEBUG] core.argyll_runner: [argyll] 
2026-09-07 08:04:37,864 [DEBUG] core.argyll_runner: [argyll] Added 12/236
2026-09-07 08:04:37,864 [DEBUG] core.argyll_runner: [argyll] Added 23/236
2026-09-07 08:04:37,864 [DEBUG] core.argyll_runner: [argyll] Added 34/236
2026-09-07 08:04:37,864 [DEBUG] core.argyll_runner: [argyll] Added 45/236
2026-09-07 08:04:37,865 [DEBUG] core.argyll_runner: [argyll] Added 56/236
2026-09-07 08:04:37,865 [DEBUG] core.argyll_runner: [argyll] Added 67/236
2026-09-07 08:04:37,866 [DEBUG] core.argyll_runner: [argyll] Added 78/236
2026-09-07 08:04:37,867 [DEBUG] core.argyll_runner: [argyll] Added 89/236
2026-09-07 08:04:37,868 [DEBUG] core.argyll_runner: [argyll] Added 100/236
2026-09-07 08:04:37,869 [DEBUG] core.argyll_runner: [argyll] Added 111/236
2026-09-07 08:04:37,870 [DEBUG] core.argyll_runner: [argyll] Added 122/236
2026-09-07 08:04:37,871 [DEBUG] core.argyll_runner: [argyll] Added 133/236
2026-09-07 08:04:37,873 [DEBUG] core.argyll_runner: [argyll] Added 144/236
2026-09-07 08:04:37,874 [DEBUG] core.argyll_runner: [argyll] Added 155/236
2026-09-07 08:04:37,876 [DEBUG] core.argyll_runner: [argyll] Added 166/236
2026-09-07 08:04:37,910 [DEBUG] core.argyll_runner: [argyll] 
2026-09-07 08:04:37,910 [DEBUG] core.argyll_runner: [argyll] Added 177/236
2026-09-07 08:04:37,910 [DEBUG] core.argyll_runner: [argyll] Added 188/236
2026-09-07 08:04:37,911 [DEBUG] core.argyll_runner: [argyll] Added 199/236
2026-09-07 08:04:37,911 [DEBUG] core.argyll_runner: [argyll] Added 210/236
2026-09-07 08:04:37,912 [DEBUG] core.argyll_runner: [argyll] Added 221/236
2026-09-07 08:04:37,912 [DEBUG] core.argyll_runner: [argyll] Added 232/236
2026-09-07 08:04:37,913 [DEBUG] core.argyll_runner: [argyll] Added 236/236
2026-09-07 08:04:38,238 [DEBUG] core.argyll_runner: [argyll] 
2026-09-07 08:04:38,238 [DEBUG] core.argyll_runner: [argyll] After seeding points: MinPoint = 5.341, Min = 4.205, Avg. = 14.411, Max = 18.457, 0.0 secs
2026-09-07 08:04:38,238 [DEBUG] core.argyll_runner: [argyll] Re-seeding
2026-09-07 08:04:38,238 [DEBUG] core.argyll_runner: [argyll] It 1: Maxmv = 0.123814, MinPoint = 5.237, Min = 8.875, Avg. = 14.418, Max = 19.370, 0.0 secs.
2026-09-07 08:04:38,239 [DEBUG] core.argyll_runner: [argyll] Re-seeding
2026-09-07 08:04:38,239 [DEBUG] core.argyll_runner: [argyll] It 2: Maxmv = 0.119288, MinPoint = 5.491, Min = 7.477, Avg. = 14.279, Max = 18.903, 0.0 secs.
2026-09-07 08:04:38,239 [DEBUG] core.argyll_runner: [argyll] Re-seeding
2026-09-07 08:04:38,239 [DEBUG] core.argyll_runner: [argyll] It 3: Maxmv = 0.094440, MinPoint = 8.656, Min = 8.264, Avg. = 14.168, Max = 18.461, 0.0 secs.
2026-09-07 08:04:38,240 [DEBUG] core.argyll_runner: [argyll] Re-seeding
2026-09-07 08:04:38,240 [DEBUG] core.argyll_runner: [argyll] It 4: Maxmv = 0.108129, MinPoint = 7.085, Min = 8.782, Avg. = 14.142, Max = 18.771, 0.0 secs.
2026-09-07 08:04:38,240 [DEBUG] core.argyll_runner: [argyll] Re-seeding
2026-09-07 08:04:38,240 [DEBUG] core.argyll_runner: [argyll] It 5: Maxmv = 0.092227, MinPoint = 10.507, Min = 9.010, Avg. = 14.088, Max = 18.082, 0.0 secs.
2026-09-07 08:04:38,241 [DEBUG] core.argyll_runner: [argyll] Re-seeding
2026-09-07 08:04:38,241 [DEBUG] core.argyll_runner: [argyll] It 6: Maxmv = 0.077540, MinPoint = 9.365, Min = 7.924, Avg. = 14.040, Max = 18.758, 0.0 secs.
2026-09-07 08:04:38,241 [DEBUG] core.argyll_runner: [argyll] Re-seeding
2026-09-07 08:04:38,241 [DEBUG] core.argyll_runner: [argyll] It 7: Maxmv = 0.088296, MinPoint = 10.742, Min = 10.361, Avg. = 13.971, Max = 17.908, 0.0 secs.
2026-09-07 08:04:38,241 [DEBUG] core.argyll_runner: [argyll] Re-seeding
2026-09-07 08:04:38,242 [DEBUG] core.argyll_runner: [argyll] It 8: Maxmv = 0.070912, MinPoint = 9.350, Min = 9.727, Avg. = 13.908, Max = 17.836, 0.0 secs.
2026-09-07 08:04:38,242 [DEBUG] core.argyll_runner: [argyll] Re-seeding
2026-09-07 08:04:38,242 [DEBUG] core.argyll_runner: [argyll] It 9: Maxmv = 0.057371, MinPoint = 10.419, Min = 10.366, Avg. = 13.868, Max = 17.853, 0.0 secs.
2026-09-07 08:04:38,242 [DEBUG] core.argyll_runner: [argyll] Re-seeding
2026-09-07 08:04:38,243 [DEBUG] core.argyll_runner: [argyll] It 10: Maxmv = 0.063791, MinPoint = 10.541, Min = 10.661, Avg. = 13.862, Max = 17.311, 0.0 secs.
2026-09-07 08:04:38,243 [DEBUG] core.argyll_runner: [argyll] Re-seeding
2026-09-07 08:04:38,243 [DEBUG] core.argyll_runner: [argyll] It 11: Maxmv = 0.040941, MinPoint = 11.154, Min = 10.253, Avg. = 13.816, Max = 17.232, 0.0 secs.
2026-09-07 08:04:38,243 [DEBUG] core.argyll_runner: [argyll] Re-seeding
2026-09-07 08:04:38,243 [DEBUG] core.argyll_runner: [argyll] It 12: Maxmv = 0.039255, MinPoint = 12.173, Min = 9.227, Avg. = 13.806, Max = 16.556, 0.0 secs.
2026-09-07 08:04:38,244 [DEBUG] core.argyll_runner: [argyll] Re-seeding
2026-09-07 08:04:38,244 [DEBUG] core.argyll_runner: [argyll] It 13: Maxmv = 0.035045, MinPoint = 11.715, Min = 8.864, Avg. = 13.814, Max = 17.104, 0.0 secs.
2026-09-07 08:04:38,244 [DEBUG] core.argyll_runner: [argyll] Re-seeding
2026-09-07 08:04:38,244 [DEBUG] core.argyll_runner: [argyll] It 14: Maxmv = 0.026036, MinPoint = 12.040, Min = 8.446, Avg. = 13.812, Max = 16.522, 0.0 secs.
2026-09-07 08:04:38,245 [DEBUG] core.argyll_runner: [argyll] Re-seeding
2026-09-07 08:04:38,245 [DEBUG] core.argyll_runner: [argyll] It 15: Maxmv = 0.018136, MinPoint = 12.026, Min = 8.315, Avg. = 13.809, Max = 17.085, 0.0 secs.
2026-09-07 08:04:38,245 [DEBUG] core.argyll_runner: [argyll] Re-seeding
2026-09-07 08:04:38,245 [DEBUG] core.argyll_runner: [argyll] It 16: Maxmv = 0.014412, MinPoint = 11.867, Min = 8.310, Avg. = 13.802, Max = 16.616, 0.0 secs.
2026-09-07 08:04:38,246 [DEBUG] core.argyll_runner: [argyll] Re-seeding
2026-09-07 08:04:38,246 [DEBUG] core.argyll_runner: [argyll] It 17: Maxmv = 0.009360, MinPoint = 11.604, Min = 8.319, Avg. = 13.815, Max = 16.920, 0.0 secs.
2026-09-07 08:04:38,246 [DEBUG] core.argyll_runner: [argyll] Re-seeding
2026-09-07 08:04:38,246 [DEBUG] core.argyll_runner: [argyll] It 18: Maxmv = 0.006199, MinPoint = 11.469, Min = 8.367, Avg. = 13.810, Max = 16.717, 0.0 secs.
2026-09-07 08:04:38,247 [DEBUG] core.argyll_runner: [argyll] Re-seeding
2026-09-07 08:04:38,247 [DEBUG] core.argyll_runner: [argyll] It 19: Maxmv = 0.001959, MinPoint = 11.386, Min = 8.402, Avg. = 13.812, Max = 16.658, 0.0 secs.
2026-09-07 08:04:38,247 [DEBUG] core.argyll_runner: [argyll] Re-seeding
2026-09-07 08:04:38,247 [DEBUG] core.argyll_runner: [argyll] It 20: Maxmv = 0.001702, MinPoint = 11.323, Min = 8.438, Avg. = 13.812, Max = 16.660, 0.0 secs.
2026-09-07 08:04:38,248 [DEBUG] core.argyll_runner: [argyll] After optimization: MinPoint = 11.323, Min = 8.438, Avg. = 13.812, Max = 16.660
2026-09-07 08:04:38,248 [DEBUG] core.argyll_runner: [argyll] Total number of patches = 238
2026-09-07 08:04:38,248 [DEBUG] core.argyll_runner: [argyll] Execution time = 0.398696 seconds
2026-09-07 08:04:38,261 [INFO] core.argyll_runner: ArgyllRunner: finished with code 0
2026-09-07 08:04:38,298 [DEBUG] workflow.chart_creator: Wrote channel sidecar A2-Instruments.channels.json: ['r', 'g', 'b']
2026-09-07 08:04:38,358 [DEBUG] ui.tiff_preview: TiffPreview: loaded 1 page(s)
2026-09-07 08:04:38,358 [INFO] ui.tabs.tab_chart: Preview loaded: 1 TIFF(s)
2026-09-07 08:04:38,368 [DEBUG] ui.tiff_preview: TiffPreview: loaded 1 page(s)
2026-09-07 08:04:38,369 [DEBUG] ui.tiff_preview: TiffPreview: loaded 1 page(s)
2026-09-07 08:04:38,374 [DEBUG] ui.tabs.tab_chart: create-chart settings written for run1 (40 parameters + ui state)
2026-09-07 08:04:39,872 [INFO] assess:   shot Screenshots/A2-instruments/CR30-hex-custom_200x200-preview.png  (2232x1146)
2026-09-07 08:04:39,872 [INFO] assess: [CR30-hex-custom_200x200] ok=True 3.8s est_before={'total': 238, 'fillup': 0, 'page_patches': 238, 'rows': 17, 'cols': 14, 'pages': 1, 'patch': (12.0, 13.86), 'pitch': 10.39} actual={'total': 238, 'fillup': 0, 'page_patches': 238, 'rows': 17, 'cols': 14, 'pages': 1, 'patch': (12.02, 13.89), 'pitch': 10.41} status='No instrument margins set for this instrument and paper size.' eng=['[ChromIQ layout engine] Drawing the pages. This part runs in one go and cannot be stopped, so the window will not respond until it is finished.', '[ChromIQ layout engine] 238 patches (17×14), 1 page, random start 353831422']
2026-09-07 08:04:39,874 [INFO] assess:   json Test Runs/logs/d02_matrix.json
2026-09-07 08:04:39,874 [INFO] assess: all serious: []
2026-09-07 08:04:39,875 [DEBUG] core.settings: settings.set window_geometry = PyQt6.QtCore.QByteArray(b'\x01\xd9\xd0\xcb\x00\x03\x00\x00\x00\x00\x00\n\x00\x00\x00&\x00\x00\x06\xad\x00\x00\x04[\x00\x00\x00\n\x00\x00\x00B\x00\x00\x06\xad\x00\x00\x04[\x00\x00\x00\x00\x00\x00\x00\x00\x06\xc0\x00\x00\x00\n\x00\x00\x00B\x00\x00\x06\xad\x00\x00\x04[')
2026-09-07 08:04:39,875 [DEBUG] core.settings: settings.set window_maximized = False
2026-09-07 08:04:39,875 [DEBUG] core.settings: settings.set window_fullscreen = False
2026-09-07 08:04:40,089 [DEBUG] core.settings: settings.set active_tab = 0
2026-09-07 08:04:40,089 [DEBUG] core.settings: settings.set session_target_name = 'A2-Instruments'
2026-09-07 08:04:40,089 [DEBUG] core.settings: settings.set session_project_root = ''
2026-09-07 08:04:40,089 [INFO] core.argyll_runner: ArgyllRunner: cleanup complete
