2026-09-07 08:10:12,422 [WARNING] core.settings: Settings SANDBOXED to /Users/Basti/Desktop/Create Chart Assessment/Test Runs/sandbox/chromiq-assessment.ini (CHROMIQ_SETTINGS_FILE is set) — the real preferences are untouched
2026-09-07 08:10:12,422 [DEBUG] core.settings: Settings loaded from /Users/Basti/Desktop/Create Chart Assessment/Test Runs/sandbox/chromiq-assessment.ini
2026-09-07 08:10:12,422 [DEBUG] ui.theme: Appearance applied: setting=neutral mode=neutral
2026-09-07 08:10:12,422 [INFO] assess: app built: v4.2.0 appearance=neutral lang=en settings=/Users/Basti/Desktop/Create Chart Assessment/Test Runs/sandbox/chromiq-assessment.ini
2026-09-07 08:10:12,875 [DEBUG] ui.dialogs.layout_options_panel: layout panel set_recipe: spacer=colored/True gaps=0.0/0.0  [_refresh_manual_command_preview:5501  ←  _init_manual_layout_panel:5630  ←  _set_engine_recipe:17986]
2026-09-07 08:10:12,895 [DEBUG] core.settings: settings.set helper_markers_show = False
2026-09-07 08:10:12,896 [DEBUG] core.settings: settings.set helper_marker_edge_mm = 2.0
2026-09-07 08:10:12,896 [DEBUG] core.settings: settings.set helper_marker_len_mm = 2.0
2026-09-07 08:10:12,896 [DEBUG] core.settings: settings.set helper_marker_per_patch = 3
2026-09-07 08:10:12,896 [DEBUG] core.settings: settings.set helper_markers_top_bottom = True
2026-09-07 08:10:12,896 [DEBUG] core.settings: settings.set helper_markers_sides = True
2026-09-07 08:10:12,912 [DEBUG] core.settings: settings.set helper_markers_show = False
2026-09-07 08:10:12,912 [DEBUG] core.settings: settings.set helper_marker_edge_mm = 2.0
2026-09-07 08:10:12,912 [DEBUG] core.settings: settings.set helper_marker_len_mm = 2.0
2026-09-07 08:10:12,912 [DEBUG] core.settings: settings.set helper_marker_per_patch = 3
2026-09-07 08:10:12,912 [DEBUG] core.settings: settings.set helper_markers_top_bottom = True
2026-09-07 08:10:12,912 [DEBUG] core.settings: settings.set helper_markers_sides = True
2026-09-07 08:10:14,251 [INFO] ui.main_window: MainWindow initialised
2026-09-07 08:10:14,760 [INFO] ui.main_window: ---- Tab → 1. Create Chart ----
2026-09-07 08:10:14,774 [DEBUG] ui.theme: Appearance applied: setting=neutral mode=neutral
2026-09-07 08:10:14,912 [INFO] ui.main_window: ---- Tab → 1. Create Chart ----
2026-09-07 08:10:19,528 [INFO] assess:   armed: dialog ~'Give this project a name' -> click '<reject>' 
2026-09-07 08:10:19,528 [INFO] assess: --- m01-area-bywidth-auto: area-first, by width, min auto
2026-09-07 08:10:21,926 [INFO] assess:   shot Screenshots/A3-layout-modes/m01-area-bywidth-auto-before.png  (3400x2100)
2026-09-07 08:10:21,926 [INFO] assess:   armed: dialog ~'quite fill' -> click 'OK' 
2026-09-07 08:10:21,926 [INFO] assess:   armed: dialog ~'already' -> click 'Continue this project' 
2026-09-07 08:10:21,927 [INFO] ui.tabs.tab_chart: chart build (Generate Chart) in manual: patch set targen | manual panel: A4, 0x0 grid, margins T38.0 R9.0 B19.0 L26.0
2026-09-07 08:10:21,927 [DEBUG] core.settings: settings.set session_ti3_path = ''
2026-09-07 08:10:21,927 [DEBUG] core.settings: settings.set session_icc_path = ''
2026-09-07 08:10:21,927 [DEBUG] core.settings: settings.set session_cal_ti3_path = ''
2026-09-07 08:10:21,928 [DEBUG] core.file_manager: Target name set to: A3-LayoutModes (root /Users/Basti/ChromIQ-assessment/A3-LayoutModes)
2026-09-07 08:10:21,928 [INFO] core.file_manager: created a NEW project 'A3-LayoutModes' at /Users/Basti/ChromIQ-assessment/A3-LayoutModes
2026-09-07 08:10:21,932 [INFO] core.file_manager: Created project at /Users/Basti/ChromIQ-assessment/A3-LayoutModes
2026-09-07 08:10:21,932 [INFO] ui.tabs.tab_chart: run description + chart notes written to run1
2026-09-07 08:10:21,932 [INFO] ui.tabs.tab_chart: create-chart settings seeded into the new project's run1
2026-09-07 08:10:21,956 [INFO] workflow.chart_creator: Chart generation: 525 patches, instrument=i1 paper=A4 disable_lb=True
2026-09-07 08:10:21,956 [INFO] workflow.chart_creator: targen args: ['-v', '-d2', '-f525', '-e4', '-B4', '-G', '-g30', 'A3-LayoutModes']
2026-09-07 08:10:21,956 [INFO] core.argyll_runner: Run: /Applications/Argyll/bin/targen -v -d2 -f525 -e4 -B4 -G -g30 A3-LayoutModes  [cwd=/Users/Basti/ChromIQ-assessment/A3-LayoutModes/runs/run1]
2026-09-07 08:10:22,020 [DEBUG] core.argyll_runner: [argyll] iRGB test chart
2026-09-07 08:10:22,021 [DEBUG] core.argyll_runner: [argyll] White patches = 4
2026-09-07 08:10:22,021 [DEBUG] core.argyll_runner: [argyll] Black patches = 4
2026-09-07 08:10:22,021 [DEBUG] core.argyll_runner: [argyll] Composite Grey steps = 30
2026-09-07 08:10:22,021 [DEBUG] core.argyll_runner: [argyll] Full spread patches = 525
2026-09-07 08:10:22,021 [DEBUG] core.argyll_runner: [argyll] Degree of adaptation: 0.100
2026-09-07 08:10:22,021 [DEBUG] core.argyll_runner: [argyll] Adaptation weights: Device = 0.935, Perceptual = 0.065, Curvature = 0.010
2026-09-07 08:10:22,022 [DEBUG] core.argyll_runner: [argyll] Perceptual cache resolution = 9
2026-09-07 08:10:22,022 [DEBUG] core.argyll_runner: [argyll] Seeding cache...done
2026-09-07 08:10:22,022 [DEBUG] core.argyll_runner: [argyll] Acceleration grid res = 9
2026-09-07 08:10:22,022 [DEBUG] core.argyll_runner: [argyll] 
2026-09-07 08:10:22,022 [DEBUG] core.argyll_runner: [argyll] There are 30 unique fixed points to add (36 total fixed points)
2026-09-07 08:10:22,022 [DEBUG] core.argyll_runner: [argyll] There are 489 far spread points to add
2026-09-07 08:10:22,023 [DEBUG] core.argyll_runner: [argyll] 
2026-09-07 08:10:22,023 [DEBUG] core.argyll_runner: [argyll] Added 12/519
2026-09-07 08:10:22,023 [DEBUG] core.argyll_runner: [argyll] Added 23/519
2026-09-07 08:10:22,023 [DEBUG] core.argyll_runner: [argyll] Added 34/519
2026-09-07 08:10:22,024 [DEBUG] core.argyll_runner: [argyll] Added 45/519
2026-09-07 08:10:22,024 [DEBUG] core.argyll_runner: [argyll] Added 56/519
2026-09-07 08:10:22,024 [DEBUG] core.argyll_runner: [argyll] Added 67/519
2026-09-07 08:10:22,025 [DEBUG] core.argyll_runner: [argyll] Added 78/519
2026-09-07 08:10:22,026 [DEBUG] core.argyll_runner: [argyll] Added 89/519
2026-09-07 08:10:22,026 [DEBUG] core.argyll_runner: [argyll] Added 100/519
2026-09-07 08:10:22,027 [DEBUG] core.argyll_runner: [argyll] Added 111/519
2026-09-07 08:10:22,028 [DEBUG] core.argyll_runner: [argyll] Added 122/519
2026-09-07 08:10:22,041 [DEBUG] core.argyll_runner: [argyll] 
2026-09-07 08:10:22,042 [DEBUG] core.argyll_runner: [argyll] Added 133/519
2026-09-07 08:10:22,042 [DEBUG] core.argyll_runner: [argyll] Added 144/519
2026-09-07 08:10:22,042 [DEBUG] core.argyll_runner: [argyll] Added 155/519
2026-09-07 08:10:22,042 [DEBUG] core.argyll_runner: [argyll] Added 166/519
2026-09-07 08:10:22,043 [DEBUG] core.argyll_runner: [argyll] Added 177/519
2026-09-07 08:10:22,043 [DEBUG] core.argyll_runner: [argyll] Added 188/519
2026-09-07 08:10:22,044 [DEBUG] core.argyll_runner: [argyll] Added 199/519
2026-09-07 08:10:22,044 [DEBUG] core.argyll_runner: [argyll] Added 210/519
2026-09-07 08:10:22,045 [DEBUG] core.argyll_runner: [argyll] Added 221/519
2026-09-07 08:10:22,046 [DEBUG] core.argyll_runner: [argyll] Added 232/519
2026-09-07 08:10:22,047 [DEBUG] core.argyll_runner: [argyll] Added 243/519
2026-09-07 08:10:22,047 [DEBUG] core.argyll_runner: [argyll] Added 254/519
2026-09-07 08:10:22,048 [DEBUG] core.argyll_runner: [argyll] Added 265/519
2026-09-07 08:10:22,050 [DEBUG] core.argyll_runner: [argyll] Added 276/519
2026-09-07 08:10:22,051 [DEBUG] core.argyll_runner: [argyll] Added 287/519
2026-09-07 08:10:22,052 [DEBUG] core.argyll_runner: [argyll] Added 298/519
2026-09-07 08:10:22,053 [DEBUG] core.argyll_runner: [argyll] Added 309/519
2026-09-07 08:10:22,055 [DEBUG] core.argyll_runner: [argyll] Added 320/519
2026-09-07 08:10:22,056 [DEBUG] core.argyll_runner: [argyll] Added 331/519
2026-09-07 08:10:22,058 [DEBUG] core.argyll_runner: [argyll] Added 342/519
2026-09-07 08:10:22,060 [DEBUG] core.argyll_runner: [argyll] Added 353/519
2026-09-07 08:10:22,061 [DEBUG] core.argyll_runner: [argyll] Added 364/519
2026-09-07 08:10:22,063 [DEBUG] core.argyll_runner: [argyll] Added 375/519
2026-09-07 08:10:22,065 [DEBUG] core.argyll_runner: [argyll] Added 386/519
2026-09-07 08:10:22,080 [DEBUG] core.argyll_runner: [argyll] 
2026-09-07 08:10:22,080 [DEBUG] core.argyll_runner: [argyll] Added 397/519
2026-09-07 08:10:22,080 [DEBUG] core.argyll_runner: [argyll] Added 408/519
2026-09-07 08:10:22,081 [DEBUG] core.argyll_runner: [argyll] Added 419/519
2026-09-07 08:10:22,081 [DEBUG] core.argyll_runner: [argyll] Added 430/519
2026-09-07 08:10:22,081 [DEBUG] core.argyll_runner: [argyll] Added 441/519
2026-09-07 08:10:22,082 [DEBUG] core.argyll_runner: [argyll] Added 452/519
2026-09-07 08:10:22,082 [DEBUG] core.argyll_runner: [argyll] Added 463/519
2026-09-07 08:10:22,083 [DEBUG] core.argyll_runner: [argyll] Added 474/519
2026-09-07 08:10:22,083 [DEBUG] core.argyll_runner: [argyll] Added 485/519
2026-09-07 08:10:22,084 [DEBUG] core.argyll_runner: [argyll] Added 496/519
2026-09-07 08:10:22,085 [DEBUG] core.argyll_runner: [argyll] Added 507/519
2026-09-07 08:10:22,086 [DEBUG] core.argyll_runner: [argyll] Added 518/519
2026-09-07 08:10:22,087 [DEBUG] core.argyll_runner: [argyll] Added 519/519
2026-09-07 08:10:22,963 [DEBUG] core.argyll_runner: [argyll] 
2026-09-07 08:10:22,964 [DEBUG] core.argyll_runner: [argyll] After seeding points: MinPoint = 4.448, Min = 4.322, Avg. = 10.848, Max = 14.666, 0.1 secs
2026-09-07 08:10:22,964 [DEBUG] core.argyll_runner: [argyll] Re-seeding
2026-09-07 08:10:22,965 [DEBUG] core.argyll_runner: [argyll] It 1: Maxmv = 0.103363, MinPoint = 3.460, Min = 4.005, Avg. = 10.861, Max = 14.358, 0.0 secs.
2026-09-07 08:10:22,965 [DEBUG] core.argyll_runner: [argyll] Re-seeding
2026-09-07 08:10:22,965 [DEBUG] core.argyll_runner: [argyll] It 2: Maxmv = 0.084402, MinPoint = 5.380, Min = 5.280, Avg. = 10.758, Max = 13.964, 0.0 secs.
2026-09-07 08:10:22,965 [DEBUG] core.argyll_runner: [argyll] Re-seeding
2026-09-07 08:10:22,966 [DEBUG] core.argyll_runner: [argyll] It 3: Maxmv = 0.076162, MinPoint = 5.428, Min = 5.280, Avg. = 10.700, Max = 13.835, 0.0 secs.
2026-09-07 08:10:22,966 [DEBUG] core.argyll_runner: [argyll] Re-seeding
2026-09-07 08:10:22,966 [DEBUG] core.argyll_runner: [argyll] It 4: Maxmv = 0.072726, MinPoint = 5.743, Min = 5.280, Avg. = 10.603, Max = 14.075, 0.0 secs.
2026-09-07 08:10:22,966 [DEBUG] core.argyll_runner: [argyll] Re-seeding
2026-09-07 08:10:22,967 [DEBUG] core.argyll_runner: [argyll] It 5: Maxmv = 0.068513, MinPoint = 5.743, Min = 5.280, Avg. = 10.535, Max = 13.679, 0.0 secs.
2026-09-07 08:10:22,967 [DEBUG] core.argyll_runner: [argyll] Re-seeding
2026-09-07 08:10:22,967 [DEBUG] core.argyll_runner: [argyll] It 6: Maxmv = 0.056321, MinPoint = 5.743, Min = 5.280, Avg. = 10.518, Max = 13.779, 0.0 secs.
2026-09-07 08:10:22,967 [DEBUG] core.argyll_runner: [argyll] Re-seeding
2026-09-07 08:10:22,967 [DEBUG] core.argyll_runner: [argyll] It 7: Maxmv = 0.059854, MinPoint = 5.743, Min = 5.280, Avg. = 10.461, Max = 13.725, 0.0 secs.
2026-09-07 08:10:22,968 [DEBUG] core.argyll_runner: [argyll] Re-seeding
2026-09-07 08:10:22,968 [DEBUG] core.argyll_runner: [argyll] It 8: Maxmv = 0.051345, MinPoint = 5.743, Min = 5.280, Avg. = 10.437, Max = 13.448, 0.0 secs.
2026-09-07 08:10:22,968 [DEBUG] core.argyll_runner: [argyll] Re-seeding
2026-09-07 08:10:22,968 [DEBUG] core.argyll_runner: [argyll] It 9: Maxmv = 0.040554, MinPoint = 5.743, Min = 5.280, Avg. = 10.411, Max = 13.065, 0.0 secs.
2026-09-07 08:10:22,969 [DEBUG] core.argyll_runner: [argyll] Re-seeding
2026-09-07 08:10:22,969 [DEBUG] core.argyll_runner: [argyll] It 10: Maxmv = 0.030994, MinPoint = 5.743, Min = 5.280, Avg. = 10.383, Max = 12.735, 0.0 secs.
2026-09-07 08:10:22,969 [DEBUG] core.argyll_runner: [argyll] Re-seeding
2026-09-07 08:10:22,969 [DEBUG] core.argyll_runner: [argyll] It 11: Maxmv = 0.032989, MinPoint = 5.743, Min = 5.280, Avg. = 10.373, Max = 12.994, 0.0 secs.
2026-09-07 08:10:22,969 [DEBUG] core.argyll_runner: [argyll] Re-seeding
2026-09-07 08:10:22,970 [DEBUG] core.argyll_runner: [argyll] It 12: Maxmv = 0.030487, MinPoint = 5.743, Min = 5.280, Avg. = 10.349, Max = 12.936, 0.0 secs.
2026-09-07 08:10:22,970 [DEBUG] core.argyll_runner: [argyll] Re-seeding
2026-09-07 08:10:22,970 [DEBUG] core.argyll_runner: [argyll] It 13: Maxmv = 0.021481, MinPoint = 5.743, Min = 5.280, Avg. = 10.346, Max = 12.600, 0.0 secs.
2026-09-07 08:10:22,970 [DEBUG] core.argyll_runner: [argyll] Re-seeding
2026-09-07 08:10:22,971 [DEBUG] core.argyll_runner: [argyll] It 14: Maxmv = 0.016377, MinPoint = 5.743, Min = 5.280, Avg. = 10.329, Max = 12.441, 0.0 secs.
2026-09-07 08:10:22,971 [DEBUG] core.argyll_runner: [argyll] Re-seeding
2026-09-07 08:10:22,971 [DEBUG] core.argyll_runner: [argyll] It 15: Maxmv = 0.013408, MinPoint = 5.743, Min = 5.280, Avg. = 10.331, Max = 12.462, 0.0 secs.
2026-09-07 08:10:22,971 [DEBUG] core.argyll_runner: [argyll] Re-seeding
2026-09-07 08:10:22,972 [DEBUG] core.argyll_runner: [argyll] It 16: Maxmv = 0.011614, MinPoint = 5.743, Min = 5.280, Avg. = 10.321, Max = 12.261, 0.0 secs.
2026-09-07 08:10:22,972 [DEBUG] core.argyll_runner: [argyll] Re-seeding
2026-09-07 08:10:22,972 [DEBUG] core.argyll_runner: [argyll] It 17: Maxmv = 0.006463, MinPoint = 5.743, Min = 5.280, Avg. = 10.321, Max = 12.391, 0.0 secs.
2026-09-07 08:10:22,972 [DEBUG] core.argyll_runner: [argyll] Re-seeding
2026-09-07 08:10:22,972 [DEBUG] core.argyll_runner: [argyll] It 18: Maxmv = 0.005609, MinPoint = 5.743, Min = 5.280, Avg. = 10.319, Max = 12.293, 0.0 secs.
2026-09-07 08:10:22,973 [DEBUG] core.argyll_runner: [argyll] Re-seeding
2026-09-07 08:10:22,973 [DEBUG] core.argyll_runner: [argyll] It 19: Maxmv = 0.001380, MinPoint = 5.743, Min = 5.280, Avg. = 10.320, Max = 12.323, 0.0 secs.
2026-09-07 08:10:22,973 [DEBUG] core.argyll_runner: [argyll] Re-seeding
2026-09-07 08:10:22,973 [DEBUG] core.argyll_runner: [argyll] It 20: Maxmv = 0.001368, MinPoint = 5.743, Min = 5.280, Avg. = 10.321, Max = 12.343, 0.0 secs.
2026-09-07 08:10:22,974 [DEBUG] core.argyll_runner: [argyll] After optimization: MinPoint = 5.743, Min = 5.280, Avg. = 10.321, Max = 12.343
2026-09-07 08:10:22,974 [DEBUG] core.argyll_runner: [argyll] Total number of patches = 525
2026-09-07 08:10:22,974 [DEBUG] core.argyll_runner: [argyll] Execution time = 0.967589 seconds
2026-09-07 08:10:22,987 [INFO] core.argyll_runner: ArgyllRunner: finished with code 0
2026-09-07 08:10:23,383 [DEBUG] workflow.chart_creator: Wrote channel sidecar A3-LayoutModes.channels.json: ['r', 'g', 'b']
2026-09-07 08:10:23,462 [DEBUG] ui.tiff_preview: TiffPreview: loaded 1 page(s)
2026-09-07 08:10:23,462 [INFO] ui.tabs.tab_chart: Preview loaded: 1 TIFF(s)
2026-09-07 08:10:23,508 [DEBUG] ui.tabs.tab_chart: create-chart settings written for run1 (40 parameters + ui state)
2026-09-07 08:10:23,509 [DEBUG] ui.tabs.tab_chart: ui-state: kept the Guided row this build used (the run's stored copy is the older one)
2026-09-07 08:10:23,509 [DEBUG] ui.tabs.tab_chart: ui-state: kept the layout this build used (the run's stored copy is the older one)
2026-09-07 08:10:23,510 [DEBUG] ui.tiff_preview: TiffPreview: loaded 1 page(s)
2026-09-07 08:10:23,513 [DEBUG] ui.tiff_preview: TiffPreview: loaded 1 page(s)
2026-09-07 08:10:25,327 [INFO] assess:   shot Screenshots/A3-layout-modes/m01-area-bywidth-auto-after.png  (3400x2100)
2026-09-07 08:10:25,329 [INFO] assess:   json Test Runs/logs/d03_results.json
2026-09-07 08:10:25,329 [INFO] assess:     est_before={'total': 525, 'fillup': 0, 'page_patches': 525, 'rows': 25, 'cols': 21, 'pages': 1, 'patch': (8.33, 8.56), 'pitch': None}
    actual={'total': 525, 'fillup': 0, 'page_patches': 525, 'rows': 25, 'cols': 21, 'pages': 1, 'patch': (8.3, 8.55), 'pitch': None}
    est_after={'total': 525, 'fillup': 0, 'page_patches': 525, 'rows': 25, 'cols': 21, 'pages': 1, 'patch': (8.33, 8.56), 'pitch': None}
    margin_after='Margins: OK' notes=''
2026-09-07 08:10:25,329 [INFO] assess: --- m02-area-bywidth-min12: area-first by width, min patch width 12 mm
2026-09-07 08:10:26,917 [DEBUG] core.settings: settings.set helper_markers_show = False
2026-09-07 08:10:26,917 [DEBUG] core.settings: settings.set helper_marker_edge_mm = 2.0
2026-09-07 08:10:26,917 [DEBUG] core.settings: settings.set helper_marker_len_mm = 2.0
2026-09-07 08:10:26,917 [DEBUG] core.settings: settings.set helper_marker_per_patch = 3
2026-09-07 08:10:26,917 [DEBUG] core.settings: settings.set helper_markers_top_bottom = True
2026-09-07 08:10:26,917 [DEBUG] core.settings: settings.set helper_markers_sides = True
2026-09-07 08:10:27,922 [INFO] assess:   shot Screenshots/A3-layout-modes/m02-area-bywidth-min12-before.png  (3400x2100)
2026-09-07 08:10:27,922 [INFO] assess:   armed: dialog ~'quite fill' -> click 'OK' 
2026-09-07 08:10:27,922 [INFO] assess:   armed: dialog ~'already' -> click 'Continue this project' 
2026-09-07 08:10:27,922 [INFO] ui.tabs.tab_chart: chart build (Generate Chart) in manual: patch set targen | manual panel: A4, 0x0 grid, margins T38.0 R9.0 B19.0 L26.0
2026-09-07 08:10:27,924 [DEBUG] core.settings: settings.set session_ti3_path = ''
2026-09-07 08:10:27,924 [DEBUG] core.settings: settings.set session_icc_path = ''
2026-09-07 08:10:27,924 [DEBUG] core.settings: settings.set session_cal_ti3_path = ''
2026-09-07 08:10:27,925 [DEBUG] core.file_manager: Target name set to: A3-LayoutModes (root /Users/Basti/ChromIQ-assessment/A3-LayoutModes)
2026-09-07 08:10:27,925 [INFO] core.file_manager: opened the EXISTING project at /Users/Basti/ChromIQ-assessment/A3-LayoutModes (1 run(s) on disk)
2026-09-07 08:10:27,953 [INFO] workflow.chart_creator: Chart generation: 238 patches, instrument=i1 paper=A4 disable_lb=True
2026-09-07 08:10:27,953 [INFO] workflow.chart_creator: targen args: ['-v', '-d2', '-f238', '-e2', '-B2', '-G', '-g14', 'A3-LayoutModes']
2026-09-07 08:10:27,954 [INFO] core.argyll_runner: Run: /Applications/Argyll/bin/targen -v -d2 -f238 -e2 -B2 -G -g14 A3-LayoutModes  [cwd=/Users/Basti/ChromIQ-assessment/A3-LayoutModes/runs/run1]
2026-09-07 08:10:28,013 [DEBUG] core.argyll_runner: [argyll] iRGB test chart
2026-09-07 08:10:28,013 [DEBUG] core.argyll_runner: [argyll] White patches = 2
2026-09-07 08:10:28,013 [DEBUG] core.argyll_runner: [argyll] Black patches = 2
2026-09-07 08:10:28,014 [DEBUG] core.argyll_runner: [argyll] Composite Grey steps = 14
2026-09-07 08:10:28,014 [DEBUG] core.argyll_runner: [argyll] Full spread patches = 238
2026-09-07 08:10:28,014 [DEBUG] core.argyll_runner: [argyll] Degree of adaptation: 0.100
2026-09-07 08:10:28,014 [DEBUG] core.argyll_runner: [argyll] Adaptation weights: Device = 0.935, Perceptual = 0.065, Curvature = 0.010
2026-09-07 08:10:28,014 [DEBUG] core.argyll_runner: [argyll] Perceptual cache resolution = 7
2026-09-07 08:10:28,014 [DEBUG] core.argyll_runner: [argyll] Seeding cache...done
2026-09-07 08:10:28,015 [DEBUG] core.argyll_runner: [argyll] Acceleration grid res = 7
2026-09-07 08:10:28,015 [DEBUG] core.argyll_runner: [argyll] 
2026-09-07 08:10:28,015 [DEBUG] core.argyll_runner: [argyll] There are 14 unique fixed points to add (16 total fixed points)
2026-09-07 08:10:28,015 [DEBUG] core.argyll_runner: [argyll] There are 222 far spread points to add
2026-09-07 08:10:28,015 [DEBUG] core.argyll_runner: [argyll] 
2026-09-07 08:10:28,015 [DEBUG] core.argyll_runner: [argyll] Added 12/236
2026-09-07 08:10:28,015 [DEBUG] core.argyll_runner: [argyll] Added 23/236
2026-09-07 08:10:28,016 [DEBUG] core.argyll_runner: [argyll] Added 34/236
2026-09-07 08:10:28,016 [DEBUG] core.argyll_runner: [argyll] Added 45/236
2026-09-07 08:10:28,016 [DEBUG] core.argyll_runner: [argyll] Added 56/236
2026-09-07 08:10:28,017 [DEBUG] core.argyll_runner: [argyll] Added 67/236
2026-09-07 08:10:28,018 [DEBUG] core.argyll_runner: [argyll] Added 78/236
2026-09-07 08:10:28,018 [DEBUG] core.argyll_runner: [argyll] Added 89/236
2026-09-07 08:10:28,019 [DEBUG] core.argyll_runner: [argyll] Added 100/236
2026-09-07 08:10:28,020 [DEBUG] core.argyll_runner: [argyll] Added 111/236
2026-09-07 08:10:28,021 [DEBUG] core.argyll_runner: [argyll] Added 122/236
2026-09-07 08:10:28,023 [DEBUG] core.argyll_runner: [argyll] Added 133/236
2026-09-07 08:10:28,043 [DEBUG] core.argyll_runner: [argyll] 
2026-09-07 08:10:28,044 [DEBUG] core.argyll_runner: [argyll] Added 144/236
2026-09-07 08:10:28,044 [DEBUG] core.argyll_runner: [argyll] Added 155/236
2026-09-07 08:10:28,044 [DEBUG] core.argyll_runner: [argyll] Added 166/236
2026-09-07 08:10:28,044 [DEBUG] core.argyll_runner: [argyll] Added 177/236
2026-09-07 08:10:28,045 [DEBUG] core.argyll_runner: [argyll] Added 188/236
2026-09-07 08:10:28,045 [DEBUG] core.argyll_runner: [argyll] Added 199/236
2026-09-07 08:10:28,046 [DEBUG] core.argyll_runner: [argyll] Added 210/236
2026-09-07 08:10:28,047 [DEBUG] core.argyll_runner: [argyll] Added 221/236
2026-09-07 08:10:28,048 [DEBUG] core.argyll_runner: [argyll] Added 232/236
2026-09-07 08:10:28,049 [DEBUG] core.argyll_runner: [argyll] Added 236/236
2026-09-07 08:10:28,382 [DEBUG] core.argyll_runner: [argyll] 
2026-09-07 08:10:28,383 [DEBUG] core.argyll_runner: [argyll] After seeding points: MinPoint = 5.341, Min = 4.205, Avg. = 14.411, Max = 18.457, 0.0 secs
2026-09-07 08:10:28,383 [DEBUG] core.argyll_runner: [argyll] Re-seeding
2026-09-07 08:10:28,383 [DEBUG] core.argyll_runner: [argyll] It 1: Maxmv = 0.123814, MinPoint = 5.237, Min = 8.875, Avg. = 14.418, Max = 19.370, 0.0 secs.
2026-09-07 08:10:28,384 [DEBUG] core.argyll_runner: [argyll] Re-seeding
2026-09-07 08:10:28,384 [DEBUG] core.argyll_runner: [argyll] It 2: Maxmv = 0.119288, MinPoint = 5.491, Min = 7.477, Avg. = 14.279, Max = 18.903, 0.0 secs.
2026-09-07 08:10:28,384 [DEBUG] core.argyll_runner: [argyll] Re-seeding
2026-09-07 08:10:28,384 [DEBUG] core.argyll_runner: [argyll] It 3: Maxmv = 0.094440, MinPoint = 8.656, Min = 8.264, Avg. = 14.168, Max = 18.461, 0.0 secs.
2026-09-07 08:10:28,384 [DEBUG] core.argyll_runner: [argyll] Re-seeding
2026-09-07 08:10:28,385 [DEBUG] core.argyll_runner: [argyll] It 4: Maxmv = 0.108129, MinPoint = 7.085, Min = 8.782, Avg. = 14.142, Max = 18.771, 0.0 secs.
2026-09-07 08:10:28,385 [DEBUG] core.argyll_runner: [argyll] Re-seeding
2026-09-07 08:10:28,385 [DEBUG] core.argyll_runner: [argyll] It 5: Maxmv = 0.092227, MinPoint = 10.507, Min = 9.010, Avg. = 14.088, Max = 18.082, 0.0 secs.
2026-09-07 08:10:28,385 [DEBUG] core.argyll_runner: [argyll] Re-seeding
2026-09-07 08:10:28,386 [DEBUG] core.argyll_runner: [argyll] It 6: Maxmv = 0.077540, MinPoint = 9.365, Min = 7.924, Avg. = 14.040, Max = 18.758, 0.0 secs.
2026-09-07 08:10:28,386 [DEBUG] core.argyll_runner: [argyll] Re-seeding
2026-09-07 08:10:28,386 [DEBUG] core.argyll_runner: [argyll] It 7: Maxmv = 0.088296, MinPoint = 10.742, Min = 10.361, Avg. = 13.971, Max = 17.908, 0.0 secs.
2026-09-07 08:10:28,386 [DEBUG] core.argyll_runner: [argyll] Re-seeding
2026-09-07 08:10:28,387 [DEBUG] core.argyll_runner: [argyll] It 8: Maxmv = 0.070912, MinPoint = 9.350, Min = 9.727, Avg. = 13.908, Max = 17.836, 0.0 secs.
2026-09-07 08:10:28,387 [DEBUG] core.argyll_runner: [argyll] Re-seeding
2026-09-07 08:10:28,387 [DEBUG] core.argyll_runner: [argyll] It 9: Maxmv = 0.057371, MinPoint = 10.419, Min = 10.366, Avg. = 13.868, Max = 17.853, 0.0 secs.
2026-09-07 08:10:28,387 [DEBUG] core.argyll_runner: [argyll] Re-seeding
2026-09-07 08:10:28,387 [DEBUG] core.argyll_runner: [argyll] It 10: Maxmv = 0.063791, MinPoint = 10.541, Min = 10.661, Avg. = 13.862, Max = 17.311, 0.0 secs.
2026-09-07 08:10:28,388 [DEBUG] core.argyll_runner: [argyll] Re-seeding
2026-09-07 08:10:28,388 [DEBUG] core.argyll_runner: [argyll] It 11: Maxmv = 0.040941, MinPoint = 11.154, Min = 10.253, Avg. = 13.816, Max = 17.232, 0.0 secs.
2026-09-07 08:10:28,388 [DEBUG] core.argyll_runner: [argyll] Re-seeding
2026-09-07 08:10:28,388 [DEBUG] core.argyll_runner: [argyll] It 12: Maxmv = 0.039255, MinPoint = 12.173, Min = 9.227, Avg. = 13.806, Max = 16.556, 0.0 secs.
2026-09-07 08:10:28,389 [DEBUG] core.argyll_runner: [argyll] Re-seeding
2026-09-07 08:10:28,389 [DEBUG] core.argyll_runner: [argyll] It 13: Maxmv = 0.035045, MinPoint = 11.715, Min = 8.864, Avg. = 13.814, Max = 17.104, 0.0 secs.
2026-09-07 08:10:28,389 [DEBUG] core.argyll_runner: [argyll] Re-seeding
2026-09-07 08:10:28,389 [DEBUG] core.argyll_runner: [argyll] It 14: Maxmv = 0.026036, MinPoint = 12.040, Min = 8.446, Avg. = 13.812, Max = 16.522, 0.0 secs.
2026-09-07 08:10:28,390 [DEBUG] core.argyll_runner: [argyll] Re-seeding
2026-09-07 08:10:28,390 [DEBUG] core.argyll_runner: [argyll] It 15: Maxmv = 0.018136, MinPoint = 12.026, Min = 8.315, Avg. = 13.809, Max = 17.085, 0.0 secs.
2026-09-07 08:10:28,390 [DEBUG] core.argyll_runner: [argyll] Re-seeding
2026-09-07 08:10:28,390 [DEBUG] core.argyll_runner: [argyll] It 16: Maxmv = 0.014412, MinPoint = 11.867, Min = 8.310, Avg. = 13.802, Max = 16.616, 0.0 secs.
2026-09-07 08:10:28,391 [DEBUG] core.argyll_runner: [argyll] Re-seeding
2026-09-07 08:10:28,391 [DEBUG] core.argyll_runner: [argyll] It 17: Maxmv = 0.009360, MinPoint = 11.604, Min = 8.319, Avg. = 13.815, Max = 16.920, 0.0 secs.
2026-09-07 08:10:28,391 [DEBUG] core.argyll_runner: [argyll] Re-seeding
2026-09-07 08:10:28,391 [DEBUG] core.argyll_runner: [argyll] It 18: Maxmv = 0.006199, MinPoint = 11.469, Min = 8.367, Avg. = 13.810, Max = 16.717, 0.0 secs.
2026-09-07 08:10:28,391 [DEBUG] core.argyll_runner: [argyll] Re-seeding
2026-09-07 08:10:28,392 [DEBUG] core.argyll_runner: [argyll] It 19: Maxmv = 0.001959, MinPoint = 11.386, Min = 8.402, Avg. = 13.812, Max = 16.658, 0.0 secs.
2026-09-07 08:10:28,392 [DEBUG] core.argyll_runner: [argyll] Re-seeding
2026-09-07 08:10:28,392 [DEBUG] core.argyll_runner: [argyll] It 20: Maxmv = 0.001702, MinPoint = 11.323, Min = 8.438, Avg. = 13.812, Max = 16.660, 0.0 secs.
2026-09-07 08:10:28,392 [DEBUG] core.argyll_runner: [argyll] After optimization: MinPoint = 11.323, Min = 8.438, Avg. = 13.812, Max = 16.660
2026-09-07 08:10:28,393 [DEBUG] core.argyll_runner: [argyll] Total number of patches = 238
2026-09-07 08:10:28,393 [DEBUG] core.argyll_runner: [argyll] Execution time = 0.389109 seconds
2026-09-07 08:10:28,406 [INFO] core.argyll_runner: ArgyllRunner: finished with code 0
2026-09-07 08:10:28,691 [DEBUG] workflow.chart_creator: Wrote channel sidecar A3-LayoutModes.channels.json: ['r', 'g', 'b']
2026-09-07 08:10:28,767 [DEBUG] ui.tiff_preview: TiffPreview: loaded 1 page(s)
2026-09-07 08:10:28,767 [INFO] ui.tabs.tab_chart: Preview loaded: 1 TIFF(s)
2026-09-07 08:10:28,809 [DEBUG] ui.tiff_preview: TiffPreview: loaded 1 page(s)
2026-09-07 08:10:28,810 [DEBUG] ui.tiff_preview: TiffPreview: loaded 1 page(s)
2026-09-07 08:10:28,814 [DEBUG] ui.tabs.tab_chart: create-chart settings written for run1 (40 parameters + ui state)
2026-09-07 08:10:30,585 [INFO] assess:   shot Screenshots/A3-layout-modes/m02-area-bywidth-min12-after.png  (3400x2100)
2026-09-07 08:10:30,587 [INFO] assess:   json Test Runs/logs/d03_results.json
2026-09-07 08:10:30,587 [INFO] assess:     est_before={'total': 238, 'fillup': 0, 'page_patches': 238, 'rows': 17, 'cols': 14, 'pages': 1, 'patch': (12.49, 13.05), 'pitch': None}
    actual={'total': 238, 'fillup': 0, 'page_patches': 238, 'rows': 17, 'cols': 14, 'pages': 1, 'patch': (12.53, 13.04), 'pitch': None}
    est_after={'total': 238, 'fillup': 0, 'page_patches': 238, 'rows': 17, 'cols': 14, 'pages': 1, 'patch': (12.49, 13.05), 'pitch': None}
    margin_after='Margins: OK' notes=''
2026-09-07 08:10:30,587 [INFO] assess: --- m03-area-grid-cols10: by grid, 10 columns, rows auto
2026-09-07 08:10:30,990 [DEBUG] core.settings: settings.set helper_markers_show = False
2026-09-07 08:10:30,990 [DEBUG] core.settings: settings.set helper_marker_edge_mm = 2.0
2026-09-07 08:10:30,990 [DEBUG] core.settings: settings.set helper_marker_len_mm = 2.0
2026-09-07 08:10:30,990 [DEBUG] core.settings: settings.set helper_marker_per_patch = 3
2026-09-07 08:10:30,990 [DEBUG] core.settings: settings.set helper_markers_top_bottom = True
2026-09-07 08:10:30,990 [DEBUG] core.settings: settings.set helper_markers_sides = True
2026-09-07 08:10:32,263 [DEBUG] core.settings: settings.set helper_markers_show = False
2026-09-07 08:10:32,263 [DEBUG] core.settings: settings.set helper_marker_edge_mm = 2.0
2026-09-07 08:10:32,263 [DEBUG] core.settings: settings.set helper_marker_len_mm = 2.0
2026-09-07 08:10:32,263 [DEBUG] core.settings: settings.set helper_marker_per_patch = 3
2026-09-07 08:10:32,263 [DEBUG] core.settings: settings.set helper_markers_top_bottom = True
2026-09-07 08:10:32,263 [DEBUG] core.settings: settings.set helper_markers_sides = True
2026-09-07 08:10:32,509 [DEBUG] core.settings: settings.set helper_markers_show = False
2026-09-07 08:10:32,509 [DEBUG] core.settings: settings.set helper_marker_edge_mm = 2.0
2026-09-07 08:10:32,509 [DEBUG] core.settings: settings.set helper_marker_len_mm = 2.0
2026-09-07 08:10:32,509 [DEBUG] core.settings: settings.set helper_marker_per_patch = 3
2026-09-07 08:10:32,509 [DEBUG] core.settings: settings.set helper_markers_top_bottom = True
2026-09-07 08:10:32,509 [DEBUG] core.settings: settings.set helper_markers_sides = True
2026-09-07 08:10:33,628 [INFO] assess:   shot Screenshots/A3-layout-modes/m03-area-grid-cols10-before.png  (3400x2100)
2026-09-07 08:10:33,628 [INFO] assess:   armed: dialog ~'quite fill' -> click 'OK' 
2026-09-07 08:10:33,629 [INFO] assess:   armed: dialog ~'already' -> click 'Continue this project' 
2026-09-07 08:10:33,629 [INFO] ui.tabs.tab_chart: chart build (Generate Chart) in manual: patch set targen | manual panel: A4, 10x0 grid, margins T38.0 R9.0 B19.0 L26.0
2026-09-07 08:10:33,629 [DEBUG] core.settings: settings.set session_ti3_path = ''
2026-09-07 08:10:33,629 [DEBUG] core.settings: settings.set session_icc_path = ''
2026-09-07 08:10:33,629 [DEBUG] core.settings: settings.set session_cal_ti3_path = ''
2026-09-07 08:10:33,630 [DEBUG] core.file_manager: Target name set to: A3-LayoutModes (root /Users/Basti/ChromIQ-assessment/A3-LayoutModes)
2026-09-07 08:10:33,630 [INFO] core.file_manager: opened the EXISTING project at /Users/Basti/ChromIQ-assessment/A3-LayoutModes (1 run(s) on disk)
2026-09-07 08:10:33,657 [INFO] workflow.chart_creator: Chart generation: 120 patches, instrument=i1 paper=A4 disable_lb=True
2026-09-07 08:10:33,657 [INFO] workflow.chart_creator: targen args: ['-v', '-d2', '-f120', '-e2', '-B2', '-G', '-g8', 'A3-LayoutModes']
2026-09-07 08:10:33,657 [INFO] core.argyll_runner: Run: /Applications/Argyll/bin/targen -v -d2 -f120 -e2 -B2 -G -g8 A3-LayoutModes  [cwd=/Users/Basti/ChromIQ-assessment/A3-LayoutModes/runs/run1]
2026-09-07 08:10:33,717 [DEBUG] core.argyll_runner: [argyll] iRGB test chart
2026-09-07 08:10:33,717 [DEBUG] core.argyll_runner: [argyll] White patches = 2
2026-09-07 08:10:33,717 [DEBUG] core.argyll_runner: [argyll] Black patches = 2
2026-09-07 08:10:33,718 [DEBUG] core.argyll_runner: [argyll] Composite Grey steps = 8
2026-09-07 08:10:33,718 [DEBUG] core.argyll_runner: [argyll] Full spread patches = 120
2026-09-07 08:10:33,718 [DEBUG] core.argyll_runner: [argyll] Degree of adaptation: 0.100
2026-09-07 08:10:33,718 [DEBUG] core.argyll_runner: [argyll] Adaptation weights: Device = 0.935, Perceptual = 0.065, Curvature = 0.010
2026-09-07 08:10:33,718 [DEBUG] core.argyll_runner: [argyll] Perceptual cache resolution = 7
2026-09-07 08:10:33,718 [DEBUG] core.argyll_runner: [argyll] Seeding cache...done
2026-09-07 08:10:33,719 [DEBUG] core.argyll_runner: [argyll] Acceleration grid res = 5
2026-09-07 08:10:33,719 [DEBUG] core.argyll_runner: [argyll] 
2026-09-07 08:10:33,719 [DEBUG] core.argyll_runner: [argyll] There are 8 unique fixed points to add (10 total fixed points)
2026-09-07 08:10:33,719 [DEBUG] core.argyll_runner: [argyll] There are 110 far spread points to add
2026-09-07 08:10:33,719 [DEBUG] core.argyll_runner: [argyll] 
2026-09-07 08:10:33,719 [DEBUG] core.argyll_runner: [argyll] Added 12/118
2026-09-07 08:10:33,719 [DEBUG] core.argyll_runner: [argyll] Added 23/118
2026-09-07 08:10:33,720 [DEBUG] core.argyll_runner: [argyll] Added 34/118
2026-09-07 08:10:33,720 [DEBUG] core.argyll_runner: [argyll] Added 45/118
2026-09-07 08:10:33,721 [DEBUG] core.argyll_runner: [argyll] Added 56/118
2026-09-07 08:10:33,721 [DEBUG] core.argyll_runner: [argyll] Added 67/118
2026-09-07 08:10:33,722 [DEBUG] core.argyll_runner: [argyll] Added 78/118
2026-09-07 08:10:33,723 [DEBUG] core.argyll_runner: [argyll] Added 89/118
2026-09-07 08:10:33,724 [DEBUG] core.argyll_runner: [argyll] Added 100/118
2026-09-07 08:10:33,725 [DEBUG] core.argyll_runner: [argyll] Added 111/118
2026-09-07 08:10:33,726 [DEBUG] core.argyll_runner: [argyll] Added 118/118
2026-09-07 08:10:33,873 [DEBUG] core.argyll_runner: [argyll] 
2026-09-07 08:10:33,873 [DEBUG] core.argyll_runner: [argyll] After seeding points: MinPoint = 10.366, Min = 8.446, Avg. = 18.414, Max = 24.259, 0.0 secs
2026-09-07 08:10:33,873 [DEBUG] core.argyll_runner: [argyll] Re-seeding
2026-09-07 08:10:33,874 [DEBUG] core.argyll_runner: [argyll] It 1: Maxmv = 0.166190, MinPoint = 5.766, Min = 7.784, Avg. = 18.425, Max = 25.376, 0.0 secs.
2026-09-07 08:10:33,874 [DEBUG] core.argyll_runner: [argyll] Re-seeding
2026-09-07 08:10:33,874 [DEBUG] core.argyll_runner: [argyll] It 2: Maxmv = 0.124036, MinPoint = 9.212, Min = 9.707, Avg. = 18.295, Max = 24.423, 0.0 secs.
2026-09-07 08:10:33,874 [DEBUG] core.argyll_runner: [argyll] Re-seeding
2026-09-07 08:10:33,875 [DEBUG] core.argyll_runner: [argyll] It 3: Maxmv = 0.122801, MinPoint = 11.388, Min = 9.904, Avg. = 18.245, Max = 25.375, 0.0 secs.
2026-09-07 08:10:33,875 [DEBUG] core.argyll_runner: [argyll] Re-seeding
2026-09-07 08:10:33,875 [DEBUG] core.argyll_runner: [argyll] It 4: Maxmv = 0.108731, MinPoint = 14.316, Min = 11.919, Avg. = 18.050, Max = 23.448, 0.0 secs.
2026-09-07 08:10:33,875 [DEBUG] core.argyll_runner: [argyll] Re-seeding
2026-09-07 08:10:33,876 [DEBUG] core.argyll_runner: [argyll] It 5: Maxmv = 0.090025, MinPoint = 13.129, Min = 10.365, Avg. = 17.906, Max = 23.064, 0.0 secs.
2026-09-07 08:10:33,876 [DEBUG] core.argyll_runner: [argyll] Re-seeding
2026-09-07 08:10:33,876 [DEBUG] core.argyll_runner: [argyll] It 6: Maxmv = 0.100291, MinPoint = 14.881, Min = 13.235, Avg. = 17.875, Max = 22.233, 0.0 secs.
2026-09-07 08:10:33,876 [DEBUG] core.argyll_runner: [argyll] Re-seeding
2026-09-07 08:10:33,877 [DEBUG] core.argyll_runner: [argyll] It 7: Maxmv = 0.093338, MinPoint = 12.633, Min = 11.366, Avg. = 17.878, Max = 22.576, 0.0 secs.
2026-09-07 08:10:33,877 [DEBUG] core.argyll_runner: [argyll] Re-seeding
2026-09-07 08:10:33,877 [DEBUG] core.argyll_runner: [argyll] It 8: Maxmv = 0.087454, MinPoint = 16.403, Min = 13.787, Avg. = 17.822, Max = 22.966, 0.0 secs.
2026-09-07 08:10:33,877 [DEBUG] core.argyll_runner: [argyll] Re-seeding
2026-09-07 08:10:33,877 [DEBUG] core.argyll_runner: [argyll] It 9: Maxmv = 0.076241, MinPoint = 16.686, Min = 12.202, Avg. = 17.772, Max = 21.967, 0.0 secs.
2026-09-07 08:10:33,878 [DEBUG] core.argyll_runner: [argyll] Re-seeding
2026-09-07 08:10:33,878 [DEBUG] core.argyll_runner: [argyll] It 10: Maxmv = 0.069066, MinPoint = 16.107, Min = 13.339, Avg. = 17.680, Max = 21.282, 0.0 secs.
2026-09-07 08:10:33,878 [DEBUG] core.argyll_runner: [argyll] Re-seeding
2026-09-07 08:10:33,878 [DEBUG] core.argyll_runner: [argyll] It 11: Maxmv = 0.049627, MinPoint = 15.535, Min = 12.990, Avg. = 17.665, Max = 21.681, 0.0 secs.
2026-09-07 08:10:33,879 [DEBUG] core.argyll_runner: [argyll] Re-seeding
2026-09-07 08:10:33,879 [DEBUG] core.argyll_runner: [argyll] It 12: Maxmv = 0.053511, MinPoint = 16.953, Min = 12.101, Avg. = 17.673, Max = 22.005, 0.0 secs.
2026-09-07 08:10:33,879 [DEBUG] core.argyll_runner: [argyll] Re-seeding
2026-09-07 08:10:33,879 [DEBUG] core.argyll_runner: [argyll] It 13: Maxmv = 0.038858, MinPoint = 17.450, Min = 11.583, Avg. = 17.638, Max = 21.564, 0.0 secs.
2026-09-07 08:10:33,880 [DEBUG] core.argyll_runner: [argyll] Re-seeding
2026-09-07 08:10:33,880 [DEBUG] core.argyll_runner: [argyll] It 14: Maxmv = 0.033526, MinPoint = 16.531, Min = 13.231, Avg. = 17.619, Max = 20.962, 0.0 secs.
2026-09-07 08:10:33,880 [DEBUG] core.argyll_runner: [argyll] Re-seeding
2026-09-07 08:10:33,880 [DEBUG] core.argyll_runner: [argyll] It 15: Maxmv = 0.027370, MinPoint = 18.130, Min = 12.966, Avg. = 17.615, Max = 21.221, 0.0 secs.
2026-09-07 08:10:33,881 [DEBUG] core.argyll_runner: [argyll] Re-seeding
2026-09-07 08:10:33,881 [DEBUG] core.argyll_runner: [argyll] It 16: Maxmv = 0.020754, MinPoint = 17.799, Min = 12.583, Avg. = 17.615, Max = 20.627, 0.0 secs.
2026-09-07 08:10:33,881 [DEBUG] core.argyll_runner: [argyll] Re-seeding
2026-09-07 08:10:33,881 [DEBUG] core.argyll_runner: [argyll] It 17: Maxmv = 0.015507, MinPoint = 18.548, Min = 12.923, Avg. = 17.620, Max = 21.088, 0.0 secs.
2026-09-07 08:10:33,882 [DEBUG] core.argyll_runner: [argyll] Re-seeding
2026-09-07 08:10:33,882 [DEBUG] core.argyll_runner: [argyll] It 18: Maxmv = 0.009407, MinPoint = 18.266, Min = 12.900, Avg. = 17.611, Max = 20.849, 0.0 secs.
2026-09-07 08:10:33,882 [DEBUG] core.argyll_runner: [argyll] Re-seeding
2026-09-07 08:10:33,882 [DEBUG] core.argyll_runner: [argyll] It 19: Maxmv = 0.003039, MinPoint = 18.513, Min = 12.896, Avg. = 17.615, Max = 20.833, 0.0 secs.
2026-09-07 08:10:33,882 [DEBUG] core.argyll_runner: [argyll] Re-seeding
2026-09-07 08:10:33,883 [DEBUG] core.argyll_runner: [argyll] It 20: Maxmv = 0.003228, MinPoint = 18.740, Min = 12.900, Avg. = 17.620, Max = 20.730, 0.0 secs.
2026-09-07 08:10:33,883 [DEBUG] core.argyll_runner: [argyll] After optimization: MinPoint = 18.740, Min = 12.900, Avg. = 17.620, Max = 20.730
2026-09-07 08:10:33,883 [DEBUG] core.argyll_runner: [argyll] Total number of patches = 120
2026-09-07 08:10:33,884 [DEBUG] core.argyll_runner: [argyll] Execution time = 0.176507 seconds
2026-09-07 08:10:33,897 [INFO] core.argyll_runner: ArgyllRunner: finished with code 0
2026-09-07 08:10:33,963 [DEBUG] workflow.chart_creator: Wrote channel sidecar A3-LayoutModes.channels.json: ['r', 'g', 'b']
2026-09-07 08:10:34,038 [DEBUG] ui.tiff_preview: TiffPreview: loaded 1 page(s)
2026-09-07 08:10:34,038 [INFO] ui.tabs.tab_chart: Preview loaded: 1 TIFF(s)
2026-09-07 08:10:34,078 [DEBUG] ui.tiff_preview: TiffPreview: loaded 1 page(s)
2026-09-07 08:10:34,079 [DEBUG] ui.tiff_preview: TiffPreview: loaded 1 page(s)
2026-09-07 08:10:34,083 [DEBUG] ui.tabs.tab_chart: create-chart settings written for run1 (40 parameters + ui state)
2026-09-07 08:10:35,852 [INFO] assess:   shot Screenshots/A3-layout-modes/m03-area-grid-cols10-after.png  (3400x2100)
2026-09-07 08:10:35,853 [INFO] assess:   json Test Runs/logs/d03_results.json
2026-09-07 08:10:35,853 [INFO] assess:     est_before={'total': 120, 'fillup': 0, 'page_patches': 120, 'rows': 12, 'cols': 10, 'pages': 1, 'patch': (17.49, 18.91), 'pitch': None}
    actual={'total': 120, 'fillup': 0, 'page_patches': 120, 'rows': 12, 'cols': 10, 'pages': 1, 'patch': (17.53, 18.88), 'pitch': None}
    est_after={'total': 120, 'fillup': 0, 'page_patches': 120, 'rows': 12, 'cols': 10, 'pages': 1, 'patch': (17.49, 18.91), 'pitch': None}
    margin_after='Margins: OK' notes=''
2026-09-07 08:10:35,853 [INFO] assess: --- m04-area-grid-rows20: by grid, cols auto, 20 rows
2026-09-07 08:10:36,091 [DEBUG] core.settings: settings.set helper_markers_show = False
2026-09-07 08:10:36,091 [DEBUG] core.settings: settings.set helper_marker_edge_mm = 2.0
2026-09-07 08:10:36,091 [DEBUG] core.settings: settings.set helper_marker_len_mm = 2.0
2026-09-07 08:10:36,091 [DEBUG] core.settings: settings.set helper_marker_per_patch = 3
2026-09-07 08:10:36,091 [DEBUG] core.settings: settings.set helper_markers_top_bottom = True
2026-09-07 08:10:36,091 [DEBUG] core.settings: settings.set helper_markers_sides = True
2026-09-07 08:10:36,598 [DEBUG] core.settings: settings.set helper_markers_show = False
2026-09-07 08:10:36,598 [DEBUG] core.settings: settings.set helper_marker_edge_mm = 2.0
2026-09-07 08:10:36,598 [DEBUG] core.settings: settings.set helper_marker_len_mm = 2.0
2026-09-07 08:10:36,598 [DEBUG] core.settings: settings.set helper_marker_per_patch = 3
2026-09-07 08:10:36,598 [DEBUG] core.settings: settings.set helper_markers_top_bottom = True
2026-09-07 08:10:36,598 [DEBUG] core.settings: settings.set helper_markers_sides = True
2026-09-07 08:10:37,616 [DEBUG] core.settings: settings.set helper_markers_show = False
2026-09-07 08:10:37,616 [DEBUG] core.settings: settings.set helper_marker_edge_mm = 2.0
2026-09-07 08:10:37,616 [DEBUG] core.settings: settings.set helper_marker_len_mm = 2.0
2026-09-07 08:10:37,616 [DEBUG] core.settings: settings.set helper_marker_per_patch = 3
2026-09-07 08:10:37,616 [DEBUG] core.settings: settings.set helper_markers_top_bottom = True
2026-09-07 08:10:37,616 [DEBUG] core.settings: settings.set helper_markers_sides = True
2026-09-07 08:10:37,997 [DEBUG] core.settings: settings.set helper_markers_show = False
2026-09-07 08:10:37,997 [DEBUG] core.settings: settings.set helper_marker_edge_mm = 2.0
2026-09-07 08:10:37,997 [DEBUG] core.settings: settings.set helper_marker_len_mm = 2.0
2026-09-07 08:10:37,997 [DEBUG] core.settings: settings.set helper_marker_per_patch = 3
2026-09-07 08:10:37,997 [DEBUG] core.settings: settings.set helper_markers_top_bottom = True
2026-09-07 08:10:37,997 [DEBUG] core.settings: settings.set helper_markers_sides = True
2026-09-07 08:10:38,991 [INFO] assess:   shot Screenshots/A3-layout-modes/m04-area-grid-rows20-before.png  (3400x2100)
2026-09-07 08:10:38,991 [INFO] assess:   armed: dialog ~'quite fill' -> click 'OK' 
2026-09-07 08:10:38,991 [INFO] assess:   armed: dialog ~'already' -> click 'Continue this project' 
2026-09-07 08:10:38,992 [INFO] ui.tabs.tab_chart: chart build (Generate Chart) in manual: patch set targen | manual panel: A4, 0x20 grid, margins T38.0 R9.0 B19.0 L26.0
2026-09-07 08:10:38,992 [DEBUG] core.settings: settings.set session_ti3_path = ''
2026-09-07 08:10:38,992 [DEBUG] core.settings: settings.set session_icc_path = ''
2026-09-07 08:10:38,992 [DEBUG] core.settings: settings.set session_cal_ti3_path = ''
2026-09-07 08:10:38,993 [DEBUG] core.file_manager: Target name set to: A3-LayoutModes (root /Users/Basti/ChromIQ-assessment/A3-LayoutModes)
2026-09-07 08:10:38,993 [INFO] core.file_manager: opened the EXISTING project at /Users/Basti/ChromIQ-assessment/A3-LayoutModes (1 run(s) on disk)
2026-09-07 08:10:39,019 [INFO] workflow.chart_creator: Chart generation: 300 patches, instrument=i1 paper=A4 disable_lb=True
2026-09-07 08:10:39,020 [INFO] workflow.chart_creator: targen args: ['-v', '-d2', '-f300', '-e3', '-B3', '-G', '-g17', 'A3-LayoutModes']
2026-09-07 08:10:39,020 [INFO] core.argyll_runner: Run: /Applications/Argyll/bin/targen -v -d2 -f300 -e3 -B3 -G -g17 A3-LayoutModes  [cwd=/Users/Basti/ChromIQ-assessment/A3-LayoutModes/runs/run1]
2026-09-07 08:10:39,079 [DEBUG] core.argyll_runner: [argyll] iRGB test chart
2026-09-07 08:10:39,079 [DEBUG] core.argyll_runner: [argyll] White patches = 3
2026-09-07 08:10:39,079 [DEBUG] core.argyll_runner: [argyll] Black patches = 3
2026-09-07 08:10:39,079 [DEBUG] core.argyll_runner: [argyll] Composite Grey steps = 17
2026-09-07 08:10:39,080 [DEBUG] core.argyll_runner: [argyll] Full spread patches = 300
2026-09-07 08:10:39,080 [DEBUG] core.argyll_runner: [argyll] Degree of adaptation: 0.100
2026-09-07 08:10:39,080 [DEBUG] core.argyll_runner: [argyll] Adaptation weights: Device = 0.935, Perceptual = 0.065, Curvature = 0.010
2026-09-07 08:10:39,080 [DEBUG] core.argyll_runner: [argyll] Perceptual cache resolution = 7
2026-09-07 08:10:39,080 [DEBUG] core.argyll_runner: [argyll] Seeding cache...done
2026-09-07 08:10:39,080 [DEBUG] core.argyll_runner: [argyll] Acceleration grid res = 7
2026-09-07 08:10:39,081 [DEBUG] core.argyll_runner: [argyll] 
2026-09-07 08:10:39,081 [DEBUG] core.argyll_runner: [argyll] There are 17 unique fixed points to add (21 total fixed points)
2026-09-07 08:10:39,081 [DEBUG] core.argyll_runner: [argyll] There are 279 far spread points to add
2026-09-07 08:10:39,081 [DEBUG] core.argyll_runner: [argyll] 
2026-09-07 08:10:39,081 [DEBUG] core.argyll_runner: [argyll] Added 12/296
2026-09-07 08:10:39,081 [DEBUG] core.argyll_runner: [argyll] Added 23/296
2026-09-07 08:10:39,081 [DEBUG] core.argyll_runner: [argyll] Added 34/296
2026-09-07 08:10:39,082 [DEBUG] core.argyll_runner: [argyll] Added 45/296
2026-09-07 08:10:39,082 [DEBUG] core.argyll_runner: [argyll] Added 56/296
2026-09-07 08:10:39,083 [DEBUG] core.argyll_runner: [argyll] Added 67/296
2026-09-07 08:10:39,083 [DEBUG] core.argyll_runner: [argyll] Added 78/296
2026-09-07 08:10:39,084 [DEBUG] core.argyll_runner: [argyll] Added 89/296
2026-09-07 08:10:39,085 [DEBUG] core.argyll_runner: [argyll] Added 100/296
2026-09-07 08:10:39,086 [DEBUG] core.argyll_runner: [argyll] Added 111/296
2026-09-07 08:10:39,087 [DEBUG] core.argyll_runner: [argyll] Added 122/296
2026-09-07 08:10:39,109 [DEBUG] core.argyll_runner: [argyll] 
2026-09-07 08:10:39,109 [DEBUG] core.argyll_runner: [argyll] Added 133/296
2026-09-07 08:10:39,109 [DEBUG] core.argyll_runner: [argyll] Added 144/296
2026-09-07 08:10:39,109 [DEBUG] core.argyll_runner: [argyll] Added 155/296
2026-09-07 08:10:39,110 [DEBUG] core.argyll_runner: [argyll] Added 166/296
2026-09-07 08:10:39,110 [DEBUG] core.argyll_runner: [argyll] Added 177/296
2026-09-07 08:10:39,111 [DEBUG] core.argyll_runner: [argyll] Added 188/296
2026-09-07 08:10:39,112 [DEBUG] core.argyll_runner: [argyll] Added 199/296
2026-09-07 08:10:39,113 [DEBUG] core.argyll_runner: [argyll] Added 210/296
2026-09-07 08:10:39,114 [DEBUG] core.argyll_runner: [argyll] Added 221/296
2026-09-07 08:10:39,115 [DEBUG] core.argyll_runner: [argyll] Added 232/296
2026-09-07 08:10:39,116 [DEBUG] core.argyll_runner: [argyll] Added 243/296
2026-09-07 08:10:39,117 [DEBUG] core.argyll_runner: [argyll] Added 254/296
2026-09-07 08:10:39,119 [DEBUG] core.argyll_runner: [argyll] Added 265/296
2026-09-07 08:10:39,121 [DEBUG] core.argyll_runner: [argyll] Added 276/296
2026-09-07 08:10:39,122 [DEBUG] core.argyll_runner: [argyll] Added 287/296
2026-09-07 08:10:39,124 [DEBUG] core.argyll_runner: [argyll] Added 296/296
2026-09-07 08:10:39,552 [DEBUG] core.argyll_runner: [argyll] 
2026-09-07 08:10:39,552 [DEBUG] core.argyll_runner: [argyll] After seeding points: MinPoint = 3.847, Min = 5.284, Avg. = 13.258, Max = 16.725, 0.0 secs
2026-09-07 08:10:39,553 [DEBUG] core.argyll_runner: [argyll] Re-seeding
2026-09-07 08:10:39,553 [DEBUG] core.argyll_runner: [argyll] It 1: Maxmv = 0.135022, MinPoint = 4.062, Min = 5.851, Avg. = 13.327, Max = 17.919, 0.0 secs.
2026-09-07 08:10:39,553 [DEBUG] core.argyll_runner: [argyll] Re-seeding
2026-09-07 08:10:39,553 [DEBUG] core.argyll_runner: [argyll] It 2: Maxmv = 0.097942, MinPoint = 5.856, Min = 6.115, Avg. = 13.230, Max = 17.114, 0.0 secs.
2026-09-07 08:10:39,554 [DEBUG] core.argyll_runner: [argyll] Re-seeding
2026-09-07 08:10:39,554 [DEBUG] core.argyll_runner: [argyll] It 3: Maxmv = 0.093783, MinPoint = 8.418, Min = 7.548, Avg. = 13.074, Max = 17.417, 0.0 secs.
2026-09-07 08:10:39,554 [DEBUG] core.argyll_runner: [argyll] Re-seeding
2026-09-07 08:10:39,554 [DEBUG] core.argyll_runner: [argyll] It 4: Maxmv = 0.077311, MinPoint = 4.821, Min = 7.877, Avg. = 12.984, Max = 16.708, 0.0 secs.
2026-09-07 08:10:39,554 [DEBUG] core.argyll_runner: [argyll] Re-seeding
2026-09-07 08:10:39,555 [DEBUG] core.argyll_runner: [argyll] It 5: Maxmv = 0.089221, MinPoint = 7.387, Min = 8.104, Avg. = 12.930, Max = 16.445, 0.0 secs.
2026-09-07 08:10:39,555 [DEBUG] core.argyll_runner: [argyll] Re-seeding
2026-09-07 08:10:39,555 [DEBUG] core.argyll_runner: [argyll] It 6: Maxmv = 0.069757, MinPoint = 6.241, Min = 7.119, Avg. = 12.852, Max = 15.841, 0.0 secs.
2026-09-07 08:10:39,555 [DEBUG] core.argyll_runner: [argyll] Re-seeding
2026-09-07 08:10:39,556 [DEBUG] core.argyll_runner: [argyll] It 7: Maxmv = 0.075299, MinPoint = 9.140, Min = 9.050, Avg. = 12.827, Max = 16.313, 0.0 secs.
2026-09-07 08:10:39,556 [DEBUG] core.argyll_runner: [argyll] Re-seeding
2026-09-07 08:10:39,556 [DEBUG] core.argyll_runner: [argyll] It 8: Maxmv = 0.054404, MinPoint = 10.429, Min = 8.418, Avg. = 12.811, Max = 16.222, 0.0 secs.
2026-09-07 08:10:39,556 [DEBUG] core.argyll_runner: [argyll] Re-seeding
2026-09-07 08:10:39,556 [DEBUG] core.argyll_runner: [argyll] It 9: Maxmv = 0.047499, MinPoint = 10.429, Min = 9.367, Avg. = 12.768, Max = 15.738, 0.0 secs.
2026-09-07 08:10:39,557 [DEBUG] core.argyll_runner: [argyll] Re-seeding
2026-09-07 08:10:39,557 [DEBUG] core.argyll_runner: [argyll] It 10: Maxmv = 0.046922, MinPoint = 10.429, Min = 8.596, Avg. = 12.729, Max = 15.473, 0.0 secs.
2026-09-07 08:10:39,557 [DEBUG] core.argyll_runner: [argyll] Re-seeding
2026-09-07 08:10:39,557 [DEBUG] core.argyll_runner: [argyll] It 11: Maxmv = 0.040487, MinPoint = 10.429, Min = 9.479, Avg. = 12.721, Max = 15.481, 0.0 secs.
2026-09-07 08:10:39,558 [DEBUG] core.argyll_runner: [argyll] Re-seeding
2026-09-07 08:10:39,558 [DEBUG] core.argyll_runner: [argyll] It 12: Maxmv = 0.036408, MinPoint = 10.429, Min = 9.329, Avg. = 12.699, Max = 15.408, 0.0 secs.
2026-09-07 08:10:39,558 [DEBUG] core.argyll_runner: [argyll] Re-seeding
2026-09-07 08:10:39,558 [DEBUG] core.argyll_runner: [argyll] It 13: Maxmv = 0.028835, MinPoint = 10.429, Min = 9.578, Avg. = 12.696, Max = 15.313, 0.0 secs.
2026-09-07 08:10:39,559 [DEBUG] core.argyll_runner: [argyll] Re-seeding
2026-09-07 08:10:39,559 [DEBUG] core.argyll_runner: [argyll] It 14: Maxmv = 0.026673, MinPoint = 10.429, Min = 9.498, Avg. = 12.689, Max = 15.012, 0.0 secs.
2026-09-07 08:10:39,559 [DEBUG] core.argyll_runner: [argyll] Re-seeding
2026-09-07 08:10:39,559 [DEBUG] core.argyll_runner: [argyll] It 15: Maxmv = 0.019550, MinPoint = 10.429, Min = 9.590, Avg. = 12.685, Max = 15.130, 0.0 secs.
2026-09-07 08:10:39,560 [DEBUG] core.argyll_runner: [argyll] Re-seeding
2026-09-07 08:10:39,560 [DEBUG] core.argyll_runner: [argyll] It 16: Maxmv = 0.012864, MinPoint = 10.429, Min = 9.543, Avg. = 12.679, Max = 15.160, 0.0 secs.
2026-09-07 08:10:39,560 [DEBUG] core.argyll_runner: [argyll] Re-seeding
2026-09-07 08:10:39,560 [DEBUG] core.argyll_runner: [argyll] It 17: Maxmv = 0.010460, MinPoint = 10.429, Min = 9.475, Avg. = 12.673, Max = 15.317, 0.0 secs.
2026-09-07 08:10:39,560 [DEBUG] core.argyll_runner: [argyll] Re-seeding
2026-09-07 08:10:39,561 [DEBUG] core.argyll_runner: [argyll] It 18: Maxmv = 0.006328, MinPoint = 10.429, Min = 9.452, Avg. = 12.674, Max = 15.410, 0.0 secs.
2026-09-07 08:10:39,561 [DEBUG] core.argyll_runner: [argyll] Re-seeding
2026-09-07 08:10:39,561 [DEBUG] core.argyll_runner: [argyll] It 19: Maxmv = 0.002174, MinPoint = 10.429, Min = 9.433, Avg. = 12.672, Max = 15.445, 0.0 secs.
2026-09-07 08:10:39,561 [DEBUG] core.argyll_runner: [argyll] Re-seeding
2026-09-07 08:10:39,562 [DEBUG] core.argyll_runner: [argyll] It 20: Maxmv = 0.002136, MinPoint = 10.429, Min = 9.414, Avg. = 12.675, Max = 15.482, 0.0 secs.
2026-09-07 08:10:39,562 [DEBUG] core.argyll_runner: [argyll] After optimization: MinPoint = 10.429, Min = 9.414, Avg. = 12.675, Max = 15.482
2026-09-07 08:10:39,562 [DEBUG] core.argyll_runner: [argyll] Total number of patches = 300
2026-09-07 08:10:39,562 [DEBUG] core.argyll_runner: [argyll] Execution time = 0.491431 seconds
2026-09-07 08:10:39,576 [INFO] core.argyll_runner: ArgyllRunner: finished with code 0
2026-09-07 08:10:39,644 [DEBUG] workflow.chart_creator: Wrote channel sidecar A3-LayoutModes.channels.json: ['r', 'g', 'b']
2026-09-07 08:10:39,721 [DEBUG] ui.tiff_preview: TiffPreview: loaded 1 page(s)
2026-09-07 08:10:39,721 [INFO] ui.tabs.tab_chart: Preview loaded: 1 TIFF(s)
2026-09-07 08:10:39,764 [DEBUG] ui.tiff_preview: TiffPreview: loaded 1 page(s)
2026-09-07 08:10:39,765 [DEBUG] ui.tiff_preview: TiffPreview: loaded 1 page(s)
2026-09-07 08:10:39,770 [DEBUG] ui.tabs.tab_chart: create-chart settings written for run1 (40 parameters + ui state)
2026-09-07 08:10:41,550 [INFO] assess:   shot Screenshots/A3-layout-modes/m04-area-grid-rows20-after.png  (3400x2100)
2026-09-07 08:10:41,551 [INFO] assess:   json Test Runs/logs/d03_results.json
2026-09-07 08:10:41,551 [INFO] assess:     est_before={'total': 300, 'fillup': 0, 'page_patches': 300, 'rows': 20, 'cols': 15, 'pages': 1, 'patch': (11.66, 10.95), 'pitch': None}
    actual={'total': 300, 'fillup': 0, 'page_patches': 300, 'rows': 20, 'cols': 15, 'pages': 1, 'patch': (11.68, 10.92), 'pitch': None}
    est_after={'total': 300, 'fillup': 0, 'page_patches': 300, 'rows': 20, 'cols': 15, 'pages': 1, 'patch': (11.66, 10.95), 'pitch': None}
    margin_after='Margins: OK' notes=''
2026-09-07 08:10:41,551 [INFO] assess: --- m05-area-grid-12x18: by grid, 12 cols x 18 rows pinned
2026-09-07 08:10:41,785 [DEBUG] core.settings: settings.set helper_markers_show = False
2026-09-07 08:10:41,785 [DEBUG] core.settings: settings.set helper_marker_edge_mm = 2.0
2026-09-07 08:10:41,785 [DEBUG] core.settings: settings.set helper_marker_len_mm = 2.0
2026-09-07 08:10:41,785 [DEBUG] core.settings: settings.set helper_marker_per_patch = 3
2026-09-07 08:10:41,785 [DEBUG] core.settings: settings.set helper_markers_top_bottom = True
2026-09-07 08:10:41,785 [DEBUG] core.settings: settings.set helper_markers_sides = True
2026-09-07 08:10:42,414 [DEBUG] core.settings: settings.set helper_markers_show = False
2026-09-07 08:10:42,414 [DEBUG] core.settings: settings.set helper_marker_edge_mm = 2.0
2026-09-07 08:10:42,414 [DEBUG] core.settings: settings.set helper_marker_len_mm = 2.0
2026-09-07 08:10:42,414 [DEBUG] core.settings: settings.set helper_marker_per_patch = 3
2026-09-07 08:10:42,414 [DEBUG] core.settings: settings.set helper_markers_top_bottom = True
2026-09-07 08:10:42,414 [DEBUG] core.settings: settings.set helper_markers_sides = True
2026-09-07 08:10:43,290 [DEBUG] core.settings: settings.set helper_markers_show = False
2026-09-07 08:10:43,290 [DEBUG] core.settings: settings.set helper_marker_edge_mm = 2.0
2026-09-07 08:10:43,290 [DEBUG] core.settings: settings.set helper_marker_len_mm = 2.0
2026-09-07 08:10:43,290 [DEBUG] core.settings: settings.set helper_marker_per_patch = 3
2026-09-07 08:10:43,290 [DEBUG] core.settings: settings.set helper_markers_top_bottom = True
2026-09-07 08:10:43,290 [DEBUG] core.settings: settings.set helper_markers_sides = True
2026-09-07 08:10:43,531 [DEBUG] core.settings: settings.set helper_markers_show = False
2026-09-07 08:10:43,531 [DEBUG] core.settings: settings.set helper_marker_edge_mm = 2.0
2026-09-07 08:10:43,531 [DEBUG] core.settings: settings.set helper_marker_len_mm = 2.0
2026-09-07 08:10:43,531 [DEBUG] core.settings: settings.set helper_marker_per_patch = 3
2026-09-07 08:10:43,531 [DEBUG] core.settings: settings.set helper_markers_top_bottom = True
2026-09-07 08:10:43,531 [DEBUG] core.settings: settings.set helper_markers_sides = True
2026-09-07 08:10:43,736 [DEBUG] core.settings: settings.set helper_markers_show = False
2026-09-07 08:10:43,736 [DEBUG] core.settings: settings.set helper_marker_edge_mm = 2.0
2026-09-07 08:10:43,736 [DEBUG] core.settings: settings.set helper_marker_len_mm = 2.0
2026-09-07 08:10:43,736 [DEBUG] core.settings: settings.set helper_marker_per_patch = 3
2026-09-07 08:10:43,736 [DEBUG] core.settings: settings.set helper_markers_top_bottom = True
2026-09-07 08:10:43,736 [DEBUG] core.settings: settings.set helper_markers_sides = True
2026-09-07 08:10:44,732 [INFO] assess:   shot Screenshots/A3-layout-modes/m05-area-grid-12x18-before.png  (3400x2100)
2026-09-07 08:10:44,732 [INFO] assess:   armed: dialog ~'quite fill' -> click 'OK' 
2026-09-07 08:10:44,732 [INFO] assess:   armed: dialog ~'already' -> click 'Continue this project' 
2026-09-07 08:10:44,732 [INFO] ui.tabs.tab_chart: chart build (Generate Chart) in manual: patch set targen | manual panel: A4, 12x18 grid, margins T38.0 R9.0 B19.0 L26.0
2026-09-07 08:10:44,733 [DEBUG] core.settings: settings.set session_ti3_path = ''
2026-09-07 08:10:44,733 [DEBUG] core.settings: settings.set session_icc_path = ''
2026-09-07 08:10:44,733 [DEBUG] core.settings: settings.set session_cal_ti3_path = ''
2026-09-07 08:10:44,733 [DEBUG] core.file_manager: Target name set to: A3-LayoutModes (root /Users/Basti/ChromIQ-assessment/A3-LayoutModes)
2026-09-07 08:10:44,733 [INFO] core.file_manager: opened the EXISTING project at /Users/Basti/ChromIQ-assessment/A3-LayoutModes (1 run(s) on disk)
2026-09-07 08:10:44,760 [INFO] workflow.chart_creator: Chart generation: 216 patches, instrument=i1 paper=A4 disable_lb=True
2026-09-07 08:10:44,760 [INFO] workflow.chart_creator: targen args: ['-v', '-d2', '-f216', '-e2', '-B2', '-G', '-g12', 'A3-LayoutModes']
2026-09-07 08:10:44,760 [INFO] core.argyll_runner: Run: /Applications/Argyll/bin/targen -v -d2 -f216 -e2 -B2 -G -g12 A3-LayoutModes  [cwd=/Users/Basti/ChromIQ-assessment/A3-LayoutModes/runs/run1]
2026-09-07 08:10:44,821 [DEBUG] core.argyll_runner: [argyll] iRGB test chart
2026-09-07 08:10:44,821 [DEBUG] core.argyll_runner: [argyll] White patches = 2
2026-09-07 08:10:44,821 [DEBUG] core.argyll_runner: [argyll] Black patches = 2
2026-09-07 08:10:44,821 [DEBUG] core.argyll_runner: [argyll] Composite Grey steps = 12
2026-09-07 08:10:44,822 [DEBUG] core.argyll_runner: [argyll] Full spread patches = 216
2026-09-07 08:10:44,822 [DEBUG] core.argyll_runner: [argyll] Degree of adaptation: 0.100
2026-09-07 08:10:44,822 [DEBUG] core.argyll_runner: [argyll] Adaptation weights: Device = 0.935, Perceptual = 0.065, Curvature = 0.010
2026-09-07 08:10:44,822 [DEBUG] core.argyll_runner: [argyll] Perceptual cache resolution = 7
2026-09-07 08:10:44,822 [DEBUG] core.argyll_runner: [argyll] Seeding cache...done
2026-09-07 08:10:44,822 [DEBUG] core.argyll_runner: [argyll] Acceleration grid res = 6
2026-09-07 08:10:44,823 [DEBUG] core.argyll_runner: [argyll] 
2026-09-07 08:10:44,823 [DEBUG] core.argyll_runner: [argyll] There are 12 unique fixed points to add (14 total fixed points)
2026-09-07 08:10:44,823 [DEBUG] core.argyll_runner: [argyll] There are 202 far spread points to add
2026-09-07 08:10:44,823 [DEBUG] core.argyll_runner: [argyll] 
2026-09-07 08:10:44,823 [DEBUG] core.argyll_runner: [argyll] Added 12/214
2026-09-07 08:10:44,823 [DEBUG] core.argyll_runner: [argyll] Added 23/214
2026-09-07 08:10:44,823 [DEBUG] core.argyll_runner: [argyll] Added 34/214
2026-09-07 08:10:44,824 [DEBUG] core.argyll_runner: [argyll] Added 45/214
2026-09-07 08:10:44,824 [DEBUG] core.argyll_runner: [argyll] Added 56/214
2026-09-07 08:10:44,825 [DEBUG] core.argyll_runner: [argyll] Added 67/214
2026-09-07 08:10:44,826 [DEBUG] core.argyll_runner: [argyll] Added 78/214
2026-09-07 08:10:44,826 [DEBUG] core.argyll_runner: [argyll] Added 89/214
2026-09-07 08:10:44,827 [DEBUG] core.argyll_runner: [argyll] Added 100/214
2026-09-07 08:10:44,828 [DEBUG] core.argyll_runner: [argyll] Added 111/214
2026-09-07 08:10:44,830 [DEBUG] core.argyll_runner: [argyll] Added 122/214
2026-09-07 08:10:44,831 [DEBUG] core.argyll_runner: [argyll] Added 133/214
2026-09-07 08:10:44,833 [DEBUG] core.argyll_runner: [argyll] Added 144/214
2026-09-07 08:10:44,854 [DEBUG] core.argyll_runner: [argyll] 
2026-09-07 08:10:44,854 [DEBUG] core.argyll_runner: [argyll] Added 155/214
2026-09-07 08:10:44,854 [DEBUG] core.argyll_runner: [argyll] Added 166/214
2026-09-07 08:10:44,854 [DEBUG] core.argyll_runner: [argyll] Added 177/214
2026-09-07 08:10:44,855 [DEBUG] core.argyll_runner: [argyll] Added 188/214
2026-09-07 08:10:44,855 [DEBUG] core.argyll_runner: [argyll] Added 199/214
2026-09-07 08:10:44,856 [DEBUG] core.argyll_runner: [argyll] Added 210/214
2026-09-07 08:10:44,857 [DEBUG] core.argyll_runner: [argyll] Added 214/214
2026-09-07 08:10:45,151 [DEBUG] core.argyll_runner: [argyll] 
2026-09-07 08:10:45,151 [DEBUG] core.argyll_runner: [argyll] After seeding points: MinPoint = 6.881, Min = 4.990, Avg. = 14.880, Max = 18.582, 0.0 secs
2026-09-07 08:10:45,152 [DEBUG] core.argyll_runner: [argyll] Re-seeding
2026-09-07 08:10:45,152 [DEBUG] core.argyll_runner: [argyll] It 1: Maxmv = 0.146526, MinPoint = 8.002, Min = 5.187, Avg. = 14.793, Max = 20.495, 0.0 secs.
2026-09-07 08:10:45,152 [DEBUG] core.argyll_runner: [argyll] Re-seeding
2026-09-07 08:10:45,153 [DEBUG] core.argyll_runner: [argyll] It 2: Maxmv = 0.093382, MinPoint = 4.747, Min = 5.448, Avg. = 14.706, Max = 19.097, 0.0 secs.
2026-09-07 08:10:45,153 [DEBUG] core.argyll_runner: [argyll] Re-seeding
2026-09-07 08:10:45,153 [DEBUG] core.argyll_runner: [argyll] It 3: Maxmv = 0.111939, MinPoint = 9.429, Min = 8.718, Avg. = 14.689, Max = 19.189, 0.0 secs.
2026-09-07 08:10:45,153 [DEBUG] core.argyll_runner: [argyll] Re-seeding
2026-09-07 08:10:45,154 [DEBUG] core.argyll_runner: [argyll] It 4: Maxmv = 0.083755, MinPoint = 5.699, Min = 8.222, Avg. = 14.644, Max = 19.611, 0.0 secs.
2026-09-07 08:10:45,154 [DEBUG] core.argyll_runner: [argyll] Re-seeding
2026-09-07 08:10:45,154 [DEBUG] core.argyll_runner: [argyll] It 5: Maxmv = 0.101046, MinPoint = 9.299, Min = 9.285, Avg. = 14.484, Max = 18.701, 0.0 secs.
2026-09-07 08:10:45,154 [DEBUG] core.argyll_runner: [argyll] Re-seeding
2026-09-07 08:10:45,155 [DEBUG] core.argyll_runner: [argyll] It 6: Maxmv = 0.076528, MinPoint = 8.831, Min = 8.294, Avg. = 14.456, Max = 18.755, 0.0 secs.
2026-09-07 08:10:45,155 [DEBUG] core.argyll_runner: [argyll] Re-seeding
2026-09-07 08:10:45,155 [DEBUG] core.argyll_runner: [argyll] It 7: Maxmv = 0.064834, MinPoint = 10.599, Min = 10.243, Avg. = 14.372, Max = 18.026, 0.0 secs.
2026-09-07 08:10:45,155 [DEBUG] core.argyll_runner: [argyll] Re-seeding
2026-09-07 08:10:45,156 [DEBUG] core.argyll_runner: [argyll] It 8: Maxmv = 0.056511, MinPoint = 11.405, Min = 9.857, Avg. = 14.313, Max = 17.755, 0.0 secs.
2026-09-07 08:10:45,156 [DEBUG] core.argyll_runner: [argyll] Re-seeding
2026-09-07 08:10:45,156 [DEBUG] core.argyll_runner: [argyll] It 9: Maxmv = 0.045418, MinPoint = 8.195, Min = 10.059, Avg. = 14.269, Max = 17.572, 0.0 secs.
2026-09-07 08:10:45,156 [DEBUG] core.argyll_runner: [argyll] Re-seeding
2026-09-07 08:10:45,157 [DEBUG] core.argyll_runner: [argyll] It 10: Maxmv = 0.048096, MinPoint = 10.907, Min = 10.396, Avg. = 14.232, Max = 17.754, 0.0 secs.
2026-09-07 08:10:45,157 [DEBUG] core.argyll_runner: [argyll] Re-seeding
2026-09-07 08:10:45,157 [DEBUG] core.argyll_runner: [argyll] It 11: Maxmv = 0.042096, MinPoint = 10.415, Min = 10.930, Avg. = 14.199, Max = 17.014, 0.0 secs.
2026-09-07 08:10:45,157 [DEBUG] core.argyll_runner: [argyll] Re-seeding
2026-09-07 08:10:45,158 [DEBUG] core.argyll_runner: [argyll] It 12: Maxmv = 0.033296, MinPoint = 11.237, Min = 10.275, Avg. = 14.178, Max = 17.339, 0.0 secs.
2026-09-07 08:10:45,158 [DEBUG] core.argyll_runner: [argyll] Re-seeding
2026-09-07 08:10:45,158 [DEBUG] core.argyll_runner: [argyll] It 13: Maxmv = 0.029143, MinPoint = 12.546, Min = 9.738, Avg. = 14.163, Max = 17.063, 0.0 secs.
2026-09-07 08:10:45,158 [DEBUG] core.argyll_runner: [argyll] Re-seeding
2026-09-07 08:10:45,159 [DEBUG] core.argyll_runner: [argyll] It 14: Maxmv = 0.023144, MinPoint = 11.487, Min = 10.746, Avg. = 14.168, Max = 17.188, 0.0 secs.
2026-09-07 08:10:45,159 [DEBUG] core.argyll_runner: [argyll] Re-seeding
2026-09-07 08:10:45,159 [DEBUG] core.argyll_runner: [argyll] It 15: Maxmv = 0.019602, MinPoint = 13.232, Min = 10.899, Avg. = 14.140, Max = 16.706, 0.0 secs.
2026-09-07 08:10:45,159 [DEBUG] core.argyll_runner: [argyll] Re-seeding
2026-09-07 08:10:45,160 [DEBUG] core.argyll_runner: [argyll] It 16: Maxmv = 0.014827, MinPoint = 11.618, Min = 10.693, Avg. = 14.140, Max = 16.858, 0.0 secs.
2026-09-07 08:10:45,160 [DEBUG] core.argyll_runner: [argyll] Re-seeding
2026-09-07 08:10:45,160 [DEBUG] core.argyll_runner: [argyll] It 17: Maxmv = 0.010693, MinPoint = 12.023, Min = 10.950, Avg. = 14.120, Max = 16.663, 0.0 secs.
2026-09-07 08:10:45,160 [DEBUG] core.argyll_runner: [argyll] Re-seeding
2026-09-07 08:10:45,161 [DEBUG] core.argyll_runner: [argyll] It 18: Maxmv = 0.005644, MinPoint = 12.192, Min = 10.888, Avg. = 14.126, Max = 16.788, 0.0 secs.
2026-09-07 08:10:45,161 [DEBUG] core.argyll_runner: [argyll] Re-seeding
2026-09-07 08:10:45,161 [DEBUG] core.argyll_runner: [argyll] It 19: Maxmv = 0.002525, MinPoint = 12.279, Min = 10.851, Avg. = 14.129, Max = 16.739, 0.0 secs.
2026-09-07 08:10:45,161 [DEBUG] core.argyll_runner: [argyll] Re-seeding
2026-09-07 08:10:45,162 [DEBUG] core.argyll_runner: [argyll] It 20: Maxmv = 0.002069, MinPoint = 12.369, Min = 10.893, Avg. = 14.127, Max = 16.691, 0.0 secs.
2026-09-07 08:10:45,162 [DEBUG] core.argyll_runner: [argyll] After optimization: MinPoint = 12.369, Min = 10.893, Avg. = 14.127, Max = 16.691
2026-09-07 08:10:45,162 [DEBUG] core.argyll_runner: [argyll] Total number of patches = 216
2026-09-07 08:10:45,162 [DEBUG] core.argyll_runner: [argyll] Execution time = 0.334796 seconds
2026-09-07 08:10:45,163 [INFO] core.argyll_runner: ArgyllRunner: finished with code 0
2026-09-07 08:10:45,229 [DEBUG] workflow.chart_creator: Wrote channel sidecar A3-LayoutModes.channels.json: ['r', 'g', 'b']
2026-09-07 08:10:45,307 [DEBUG] ui.tiff_preview: TiffPreview: loaded 1 page(s)
2026-09-07 08:10:45,307 [INFO] ui.tabs.tab_chart: Preview loaded: 1 TIFF(s)
2026-09-07 08:10:45,348 [DEBUG] ui.tiff_preview: TiffPreview: loaded 1 page(s)
2026-09-07 08:10:45,349 [DEBUG] ui.tiff_preview: TiffPreview: loaded 1 page(s)
2026-09-07 08:10:45,353 [DEBUG] ui.tabs.tab_chart: create-chart settings written for run1 (40 parameters + ui state)
2026-09-07 08:10:47,129 [INFO] assess:   shot Screenshots/A3-layout-modes/m05-area-grid-12x18-after.png  (3400x2100)
2026-09-07 08:10:47,130 [INFO] assess:   json Test Runs/logs/d03_results.json
2026-09-07 08:10:47,130 [INFO] assess:     est_before={'total': 216, 'fillup': 0, 'page_patches': 216, 'rows': 18, 'cols': 12, 'pages': 1, 'patch': (14.58, 12.27), 'pitch': None}
    actual={'total': 216, 'fillup': 0, 'page_patches': 216, 'rows': 18, 'cols': 12, 'pages': 1, 'patch': (14.56, 12.28), 'pitch': None}
    est_after={'total': 216, 'fillup': 0, 'page_patches': 216, 'rows': 18, 'cols': 12, 'pages': 1, 'patch': (14.58, 12.27), 'pitch': None}
    margin_after='Margins: OK' notes=''
2026-09-07 08:10:47,130 [INFO] assess: --- m06-area-ratio150: area-first, height 150 % of width
2026-09-07 08:10:47,370 [DEBUG] core.settings: settings.set helper_markers_show = False
2026-09-07 08:10:47,370 [DEBUG] core.settings: settings.set helper_marker_edge_mm = 2.0
2026-09-07 08:10:47,370 [DEBUG] core.settings: settings.set helper_marker_len_mm = 2.0
2026-09-07 08:10:47,370 [DEBUG] core.settings: settings.set helper_marker_per_patch = 3
2026-09-07 08:10:47,370 [DEBUG] core.settings: settings.set helper_markers_top_bottom = True
2026-09-07 08:10:47,370 [DEBUG] core.settings: settings.set helper_markers_sides = True
2026-09-07 08:10:47,874 [DEBUG] core.settings: settings.set helper_markers_show = False
2026-09-07 08:10:47,874 [DEBUG] core.settings: settings.set helper_marker_edge_mm = 2.0
2026-09-07 08:10:47,874 [DEBUG] core.settings: settings.set helper_marker_len_mm = 2.0
2026-09-07 08:10:47,874 [DEBUG] core.settings: settings.set helper_marker_per_patch = 3
2026-09-07 08:10:47,874 [DEBUG] core.settings: settings.set helper_markers_top_bottom = True
2026-09-07 08:10:47,874 [DEBUG] core.settings: settings.set helper_markers_sides = True
2026-09-07 08:10:48,076 [DEBUG] core.settings: settings.set helper_markers_show = False
2026-09-07 08:10:48,076 [DEBUG] core.settings: settings.set helper_marker_edge_mm = 2.0
2026-09-07 08:10:48,076 [DEBUG] core.settings: settings.set helper_marker_len_mm = 2.0
2026-09-07 08:10:48,076 [DEBUG] core.settings: settings.set helper_marker_per_patch = 3
2026-09-07 08:10:48,076 [DEBUG] core.settings: settings.set helper_markers_top_bottom = True
2026-09-07 08:10:48,076 [DEBUG] core.settings: settings.set helper_markers_sides = True
2026-09-07 08:10:48,952 [DEBUG] core.settings: settings.set helper_markers_show = False
2026-09-07 08:10:48,952 [DEBUG] core.settings: settings.set helper_marker_edge_mm = 2.0
2026-09-07 08:10:48,952 [DEBUG] core.settings: settings.set helper_marker_len_mm = 2.0
2026-09-07 08:10:48,952 [DEBUG] core.settings: settings.set helper_marker_per_patch = 3
2026-09-07 08:10:48,952 [DEBUG] core.settings: settings.set helper_markers_top_bottom = True
2026-09-07 08:10:48,952 [DEBUG] core.settings: settings.set helper_markers_sides = True
2026-09-07 08:10:49,953 [INFO] assess:   shot Screenshots/A3-layout-modes/m06-area-ratio150-before.png  (3400x2100)
2026-09-07 08:10:49,953 [INFO] assess:   armed: dialog ~'quite fill' -> click 'OK' 
2026-09-07 08:10:49,953 [INFO] assess:   armed: dialog ~'already' -> click 'Continue this project' 
2026-09-07 08:10:49,953 [INFO] ui.tabs.tab_chart: chart build (Generate Chart) in manual: patch set targen | manual panel: A4, 0x0 grid, margins T38.0 R9.0 B19.0 L26.0
2026-09-07 08:10:49,954 [DEBUG] core.settings: settings.set session_ti3_path = ''
2026-09-07 08:10:49,954 [DEBUG] core.settings: settings.set session_icc_path = ''
2026-09-07 08:10:49,954 [DEBUG] core.settings: settings.set session_cal_ti3_path = ''
2026-09-07 08:10:49,954 [DEBUG] core.file_manager: Target name set to: A3-LayoutModes (root /Users/Basti/ChromIQ-assessment/A3-LayoutModes)
2026-09-07 08:10:49,955 [INFO] core.file_manager: opened the EXISTING project at /Users/Basti/ChromIQ-assessment/A3-LayoutModes (1 run(s) on disk)
2026-09-07 08:10:49,979 [INFO] workflow.chart_creator: Chart generation: 357 patches, instrument=i1 paper=A4 disable_lb=True
2026-09-07 08:10:49,979 [INFO] workflow.chart_creator: targen args: ['-v', '-d2', '-f357', '-e3', '-B3', '-G', '-g20', 'A3-LayoutModes']
2026-09-07 08:10:49,979 [INFO] core.argyll_runner: Run: /Applications/Argyll/bin/targen -v -d2 -f357 -e3 -B3 -G -g20 A3-LayoutModes  [cwd=/Users/Basti/ChromIQ-assessment/A3-LayoutModes/runs/run1]
2026-09-07 08:10:50,040 [DEBUG] core.argyll_runner: [argyll] iRGB test chart
2026-09-07 08:10:50,040 [DEBUG] core.argyll_runner: [argyll] White patches = 3
2026-09-07 08:10:50,040 [DEBUG] core.argyll_runner: [argyll] Black patches = 3
2026-09-07 08:10:50,040 [DEBUG] core.argyll_runner: [argyll] Composite Grey steps = 20
2026-09-07 08:10:50,040 [DEBUG] core.argyll_runner: [argyll] Full spread patches = 357
2026-09-07 08:10:50,040 [DEBUG] core.argyll_runner: [argyll] Degree of adaptation: 0.100
2026-09-07 08:10:50,041 [DEBUG] core.argyll_runner: [argyll] Adaptation weights: Device = 0.935, Perceptual = 0.065, Curvature = 0.010
2026-09-07 08:10:50,041 [DEBUG] core.argyll_runner: [argyll] Perceptual cache resolution = 9
2026-09-07 08:10:50,041 [DEBUG] core.argyll_runner: [argyll] Seeding cache...done
2026-09-07 08:10:50,041 [DEBUG] core.argyll_runner: [argyll] Acceleration grid res = 8
2026-09-07 08:10:50,041 [DEBUG] core.argyll_runner: [argyll] 
2026-09-07 08:10:50,041 [DEBUG] core.argyll_runner: [argyll] There are 20 unique fixed points to add (24 total fixed points)
2026-09-07 08:10:50,042 [DEBUG] core.argyll_runner: [argyll] There are 333 far spread points to add
2026-09-07 08:10:50,042 [DEBUG] core.argyll_runner: [argyll] 
2026-09-07 08:10:50,042 [DEBUG] core.argyll_runner: [argyll] Added 12/353
2026-09-07 08:10:50,042 [DEBUG] core.argyll_runner: [argyll] Added 23/353
2026-09-07 08:10:50,042 [DEBUG] core.argyll_runner: [argyll] Added 34/353
2026-09-07 08:10:50,043 [DEBUG] core.argyll_runner: [argyll] Added 45/353
2026-09-07 08:10:50,062 [DEBUG] core.argyll_runner: [argyll] 
2026-09-07 08:10:50,062 [DEBUG] core.argyll_runner: [argyll] Added 56/353
2026-09-07 08:10:50,062 [DEBUG] core.argyll_runner: [argyll] Added 67/353
2026-09-07 08:10:50,063 [DEBUG] core.argyll_runner: [argyll] Added 78/353
2026-09-07 08:10:50,063 [DEBUG] core.argyll_runner: [argyll] Added 89/353
2026-09-07 08:10:50,064 [DEBUG] core.argyll_runner: [argyll] Added 100/353
2026-09-07 08:10:50,064 [DEBUG] core.argyll_runner: [argyll] Added 111/353
2026-09-07 08:10:50,065 [DEBUG] core.argyll_runner: [argyll] Added 122/353
2026-09-07 08:10:50,066 [DEBUG] core.argyll_runner: [argyll] Added 133/353
2026-09-07 08:10:50,067 [DEBUG] core.argyll_runner: [argyll] Added 144/353
2026-09-07 08:10:50,068 [DEBUG] core.argyll_runner: [argyll] Added 155/353
2026-09-07 08:10:50,069 [DEBUG] core.argyll_runner: [argyll] Added 166/353
2026-09-07 08:10:50,071 [DEBUG] core.argyll_runner: [argyll] Added 177/353
2026-09-07 08:10:50,072 [DEBUG] core.argyll_runner: [argyll] Added 188/353
2026-09-07 08:10:50,074 [DEBUG] core.argyll_runner: [argyll] Added 199/353
2026-09-07 08:10:50,076 [DEBUG] core.argyll_runner: [argyll] Added 210/353
2026-09-07 08:10:50,078 [DEBUG] core.argyll_runner: [argyll] Added 221/353
2026-09-07 08:10:50,080 [DEBUG] core.argyll_runner: [argyll] Added 232/353
2026-09-07 08:10:50,082 [DEBUG] core.argyll_runner: [argyll] Added 243/353
2026-09-07 08:10:50,084 [DEBUG] core.argyll_runner: [argyll] Added 254/353
2026-09-07 08:10:50,086 [DEBUG] core.argyll_runner: [argyll] Added 265/353
2026-09-07 08:10:50,089 [DEBUG] core.argyll_runner: [argyll] Added 276/353
2026-09-07 08:10:50,092 [DEBUG] core.argyll_runner: [argyll] Added 287/353
2026-09-07 08:10:50,094 [DEBUG] core.argyll_runner: [argyll] Added 298/353
2026-09-07 08:10:50,097 [DEBUG] core.argyll_runner: [argyll] Added 309/353
2026-09-07 08:10:50,100 [DEBUG] core.argyll_runner: [argyll] Added 320/353
2026-09-07 08:10:50,104 [DEBUG] core.argyll_runner: [argyll] Added 331/353
2026-09-07 08:10:50,107 [DEBUG] core.argyll_runner: [argyll] Added 342/353
2026-09-07 08:10:50,123 [DEBUG] core.argyll_runner: [argyll] 
2026-09-07 08:10:50,124 [DEBUG] core.argyll_runner: [argyll] Added 353/353
2026-09-07 08:10:50,657 [DEBUG] core.argyll_runner: [argyll] 
2026-09-07 08:10:50,657 [DEBUG] core.argyll_runner: [argyll] After seeding points: MinPoint = 5.534, Min = 5.614, Avg. = 12.422, Max = 16.647, 0.0 secs
2026-09-07 08:10:50,657 [DEBUG] core.argyll_runner: [argyll] Re-seeding
2026-09-07 08:10:50,657 [DEBUG] core.argyll_runner: [argyll] It 1: Maxmv = 0.114479, MinPoint = 5.317, Min = 5.704, Avg. = 12.368, Max = 16.095, 0.0 secs.
2026-09-07 08:10:50,658 [DEBUG] core.argyll_runner: [argyll] Re-seeding
2026-09-07 08:10:50,658 [DEBUG] core.argyll_runner: [argyll] It 2: Maxmv = 0.101618, MinPoint = 5.335, Min = 7.872, Avg. = 12.313, Max = 15.987, 0.0 secs.
2026-09-07 08:10:50,658 [DEBUG] core.argyll_runner: [argyll] Re-seeding
2026-09-07 08:10:50,658 [DEBUG] core.argyll_runner: [argyll] It 3: Maxmv = 0.087718, MinPoint = 7.804, Min = 6.723, Avg. = 12.239, Max = 16.359, 0.0 secs.
2026-09-07 08:10:50,659 [DEBUG] core.argyll_runner: [argyll] Re-seeding
2026-09-07 08:10:50,659 [DEBUG] core.argyll_runner: [argyll] It 4: Maxmv = 0.082295, MinPoint = 6.058, Min = 7.331, Avg. = 12.185, Max = 15.959, 0.0 secs.
2026-09-07 08:10:50,659 [DEBUG] core.argyll_runner: [argyll] Re-seeding
2026-09-07 08:10:50,659 [DEBUG] core.argyll_runner: [argyll] It 5: Maxmv = 0.089426, MinPoint = 4.483, Min = 7.206, Avg. = 12.094, Max = 15.287, 0.0 secs.
2026-09-07 08:10:50,660 [DEBUG] core.argyll_runner: [argyll] Re-seeding
2026-09-07 08:10:50,660 [DEBUG] core.argyll_runner: [argyll] It 6: Maxmv = 0.088807, MinPoint = 8.464, Min = 8.059, Avg. = 12.070, Max = 14.905, 0.0 secs.
2026-09-07 08:10:50,660 [DEBUG] core.argyll_runner: [argyll] Re-seeding
2026-09-07 08:10:50,660 [DEBUG] core.argyll_runner: [argyll] It 7: Maxmv = 0.065813, MinPoint = 6.854, Min = 8.059, Avg. = 12.042, Max = 15.945, 0.0 secs.
2026-09-07 08:10:50,661 [DEBUG] core.argyll_runner: [argyll] Re-seeding
2026-09-07 08:10:50,661 [DEBUG] core.argyll_runner: [argyll] It 8: Maxmv = 0.060858, MinPoint = 8.765, Min = 8.059, Avg. = 12.009, Max = 15.546, 0.0 secs.
2026-09-07 08:10:50,661 [DEBUG] core.argyll_runner: [argyll] Re-seeding
2026-09-07 08:10:50,661 [DEBUG] core.argyll_runner: [argyll] It 9: Maxmv = 0.053969, MinPoint = 8.765, Min = 8.059, Avg. = 11.976, Max = 16.022, 0.0 secs.
2026-09-07 08:10:50,662 [DEBUG] core.argyll_runner: [argyll] Re-seeding
2026-09-07 08:10:50,662 [DEBUG] core.argyll_runner: [argyll] It 10: Maxmv = 0.043138, MinPoint = 8.765, Min = 8.059, Avg. = 11.933, Max = 14.902, 0.0 secs.
2026-09-07 08:10:50,662 [DEBUG] core.argyll_runner: [argyll] Re-seeding
2026-09-07 08:10:50,662 [DEBUG] core.argyll_runner: [argyll] It 11: Maxmv = 0.037660, MinPoint = 8.765, Min = 8.059, Avg. = 11.910, Max = 14.998, 0.0 secs.
2026-09-07 08:10:50,663 [DEBUG] core.argyll_runner: [argyll] Re-seeding
2026-09-07 08:10:50,663 [DEBUG] core.argyll_runner: [argyll] It 12: Maxmv = 0.036375, MinPoint = 8.765, Min = 8.059, Avg. = 11.890, Max = 14.490, 0.0 secs.
2026-09-07 08:10:50,663 [DEBUG] core.argyll_runner: [argyll] Re-seeding
2026-09-07 08:10:50,663 [DEBUG] core.argyll_runner: [argyll] It 13: Maxmv = 0.029973, MinPoint = 8.765, Min = 8.059, Avg. = 11.868, Max = 14.619, 0.0 secs.
2026-09-07 08:10:50,664 [DEBUG] core.argyll_runner: [argyll] Re-seeding
2026-09-07 08:10:50,664 [DEBUG] core.argyll_runner: [argyll] It 14: Maxmv = 0.021818, MinPoint = 8.765, Min = 8.059, Avg. = 11.860, Max = 14.553, 0.0 secs.
2026-09-07 08:10:50,664 [DEBUG] core.argyll_runner: [argyll] Re-seeding
2026-09-07 08:10:50,664 [DEBUG] core.argyll_runner: [argyll] It 15: Maxmv = 0.018388, MinPoint = 8.765, Min = 8.059, Avg. = 11.854, Max = 14.398, 0.0 secs.
2026-09-07 08:10:50,665 [DEBUG] core.argyll_runner: [argyll] Re-seeding
2026-09-07 08:10:50,665 [DEBUG] core.argyll_runner: [argyll] It 16: Maxmv = 0.012831, MinPoint = 8.765, Min = 8.059, Avg. = 11.855, Max = 14.475, 0.0 secs.
2026-09-07 08:10:50,665 [DEBUG] core.argyll_runner: [argyll] Re-seeding
2026-09-07 08:10:50,665 [DEBUG] core.argyll_runner: [argyll] It 17: Maxmv = 0.010723, MinPoint = 8.765, Min = 8.059, Avg. = 11.854, Max = 14.332, 0.0 secs.
2026-09-07 08:10:50,666 [DEBUG] core.argyll_runner: [argyll] Re-seeding
2026-09-07 08:10:50,666 [DEBUG] core.argyll_runner: [argyll] It 18: Maxmv = 0.004680, MinPoint = 8.765, Min = 8.059, Avg. = 11.852, Max = 14.332, 0.0 secs.
2026-09-07 08:10:50,666 [DEBUG] core.argyll_runner: [argyll] Re-seeding
2026-09-07 08:10:50,666 [DEBUG] core.argyll_runner: [argyll] It 19: Maxmv = 0.002004, MinPoint = 8.765, Min = 8.059, Avg. = 11.852, Max = 14.302, 0.0 secs.
2026-09-07 08:10:50,667 [DEBUG] core.argyll_runner: [argyll] Re-seeding
2026-09-07 08:10:50,667 [DEBUG] core.argyll_runner: [argyll] It 20: Maxmv = 0.001986, MinPoint = 8.765, Min = 8.059, Avg. = 11.851, Max = 14.272, 0.0 secs.
2026-09-07 08:10:50,667 [DEBUG] core.argyll_runner: [argyll] After optimization: MinPoint = 8.765, Min = 8.059, Avg. = 11.851, Max = 14.272
2026-09-07 08:10:50,668 [DEBUG] core.argyll_runner: [argyll] Total number of patches = 357
2026-09-07 08:10:50,668 [DEBUG] core.argyll_runner: [argyll] Execution time = 0.617714 seconds
2026-09-07 08:10:50,668 [INFO] core.argyll_runner: ArgyllRunner: finished with code 0
2026-09-07 08:10:51,058 [DEBUG] workflow.chart_creator: Wrote channel sidecar A3-LayoutModes.channels.json: ['r', 'g', 'b']
2026-09-07 08:10:51,137 [DEBUG] ui.tiff_preview: TiffPreview: loaded 1 page(s)
2026-09-07 08:10:51,137 [INFO] ui.tabs.tab_chart: Preview loaded: 1 TIFF(s)
2026-09-07 08:10:51,179 [DEBUG] ui.tiff_preview: TiffPreview: loaded 1 page(s)
2026-09-07 08:10:51,180 [DEBUG] ui.tiff_preview: TiffPreview: loaded 1 page(s)
2026-09-07 08:10:51,185 [DEBUG] ui.tabs.tab_chart: create-chart settings written for run1 (40 parameters + ui state)
2026-09-07 08:10:52,981 [INFO] assess:   shot Screenshots/A3-layout-modes/m06-area-ratio150-after.png  (3400x2100)
2026-09-07 08:10:52,983 [INFO] assess:   json Test Runs/logs/d03_results.json
2026-09-07 08:10:52,983 [INFO] assess:     est_before={'total': 357, 'fillup': 0, 'page_patches': 357, 'rows': 17, 'cols': 21, 'pages': 1, 'patch': (8.33, 13.05), 'pitch': None}
    actual={'total': 357, 'fillup': 0, 'page_patches': 357, 'rows': 17, 'cols': 21, 'pages': 1, 'patch': (8.3, 13.04), 'pitch': None}
    est_after={'total': 357, 'fillup': 0, 'page_patches': 357, 'rows': 17, 'cols': 21, 'pages': 1, 'patch': (8.33, 13.05), 'pitch': None}
    margin_after='Margins: OK' notes=''
2026-09-07 08:10:52,983 [INFO] assess: --- m07-patchfirst-auto: patch-first, size auto
2026-09-07 08:10:53,513 [DEBUG] core.settings: settings.set helper_markers_show = False
2026-09-07 08:10:53,513 [DEBUG] core.settings: settings.set helper_marker_edge_mm = 2.0
2026-09-07 08:10:53,513 [DEBUG] core.settings: settings.set helper_marker_len_mm = 2.0
2026-09-07 08:10:53,513 [DEBUG] core.settings: settings.set helper_marker_per_patch = 3
2026-09-07 08:10:53,513 [DEBUG] core.settings: settings.set helper_markers_top_bottom = True
2026-09-07 08:10:53,513 [DEBUG] core.settings: settings.set helper_markers_sides = True
2026-09-07 08:10:54,590 [DEBUG] core.settings: settings.set helper_markers_show = False
2026-09-07 08:10:54,591 [DEBUG] core.settings: settings.set helper_marker_edge_mm = 2.0
2026-09-07 08:10:54,591 [DEBUG] core.settings: settings.set helper_marker_len_mm = 2.0
2026-09-07 08:10:54,591 [DEBUG] core.settings: settings.set helper_marker_per_patch = 3
2026-09-07 08:10:54,591 [DEBUG] core.settings: settings.set helper_markers_top_bottom = True
2026-09-07 08:10:54,591 [DEBUG] core.settings: settings.set helper_markers_sides = True
2026-09-07 08:10:55,647 [INFO] assess:   shot Screenshots/A3-layout-modes/m07-patchfirst-auto-before.png  (3400x2100)
2026-09-07 08:10:55,647 [INFO] assess:   armed: dialog ~'quite fill' -> click 'OK' 
2026-09-07 08:10:55,647 [INFO] assess:   armed: dialog ~'already' -> click 'Continue this project' 
2026-09-07 08:10:55,647 [INFO] ui.tabs.tab_chart: chart build (Generate Chart) in manual: patch set targen | manual panel: A4, 0x0 grid, margins T38.0 R9.0 B19.0 L26.0
2026-09-07 08:10:55,648 [DEBUG] core.settings: settings.set session_ti3_path = ''
2026-09-07 08:10:55,648 [DEBUG] core.settings: settings.set session_icc_path = ''
2026-09-07 08:10:55,648 [DEBUG] core.settings: settings.set session_cal_ti3_path = ''
2026-09-07 08:10:55,649 [DEBUG] core.file_manager: Target name set to: A3-LayoutModes (root /Users/Basti/ChromIQ-assessment/A3-LayoutModes)
2026-09-07 08:10:55,649 [INFO] core.file_manager: opened the EXISTING project at /Users/Basti/ChromIQ-assessment/A3-LayoutModes (1 run(s) on disk)
2026-09-07 08:10:55,660 [INFO] workflow.chart_creator: Chart generation: 441 patches, instrument=i1 paper=A4 disable_lb=True
2026-09-07 08:10:55,660 [INFO] workflow.chart_creator: targen args: ['-v', '-d2', '-f441', '-e3', '-B3', '-G', '-g25', 'A3-LayoutModes']
2026-09-07 08:10:55,660 [INFO] core.argyll_runner: Run: /Applications/Argyll/bin/targen -v -d2 -f441 -e3 -B3 -G -g25 A3-LayoutModes  [cwd=/Users/Basti/ChromIQ-assessment/A3-LayoutModes/runs/run1]
2026-09-07 08:10:55,721 [DEBUG] core.argyll_runner: [argyll] iRGB test chart
2026-09-07 08:10:55,721 [DEBUG] core.argyll_runner: [argyll] White patches = 3
2026-09-07 08:10:55,722 [DEBUG] core.argyll_runner: [argyll] Black patches = 3
2026-09-07 08:10:55,722 [DEBUG] core.argyll_runner: [argyll] Composite Grey steps = 25
2026-09-07 08:10:55,722 [DEBUG] core.argyll_runner: [argyll] Full spread patches = 441
2026-09-07 08:10:55,722 [DEBUG] core.argyll_runner: [argyll] Degree of adaptation: 0.100
2026-09-07 08:10:55,722 [DEBUG] core.argyll_runner: [argyll] Adaptation weights: Device = 0.935, Perceptual = 0.065, Curvature = 0.010
2026-09-07 08:10:55,722 [DEBUG] core.argyll_runner: [argyll] Perceptual cache resolution = 9
2026-09-07 08:10:55,723 [DEBUG] core.argyll_runner: [argyll] Seeding cache...done
2026-09-07 08:10:55,723 [DEBUG] core.argyll_runner: [argyll] Acceleration grid res = 8
2026-09-07 08:10:55,723 [DEBUG] core.argyll_runner: [argyll] 
2026-09-07 08:10:55,723 [DEBUG] core.argyll_runner: [argyll] There are 25 unique fixed points to add (29 total fixed points)
2026-09-07 08:10:55,723 [DEBUG] core.argyll_runner: [argyll] There are 412 far spread points to add
2026-09-07 08:10:55,723 [DEBUG] core.argyll_runner: [argyll] 
2026-09-07 08:10:55,723 [DEBUG] core.argyll_runner: [argyll] Added 12/437
2026-09-07 08:10:55,724 [DEBUG] core.argyll_runner: [argyll] Added 23/437
2026-09-07 08:10:55,724 [DEBUG] core.argyll_runner: [argyll] Added 34/437
2026-09-07 08:10:55,724 [DEBUG] core.argyll_runner: [argyll] Added 45/437
2026-09-07 08:10:55,744 [DEBUG] core.argyll_runner: [argyll] 
2026-09-07 08:10:55,745 [DEBUG] core.argyll_runner: [argyll] Added 56/437
2026-09-07 08:10:55,745 [DEBUG] core.argyll_runner: [argyll] Added 67/437
2026-09-07 08:10:55,745 [DEBUG] core.argyll_runner: [argyll] Added 78/437
2026-09-07 08:10:55,745 [DEBUG] core.argyll_runner: [argyll] Added 89/437
2026-09-07 08:10:55,746 [DEBUG] core.argyll_runner: [argyll] Added 100/437
2026-09-07 08:10:55,746 [DEBUG] core.argyll_runner: [argyll] Added 111/437
2026-09-07 08:10:55,747 [DEBUG] core.argyll_runner: [argyll] Added 122/437
2026-09-07 08:10:55,748 [DEBUG] core.argyll_runner: [argyll] Added 133/437
2026-09-07 08:10:55,749 [DEBUG] core.argyll_runner: [argyll] Added 144/437
2026-09-07 08:10:55,750 [DEBUG] core.argyll_runner: [argyll] Added 155/437
2026-09-07 08:10:55,752 [DEBUG] core.argyll_runner: [argyll] Added 166/437
2026-09-07 08:10:55,753 [DEBUG] core.argyll_runner: [argyll] Added 177/437
2026-09-07 08:10:55,755 [DEBUG] core.argyll_runner: [argyll] Added 188/437
2026-09-07 08:10:55,756 [DEBUG] core.argyll_runner: [argyll] Added 199/437
2026-09-07 08:10:55,758 [DEBUG] core.argyll_runner: [argyll] Added 210/437
2026-09-07 08:10:55,760 [DEBUG] core.argyll_runner: [argyll] Added 221/437
2026-09-07 08:10:55,762 [DEBUG] core.argyll_runner: [argyll] Added 232/437
2026-09-07 08:10:55,764 [DEBUG] core.argyll_runner: [argyll] Added 243/437
2026-09-07 08:10:55,767 [DEBUG] core.argyll_runner: [argyll] Added 254/437
2026-09-07 08:10:55,769 [DEBUG] core.argyll_runner: [argyll] Added 265/437
2026-09-07 08:10:55,772 [DEBUG] core.argyll_runner: [argyll] Added 276/437
2026-09-07 08:10:55,774 [DEBUG] core.argyll_runner: [argyll] Added 287/437
2026-09-07 08:10:55,777 [DEBUG] core.argyll_runner: [argyll] Added 298/437
2026-09-07 08:10:55,780 [DEBUG] core.argyll_runner: [argyll] Added 309/437
2026-09-07 08:10:55,783 [DEBUG] core.argyll_runner: [argyll] Added 320/437
2026-09-07 08:10:55,786 [DEBUG] core.argyll_runner: [argyll] Added 331/437
2026-09-07 08:10:55,802 [DEBUG] core.argyll_runner: [argyll] 
2026-09-07 08:10:55,803 [DEBUG] core.argyll_runner: [argyll] Added 342/437
2026-09-07 08:10:55,803 [DEBUG] core.argyll_runner: [argyll] Added 353/437
2026-09-07 08:10:55,804 [DEBUG] core.argyll_runner: [argyll] Added 364/437
2026-09-07 08:10:55,804 [DEBUG] core.argyll_runner: [argyll] Added 375/437
2026-09-07 08:10:55,805 [DEBUG] core.argyll_runner: [argyll] Added 386/437
2026-09-07 08:10:55,805 [DEBUG] core.argyll_runner: [argyll] Added 397/437
2026-09-07 08:10:55,806 [DEBUG] core.argyll_runner: [argyll] Added 408/437
2026-09-07 08:10:55,807 [DEBUG] core.argyll_runner: [argyll] Added 419/437
2026-09-07 08:10:55,808 [DEBUG] core.argyll_runner: [argyll] Added 430/437
2026-09-07 08:10:55,809 [DEBUG] core.argyll_runner: [argyll] Added 437/437
2026-09-07 08:10:56,499 [DEBUG] core.argyll_runner: [argyll] 
2026-09-07 08:10:56,499 [DEBUG] core.argyll_runner: [argyll] After seeding points: MinPoint = 6.443, Min = 5.001, Avg. = 11.581, Max = 14.655, 0.0 secs
2026-09-07 08:10:56,499 [DEBUG] core.argyll_runner: [argyll] Re-seeding
2026-09-07 08:10:56,500 [DEBUG] core.argyll_runner: [argyll] It 1: Maxmv = 0.100957, MinPoint = 2.621, Min = 3.131, Avg. = 11.595, Max = 15.339, 0.0 secs.
2026-09-07 08:10:56,500 [DEBUG] core.argyll_runner: [argyll] Re-seeding
2026-09-07 08:10:56,500 [DEBUG] core.argyll_runner: [argyll] It 2: Maxmv = 0.107089, MinPoint = 5.369, Min = 4.805, Avg. = 11.490, Max = 14.870, 0.0 secs.
2026-09-07 08:10:56,500 [DEBUG] core.argyll_runner: [argyll] Re-seeding
2026-09-07 08:10:56,501 [DEBUG] core.argyll_runner: [argyll] It 3: Maxmv = 0.076464, MinPoint = 5.216, Min = 6.240, Avg. = 11.408, Max = 15.351, 0.0 secs.
2026-09-07 08:10:56,501 [DEBUG] core.argyll_runner: [argyll] Re-seeding
2026-09-07 08:10:56,501 [DEBUG] core.argyll_runner: [argyll] It 4: Maxmv = 0.078248, MinPoint = 6.539, Min = 6.380, Avg. = 11.287, Max = 14.900, 0.0 secs.
2026-09-07 08:10:56,501 [DEBUG] core.argyll_runner: [argyll] Re-seeding
2026-09-07 08:10:56,502 [DEBUG] core.argyll_runner: [argyll] It 5: Maxmv = 0.074777, MinPoint = 5.515, Min = 6.380, Avg. = 11.278, Max = 14.530, 0.0 secs.
2026-09-07 08:10:56,502 [DEBUG] core.argyll_runner: [argyll] Re-seeding
2026-09-07 08:10:56,502 [DEBUG] core.argyll_runner: [argyll] It 6: Maxmv = 0.066707, MinPoint = 6.939, Min = 6.380, Avg. = 11.183, Max = 14.267, 0.0 secs.
2026-09-07 08:10:56,502 [DEBUG] core.argyll_runner: [argyll] Re-seeding
2026-09-07 08:10:56,502 [DEBUG] core.argyll_runner: [argyll] It 7: Maxmv = 0.059242, MinPoint = 6.939, Min = 6.380, Avg. = 11.134, Max = 13.857, 0.0 secs.
2026-09-07 08:10:56,503 [DEBUG] core.argyll_runner: [argyll] Re-seeding
2026-09-07 08:10:56,503 [DEBUG] core.argyll_runner: [argyll] It 8: Maxmv = 0.045789, MinPoint = 6.939, Min = 6.380, Avg. = 11.098, Max = 13.419, 0.0 secs.
2026-09-07 08:10:56,503 [DEBUG] core.argyll_runner: [argyll] Re-seeding
2026-09-07 08:10:56,503 [DEBUG] core.argyll_runner: [argyll] It 9: Maxmv = 0.039985, MinPoint = 6.939, Min = 6.380, Avg. = 11.073, Max = 14.168, 0.0 secs.
2026-09-07 08:10:56,504 [DEBUG] core.argyll_runner: [argyll] Re-seeding
2026-09-07 08:10:56,504 [DEBUG] core.argyll_runner: [argyll] It 10: Maxmv = 0.032069, MinPoint = 6.939, Min = 6.380, Avg. = 11.044, Max = 13.618, 0.0 secs.
2026-09-07 08:10:56,504 [DEBUG] core.argyll_runner: [argyll] Re-seeding
2026-09-07 08:10:56,504 [DEBUG] core.argyll_runner: [argyll] It 11: Maxmv = 0.037803, MinPoint = 6.939, Min = 6.380, Avg. = 11.016, Max = 13.581, 0.0 secs.
2026-09-07 08:10:56,505 [DEBUG] core.argyll_runner: [argyll] Re-seeding
2026-09-07 08:10:56,505 [DEBUG] core.argyll_runner: [argyll] It 12: Maxmv = 0.029002, MinPoint = 6.939, Min = 6.380, Avg. = 11.002, Max = 13.223, 0.0 secs.
2026-09-07 08:10:56,505 [DEBUG] core.argyll_runner: [argyll] Re-seeding
2026-09-07 08:10:56,505 [DEBUG] core.argyll_runner: [argyll] It 13: Maxmv = 0.024374, MinPoint = 6.939, Min = 6.380, Avg. = 10.996, Max = 13.186, 0.0 secs.
2026-09-07 08:10:56,506 [DEBUG] core.argyll_runner: [argyll] Re-seeding
2026-09-07 08:10:56,506 [DEBUG] core.argyll_runner: [argyll] It 14: Maxmv = 0.018224, MinPoint = 6.939, Min = 6.380, Avg. = 10.990, Max = 12.973, 0.0 secs.
2026-09-07 08:10:56,506 [DEBUG] core.argyll_runner: [argyll] Re-seeding
2026-09-07 08:10:56,506 [DEBUG] core.argyll_runner: [argyll] It 15: Maxmv = 0.013661, MinPoint = 6.939, Min = 6.380, Avg. = 10.981, Max = 13.080, 0.0 secs.
2026-09-07 08:10:56,506 [DEBUG] core.argyll_runner: [argyll] Re-seeding
2026-09-07 08:10:56,507 [DEBUG] core.argyll_runner: [argyll] It 16: Maxmv = 0.010253, MinPoint = 6.939, Min = 6.380, Avg. = 10.981, Max = 13.004, 0.0 secs.
2026-09-07 08:10:56,507 [DEBUG] core.argyll_runner: [argyll] Re-seeding
2026-09-07 08:10:56,507 [DEBUG] core.argyll_runner: [argyll] It 17: Maxmv = 0.008446, MinPoint = 6.939, Min = 6.380, Avg. = 10.975, Max = 13.152, 0.0 secs.
2026-09-07 08:10:56,507 [DEBUG] core.argyll_runner: [argyll] Re-seeding
2026-09-07 08:10:56,508 [DEBUG] core.argyll_runner: [argyll] It 18: Maxmv = 0.005404, MinPoint = 6.939, Min = 6.380, Avg. = 10.972, Max = 13.156, 0.0 secs.
2026-09-07 08:10:56,508 [DEBUG] core.argyll_runner: [argyll] Re-seeding
2026-09-07 08:10:56,508 [DEBUG] core.argyll_runner: [argyll] It 19: Maxmv = 0.002000, MinPoint = 6.939, Min = 6.380, Avg. = 10.973, Max = 13.158, 0.0 secs.
2026-09-07 08:10:56,508 [DEBUG] core.argyll_runner: [argyll] Re-seeding
2026-09-07 08:10:56,509 [DEBUG] core.argyll_runner: [argyll] It 20: Maxmv = 0.001940, MinPoint = 6.939, Min = 6.380, Avg. = 10.972, Max = 13.170, 0.0 secs.
2026-09-07 08:10:56,509 [DEBUG] core.argyll_runner: [argyll] After optimization: MinPoint = 6.939, Min = 6.380, Avg. = 10.972, Max = 13.170
2026-09-07 08:10:56,509 [DEBUG] core.argyll_runner: [argyll] Total number of patches = 441
2026-09-07 08:10:56,509 [DEBUG] core.argyll_runner: [argyll] Execution time = 0.795230 seconds
2026-09-07 08:10:56,523 [INFO] core.argyll_runner: ArgyllRunner: finished with code 0
2026-09-07 08:10:56,579 [DEBUG] workflow.chart_creator: Wrote channel sidecar A3-LayoutModes.channels.json: ['r', 'g', 'b']
2026-09-07 08:10:56,657 [DEBUG] ui.tiff_preview: TiffPreview: loaded 1 page(s)
2026-09-07 08:10:56,657 [INFO] ui.tabs.tab_chart: Preview loaded: 1 TIFF(s)
2026-09-07 08:10:56,669 [DEBUG] ui.tiff_preview: TiffPreview: loaded 1 page(s)
2026-09-07 08:10:56,670 [DEBUG] ui.tiff_preview: TiffPreview: loaded 1 page(s)
2026-09-07 08:10:56,675 [DEBUG] ui.tabs.tab_chart: create-chart settings written for run1 (40 parameters + ui state)
2026-09-07 08:10:58,458 [INFO] assess:   shot Screenshots/A3-layout-modes/m07-patchfirst-auto-after.png  (3400x2100)
2026-09-07 08:10:58,459 [INFO] assess:   json Test Runs/logs/d03_results.json
2026-09-07 08:10:58,459 [INFO] assess:     est_before={'total': 441, 'fillup': 0, 'page_patches': 441, 'rows': 21, 'cols': 21, 'pages': 1, 'patch': (8.0, 10.0), 'pitch': None}
    actual={'total': 441, 'fillup': 0, 'page_patches': 441, 'rows': 21, 'cols': 21, 'pages': 1, 'patch': (8.04, 9.99), 'pitch': None}
    est_after={'total': 441, 'fillup': 0, 'page_patches': 441, 'rows': 21, 'cols': 21, 'pages': 1, 'patch': (8.0, 10.0), 'pitch': None}
    margin_after='Margins: OK' notes=''
2026-09-07 08:10:58,459 [INFO] assess: --- m08-patchfirst-15x15: patch-first, 15 x 15 mm
2026-09-07 08:10:58,519 [DEBUG] core.settings: settings.set helper_markers_show = False
2026-09-07 08:10:58,519 [DEBUG] core.settings: settings.set helper_marker_edge_mm = 2.0
2026-09-07 08:10:58,519 [DEBUG] core.settings: settings.set helper_marker_len_mm = 2.0
2026-09-07 08:10:58,519 [DEBUG] core.settings: settings.set helper_marker_per_patch = 3
2026-09-07 08:10:58,519 [DEBUG] core.settings: settings.set helper_markers_top_bottom = True
2026-09-07 08:10:58,519 [DEBUG] core.settings: settings.set helper_markers_sides = True
2026-09-07 08:11:00,025 [DEBUG] core.settings: settings.set helper_markers_show = False
2026-09-07 08:11:00,025 [DEBUG] core.settings: settings.set helper_marker_edge_mm = 2.0
2026-09-07 08:11:00,025 [DEBUG] core.settings: settings.set helper_marker_len_mm = 2.0
2026-09-07 08:11:00,026 [DEBUG] core.settings: settings.set helper_marker_per_patch = 3
2026-09-07 08:11:00,026 [DEBUG] core.settings: settings.set helper_markers_top_bottom = True
2026-09-07 08:11:00,026 [DEBUG] core.settings: settings.set helper_markers_sides = True
2026-09-07 08:11:00,229 [DEBUG] core.settings: settings.set helper_markers_show = False
2026-09-07 08:11:00,229 [DEBUG] core.settings: settings.set helper_marker_edge_mm = 2.0
2026-09-07 08:11:00,229 [DEBUG] core.settings: settings.set helper_marker_len_mm = 2.0
2026-09-07 08:11:00,229 [DEBUG] core.settings: settings.set helper_marker_per_patch = 3
2026-09-07 08:11:00,229 [DEBUG] core.settings: settings.set helper_markers_top_bottom = True
2026-09-07 08:11:00,229 [DEBUG] core.settings: settings.set helper_markers_sides = True
2026-09-07 08:11:00,380 [DEBUG] core.settings: settings.set helper_markers_show = False
2026-09-07 08:11:00,380 [DEBUG] core.settings: settings.set helper_marker_edge_mm = 2.0
2026-09-07 08:11:00,380 [DEBUG] core.settings: settings.set helper_marker_len_mm = 2.0
2026-09-07 08:11:00,380 [DEBUG] core.settings: settings.set helper_marker_per_patch = 3
2026-09-07 08:11:00,380 [DEBUG] core.settings: settings.set helper_markers_top_bottom = True
2026-09-07 08:11:00,380 [DEBUG] core.settings: settings.set helper_markers_sides = True
2026-09-07 08:11:01,383 [INFO] assess:   shot Screenshots/A3-layout-modes/m08-patchfirst-15x15-before.png  (3400x2100)
2026-09-07 08:11:01,383 [INFO] assess:   armed: dialog ~'quite fill' -> click 'OK' 
2026-09-07 08:11:01,383 [INFO] assess:   armed: dialog ~'already' -> click 'Continue this project' 
2026-09-07 08:11:01,384 [INFO] ui.tabs.tab_chart: chart build (Generate Chart) in manual: patch set targen | manual panel: A4, 0x0 grid, margins T38.0 R9.0 B19.0 L26.0
2026-09-07 08:11:01,384 [DEBUG] core.settings: settings.set session_ti3_path = ''
2026-09-07 08:11:01,384 [DEBUG] core.settings: settings.set session_icc_path = ''
2026-09-07 08:11:01,384 [DEBUG] core.settings: settings.set session_cal_ti3_path = ''
2026-09-07 08:11:01,385 [DEBUG] core.file_manager: Target name set to: A3-LayoutModes (root /Users/Basti/ChromIQ-assessment/A3-LayoutModes)
2026-09-07 08:11:01,385 [INFO] core.file_manager: opened the EXISTING project at /Users/Basti/ChromIQ-assessment/A3-LayoutModes (1 run(s) on disk)
2026-09-07 08:11:01,395 [INFO] workflow.chart_creator: Chart generation: 154 patches, instrument=i1 paper=A4 disable_lb=True
2026-09-07 08:11:01,395 [INFO] workflow.chart_creator: targen args: ['-v', '-d2', '-f154', '-e2', '-B2', '-G', '-g9', 'A3-LayoutModes']
2026-09-07 08:11:01,395 [INFO] core.argyll_runner: Run: /Applications/Argyll/bin/targen -v -d2 -f154 -e2 -B2 -G -g9 A3-LayoutModes  [cwd=/Users/Basti/ChromIQ-assessment/A3-LayoutModes/runs/run1]
2026-09-07 08:11:01,456 [DEBUG] core.argyll_runner: [argyll] iRGB test chart
2026-09-07 08:11:01,457 [DEBUG] core.argyll_runner: [argyll] White patches = 2
2026-09-07 08:11:01,457 [DEBUG] core.argyll_runner: [argyll] Black patches = 2
2026-09-07 08:11:01,457 [DEBUG] core.argyll_runner: [argyll] Composite Grey steps = 9
2026-09-07 08:11:01,457 [DEBUG] core.argyll_runner: [argyll] Full spread patches = 154
2026-09-07 08:11:01,457 [DEBUG] core.argyll_runner: [argyll] Degree of adaptation: 0.100
2026-09-07 08:11:01,457 [DEBUG] core.argyll_runner: [argyll] Adaptation weights: Device = 0.935, Perceptual = 0.065, Curvature = 0.010
2026-09-07 08:11:01,458 [DEBUG] core.argyll_runner: [argyll] Perceptual cache resolution = 7
2026-09-07 08:11:01,458 [DEBUG] core.argyll_runner: [argyll] Seeding cache...done
2026-09-07 08:11:01,458 [DEBUG] core.argyll_runner: [argyll] Acceleration grid res = 6
2026-09-07 08:11:01,458 [DEBUG] core.argyll_runner: [argyll] 
2026-09-07 08:11:01,458 [DEBUG] core.argyll_runner: [argyll] There are 9 unique fixed points to add (11 total fixed points)
2026-09-07 08:11:01,458 [DEBUG] core.argyll_runner: [argyll] There are 143 far spread points to add
2026-09-07 08:11:01,458 [DEBUG] core.argyll_runner: [argyll] 
2026-09-07 08:11:01,459 [DEBUG] core.argyll_runner: [argyll] Added 12/152
2026-09-07 08:11:01,459 [DEBUG] core.argyll_runner: [argyll] Added 23/152
2026-09-07 08:11:01,459 [DEBUG] core.argyll_runner: [argyll] Added 34/152
2026-09-07 08:11:01,459 [DEBUG] core.argyll_runner: [argyll] Added 45/152
2026-09-07 08:11:01,460 [DEBUG] core.argyll_runner: [argyll] Added 56/152
2026-09-07 08:11:01,460 [DEBUG] core.argyll_runner: [argyll] Added 67/152
2026-09-07 08:11:01,461 [DEBUG] core.argyll_runner: [argyll] Added 78/152
2026-09-07 08:11:01,462 [DEBUG] core.argyll_runner: [argyll] Added 89/152
2026-09-07 08:11:01,463 [DEBUG] core.argyll_runner: [argyll] Added 100/152
2026-09-07 08:11:01,464 [DEBUG] core.argyll_runner: [argyll] Added 111/152
2026-09-07 08:11:01,465 [DEBUG] core.argyll_runner: [argyll] Added 122/152
2026-09-07 08:11:01,466 [DEBUG] core.argyll_runner: [argyll] Added 133/152
2026-09-07 08:11:01,468 [DEBUG] core.argyll_runner: [argyll] Added 144/152
2026-09-07 08:11:01,489 [DEBUG] core.argyll_runner: [argyll] 
2026-09-07 08:11:01,490 [DEBUG] core.argyll_runner: [argyll] Added 152/152
2026-09-07 08:11:01,688 [DEBUG] core.argyll_runner: [argyll] 
2026-09-07 08:11:01,688 [DEBUG] core.argyll_runner: [argyll] After seeding points: MinPoint = 8.306, Min = 7.702, Avg. = 16.916, Max = 20.758, 0.0 secs
2026-09-07 08:11:01,688 [DEBUG] core.argyll_runner: [argyll] Re-seeding
2026-09-07 08:11:01,688 [DEBUG] core.argyll_runner: [argyll] It 1: Maxmv = 0.124625, MinPoint = 4.670, Min = 2.458, Avg. = 16.902, Max = 22.483, 0.0 secs.
2026-09-07 08:11:01,689 [DEBUG] core.argyll_runner: [argyll] Re-seeding
2026-09-07 08:11:01,689 [DEBUG] core.argyll_runner: [argyll] It 2: Maxmv = 0.156515, MinPoint = 8.451, Min = 9.976, Avg. = 16.663, Max = 23.484, 0.0 secs.
2026-09-07 08:11:01,689 [DEBUG] core.argyll_runner: [argyll] Re-seeding
2026-09-07 08:11:01,689 [DEBUG] core.argyll_runner: [argyll] It 3: Maxmv = 0.116932, MinPoint = 10.022, Min = 9.781, Avg. = 16.593, Max = 21.773, 0.0 secs.
2026-09-07 08:11:01,690 [DEBUG] core.argyll_runner: [argyll] Re-seeding
2026-09-07 08:11:01,690 [DEBUG] core.argyll_runner: [argyll] It 4: Maxmv = 0.112387, MinPoint = 10.958, Min = 9.361, Avg. = 16.642, Max = 21.758, 0.0 secs.
2026-09-07 08:11:01,690 [DEBUG] core.argyll_runner: [argyll] Re-seeding
2026-09-07 08:11:01,690 [DEBUG] core.argyll_runner: [argyll] It 5: Maxmv = 0.111706, MinPoint = 9.726, Min = 9.832, Avg. = 16.568, Max = 22.025, 0.0 secs.
2026-09-07 08:11:01,691 [DEBUG] core.argyll_runner: [argyll] Re-seeding
2026-09-07 08:11:01,691 [DEBUG] core.argyll_runner: [argyll] It 6: Maxmv = 0.117089, MinPoint = 11.855, Min = 10.209, Avg. = 16.440, Max = 21.503, 0.0 secs.
2026-09-07 08:11:01,691 [DEBUG] core.argyll_runner: [argyll] Re-seeding
2026-09-07 08:11:01,691 [DEBUG] core.argyll_runner: [argyll] It 7: Maxmv = 0.095416, MinPoint = 12.170, Min = 9.761, Avg. = 16.426, Max = 20.670, 0.0 secs.
2026-09-07 08:11:01,692 [DEBUG] core.argyll_runner: [argyll] Re-seeding
2026-09-07 08:11:01,692 [DEBUG] core.argyll_runner: [argyll] It 8: Maxmv = 0.077414, MinPoint = 13.299, Min = 11.021, Avg. = 16.355, Max = 21.756, 0.0 secs.
2026-09-07 08:11:01,692 [DEBUG] core.argyll_runner: [argyll] Re-seeding
2026-09-07 08:11:01,692 [DEBUG] core.argyll_runner: [argyll] It 9: Maxmv = 0.079657, MinPoint = 13.000, Min = 11.118, Avg. = 16.356, Max = 20.788, 0.0 secs.
2026-09-07 08:11:01,693 [DEBUG] core.argyll_runner: [argyll] Re-seeding
2026-09-07 08:11:01,693 [DEBUG] core.argyll_runner: [argyll] It 10: Maxmv = 0.063449, MinPoint = 13.749, Min = 11.282, Avg. = 16.313, Max = 20.026, 0.0 secs.
2026-09-07 08:11:01,693 [DEBUG] core.argyll_runner: [argyll] Re-seeding
2026-09-07 08:11:01,693 [DEBUG] core.argyll_runner: [argyll] It 11: Maxmv = 0.055845, MinPoint = 12.359, Min = 11.142, Avg. = 16.277, Max = 20.206, 0.0 secs.
2026-09-07 08:11:01,694 [DEBUG] core.argyll_runner: [argyll] Re-seeding
2026-09-07 08:11:01,694 [DEBUG] core.argyll_runner: [argyll] It 12: Maxmv = 0.046888, MinPoint = 14.144, Min = 11.268, Avg. = 16.262, Max = 20.321, 0.0 secs.
2026-09-07 08:11:01,694 [DEBUG] core.argyll_runner: [argyll] Re-seeding
2026-09-07 08:11:01,694 [DEBUG] core.argyll_runner: [argyll] It 13: Maxmv = 0.038809, MinPoint = 13.662, Min = 11.377, Avg. = 16.261, Max = 20.826, 0.0 secs.
2026-09-07 08:11:01,695 [DEBUG] core.argyll_runner: [argyll] Re-seeding
2026-09-07 08:11:01,695 [DEBUG] core.argyll_runner: [argyll] It 14: Maxmv = 0.042700, MinPoint = 14.102, Min = 11.563, Avg. = 16.246, Max = 20.680, 0.0 secs.
2026-09-07 08:11:01,695 [DEBUG] core.argyll_runner: [argyll] Re-seeding
2026-09-07 08:11:01,695 [DEBUG] core.argyll_runner: [argyll] It 15: Maxmv = 0.024876, MinPoint = 14.030, Min = 11.539, Avg. = 16.225, Max = 20.408, 0.0 secs.
2026-09-07 08:11:01,696 [DEBUG] core.argyll_runner: [argyll] Re-seeding
2026-09-07 08:11:01,696 [DEBUG] core.argyll_runner: [argyll] It 16: Maxmv = 0.022544, MinPoint = 14.903, Min = 11.504, Avg. = 16.219, Max = 20.516, 0.0 secs.
2026-09-07 08:11:01,696 [DEBUG] core.argyll_runner: [argyll] Re-seeding
2026-09-07 08:11:01,696 [DEBUG] core.argyll_runner: [argyll] It 17: Maxmv = 0.019215, MinPoint = 15.035, Min = 11.474, Avg. = 16.217, Max = 20.299, 0.0 secs.
2026-09-07 08:11:01,697 [DEBUG] core.argyll_runner: [argyll] Re-seeding
2026-09-07 08:11:01,697 [DEBUG] core.argyll_runner: [argyll] It 18: Maxmv = 0.011439, MinPoint = 15.130, Min = 11.443, Avg. = 16.199, Max = 20.370, 0.0 secs.
2026-09-07 08:11:01,697 [DEBUG] core.argyll_runner: [argyll] Re-seeding
2026-09-07 08:11:01,697 [DEBUG] core.argyll_runner: [argyll] It 19: Maxmv = 0.003317, MinPoint = 15.222, Min = 11.515, Avg. = 16.197, Max = 20.397, 0.0 secs.
2026-09-07 08:11:01,698 [DEBUG] core.argyll_runner: [argyll] Re-seeding
2026-09-07 08:11:01,698 [DEBUG] core.argyll_runner: [argyll] It 20: Maxmv = 0.003217, MinPoint = 15.215, Min = 11.583, Avg. = 16.196, Max = 20.428, 0.0 secs.
2026-09-07 08:11:01,698 [DEBUG] core.argyll_runner: [argyll] After optimization: MinPoint = 15.215, Min = 11.583, Avg. = 16.196, Max = 20.428
2026-09-07 08:11:01,699 [DEBUG] core.argyll_runner: [argyll] Total number of patches = 154
2026-09-07 08:11:01,699 [DEBUG] core.argyll_runner: [argyll] Execution time = 0.234063 seconds
2026-09-07 08:11:01,699 [INFO] core.argyll_runner: ArgyllRunner: finished with code 0
2026-09-07 08:11:01,748 [DEBUG] workflow.chart_creator: Wrote channel sidecar A3-LayoutModes.channels.json: ['r', 'g', 'b']
2026-09-07 08:11:01,826 [DEBUG] ui.tiff_preview: TiffPreview: loaded 1 page(s)
2026-09-07 08:11:01,826 [INFO] ui.tabs.tab_chart: Preview loaded: 1 TIFF(s)
2026-09-07 08:11:01,834 [DEBUG] ui.tiff_preview: TiffPreview: loaded 1 page(s)
2026-09-07 08:11:01,835 [DEBUG] ui.tiff_preview: TiffPreview: loaded 1 page(s)
2026-09-07 08:11:01,839 [DEBUG] ui.tabs.tab_chart: create-chart settings written for run1 (40 parameters + ui state)
2026-09-07 08:11:03,606 [INFO] assess:   shot Screenshots/A3-layout-modes/m08-patchfirst-15x15-after.png  (3400x2100)
2026-09-07 08:11:03,607 [INFO] assess:   json Test Runs/logs/d03_results.json
2026-09-07 08:11:03,607 [INFO] assess:     est_before={'total': 154, 'fillup': 0, 'page_patches': 154, 'rows': 14, 'cols': 11, 'pages': 1, 'patch': (15.0, 15.0), 'pitch': None}
    actual={'total': 154, 'fillup': 0, 'page_patches': 154, 'rows': 14, 'cols': 11, 'pages': 1, 'patch': (14.99, 14.99), 'pitch': None}
    est_after={'total': 154, 'fillup': 0, 'page_patches': 154, 'rows': 14, 'cols': 11, 'pages': 1, 'patch': (15.0, 15.0), 'pitch': None}
    margin_after='Margins: OK' notes=''
2026-09-07 08:11:03,607 [INFO] assess: --- m09-patchfirst-scale2: patch-first, patch scale 2.0
2026-09-07 08:11:03,618 [DEBUG] core.settings: settings.set helper_markers_show = False
2026-09-07 08:11:03,618 [DEBUG] core.settings: settings.set helper_marker_edge_mm = 2.0
2026-09-07 08:11:03,618 [DEBUG] core.settings: settings.set helper_marker_len_mm = 2.0
2026-09-07 08:11:03,618 [DEBUG] core.settings: settings.set helper_marker_per_patch = 3
2026-09-07 08:11:03,618 [DEBUG] core.settings: settings.set helper_markers_top_bottom = True
2026-09-07 08:11:03,618 [DEBUG] core.settings: settings.set helper_markers_sides = True
2026-09-07 08:11:04,486 [DEBUG] core.settings: settings.set helper_markers_show = False
2026-09-07 08:11:04,486 [DEBUG] core.settings: settings.set helper_marker_edge_mm = 2.0
2026-09-07 08:11:04,486 [DEBUG] core.settings: settings.set helper_marker_len_mm = 2.0
2026-09-07 08:11:04,486 [DEBUG] core.settings: settings.set helper_marker_per_patch = 3
2026-09-07 08:11:04,486 [DEBUG] core.settings: settings.set helper_markers_top_bottom = True
2026-09-07 08:11:04,486 [DEBUG] core.settings: settings.set helper_markers_sides = True
2026-09-07 08:11:04,702 [DEBUG] core.settings: settings.set helper_markers_show = False
2026-09-07 08:11:04,702 [DEBUG] core.settings: settings.set helper_marker_edge_mm = 2.0
2026-09-07 08:11:04,702 [DEBUG] core.settings: settings.set helper_marker_len_mm = 2.0
2026-09-07 08:11:04,702 [DEBUG] core.settings: settings.set helper_marker_per_patch = 3
2026-09-07 08:11:04,702 [DEBUG] core.settings: settings.set helper_markers_top_bottom = True
2026-09-07 08:11:04,702 [DEBUG] core.settings: settings.set helper_markers_sides = True
2026-09-07 08:11:05,268 [DEBUG] core.settings: settings.set helper_markers_show = False
2026-09-07 08:11:05,269 [DEBUG] core.settings: settings.set helper_marker_edge_mm = 2.0
2026-09-07 08:11:05,269 [DEBUG] core.settings: settings.set helper_marker_len_mm = 2.0
2026-09-07 08:11:05,269 [DEBUG] core.settings: settings.set helper_marker_per_patch = 3
2026-09-07 08:11:05,269 [DEBUG] core.settings: settings.set helper_markers_top_bottom = True
2026-09-07 08:11:05,269 [DEBUG] core.settings: settings.set helper_markers_sides = True
2026-09-07 08:11:05,469 [DEBUG] core.settings: settings.set helper_markers_show = False
2026-09-07 08:11:05,469 [DEBUG] core.settings: settings.set helper_marker_edge_mm = 2.0
2026-09-07 08:11:05,469 [DEBUG] core.settings: settings.set helper_marker_len_mm = 2.0
2026-09-07 08:11:05,469 [DEBUG] core.settings: settings.set helper_marker_per_patch = 3
2026-09-07 08:11:05,470 [DEBUG] core.settings: settings.set helper_markers_top_bottom = True
2026-09-07 08:11:05,470 [DEBUG] core.settings: settings.set helper_markers_sides = True
2026-09-07 08:11:06,470 [INFO] assess:   shot Screenshots/A3-layout-modes/m09-patchfirst-scale2-before.png  (3400x2100)
2026-09-07 08:11:06,470 [INFO] assess:   armed: dialog ~'quite fill' -> click 'OK' 
2026-09-07 08:11:06,470 [INFO] assess:   armed: dialog ~'already' -> click 'Continue this project' 
2026-09-07 08:11:06,470 [INFO] ui.tabs.tab_chart: chart build (Generate Chart) in manual: patch set targen | manual panel: A4, 0x0 grid, margins T38.0 R9.0 B19.0 L26.0
2026-09-07 08:11:06,471 [DEBUG] core.settings: settings.set session_ti3_path = ''
2026-09-07 08:11:06,471 [DEBUG] core.settings: settings.set session_icc_path = ''
2026-09-07 08:11:06,471 [DEBUG] core.settings: settings.set session_cal_ti3_path = ''
2026-09-07 08:11:06,471 [DEBUG] core.file_manager: Target name set to: A3-LayoutModes (root /Users/Basti/ChromIQ-assessment/A3-LayoutModes)
2026-09-07 08:11:06,472 [INFO] core.file_manager: opened the EXISTING project at /Users/Basti/ChromIQ-assessment/A3-LayoutModes (1 run(s) on disk)
2026-09-07 08:11:06,481 [INFO] workflow.chart_creator: Chart generation: 100 patches, instrument=i1 paper=A4 disable_lb=True
2026-09-07 08:11:06,481 [INFO] workflow.chart_creator: targen args: ['-v', '-d2', '-f100', '-e2', '-B2', '-G', '-g8', 'A3-LayoutModes']
2026-09-07 08:11:06,482 [INFO] core.argyll_runner: Run: /Applications/Argyll/bin/targen -v -d2 -f100 -e2 -B2 -G -g8 A3-LayoutModes  [cwd=/Users/Basti/ChromIQ-assessment/A3-LayoutModes/runs/run1]
2026-09-07 08:11:06,543 [DEBUG] core.argyll_runner: [argyll] iRGB test chart
2026-09-07 08:11:06,543 [DEBUG] core.argyll_runner: [argyll] White patches = 2
2026-09-07 08:11:06,544 [DEBUG] core.argyll_runner: [argyll] Black patches = 2
2026-09-07 08:11:06,544 [DEBUG] core.argyll_runner: [argyll] Composite Grey steps = 8
2026-09-07 08:11:06,544 [DEBUG] core.argyll_runner: [argyll] Full spread patches = 100
2026-09-07 08:11:06,544 [DEBUG] core.argyll_runner: [argyll] Degree of adaptation: 0.100
2026-09-07 08:11:06,544 [DEBUG] core.argyll_runner: [argyll] Adaptation weights: Device = 0.935, Perceptual = 0.065, Curvature = 0.010
2026-09-07 08:11:06,544 [DEBUG] core.argyll_runner: [argyll] Perceptual cache resolution = 7
2026-09-07 08:11:06,545 [DEBUG] core.argyll_runner: [argyll] Seeding cache...done
2026-09-07 08:11:06,545 [DEBUG] core.argyll_runner: [argyll] Acceleration grid res = 5
2026-09-07 08:11:06,545 [DEBUG] core.argyll_runner: [argyll] 
2026-09-07 08:11:06,545 [DEBUG] core.argyll_runner: [argyll] There are 8 unique fixed points to add (10 total fixed points)
2026-09-07 08:11:06,545 [DEBUG] core.argyll_runner: [argyll] There are 90 far spread points to add
2026-09-07 08:11:06,545 [DEBUG] core.argyll_runner: [argyll] 
2026-09-07 08:11:06,545 [DEBUG] core.argyll_runner: [argyll] Added 12/98
2026-09-07 08:11:06,545 [DEBUG] core.argyll_runner: [argyll] Added 23/98
2026-09-07 08:11:06,546 [DEBUG] core.argyll_runner: [argyll] Added 34/98
2026-09-07 08:11:06,546 [DEBUG] core.argyll_runner: [argyll] Added 45/98
2026-09-07 08:11:06,547 [DEBUG] core.argyll_runner: [argyll] Added 56/98
2026-09-07 08:11:06,547 [DEBUG] core.argyll_runner: [argyll] Added 67/98
2026-09-07 08:11:06,548 [DEBUG] core.argyll_runner: [argyll] Added 78/98
2026-09-07 08:11:06,549 [DEBUG] core.argyll_runner: [argyll] Added 89/98
2026-09-07 08:11:06,550 [DEBUG] core.argyll_runner: [argyll] Added 98/98
2026-09-07 08:11:06,684 [DEBUG] core.argyll_runner: [argyll] 
2026-09-07 08:11:06,684 [DEBUG] core.argyll_runner: [argyll] After seeding points: MinPoint = 12.452, Min = 7.254, Avg. = 19.782, Max = 24.785, 0.0 secs
2026-09-07 08:11:06,685 [DEBUG] core.argyll_runner: [argyll] Re-seeding
2026-09-07 08:11:06,685 [DEBUG] core.argyll_runner: [argyll] It 1: Maxmv = 0.165971, MinPoint = 8.674, Min = 9.683, Avg. = 19.527, Max = 26.983, 0.0 secs.
2026-09-07 08:11:06,685 [DEBUG] core.argyll_runner: [argyll] Re-seeding
2026-09-07 08:11:06,685 [DEBUG] core.argyll_runner: [argyll] It 2: Maxmv = 0.166349, MinPoint = 14.000, Min = 8.400, Avg. = 19.358, Max = 24.999, 0.0 secs.
2026-09-07 08:11:06,686 [DEBUG] core.argyll_runner: [argyll] Re-seeding
2026-09-07 08:11:06,686 [DEBUG] core.argyll_runner: [argyll] It 3: Maxmv = 0.169431, MinPoint = 14.978, Min = 13.249, Avg. = 19.163, Max = 24.994, 0.0 secs.
2026-09-07 08:11:06,686 [DEBUG] core.argyll_runner: [argyll] Re-seeding
2026-09-07 08:11:06,687 [DEBUG] core.argyll_runner: [argyll] It 4: Maxmv = 0.118567, MinPoint = 14.620, Min = 12.952, Avg. = 19.213, Max = 25.880, 0.0 secs.
2026-09-07 08:11:06,687 [DEBUG] core.argyll_runner: [argyll] Re-seeding
2026-09-07 08:11:06,687 [DEBUG] core.argyll_runner: [argyll] It 5: Maxmv = 0.103783, MinPoint = 16.858, Min = 12.959, Avg. = 19.214, Max = 24.384, 0.0 secs.
2026-09-07 08:11:06,687 [DEBUG] core.argyll_runner: [argyll] Re-seeding
2026-09-07 08:11:06,688 [DEBUG] core.argyll_runner: [argyll] It 6: Maxmv = 0.095423, MinPoint = 16.534, Min = 11.513, Avg. = 19.219, Max = 24.239, 0.0 secs.
2026-09-07 08:11:06,688 [DEBUG] core.argyll_runner: [argyll] Re-seeding
2026-09-07 08:11:06,688 [DEBUG] core.argyll_runner: [argyll] It 7: Maxmv = 0.088505, MinPoint = 15.810, Min = 11.551, Avg. = 19.097, Max = 24.373, 0.0 secs.
2026-09-07 08:11:06,689 [DEBUG] core.argyll_runner: [argyll] Re-seeding
2026-09-07 08:11:06,689 [DEBUG] core.argyll_runner: [argyll] It 8: Maxmv = 0.075398, MinPoint = 15.538, Min = 11.692, Avg. = 19.095, Max = 24.145, 0.0 secs.
2026-09-07 08:11:06,689 [DEBUG] core.argyll_runner: [argyll] Re-seeding
2026-09-07 08:11:06,689 [DEBUG] core.argyll_runner: [argyll] It 9: Maxmv = 0.076962, MinPoint = 16.724, Min = 13.520, Avg. = 19.134, Max = 24.368, 0.0 secs.
2026-09-07 08:11:06,690 [DEBUG] core.argyll_runner: [argyll] Re-seeding
2026-09-07 08:11:06,690 [DEBUG] core.argyll_runner: [argyll] It 10: Maxmv = 0.057752, MinPoint = 16.713, Min = 13.328, Avg. = 19.063, Max = 24.166, 0.0 secs.
2026-09-07 08:11:06,690 [DEBUG] core.argyll_runner: [argyll] Re-seeding
2026-09-07 08:11:06,690 [DEBUG] core.argyll_runner: [argyll] It 11: Maxmv = 0.060268, MinPoint = 18.942, Min = 15.080, Avg. = 19.086, Max = 23.544, 0.0 secs.
2026-09-07 08:11:06,691 [DEBUG] core.argyll_runner: [argyll] Re-seeding
2026-09-07 08:11:06,691 [DEBUG] core.argyll_runner: [argyll] It 12: Maxmv = 0.049591, MinPoint = 14.568, Min = 15.387, Avg. = 19.083, Max = 24.194, 0.0 secs.
2026-09-07 08:11:06,691 [DEBUG] core.argyll_runner: [argyll] Re-seeding
2026-09-07 08:11:06,691 [DEBUG] core.argyll_runner: [argyll] It 13: Maxmv = 0.043026, MinPoint = 17.905, Min = 15.165, Avg. = 19.103, Max = 23.900, 0.0 secs.
2026-09-07 08:11:06,692 [DEBUG] core.argyll_runner: [argyll] Re-seeding
2026-09-07 08:11:06,692 [DEBUG] core.argyll_runner: [argyll] It 14: Maxmv = 0.042041, MinPoint = 17.169, Min = 15.432, Avg. = 19.053, Max = 23.834, 0.0 secs.
2026-09-07 08:11:06,692 [DEBUG] core.argyll_runner: [argyll] Re-seeding
2026-09-07 08:11:06,692 [DEBUG] core.argyll_runner: [argyll] It 15: Maxmv = 0.031974, MinPoint = 17.254, Min = 15.269, Avg. = 19.070, Max = 23.921, 0.0 secs.
2026-09-07 08:11:06,693 [DEBUG] core.argyll_runner: [argyll] Re-seeding
2026-09-07 08:11:06,693 [DEBUG] core.argyll_runner: [argyll] It 16: Maxmv = 0.025526, MinPoint = 17.416, Min = 15.524, Avg. = 19.078, Max = 24.383, 0.0 secs.
2026-09-07 08:11:06,693 [DEBUG] core.argyll_runner: [argyll] Re-seeding
2026-09-07 08:11:06,693 [DEBUG] core.argyll_runner: [argyll] It 17: Maxmv = 0.019061, MinPoint = 18.749, Min = 15.379, Avg. = 19.087, Max = 24.060, 0.0 secs.
2026-09-07 08:11:06,694 [DEBUG] core.argyll_runner: [argyll] Re-seeding
2026-09-07 08:11:06,694 [DEBUG] core.argyll_runner: [argyll] It 18: Maxmv = 0.011104, MinPoint = 17.934, Min = 15.310, Avg. = 19.093, Max = 24.013, 0.0 secs.
2026-09-07 08:11:06,694 [DEBUG] core.argyll_runner: [argyll] Re-seeding
2026-09-07 08:11:06,694 [DEBUG] core.argyll_runner: [argyll] It 19: Maxmv = 0.003913, MinPoint = 17.940, Min = 15.283, Avg. = 19.085, Max = 23.914, 0.0 secs.
2026-09-07 08:11:06,695 [DEBUG] core.argyll_runner: [argyll] Re-seeding
2026-09-07 08:11:06,695 [DEBUG] core.argyll_runner: [argyll] It 20: Maxmv = 0.004115, MinPoint = 18.213, Min = 15.258, Avg. = 19.091, Max = 23.819, 0.0 secs.
2026-09-07 08:11:06,695 [DEBUG] core.argyll_runner: [argyll] After optimization: MinPoint = 18.213, Min = 15.258, Avg. = 19.091, Max = 23.819
2026-09-07 08:11:06,696 [DEBUG] core.argyll_runner: [argyll] Total number of patches = 100
2026-09-07 08:11:06,696 [DEBUG] core.argyll_runner: [argyll] Execution time = 0.144799 seconds
2026-09-07 08:11:06,696 [INFO] core.argyll_runner: ArgyllRunner: finished with code 0
2026-09-07 08:11:06,746 [DEBUG] workflow.chart_creator: Wrote channel sidecar A3-LayoutModes.channels.json: ['r', 'g', 'b']
2026-09-07 08:11:06,824 [DEBUG] ui.tiff_preview: TiffPreview: loaded 1 page(s)
2026-09-07 08:11:06,824 [INFO] ui.tabs.tab_chart: Preview loaded: 1 TIFF(s)
2026-09-07 08:11:06,832 [DEBUG] ui.tiff_preview: TiffPreview: loaded 1 page(s)
2026-09-07 08:11:06,833 [DEBUG] ui.tiff_preview: TiffPreview: loaded 1 page(s)
2026-09-07 08:11:06,837 [DEBUG] ui.tabs.tab_chart: create-chart settings written for run1 (40 parameters + ui state)
2026-09-07 08:11:08,986 [INFO] assess:   shot Screenshots/A3-layout-modes/m09-patchfirst-scale2-after.png  (3400x2100)
2026-09-07 08:11:08,987 [INFO] assess:   json Test Runs/logs/d03_results.json
2026-09-07 08:11:08,987 [INFO] assess:     est_before={'total': 100, 'fillup': 0, 'page_patches': 100, 'rows': 10, 'cols': 10, 'pages': 1, 'patch': (16.0, 20.0), 'pitch': None}
    actual={'total': 100, 'fillup': 0, 'page_patches': 100, 'rows': 10, 'cols': 10, 'pages': 1, 'patch': (16.0, 20.07), 'pitch': None}
    est_after={'total': 100, 'fillup': 0, 'page_patches': 100, 'rows': 10, 'cols': 10, 'pages': 1, 'patch': (16.0, 20.0), 'pitch': None}
    margin_after='Margins: OK' notes=''
2026-09-07 08:11:08,987 [INFO] assess: --- m10-patchfirst-align-center: patch-first, align centre
2026-09-07 08:11:09,048 [DEBUG] core.settings: settings.set helper_markers_show = False
2026-09-07 08:11:09,048 [DEBUG] core.settings: settings.set helper_marker_edge_mm = 2.0
2026-09-07 08:11:09,048 [DEBUG] core.settings: settings.set helper_marker_len_mm = 2.0
2026-09-07 08:11:09,048 [DEBUG] core.settings: settings.set helper_marker_per_patch = 3
2026-09-07 08:11:09,048 [DEBUG] core.settings: settings.set helper_markers_top_bottom = True
2026-09-07 08:11:09,048 [DEBUG] core.settings: settings.set helper_markers_sides = True
2026-09-07 08:11:10,242 [DEBUG] core.settings: settings.set helper_markers_show = False
2026-09-07 08:11:10,243 [DEBUG] core.settings: settings.set helper_marker_edge_mm = 2.0
2026-09-07 08:11:10,243 [DEBUG] core.settings: settings.set helper_marker_len_mm = 2.0
2026-09-07 08:11:10,243 [DEBUG] core.settings: settings.set helper_marker_per_patch = 3
2026-09-07 08:11:10,243 [DEBUG] core.settings: settings.set helper_markers_top_bottom = True
2026-09-07 08:11:10,243 [DEBUG] core.settings: settings.set helper_markers_sides = True
2026-09-07 08:11:10,688 [DEBUG] core.settings: settings.set helper_markers_show = False
2026-09-07 08:11:10,689 [DEBUG] core.settings: settings.set helper_marker_edge_mm = 2.0
2026-09-07 08:11:10,689 [DEBUG] core.settings: settings.set helper_marker_len_mm = 2.0
2026-09-07 08:11:10,689 [DEBUG] core.settings: settings.set helper_marker_per_patch = 3
2026-09-07 08:11:10,689 [DEBUG] core.settings: settings.set helper_markers_top_bottom = True
2026-09-07 08:11:10,689 [DEBUG] core.settings: settings.set helper_markers_sides = True
2026-09-07 08:11:10,891 [DEBUG] core.settings: settings.set helper_markers_show = False
2026-09-07 08:11:10,891 [DEBUG] core.settings: settings.set helper_marker_edge_mm = 2.0
2026-09-07 08:11:10,891 [DEBUG] core.settings: settings.set helper_marker_len_mm = 2.0
2026-09-07 08:11:10,891 [DEBUG] core.settings: settings.set helper_marker_per_patch = 3
2026-09-07 08:11:10,891 [DEBUG] core.settings: settings.set helper_markers_top_bottom = True
2026-09-07 08:11:10,891 [DEBUG] core.settings: settings.set helper_markers_sides = True
2026-09-07 08:11:11,920 [INFO] assess:   shot Screenshots/A3-layout-modes/m10-patchfirst-align-center-before.png  (3400x2100)
2026-09-07 08:11:11,920 [INFO] assess:   armed: dialog ~'quite fill' -> click 'OK' 
2026-09-07 08:11:11,920 [INFO] assess:   armed: dialog ~'already' -> click 'Continue this project' 
2026-09-07 08:11:11,920 [INFO] ui.tabs.tab_chart: chart build (Generate Chart) in manual: patch set targen | manual panel: A4, 0x0 grid, margins T38.0 R9.0 B19.0 L26.0
2026-09-07 08:11:11,921 [DEBUG] core.settings: settings.set session_ti3_path = ''
2026-09-07 08:11:11,921 [DEBUG] core.settings: settings.set session_icc_path = ''
2026-09-07 08:11:11,921 [DEBUG] core.settings: settings.set session_cal_ti3_path = ''
2026-09-07 08:11:11,921 [DEBUG] core.file_manager: Target name set to: A3-LayoutModes (root /Users/Basti/ChromIQ-assessment/A3-LayoutModes)
2026-09-07 08:11:11,921 [INFO] core.file_manager: opened the EXISTING project at /Users/Basti/ChromIQ-assessment/A3-LayoutModes (1 run(s) on disk)
2026-09-07 08:11:11,931 [INFO] workflow.chart_creator: Chart generation: 441 patches, instrument=i1 paper=A4 disable_lb=True
2026-09-07 08:11:11,931 [INFO] workflow.chart_creator: targen args: ['-v', '-d2', '-f441', '-e3', '-B3', '-G', '-g25', 'A3-LayoutModes']
2026-09-07 08:11:11,931 [INFO] core.argyll_runner: Run: /Applications/Argyll/bin/targen -v -d2 -f441 -e3 -B3 -G -g25 A3-LayoutModes  [cwd=/Users/Basti/ChromIQ-assessment/A3-LayoutModes/runs/run1]
2026-09-07 08:11:11,991 [DEBUG] core.argyll_runner: [argyll] iRGB test chart
2026-09-07 08:11:11,991 [DEBUG] core.argyll_runner: [argyll] White patches = 3
2026-09-07 08:11:11,991 [DEBUG] core.argyll_runner: [argyll] Black patches = 3
2026-09-07 08:11:11,991 [DEBUG] core.argyll_runner: [argyll] Composite Grey steps = 25
2026-09-07 08:11:11,991 [DEBUG] core.argyll_runner: [argyll] Full spread patches = 441
2026-09-07 08:11:11,991 [DEBUG] core.argyll_runner: [argyll] Degree of adaptation: 0.100
2026-09-07 08:11:11,992 [DEBUG] core.argyll_runner: [argyll] Adaptation weights: Device = 0.935, Perceptual = 0.065, Curvature = 0.010
2026-09-07 08:11:11,992 [DEBUG] core.argyll_runner: [argyll] Perceptual cache resolution = 9
2026-09-07 08:11:11,992 [DEBUG] core.argyll_runner: [argyll] Seeding cache...done
2026-09-07 08:11:11,992 [DEBUG] core.argyll_runner: [argyll] Acceleration grid res = 8
2026-09-07 08:11:11,992 [DEBUG] core.argyll_runner: [argyll] 
2026-09-07 08:11:11,992 [DEBUG] core.argyll_runner: [argyll] There are 25 unique fixed points to add (29 total fixed points)
2026-09-07 08:11:11,993 [DEBUG] core.argyll_runner: [argyll] There are 412 far spread points to add
2026-09-07 08:11:11,993 [DEBUG] core.argyll_runner: [argyll] 
2026-09-07 08:11:11,993 [DEBUG] core.argyll_runner: [argyll] Added 12/437
2026-09-07 08:11:11,993 [DEBUG] core.argyll_runner: [argyll] Added 23/437
2026-09-07 08:11:11,993 [DEBUG] core.argyll_runner: [argyll] Added 34/437
2026-09-07 08:11:12,013 [DEBUG] core.argyll_runner: [argyll] 
2026-09-07 08:11:12,013 [DEBUG] core.argyll_runner: [argyll] Added 45/437
2026-09-07 08:11:12,013 [DEBUG] core.argyll_runner: [argyll] Added 56/437
2026-09-07 08:11:12,013 [DEBUG] core.argyll_runner: [argyll] Added 67/437
2026-09-07 08:11:12,014 [DEBUG] core.argyll_runner: [argyll] Added 78/437
2026-09-07 08:11:12,014 [DEBUG] core.argyll_runner: [argyll] Added 89/437
2026-09-07 08:11:12,015 [DEBUG] core.argyll_runner: [argyll] Added 100/437
2026-09-07 08:11:12,015 [DEBUG] core.argyll_runner: [argyll] Added 111/437
2026-09-07 08:11:12,016 [DEBUG] core.argyll_runner: [argyll] Added 122/437
2026-09-07 08:11:12,017 [DEBUG] core.argyll_runner: [argyll] Added 133/437
2026-09-07 08:11:12,018 [DEBUG] core.argyll_runner: [argyll] Added 144/437
2026-09-07 08:11:12,020 [DEBUG] core.argyll_runner: [argyll] Added 155/437
2026-09-07 08:11:12,021 [DEBUG] core.argyll_runner: [argyll] Added 166/437
2026-09-07 08:11:12,023 [DEBUG] core.argyll_runner: [argyll] Added 177/437
2026-09-07 08:11:12,024 [DEBUG] core.argyll_runner: [argyll] Added 188/437
2026-09-07 08:11:12,026 [DEBUG] core.argyll_runner: [argyll] Added 199/437
2026-09-07 08:11:12,028 [DEBUG] core.argyll_runner: [argyll] Added 210/437
2026-09-07 08:11:12,030 [DEBUG] core.argyll_runner: [argyll] Added 221/437
2026-09-07 08:11:12,032 [DEBUG] core.argyll_runner: [argyll] Added 232/437
2026-09-07 08:11:12,034 [DEBUG] core.argyll_runner: [argyll] Added 243/437
2026-09-07 08:11:12,037 [DEBUG] core.argyll_runner: [argyll] Added 254/437
2026-09-07 08:11:12,039 [DEBUG] core.argyll_runner: [argyll] Added 265/437
2026-09-07 08:11:12,042 [DEBUG] core.argyll_runner: [argyll] Added 276/437
2026-09-07 08:11:12,045 [DEBUG] core.argyll_runner: [argyll] Added 287/437
2026-09-07 08:11:12,048 [DEBUG] core.argyll_runner: [argyll] Added 298/437
2026-09-07 08:11:12,064 [DEBUG] core.argyll_runner: [argyll] 
2026-09-07 08:11:12,064 [DEBUG] core.argyll_runner: [argyll] Added 309/437
2026-09-07 08:11:12,065 [DEBUG] core.argyll_runner: [argyll] Added 320/437
2026-09-07 08:11:12,065 [DEBUG] core.argyll_runner: [argyll] Added 331/437
2026-09-07 08:11:12,065 [DEBUG] core.argyll_runner: [argyll] Added 342/437
2026-09-07 08:11:12,066 [DEBUG] core.argyll_runner: [argyll] Added 353/437
2026-09-07 08:11:12,066 [DEBUG] core.argyll_runner: [argyll] Added 364/437
2026-09-07 08:11:12,067 [DEBUG] core.argyll_runner: [argyll] Added 375/437
2026-09-07 08:11:12,068 [DEBUG] core.argyll_runner: [argyll] Added 386/437
2026-09-07 08:11:12,069 [DEBUG] core.argyll_runner: [argyll] Added 397/437
2026-09-07 08:11:12,070 [DEBUG] core.argyll_runner: [argyll] Added 408/437
2026-09-07 08:11:12,071 [DEBUG] core.argyll_runner: [argyll] Added 419/437
2026-09-07 08:11:12,073 [DEBUG] core.argyll_runner: [argyll] Added 430/437
2026-09-07 08:11:12,074 [DEBUG] core.argyll_runner: [argyll] Added 437/437
2026-09-07 08:11:12,787 [DEBUG] core.argyll_runner: [argyll] 
2026-09-07 08:11:12,788 [DEBUG] core.argyll_runner: [argyll] After seeding points: MinPoint = 6.443, Min = 5.001, Avg. = 11.581, Max = 14.655, 0.0 secs
2026-09-07 08:11:12,788 [DEBUG] core.argyll_runner: [argyll] Re-seeding
2026-09-07 08:11:12,789 [DEBUG] core.argyll_runner: [argyll] It 1: Maxmv = 0.100957, MinPoint = 2.621, Min = 3.131, Avg. = 11.595, Max = 15.339, 0.0 secs.
2026-09-07 08:11:12,789 [DEBUG] core.argyll_runner: [argyll] Re-seeding
2026-09-07 08:11:12,789 [DEBUG] core.argyll_runner: [argyll] It 2: Maxmv = 0.107089, MinPoint = 5.369, Min = 4.805, Avg. = 11.490, Max = 14.870, 0.0 secs.
2026-09-07 08:11:12,789 [DEBUG] core.argyll_runner: [argyll] Re-seeding
2026-09-07 08:11:12,790 [DEBUG] core.argyll_runner: [argyll] It 3: Maxmv = 0.076464, MinPoint = 5.216, Min = 6.240, Avg. = 11.408, Max = 15.351, 0.0 secs.
2026-09-07 08:11:12,790 [DEBUG] core.argyll_runner: [argyll] Re-seeding
2026-09-07 08:11:12,790 [DEBUG] core.argyll_runner: [argyll] It 4: Maxmv = 0.078248, MinPoint = 6.539, Min = 6.380, Avg. = 11.287, Max = 14.900, 0.0 secs.
2026-09-07 08:11:12,791 [DEBUG] core.argyll_runner: [argyll] Re-seeding
2026-09-07 08:11:12,791 [DEBUG] core.argyll_runner: [argyll] It 5: Maxmv = 0.074777, MinPoint = 5.515, Min = 6.380, Avg. = 11.278, Max = 14.530, 0.0 secs.
2026-09-07 08:11:12,791 [DEBUG] core.argyll_runner: [argyll] Re-seeding
2026-09-07 08:11:12,791 [DEBUG] core.argyll_runner: [argyll] It 6: Maxmv = 0.066707, MinPoint = 6.939, Min = 6.380, Avg. = 11.183, Max = 14.267, 0.0 secs.
2026-09-07 08:11:12,792 [DEBUG] core.argyll_runner: [argyll] Re-seeding
2026-09-07 08:11:12,792 [DEBUG] core.argyll_runner: [argyll] It 7: Maxmv = 0.059242, MinPoint = 6.939, Min = 6.380, Avg. = 11.134, Max = 13.857, 0.0 secs.
2026-09-07 08:11:12,792 [DEBUG] core.argyll_runner: [argyll] Re-seeding
2026-09-07 08:11:12,792 [DEBUG] core.argyll_runner: [argyll] It 8: Maxmv = 0.045789, MinPoint = 6.939, Min = 6.380, Avg. = 11.098, Max = 13.419, 0.0 secs.
2026-09-07 08:11:12,793 [DEBUG] core.argyll_runner: [argyll] Re-seeding
2026-09-07 08:11:12,793 [DEBUG] core.argyll_runner: [argyll] It 9: Maxmv = 0.039985, MinPoint = 6.939, Min = 6.380, Avg. = 11.073, Max = 14.168, 0.0 secs.
2026-09-07 08:11:12,793 [DEBUG] core.argyll_runner: [argyll] Re-seeding
2026-09-07 08:11:12,793 [DEBUG] core.argyll_runner: [argyll] It 10: Maxmv = 0.032069, MinPoint = 6.939, Min = 6.380, Avg. = 11.044, Max = 13.618, 0.0 secs.
2026-09-07 08:11:12,794 [DEBUG] core.argyll_runner: [argyll] Re-seeding
2026-09-07 08:11:12,794 [DEBUG] core.argyll_runner: [argyll] It 11: Maxmv = 0.037803, MinPoint = 6.939, Min = 6.380, Avg. = 11.016, Max = 13.581, 0.0 secs.
2026-09-07 08:11:12,794 [DEBUG] core.argyll_runner: [argyll] Re-seeding
2026-09-07 08:11:12,794 [DEBUG] core.argyll_runner: [argyll] It 12: Maxmv = 0.029002, MinPoint = 6.939, Min = 6.380, Avg. = 11.002, Max = 13.223, 0.0 secs.
2026-09-07 08:11:12,795 [DEBUG] core.argyll_runner: [argyll] Re-seeding
2026-09-07 08:11:12,795 [DEBUG] core.argyll_runner: [argyll] It 13: Maxmv = 0.024374, MinPoint = 6.939, Min = 6.380, Avg. = 10.996, Max = 13.186, 0.0 secs.
2026-09-07 08:11:12,795 [DEBUG] core.argyll_runner: [argyll] Re-seeding
2026-09-07 08:11:12,795 [DEBUG] core.argyll_runner: [argyll] It 14: Maxmv = 0.018224, MinPoint = 6.939, Min = 6.380, Avg. = 10.990, Max = 12.973, 0.0 secs.
2026-09-07 08:11:12,796 [DEBUG] core.argyll_runner: [argyll] Re-seeding
2026-09-07 08:11:12,796 [DEBUG] core.argyll_runner: [argyll] It 15: Maxmv = 0.013661, MinPoint = 6.939, Min = 6.380, Avg. = 10.981, Max = 13.080, 0.0 secs.
2026-09-07 08:11:12,796 [DEBUG] core.argyll_runner: [argyll] Re-seeding
2026-09-07 08:11:12,797 [DEBUG] core.argyll_runner: [argyll] It 16: Maxmv = 0.010253, MinPoint = 6.939, Min = 6.380, Avg. = 10.981, Max = 13.004, 0.0 secs.
2026-09-07 08:11:12,797 [DEBUG] core.argyll_runner: [argyll] Re-seeding
2026-09-07 08:11:12,797 [DEBUG] core.argyll_runner: [argyll] It 17: Maxmv = 0.008446, MinPoint = 6.939, Min = 6.380, Avg. = 10.975, Max = 13.152, 0.0 secs.
2026-09-07 08:11:12,797 [DEBUG] core.argyll_runner: [argyll] Re-seeding
2026-09-07 08:11:12,798 [DEBUG] core.argyll_runner: [argyll] It 18: Maxmv = 0.005404, MinPoint = 6.939, Min = 6.380, Avg. = 10.972, Max = 13.156, 0.0 secs.
2026-09-07 08:11:12,798 [DEBUG] core.argyll_runner: [argyll] Re-seeding
2026-09-07 08:11:12,798 [DEBUG] core.argyll_runner: [argyll] It 19: Maxmv = 0.002000, MinPoint = 6.939, Min = 6.380, Avg. = 10.973, Max = 13.158, 0.0 secs.
2026-09-07 08:11:12,798 [DEBUG] core.argyll_runner: [argyll] Re-seeding
2026-09-07 08:11:12,799 [DEBUG] core.argyll_runner: [argyll] It 20: Maxmv = 0.001940, MinPoint = 6.939, Min = 6.380, Avg. = 10.972, Max = 13.170, 0.0 secs.
2026-09-07 08:11:12,799 [DEBUG] core.argyll_runner: [argyll] After optimization: MinPoint = 6.939, Min = 6.380, Avg. = 10.972, Max = 13.170
2026-09-07 08:11:12,799 [DEBUG] core.argyll_runner: [argyll] Total number of patches = 441
2026-09-07 08:11:12,799 [DEBUG] core.argyll_runner: [argyll] Execution time = 0.792402 seconds
2026-09-07 08:11:12,800 [INFO] core.argyll_runner: ArgyllRunner: finished with code 0
2026-09-07 08:11:12,855 [DEBUG] workflow.chart_creator: Wrote channel sidecar A3-LayoutModes.channels.json: ['r', 'g', 'b']
2026-09-07 08:11:12,935 [DEBUG] ui.tiff_preview: TiffPreview: loaded 1 page(s)
2026-09-07 08:11:12,935 [INFO] ui.tabs.tab_chart: Preview loaded: 1 TIFF(s)
2026-09-07 08:11:12,947 [DEBUG] ui.tiff_preview: TiffPreview: loaded 1 page(s)
2026-09-07 08:11:12,949 [DEBUG] ui.tiff_preview: TiffPreview: loaded 1 page(s)
2026-09-07 08:11:12,954 [DEBUG] ui.tabs.tab_chart: create-chart settings written for run1 (40 parameters + ui state)
2026-09-07 08:11:14,741 [INFO] assess:   shot Screenshots/A3-layout-modes/m10-patchfirst-align-center-after.png  (3400x2100)
2026-09-07 08:11:14,742 [INFO] assess:   json Test Runs/logs/d03_results.json
2026-09-07 08:11:14,742 [INFO] assess:     est_before={'total': 441, 'fillup': 0, 'page_patches': 441, 'rows': 21, 'cols': 21, 'pages': 1, 'patch': (8.0, 10.0), 'pitch': None}
    actual={'total': 441, 'fillup': 0, 'page_patches': 441, 'rows': 21, 'cols': 21, 'pages': 1, 'patch': (8.04, 9.99), 'pitch': None}
    est_after={'total': 441, 'fillup': 0, 'page_patches': 441, 'rows': 21, 'cols': 21, 'pages': 1, 'patch': (8.0, 10.0), 'pitch': None}
    margin_after='Margins: OK' notes=''
2026-09-07 08:11:14,742 [INFO] assess: --- m11-patchfirst-align-bottomright: patch-first, align bottom-right
2026-09-07 08:11:14,799 [DEBUG] core.settings: settings.set helper_markers_show = False
2026-09-07 08:11:14,799 [DEBUG] core.settings: settings.set helper_marker_edge_mm = 2.0
2026-09-07 08:11:14,799 [DEBUG] core.settings: settings.set helper_marker_len_mm = 2.0
2026-09-07 08:11:14,799 [DEBUG] core.settings: settings.set helper_marker_per_patch = 3
2026-09-07 08:11:14,799 [DEBUG] core.settings: settings.set helper_markers_top_bottom = True
2026-09-07 08:11:14,799 [DEBUG] core.settings: settings.set helper_markers_sides = True
2026-09-07 08:11:16,065 [DEBUG] core.settings: settings.set helper_markers_show = False
2026-09-07 08:11:16,065 [DEBUG] core.settings: settings.set helper_marker_edge_mm = 2.0
2026-09-07 08:11:16,065 [DEBUG] core.settings: settings.set helper_marker_len_mm = 2.0
2026-09-07 08:11:16,065 [DEBUG] core.settings: settings.set helper_marker_per_patch = 3
2026-09-07 08:11:16,065 [DEBUG] core.settings: settings.set helper_markers_top_bottom = True
2026-09-07 08:11:16,065 [DEBUG] core.settings: settings.set helper_markers_sides = True
2026-09-07 08:11:16,367 [DEBUG] core.settings: settings.set helper_markers_show = False
2026-09-07 08:11:16,367 [DEBUG] core.settings: settings.set helper_marker_edge_mm = 2.0
2026-09-07 08:11:16,367 [DEBUG] core.settings: settings.set helper_marker_len_mm = 2.0
2026-09-07 08:11:16,367 [DEBUG] core.settings: settings.set helper_marker_per_patch = 3
2026-09-07 08:11:16,367 [DEBUG] core.settings: settings.set helper_markers_top_bottom = True
2026-09-07 08:11:16,367 [DEBUG] core.settings: settings.set helper_markers_sides = True
2026-09-07 08:11:16,568 [DEBUG] core.settings: settings.set helper_markers_show = False
2026-09-07 08:11:16,568 [DEBUG] core.settings: settings.set helper_marker_edge_mm = 2.0
2026-09-07 08:11:16,568 [DEBUG] core.settings: settings.set helper_marker_len_mm = 2.0
2026-09-07 08:11:16,568 [DEBUG] core.settings: settings.set helper_marker_per_patch = 3
2026-09-07 08:11:16,568 [DEBUG] core.settings: settings.set helper_markers_top_bottom = True
2026-09-07 08:11:16,568 [DEBUG] core.settings: settings.set helper_markers_sides = True
2026-09-07 08:11:17,595 [INFO] assess:   shot Screenshots/A3-layout-modes/m11-patchfirst-align-bottomright-before.png  (3400x2100)
2026-09-07 08:11:17,596 [INFO] assess:   armed: dialog ~'quite fill' -> click 'OK' 
2026-09-07 08:11:17,596 [INFO] assess:   armed: dialog ~'already' -> click 'Continue this project' 
2026-09-07 08:11:17,596 [INFO] ui.tabs.tab_chart: chart build (Generate Chart) in manual: patch set targen | manual panel: A4, 0x0 grid, margins T38.0 R9.0 B19.0 L26.0
2026-09-07 08:11:17,596 [DEBUG] core.settings: settings.set session_ti3_path = ''
2026-09-07 08:11:17,596 [DEBUG] core.settings: settings.set session_icc_path = ''
2026-09-07 08:11:17,596 [DEBUG] core.settings: settings.set session_cal_ti3_path = ''
2026-09-07 08:11:17,597 [DEBUG] core.file_manager: Target name set to: A3-LayoutModes (root /Users/Basti/ChromIQ-assessment/A3-LayoutModes)
2026-09-07 08:11:17,597 [INFO] core.file_manager: opened the EXISTING project at /Users/Basti/ChromIQ-assessment/A3-LayoutModes (1 run(s) on disk)
2026-09-07 08:11:17,606 [INFO] workflow.chart_creator: Chart generation: 441 patches, instrument=i1 paper=A4 disable_lb=True
2026-09-07 08:11:17,606 [INFO] workflow.chart_creator: targen args: ['-v', '-d2', '-f441', '-e3', '-B3', '-G', '-g25', 'A3-LayoutModes']
2026-09-07 08:11:17,606 [INFO] core.argyll_runner: Run: /Applications/Argyll/bin/targen -v -d2 -f441 -e3 -B3 -G -g25 A3-LayoutModes  [cwd=/Users/Basti/ChromIQ-assessment/A3-LayoutModes/runs/run1]
2026-09-07 08:11:17,668 [DEBUG] core.argyll_runner: [argyll] iRGB test chart
2026-09-07 08:11:17,669 [DEBUG] core.argyll_runner: [argyll] White patches = 3
2026-09-07 08:11:17,669 [DEBUG] core.argyll_runner: [argyll] Black patches = 3
2026-09-07 08:11:17,669 [DEBUG] core.argyll_runner: [argyll] Composite Grey steps = 25
2026-09-07 08:11:17,669 [DEBUG] core.argyll_runner: [argyll] Full spread patches = 441
2026-09-07 08:11:17,669 [DEBUG] core.argyll_runner: [argyll] Degree of adaptation: 0.100
2026-09-07 08:11:17,669 [DEBUG] core.argyll_runner: [argyll] Adaptation weights: Device = 0.935, Perceptual = 0.065, Curvature = 0.010
2026-09-07 08:11:17,669 [DEBUG] core.argyll_runner: [argyll] Perceptual cache resolution = 9
2026-09-07 08:11:17,670 [DEBUG] core.argyll_runner: [argyll] Seeding cache...done
2026-09-07 08:11:17,670 [DEBUG] core.argyll_runner: [argyll] Acceleration grid res = 8
2026-09-07 08:11:17,670 [DEBUG] core.argyll_runner: [argyll] 
2026-09-07 08:11:17,670 [DEBUG] core.argyll_runner: [argyll] There are 25 unique fixed points to add (29 total fixed points)
2026-09-07 08:11:17,670 [DEBUG] core.argyll_runner: [argyll] There are 412 far spread points to add
2026-09-07 08:11:17,670 [DEBUG] core.argyll_runner: [argyll] 
2026-09-07 08:11:17,670 [DEBUG] core.argyll_runner: [argyll] Added 12/437
2026-09-07 08:11:17,671 [DEBUG] core.argyll_runner: [argyll] Added 23/437
2026-09-07 08:11:17,671 [DEBUG] core.argyll_runner: [argyll] Added 34/437
2026-09-07 08:11:17,671 [DEBUG] core.argyll_runner: [argyll] Added 45/437
2026-09-07 08:11:17,671 [DEBUG] core.argyll_runner: [argyll] Added 56/437
2026-09-07 08:11:17,692 [DEBUG] core.argyll_runner: [argyll] 
2026-09-07 08:11:17,692 [DEBUG] core.argyll_runner: [argyll] Added 67/437
2026-09-07 08:11:17,692 [DEBUG] core.argyll_runner: [argyll] Added 78/437
2026-09-07 08:11:17,692 [DEBUG] core.argyll_runner: [argyll] Added 89/437
2026-09-07 08:11:17,693 [DEBUG] core.argyll_runner: [argyll] Added 100/437
2026-09-07 08:11:17,693 [DEBUG] core.argyll_runner: [argyll] Added 111/437
2026-09-07 08:11:17,694 [DEBUG] core.argyll_runner: [argyll] Added 122/437
2026-09-07 08:11:17,695 [DEBUG] core.argyll_runner: [argyll] Added 133/437
2026-09-07 08:11:17,696 [DEBUG] core.argyll_runner: [argyll] Added 144/437
2026-09-07 08:11:17,697 [DEBUG] core.argyll_runner: [argyll] Added 155/437
2026-09-07 08:11:17,698 [DEBUG] core.argyll_runner: [argyll] Added 166/437
2026-09-07 08:11:17,699 [DEBUG] core.argyll_runner: [argyll] Added 177/437
2026-09-07 08:11:17,700 [DEBUG] core.argyll_runner: [argyll] Added 188/437
2026-09-07 08:11:17,702 [DEBUG] core.argyll_runner: [argyll] Added 199/437
2026-09-07 08:11:17,704 [DEBUG] core.argyll_runner: [argyll] Added 210/437
2026-09-07 08:11:17,705 [DEBUG] core.argyll_runner: [argyll] Added 221/437
2026-09-07 08:11:17,707 [DEBUG] core.argyll_runner: [argyll] Added 232/437
2026-09-07 08:11:17,709 [DEBUG] core.argyll_runner: [argyll] Added 243/437
2026-09-07 08:11:17,711 [DEBUG] core.argyll_runner: [argyll] Added 254/437
2026-09-07 08:11:17,714 [DEBUG] core.argyll_runner: [argyll] Added 265/437
2026-09-07 08:11:17,716 [DEBUG] core.argyll_runner: [argyll] Added 276/437
2026-09-07 08:11:17,719 [DEBUG] core.argyll_runner: [argyll] Added 287/437
2026-09-07 08:11:17,721 [DEBUG] core.argyll_runner: [argyll] Added 298/437
2026-09-07 08:11:17,724 [DEBUG] core.argyll_runner: [argyll] Added 309/437
2026-09-07 08:11:17,727 [DEBUG] core.argyll_runner: [argyll] Added 320/437
2026-09-07 08:11:17,730 [DEBUG] core.argyll_runner: [argyll] Added 331/437
2026-09-07 08:11:17,733 [DEBUG] core.argyll_runner: [argyll] Added 342/437
2026-09-07 08:11:17,750 [DEBUG] core.argyll_runner: [argyll] 
2026-09-07 08:11:17,751 [DEBUG] core.argyll_runner: [argyll] Added 353/437
2026-09-07 08:11:17,751 [DEBUG] core.argyll_runner: [argyll] Added 364/437
2026-09-07 08:11:17,751 [DEBUG] core.argyll_runner: [argyll] Added 375/437
2026-09-07 08:11:17,751 [DEBUG] core.argyll_runner: [argyll] Added 386/437
2026-09-07 08:11:17,752 [DEBUG] core.argyll_runner: [argyll] Added 397/437
2026-09-07 08:11:17,752 [DEBUG] core.argyll_runner: [argyll] Added 408/437
2026-09-07 08:11:17,753 [DEBUG] core.argyll_runner: [argyll] Added 419/437
2026-09-07 08:11:17,754 [DEBUG] core.argyll_runner: [argyll] Added 430/437
2026-09-07 08:11:17,755 [DEBUG] core.argyll_runner: [argyll] Added 437/437
2026-09-07 08:11:18,466 [DEBUG] core.argyll_runner: [argyll] 
2026-09-07 08:11:18,466 [DEBUG] core.argyll_runner: [argyll] After seeding points: MinPoint = 6.443, Min = 5.001, Avg. = 11.581, Max = 14.655, 0.0 secs
2026-09-07 08:11:18,467 [DEBUG] core.argyll_runner: [argyll] Re-seeding
2026-09-07 08:11:18,467 [DEBUG] core.argyll_runner: [argyll] It 1: Maxmv = 0.100957, MinPoint = 2.621, Min = 3.131, Avg. = 11.595, Max = 15.339, 0.0 secs.
2026-09-07 08:11:18,467 [DEBUG] core.argyll_runner: [argyll] Re-seeding
2026-09-07 08:11:18,468 [DEBUG] core.argyll_runner: [argyll] It 2: Maxmv = 0.107089, MinPoint = 5.369, Min = 4.805, Avg. = 11.490, Max = 14.870, 0.0 secs.
2026-09-07 08:11:18,468 [DEBUG] core.argyll_runner: [argyll] Re-seeding
2026-09-07 08:11:18,468 [DEBUG] core.argyll_runner: [argyll] It 3: Maxmv = 0.076464, MinPoint = 5.216, Min = 6.240, Avg. = 11.408, Max = 15.351, 0.0 secs.
2026-09-07 08:11:18,468 [DEBUG] core.argyll_runner: [argyll] Re-seeding
2026-09-07 08:11:18,469 [DEBUG] core.argyll_runner: [argyll] It 4: Maxmv = 0.078248, MinPoint = 6.539, Min = 6.380, Avg. = 11.287, Max = 14.900, 0.0 secs.
2026-09-07 08:11:18,469 [DEBUG] core.argyll_runner: [argyll] Re-seeding
2026-09-07 08:11:18,469 [DEBUG] core.argyll_runner: [argyll] It 5: Maxmv = 0.074777, MinPoint = 5.515, Min = 6.380, Avg. = 11.278, Max = 14.530, 0.0 secs.
2026-09-07 08:11:18,469 [DEBUG] core.argyll_runner: [argyll] Re-seeding
2026-09-07 08:11:18,470 [DEBUG] core.argyll_runner: [argyll] It 6: Maxmv = 0.066707, MinPoint = 6.939, Min = 6.380, Avg. = 11.183, Max = 14.267, 0.0 secs.
2026-09-07 08:11:18,470 [DEBUG] core.argyll_runner: [argyll] Re-seeding
2026-09-07 08:11:18,470 [DEBUG] core.argyll_runner: [argyll] It 7: Maxmv = 0.059242, MinPoint = 6.939, Min = 6.380, Avg. = 11.134, Max = 13.857, 0.0 secs.
2026-09-07 08:11:18,470 [DEBUG] core.argyll_runner: [argyll] Re-seeding
2026-09-07 08:11:18,471 [DEBUG] core.argyll_runner: [argyll] It 8: Maxmv = 0.045789, MinPoint = 6.939, Min = 6.380, Avg. = 11.098, Max = 13.419, 0.0 secs.
2026-09-07 08:11:18,471 [DEBUG] core.argyll_runner: [argyll] Re-seeding
2026-09-07 08:11:18,471 [DEBUG] core.argyll_runner: [argyll] It 9: Maxmv = 0.039985, MinPoint = 6.939, Min = 6.380, Avg. = 11.073, Max = 14.168, 0.0 secs.
2026-09-07 08:11:18,471 [DEBUG] core.argyll_runner: [argyll] Re-seeding
2026-09-07 08:11:18,472 [DEBUG] core.argyll_runner: [argyll] It 10: Maxmv = 0.032069, MinPoint = 6.939, Min = 6.380, Avg. = 11.044, Max = 13.618, 0.0 secs.
2026-09-07 08:11:18,472 [DEBUG] core.argyll_runner: [argyll] Re-seeding
2026-09-07 08:11:18,472 [DEBUG] core.argyll_runner: [argyll] It 11: Maxmv = 0.037803, MinPoint = 6.939, Min = 6.380, Avg. = 11.016, Max = 13.581, 0.0 secs.
2026-09-07 08:11:18,472 [DEBUG] core.argyll_runner: [argyll] Re-seeding
2026-09-07 08:11:18,473 [DEBUG] core.argyll_runner: [argyll] It 12: Maxmv = 0.029002, MinPoint = 6.939, Min = 6.380, Avg. = 11.002, Max = 13.223, 0.0 secs.
2026-09-07 08:11:18,473 [DEBUG] core.argyll_runner: [argyll] Re-seeding
2026-09-07 08:11:18,473 [DEBUG] core.argyll_runner: [argyll] It 13: Maxmv = 0.024374, MinPoint = 6.939, Min = 6.380, Avg. = 10.996, Max = 13.186, 0.0 secs.
2026-09-07 08:11:18,473 [DEBUG] core.argyll_runner: [argyll] Re-seeding
2026-09-07 08:11:18,474 [DEBUG] core.argyll_runner: [argyll] It 14: Maxmv = 0.018224, MinPoint = 6.939, Min = 6.380, Avg. = 10.990, Max = 12.973, 0.0 secs.
2026-09-07 08:11:18,474 [DEBUG] core.argyll_runner: [argyll] Re-seeding
2026-09-07 08:11:18,474 [DEBUG] core.argyll_runner: [argyll] It 15: Maxmv = 0.013661, MinPoint = 6.939, Min = 6.380, Avg. = 10.981, Max = 13.080, 0.0 secs.
2026-09-07 08:11:18,474 [DEBUG] core.argyll_runner: [argyll] Re-seeding
2026-09-07 08:11:18,475 [DEBUG] core.argyll_runner: [argyll] It 16: Maxmv = 0.010253, MinPoint = 6.939, Min = 6.380, Avg. = 10.981, Max = 13.004, 0.0 secs.
2026-09-07 08:11:18,475 [DEBUG] core.argyll_runner: [argyll] Re-seeding
2026-09-07 08:11:18,475 [DEBUG] core.argyll_runner: [argyll] It 17: Maxmv = 0.008446, MinPoint = 6.939, Min = 6.380, Avg. = 10.975, Max = 13.152, 0.0 secs.
2026-09-07 08:11:18,475 [DEBUG] core.argyll_runner: [argyll] Re-seeding
2026-09-07 08:11:18,476 [DEBUG] core.argyll_runner: [argyll] It 18: Maxmv = 0.005404, MinPoint = 6.939, Min = 6.380, Avg. = 10.972, Max = 13.156, 0.0 secs.
2026-09-07 08:11:18,476 [DEBUG] core.argyll_runner: [argyll] Re-seeding
2026-09-07 08:11:18,476 [DEBUG] core.argyll_runner: [argyll] It 19: Maxmv = 0.002000, MinPoint = 6.939, Min = 6.380, Avg. = 10.973, Max = 13.158, 0.0 secs.
2026-09-07 08:11:18,476 [DEBUG] core.argyll_runner: [argyll] Re-seeding
2026-09-07 08:11:18,477 [DEBUG] core.argyll_runner: [argyll] It 20: Maxmv = 0.001940, MinPoint = 6.939, Min = 6.380, Avg. = 10.972, Max = 13.170, 0.0 secs.
2026-09-07 08:11:18,477 [DEBUG] core.argyll_runner: [argyll] After optimization: MinPoint = 6.939, Min = 6.380, Avg. = 10.972, Max = 13.170
2026-09-07 08:11:18,477 [DEBUG] core.argyll_runner: [argyll] Total number of patches = 441
2026-09-07 08:11:18,478 [DEBUG] core.argyll_runner: [argyll] Execution time = 0.795948 seconds
2026-09-07 08:11:18,478 [INFO] core.argyll_runner: ArgyllRunner: finished with code 0
2026-09-07 08:11:18,532 [DEBUG] workflow.chart_creator: Wrote channel sidecar A3-LayoutModes.channels.json: ['r', 'g', 'b']
2026-09-07 08:11:18,616 [DEBUG] ui.tiff_preview: TiffPreview: loaded 1 page(s)
2026-09-07 08:11:18,616 [INFO] ui.tabs.tab_chart: Preview loaded: 1 TIFF(s)
2026-09-07 08:11:18,628 [DEBUG] ui.tiff_preview: TiffPreview: loaded 1 page(s)
2026-09-07 08:11:18,630 [DEBUG] ui.tiff_preview: TiffPreview: loaded 1 page(s)
2026-09-07 08:11:18,635 [DEBUG] ui.tabs.tab_chart: create-chart settings written for run1 (40 parameters + ui state)
2026-09-07 08:11:20,431 [INFO] assess:   shot Screenshots/A3-layout-modes/m11-patchfirst-align-bottomright-after.png  (3400x2100)
2026-09-07 08:11:20,433 [INFO] assess:   json Test Runs/logs/d03_results.json
2026-09-07 08:11:20,433 [INFO] assess:     est_before={'total': 441, 'fillup': 0, 'page_patches': 441, 'rows': 21, 'cols': 21, 'pages': 1, 'patch': (8.0, 10.0), 'pitch': None}
    actual={'total': 441, 'fillup': 0, 'page_patches': 441, 'rows': 21, 'cols': 21, 'pages': 1, 'patch': (7.96, 9.99), 'pitch': None}
    est_after={'total': 441, 'fillup': 0, 'page_patches': 441, 'rows': 21, 'cols': 21, 'pages': 1, 'patch': (8.0, 10.0), 'pitch': None}
    margin_after='Margins: OK' notes=''
2026-09-07 08:11:20,840 [INFO] assess: --- m12-area-fixed300: area-first by width, FIXED -f 300
2026-09-07 08:11:20,921 [DEBUG] core.settings: settings.set helper_markers_show = False
2026-09-07 08:11:20,921 [DEBUG] core.settings: settings.set helper_marker_edge_mm = 2.0
2026-09-07 08:11:20,921 [DEBUG] core.settings: settings.set helper_marker_len_mm = 2.0
2026-09-07 08:11:20,921 [DEBUG] core.settings: settings.set helper_marker_per_patch = 3
2026-09-07 08:11:20,921 [DEBUG] core.settings: settings.set helper_markers_top_bottom = True
2026-09-07 08:11:20,921 [DEBUG] core.settings: settings.set helper_markers_sides = True
2026-09-07 08:11:22,206 [DEBUG] core.settings: settings.set helper_markers_show = False
2026-09-07 08:11:22,206 [DEBUG] core.settings: settings.set helper_marker_edge_mm = 2.0
2026-09-07 08:11:22,206 [DEBUG] core.settings: settings.set helper_marker_len_mm = 2.0
2026-09-07 08:11:22,206 [DEBUG] core.settings: settings.set helper_marker_per_patch = 3
2026-09-07 08:11:22,206 [DEBUG] core.settings: settings.set helper_markers_top_bottom = True
2026-09-07 08:11:22,207 [DEBUG] core.settings: settings.set helper_markers_sides = True
2026-09-07 08:11:23,355 [INFO] assess:   shot Screenshots/A3-layout-modes/m12-area-fixed300-before.png  (3400x2100)
2026-09-07 08:11:23,355 [INFO] assess:   armed: dialog ~'quite fill' -> click 'OK' 
2026-09-07 08:11:23,355 [INFO] assess:   armed: dialog ~'already' -> click 'Continue this project' 
2026-09-07 08:11:23,356 [INFO] ui.tabs.tab_chart: chart build (Generate Chart) in manual: patch set targen | manual panel: A4, 0x0 grid, margins T38.0 R9.0 B19.0 L26.0
2026-09-07 08:11:23,356 [DEBUG] core.settings: settings.set session_ti3_path = ''
2026-09-07 08:11:23,356 [DEBUG] core.settings: settings.set session_icc_path = ''
2026-09-07 08:11:23,356 [DEBUG] core.settings: settings.set session_cal_ti3_path = ''
2026-09-07 08:11:23,357 [DEBUG] core.file_manager: Target name set to: A3-LayoutModes (root /Users/Basti/ChromIQ-assessment/A3-LayoutModes)
2026-09-07 08:11:23,357 [INFO] core.file_manager: opened the EXISTING project at /Users/Basti/ChromIQ-assessment/A3-LayoutModes (1 run(s) on disk)
2026-09-07 08:11:23,359 [INFO] workflow.chart_creator: Chart generation: 300 patches, instrument=i1 paper=A4 disable_lb=True
2026-09-07 08:11:23,359 [INFO] workflow.chart_creator: targen args: ['-v', '-d2', '-f300', '-e3', '-B3', '-G', '-g17', 'A3-LayoutModes']
2026-09-07 08:11:23,359 [INFO] core.argyll_runner: Run: /Applications/Argyll/bin/targen -v -d2 -f300 -e3 -B3 -G -g17 A3-LayoutModes  [cwd=/Users/Basti/ChromIQ-assessment/A3-LayoutModes/runs/run1]
2026-09-07 08:11:23,427 [DEBUG] core.argyll_runner: [argyll] iRGB test chart
2026-09-07 08:11:23,427 [DEBUG] core.argyll_runner: [argyll] White patches = 3
2026-09-07 08:11:23,427 [DEBUG] core.argyll_runner: [argyll] Black patches = 3
2026-09-07 08:11:23,427 [DEBUG] core.argyll_runner: [argyll] Composite Grey steps = 17
2026-09-07 08:11:23,427 [DEBUG] core.argyll_runner: [argyll] Full spread patches = 300
2026-09-07 08:11:23,427 [DEBUG] core.argyll_runner: [argyll] Degree of adaptation: 0.100
2026-09-07 08:11:23,427 [DEBUG] core.argyll_runner: [argyll] Adaptation weights: Device = 0.935, Perceptual = 0.065, Curvature = 0.010
2026-09-07 08:11:23,428 [DEBUG] core.argyll_runner: [argyll] Perceptual cache resolution = 7
2026-09-07 08:11:23,428 [DEBUG] core.argyll_runner: [argyll] Seeding cache...done
2026-09-07 08:11:23,428 [DEBUG] core.argyll_runner: [argyll] Acceleration grid res = 7
2026-09-07 08:11:23,428 [DEBUG] core.argyll_runner: [argyll] 
2026-09-07 08:11:23,428 [DEBUG] core.argyll_runner: [argyll] There are 17 unique fixed points to add (21 total fixed points)
2026-09-07 08:11:23,429 [DEBUG] core.argyll_runner: [argyll] There are 279 far spread points to add
2026-09-07 08:11:23,429 [DEBUG] core.argyll_runner: [argyll] 
2026-09-07 08:11:23,429 [DEBUG] core.argyll_runner: [argyll] Added 12/296
2026-09-07 08:11:23,429 [DEBUG] core.argyll_runner: [argyll] Added 23/296
2026-09-07 08:11:23,429 [DEBUG] core.argyll_runner: [argyll] Added 34/296
2026-09-07 08:11:23,429 [DEBUG] core.argyll_runner: [argyll] Added 45/296
2026-09-07 08:11:23,430 [DEBUG] core.argyll_runner: [argyll] Added 56/296
2026-09-07 08:11:23,430 [DEBUG] core.argyll_runner: [argyll] Added 67/296
2026-09-07 08:11:23,431 [DEBUG] core.argyll_runner: [argyll] Added 78/296
2026-09-07 08:11:23,432 [DEBUG] core.argyll_runner: [argyll] Added 89/296
2026-09-07 08:11:23,433 [DEBUG] core.argyll_runner: [argyll] Added 100/296
2026-09-07 08:11:23,434 [DEBUG] core.argyll_runner: [argyll] Added 111/296
2026-09-07 08:11:23,435 [DEBUG] core.argyll_runner: [argyll] Added 122/296
2026-09-07 08:11:23,436 [DEBUG] core.argyll_runner: [argyll] Added 133/296
2026-09-07 08:11:23,438 [DEBUG] core.argyll_runner: [argyll] Added 144/296
2026-09-07 08:11:23,439 [DEBUG] core.argyll_runner: [argyll] Added 155/296
2026-09-07 08:11:23,441 [DEBUG] core.argyll_runner: [argyll] Added 166/296
2026-09-07 08:11:23,443 [DEBUG] core.argyll_runner: [argyll] Added 177/296
2026-09-07 08:11:23,445 [DEBUG] core.argyll_runner: [argyll] Added 188/296
2026-09-07 08:11:23,447 [DEBUG] core.argyll_runner: [argyll] Added 199/296
2026-09-07 08:11:23,449 [DEBUG] core.argyll_runner: [argyll] Added 210/296
2026-09-07 08:11:23,451 [DEBUG] core.argyll_runner: [argyll] Added 221/296
2026-09-07 08:11:23,454 [DEBUG] core.argyll_runner: [argyll] Added 232/296
2026-09-07 08:11:23,457 [DEBUG] core.argyll_runner: [argyll] Added 243/296
2026-09-07 08:11:23,459 [DEBUG] core.argyll_runner: [argyll] Added 254/296
2026-09-07 08:11:23,462 [DEBUG] core.argyll_runner: [argyll] Added 265/296
2026-09-07 08:11:23,465 [DEBUG] core.argyll_runner: [argyll] Added 276/296
2026-09-07 08:11:23,468 [DEBUG] core.argyll_runner: [argyll] Added 287/296
2026-09-07 08:11:23,472 [DEBUG] core.argyll_runner: [argyll] Added 296/296
2026-09-07 08:11:23,909 [DEBUG] core.argyll_runner: [argyll] 
2026-09-07 08:11:23,910 [DEBUG] core.argyll_runner: [argyll] After seeding points: MinPoint = 3.847, Min = 5.284, Avg. = 13.258, Max = 16.725, 0.0 secs
2026-09-07 08:11:23,910 [DEBUG] core.argyll_runner: [argyll] Re-seeding
2026-09-07 08:11:23,910 [DEBUG] core.argyll_runner: [argyll] It 1: Maxmv = 0.135022, MinPoint = 4.062, Min = 5.851, Avg. = 13.327, Max = 17.919, 0.0 secs.
2026-09-07 08:11:23,911 [DEBUG] core.argyll_runner: [argyll] Re-seeding
2026-09-07 08:11:23,911 [DEBUG] core.argyll_runner: [argyll] It 2: Maxmv = 0.097942, MinPoint = 5.856, Min = 6.115, Avg. = 13.230, Max = 17.114, 0.0 secs.
2026-09-07 08:11:23,911 [DEBUG] core.argyll_runner: [argyll] Re-seeding
2026-09-07 08:11:23,911 [DEBUG] core.argyll_runner: [argyll] It 3: Maxmv = 0.093783, MinPoint = 8.418, Min = 7.548, Avg. = 13.074, Max = 17.417, 0.0 secs.
2026-09-07 08:11:23,912 [DEBUG] core.argyll_runner: [argyll] Re-seeding
2026-09-07 08:11:23,912 [DEBUG] core.argyll_runner: [argyll] It 4: Maxmv = 0.077311, MinPoint = 4.821, Min = 7.877, Avg. = 12.984, Max = 16.708, 0.0 secs.
2026-09-07 08:11:23,912 [DEBUG] core.argyll_runner: [argyll] Re-seeding
2026-09-07 08:11:23,912 [DEBUG] core.argyll_runner: [argyll] It 5: Maxmv = 0.089221, MinPoint = 7.387, Min = 8.104, Avg. = 12.930, Max = 16.445, 0.0 secs.
2026-09-07 08:11:23,913 [DEBUG] core.argyll_runner: [argyll] Re-seeding
2026-09-07 08:11:23,913 [DEBUG] core.argyll_runner: [argyll] It 6: Maxmv = 0.069757, MinPoint = 6.241, Min = 7.119, Avg. = 12.852, Max = 15.841, 0.0 secs.
2026-09-07 08:11:23,913 [DEBUG] core.argyll_runner: [argyll] Re-seeding
2026-09-07 08:11:23,913 [DEBUG] core.argyll_runner: [argyll] It 7: Maxmv = 0.075299, MinPoint = 9.140, Min = 9.050, Avg. = 12.827, Max = 16.313, 0.0 secs.
2026-09-07 08:11:23,914 [DEBUG] core.argyll_runner: [argyll] Re-seeding
2026-09-07 08:11:23,914 [DEBUG] core.argyll_runner: [argyll] It 8: Maxmv = 0.054404, MinPoint = 10.429, Min = 8.418, Avg. = 12.811, Max = 16.222, 0.0 secs.
2026-09-07 08:11:23,914 [DEBUG] core.argyll_runner: [argyll] Re-seeding
2026-09-07 08:11:23,914 [DEBUG] core.argyll_runner: [argyll] It 9: Maxmv = 0.047499, MinPoint = 10.429, Min = 9.367, Avg. = 12.768, Max = 15.738, 0.0 secs.
2026-09-07 08:11:23,915 [DEBUG] core.argyll_runner: [argyll] Re-seeding
2026-09-07 08:11:23,915 [DEBUG] core.argyll_runner: [argyll] It 10: Maxmv = 0.046922, MinPoint = 10.429, Min = 8.596, Avg. = 12.729, Max = 15.473, 0.0 secs.
2026-09-07 08:11:23,915 [DEBUG] core.argyll_runner: [argyll] Re-seeding
2026-09-07 08:11:23,916 [DEBUG] core.argyll_runner: [argyll] It 11: Maxmv = 0.040487, MinPoint = 10.429, Min = 9.479, Avg. = 12.721, Max = 15.481, 0.0 secs.
2026-09-07 08:11:23,916 [DEBUG] core.argyll_runner: [argyll] Re-seeding
2026-09-07 08:11:23,916 [DEBUG] core.argyll_runner: [argyll] It 12: Maxmv = 0.036408, MinPoint = 10.429, Min = 9.329, Avg. = 12.699, Max = 15.408, 0.0 secs.
2026-09-07 08:11:23,916 [DEBUG] core.argyll_runner: [argyll] Re-seeding
2026-09-07 08:11:23,917 [DEBUG] core.argyll_runner: [argyll] It 13: Maxmv = 0.028835, MinPoint = 10.429, Min = 9.578, Avg. = 12.696, Max = 15.313, 0.0 secs.
2026-09-07 08:11:23,917 [DEBUG] core.argyll_runner: [argyll] Re-seeding
2026-09-07 08:11:23,917 [DEBUG] core.argyll_runner: [argyll] It 14: Maxmv = 0.026673, MinPoint = 10.429, Min = 9.498, Avg. = 12.689, Max = 15.012, 0.0 secs.
2026-09-07 08:11:23,917 [DEBUG] core.argyll_runner: [argyll] Re-seeding
2026-09-07 08:11:23,918 [DEBUG] core.argyll_runner: [argyll] It 15: Maxmv = 0.019550, MinPoint = 10.429, Min = 9.590, Avg. = 12.685, Max = 15.130, 0.0 secs.
2026-09-07 08:11:23,918 [DEBUG] core.argyll_runner: [argyll] Re-seeding
2026-09-07 08:11:23,918 [DEBUG] core.argyll_runner: [argyll] It 16: Maxmv = 0.012864, MinPoint = 10.429, Min = 9.543, Avg. = 12.679, Max = 15.160, 0.0 secs.
2026-09-07 08:11:23,918 [DEBUG] core.argyll_runner: [argyll] Re-seeding
2026-09-07 08:11:23,919 [DEBUG] core.argyll_runner: [argyll] It 17: Maxmv = 0.010460, MinPoint = 10.429, Min = 9.475, Avg. = 12.673, Max = 15.317, 0.0 secs.
2026-09-07 08:11:23,919 [DEBUG] core.argyll_runner: [argyll] Re-seeding
2026-09-07 08:11:23,919 [DEBUG] core.argyll_runner: [argyll] It 18: Maxmv = 0.006328, MinPoint = 10.429, Min = 9.452, Avg. = 12.674, Max = 15.410, 0.0 secs.
2026-09-07 08:11:23,919 [DEBUG] core.argyll_runner: [argyll] Re-seeding
2026-09-07 08:11:23,920 [DEBUG] core.argyll_runner: [argyll] It 19: Maxmv = 0.002174, MinPoint = 10.429, Min = 9.433, Avg. = 12.672, Max = 15.445, 0.0 secs.
2026-09-07 08:11:23,920 [DEBUG] core.argyll_runner: [argyll] Re-seeding
2026-09-07 08:11:23,920 [DEBUG] core.argyll_runner: [argyll] It 20: Maxmv = 0.002136, MinPoint = 10.429, Min = 9.414, Avg. = 12.675, Max = 15.482, 0.0 secs.
2026-09-07 08:11:23,920 [DEBUG] core.argyll_runner: [argyll] After optimization: MinPoint = 10.429, Min = 9.414, Avg. = 12.675, Max = 15.482
2026-09-07 08:11:23,921 [DEBUG] core.argyll_runner: [argyll] Total number of patches = 300
2026-09-07 08:11:23,921 [DEBUG] core.argyll_runner: [argyll] Execution time = 0.492693 seconds
2026-09-07 08:11:23,921 [INFO] core.argyll_runner: ArgyllRunner: finished with code 0
2026-09-07 08:11:24,308 [DEBUG] workflow.chart_creator: Wrote channel sidecar A3-LayoutModes.channels.json: ['r', 'g', 'b']
2026-09-07 08:11:24,384 [DEBUG] ui.tiff_preview: TiffPreview: loaded 1 page(s)
2026-09-07 08:11:24,384 [INFO] ui.tabs.tab_chart: Preview loaded: 1 TIFF(s)
2026-09-07 08:11:24,610 [INFO] assess:   DIALOG expected [QMessageBox] '' -> clicked 'OK'
2026-09-07 08:11:24,790 [DEBUG] ui.tiff_preview: TiffPreview: loaded 1 page(s)
2026-09-07 08:11:24,791 [DEBUG] ui.tiff_preview: TiffPreview: loaded 1 page(s)
2026-09-07 08:11:24,796 [DEBUG] ui.tabs.tab_chart: create-chart settings written for run1 (40 parameters + ui state)
2026-09-07 08:11:25,780 [INFO] assess:   shot Screenshots/A3-layout-modes/m12-area-fixed300-after.png  (3400x2100)
2026-09-07 08:11:25,782 [INFO] assess:   json Test Runs/logs/d03_results.json
2026-09-07 08:11:25,782 [INFO] assess:     est_before={'total': 450, 'fillup': 9, 'page_patches': 450, 'rows': 25, 'cols': 18, 'pages': 1, 'patch': (8.33, 8.56), 'pitch': None}
    actual={'total': 304, 'fillup': 4, 'page_patches': 304, 'rows': 19, 'cols': 16, 'pages': 1, 'patch': (10.92, 11.51), 'pitch': None}
    est_after={'total': 325, 'fillup': 21, 'page_patches': 325, 'rows': 25, 'cols': 13, 'pages': 1, 'patch': (8.33, 8.56), 'pitch': None}
    margin_after='Margins: OK' notes=''
2026-09-07 08:11:25,782 [INFO] assess: --- m13-patchfirst-fixed300: patch-first, FIXED -f 300
2026-09-07 08:11:27,310 [DEBUG] core.settings: settings.set helper_markers_show = False
2026-09-07 08:11:27,310 [DEBUG] core.settings: settings.set helper_marker_edge_mm = 2.0
2026-09-07 08:11:27,310 [DEBUG] core.settings: settings.set helper_marker_len_mm = 2.0
2026-09-07 08:11:27,310 [DEBUG] core.settings: settings.set helper_marker_per_patch = 3
2026-09-07 08:11:27,310 [DEBUG] core.settings: settings.set helper_markers_top_bottom = True
2026-09-07 08:11:27,310 [DEBUG] core.settings: settings.set helper_markers_sides = True
2026-09-07 08:11:28,357 [INFO] assess:   shot Screenshots/A3-layout-modes/m13-patchfirst-fixed300-before.png  (3400x2100)
2026-09-07 08:11:28,357 [INFO] assess:   armed: dialog ~'quite fill' -> click 'OK' 
2026-09-07 08:11:28,357 [INFO] assess:   armed: dialog ~'already' -> click 'Continue this project' 
2026-09-07 08:11:28,358 [INFO] ui.tabs.tab_chart: chart build (Generate Chart) in manual: patch set targen | manual panel: A4, 0x0 grid, margins T38.0 R9.0 B19.0 L26.0
2026-09-07 08:11:28,358 [DEBUG] core.settings: settings.set session_ti3_path = ''
2026-09-07 08:11:28,358 [DEBUG] core.settings: settings.set session_icc_path = ''
2026-09-07 08:11:28,358 [DEBUG] core.settings: settings.set session_cal_ti3_path = ''
2026-09-07 08:11:28,359 [DEBUG] core.file_manager: Target name set to: A3-LayoutModes (root /Users/Basti/ChromIQ-assessment/A3-LayoutModes)
2026-09-07 08:11:28,359 [INFO] core.file_manager: opened the EXISTING project at /Users/Basti/ChromIQ-assessment/A3-LayoutModes (1 run(s) on disk)
2026-09-07 08:11:28,361 [INFO] workflow.chart_creator: Chart generation: 300 patches, instrument=i1 paper=A4 disable_lb=True
2026-09-07 08:11:28,361 [INFO] workflow.chart_creator: targen args: ['-v', '-d2', '-f300', '-e3', '-B3', '-G', '-g17', 'A3-LayoutModes']
2026-09-07 08:11:28,361 [INFO] core.argyll_runner: Run: /Applications/Argyll/bin/targen -v -d2 -f300 -e3 -B3 -G -g17 A3-LayoutModes  [cwd=/Users/Basti/ChromIQ-assessment/A3-LayoutModes/runs/run1]
2026-09-07 08:11:28,428 [DEBUG] core.argyll_runner: [argyll] iRGB test chart
2026-09-07 08:11:28,429 [DEBUG] core.argyll_runner: [argyll] White patches = 3
2026-09-07 08:11:28,429 [DEBUG] core.argyll_runner: [argyll] Black patches = 3
2026-09-07 08:11:28,429 [DEBUG] core.argyll_runner: [argyll] Composite Grey steps = 17
2026-09-07 08:11:28,429 [DEBUG] core.argyll_runner: [argyll] Full spread patches = 300
2026-09-07 08:11:28,429 [DEBUG] core.argyll_runner: [argyll] Degree of adaptation: 0.100
2026-09-07 08:11:28,429 [DEBUG] core.argyll_runner: [argyll] Adaptation weights: Device = 0.935, Perceptual = 0.065, Curvature = 0.010
2026-09-07 08:11:28,429 [DEBUG] core.argyll_runner: [argyll] Perceptual cache resolution = 7
2026-09-07 08:11:28,430 [DEBUG] core.argyll_runner: [argyll] Seeding cache...done
2026-09-07 08:11:28,430 [DEBUG] core.argyll_runner: [argyll] Acceleration grid res = 7
2026-09-07 08:11:28,430 [DEBUG] core.argyll_runner: [argyll] 
2026-09-07 08:11:28,430 [DEBUG] core.argyll_runner: [argyll] There are 17 unique fixed points to add (21 total fixed points)
2026-09-07 08:11:28,430 [DEBUG] core.argyll_runner: [argyll] There are 279 far spread points to add
2026-09-07 08:11:28,430 [DEBUG] core.argyll_runner: [argyll] 
2026-09-07 08:11:28,431 [DEBUG] core.argyll_runner: [argyll] Added 12/296
2026-09-07 08:11:28,431 [DEBUG] core.argyll_runner: [argyll] Added 23/296
2026-09-07 08:11:28,431 [DEBUG] core.argyll_runner: [argyll] Added 34/296
2026-09-07 08:11:28,431 [DEBUG] core.argyll_runner: [argyll] Added 45/296
2026-09-07 08:11:28,432 [DEBUG] core.argyll_runner: [argyll] Added 56/296
2026-09-07 08:11:28,432 [DEBUG] core.argyll_runner: [argyll] Added 67/296
2026-09-07 08:11:28,433 [DEBUG] core.argyll_runner: [argyll] Added 78/296
2026-09-07 08:11:28,434 [DEBUG] core.argyll_runner: [argyll] Added 89/296
2026-09-07 08:11:28,435 [DEBUG] core.argyll_runner: [argyll] Added 100/296
2026-09-07 08:11:28,436 [DEBUG] core.argyll_runner: [argyll] Added 111/296
2026-09-07 08:11:28,437 [DEBUG] core.argyll_runner: [argyll] Added 122/296
2026-09-07 08:11:28,438 [DEBUG] core.argyll_runner: [argyll] Added 133/296
2026-09-07 08:11:28,439 [DEBUG] core.argyll_runner: [argyll] Added 144/296
2026-09-07 08:11:28,441 [DEBUG] core.argyll_runner: [argyll] Added 155/296
2026-09-07 08:11:28,443 [DEBUG] core.argyll_runner: [argyll] Added 166/296
2026-09-07 08:11:28,445 [DEBUG] core.argyll_runner: [argyll] Added 177/296
2026-09-07 08:11:28,459 [DEBUG] core.argyll_runner: [argyll] 
2026-09-07 08:11:28,460 [DEBUG] core.argyll_runner: [argyll] Added 188/296
2026-09-07 08:11:28,460 [DEBUG] core.argyll_runner: [argyll] Added 199/296
2026-09-07 08:11:28,460 [DEBUG] core.argyll_runner: [argyll] Added 210/296
2026-09-07 08:11:28,461 [DEBUG] core.argyll_runner: [argyll] Added 221/296
2026-09-07 08:11:28,461 [DEBUG] core.argyll_runner: [argyll] Added 232/296
2026-09-07 08:11:28,462 [DEBUG] core.argyll_runner: [argyll] Added 243/296
2026-09-07 08:11:28,462 [DEBUG] core.argyll_runner: [argyll] Added 254/296
2026-09-07 08:11:28,463 [DEBUG] core.argyll_runner: [argyll] Added 265/296
2026-09-07 08:11:28,464 [DEBUG] core.argyll_runner: [argyll] Added 276/296
2026-09-07 08:11:28,466 [DEBUG] core.argyll_runner: [argyll] Added 287/296
2026-09-07 08:11:28,467 [DEBUG] core.argyll_runner: [argyll] Added 296/296
2026-09-07 08:11:28,912 [DEBUG] core.argyll_runner: [argyll] 
2026-09-07 08:11:28,913 [DEBUG] core.argyll_runner: [argyll] After seeding points: MinPoint = 3.847, Min = 5.284, Avg. = 13.258, Max = 16.725, 0.0 secs
2026-09-07 08:11:28,913 [DEBUG] core.argyll_runner: [argyll] Re-seeding
2026-09-07 08:11:28,914 [DEBUG] core.argyll_runner: [argyll] It 1: Maxmv = 0.135022, MinPoint = 4.062, Min = 5.851, Avg. = 13.327, Max = 17.919, 0.0 secs.
2026-09-07 08:11:28,914 [DEBUG] core.argyll_runner: [argyll] Re-seeding
2026-09-07 08:11:28,914 [DEBUG] core.argyll_runner: [argyll] It 2: Maxmv = 0.097942, MinPoint = 5.856, Min = 6.115, Avg. = 13.230, Max = 17.114, 0.0 secs.
2026-09-07 08:11:28,914 [DEBUG] core.argyll_runner: [argyll] Re-seeding
2026-09-07 08:11:28,915 [DEBUG] core.argyll_runner: [argyll] It 3: Maxmv = 0.093783, MinPoint = 8.418, Min = 7.548, Avg. = 13.074, Max = 17.417, 0.0 secs.
2026-09-07 08:11:28,915 [DEBUG] core.argyll_runner: [argyll] Re-seeding
2026-09-07 08:11:28,915 [DEBUG] core.argyll_runner: [argyll] It 4: Maxmv = 0.077311, MinPoint = 4.821, Min = 7.877, Avg. = 12.984, Max = 16.708, 0.0 secs.
2026-09-07 08:11:28,915 [DEBUG] core.argyll_runner: [argyll] Re-seeding
2026-09-07 08:11:28,916 [DEBUG] core.argyll_runner: [argyll] It 5: Maxmv = 0.089221, MinPoint = 7.387, Min = 8.104, Avg. = 12.930, Max = 16.445, 0.0 secs.
2026-09-07 08:11:28,916 [DEBUG] core.argyll_runner: [argyll] Re-seeding
2026-09-07 08:11:28,916 [DEBUG] core.argyll_runner: [argyll] It 6: Maxmv = 0.069757, MinPoint = 6.241, Min = 7.119, Avg. = 12.852, Max = 15.841, 0.0 secs.
2026-09-07 08:11:28,916 [DEBUG] core.argyll_runner: [argyll] Re-seeding
2026-09-07 08:11:28,917 [DEBUG] core.argyll_runner: [argyll] It 7: Maxmv = 0.075299, MinPoint = 9.140, Min = 9.050, Avg. = 12.827, Max = 16.313, 0.0 secs.
2026-09-07 08:11:28,917 [DEBUG] core.argyll_runner: [argyll] Re-seeding
2026-09-07 08:11:28,917 [DEBUG] core.argyll_runner: [argyll] It 8: Maxmv = 0.054404, MinPoint = 10.429, Min = 8.418, Avg. = 12.811, Max = 16.222, 0.0 secs.
2026-09-07 08:11:28,917 [DEBUG] core.argyll_runner: [argyll] Re-seeding
2026-09-07 08:11:28,918 [DEBUG] core.argyll_runner: [argyll] It 9: Maxmv = 0.047499, MinPoint = 10.429, Min = 9.367, Avg. = 12.768, Max = 15.738, 0.0 secs.
2026-09-07 08:11:28,918 [DEBUG] core.argyll_runner: [argyll] Re-seeding
2026-09-07 08:11:28,918 [DEBUG] core.argyll_runner: [argyll] It 10: Maxmv = 0.046922, MinPoint = 10.429, Min = 8.596, Avg. = 12.729, Max = 15.473, 0.0 secs.
2026-09-07 08:11:28,918 [DEBUG] core.argyll_runner: [argyll] Re-seeding
2026-09-07 08:11:28,919 [DEBUG] core.argyll_runner: [argyll] It 11: Maxmv = 0.040487, MinPoint = 10.429, Min = 9.479, Avg. = 12.721, Max = 15.481, 0.0 secs.
2026-09-07 08:11:28,919 [DEBUG] core.argyll_runner: [argyll] Re-seeding
2026-09-07 08:11:28,919 [DEBUG] core.argyll_runner: [argyll] It 12: Maxmv = 0.036408, MinPoint = 10.429, Min = 9.329, Avg. = 12.699, Max = 15.408, 0.0 secs.
2026-09-07 08:11:28,919 [DEBUG] core.argyll_runner: [argyll] Re-seeding
2026-09-07 08:11:28,920 [DEBUG] core.argyll_runner: [argyll] It 13: Maxmv = 0.028835, MinPoint = 10.429, Min = 9.578, Avg. = 12.696, Max = 15.313, 0.0 secs.
2026-09-07 08:11:28,920 [DEBUG] core.argyll_runner: [argyll] Re-seeding
2026-09-07 08:11:28,920 [DEBUG] core.argyll_runner: [argyll] It 14: Maxmv = 0.026673, MinPoint = 10.429, Min = 9.498, Avg. = 12.689, Max = 15.012, 0.0 secs.
2026-09-07 08:11:28,920 [DEBUG] core.argyll_runner: [argyll] Re-seeding
2026-09-07 08:11:28,921 [DEBUG] core.argyll_runner: [argyll] It 15: Maxmv = 0.019550, MinPoint = 10.429, Min = 9.590, Avg. = 12.685, Max = 15.130, 0.0 secs.
2026-09-07 08:11:28,921 [DEBUG] core.argyll_runner: [argyll] Re-seeding
2026-09-07 08:11:28,921 [DEBUG] core.argyll_runner: [argyll] It 16: Maxmv = 0.012864, MinPoint = 10.429, Min = 9.543, Avg. = 12.679, Max = 15.160, 0.0 secs.
2026-09-07 08:11:28,921 [DEBUG] core.argyll_runner: [argyll] Re-seeding
2026-09-07 08:11:28,922 [DEBUG] core.argyll_runner: [argyll] It 17: Maxmv = 0.010460, MinPoint = 10.429, Min = 9.475, Avg. = 12.673, Max = 15.317, 0.0 secs.
2026-09-07 08:11:28,922 [DEBUG] core.argyll_runner: [argyll] Re-seeding
2026-09-07 08:11:28,922 [DEBUG] core.argyll_runner: [argyll] It 18: Maxmv = 0.006328, MinPoint = 10.429, Min = 9.452, Avg. = 12.674, Max = 15.410, 0.0 secs.
2026-09-07 08:11:28,922 [DEBUG] core.argyll_runner: [argyll] Re-seeding
2026-09-07 08:11:28,923 [DEBUG] core.argyll_runner: [argyll] It 19: Maxmv = 0.002174, MinPoint = 10.429, Min = 9.433, Avg. = 12.672, Max = 15.445, 0.0 secs.
2026-09-07 08:11:28,923 [DEBUG] core.argyll_runner: [argyll] Re-seeding
2026-09-07 08:11:28,923 [DEBUG] core.argyll_runner: [argyll] It 20: Maxmv = 0.002136, MinPoint = 10.429, Min = 9.414, Avg. = 12.675, Max = 15.482, 0.0 secs.
2026-09-07 08:11:28,923 [DEBUG] core.argyll_runner: [argyll] After optimization: MinPoint = 10.429, Min = 9.414, Avg. = 12.675, Max = 15.482
2026-09-07 08:11:28,924 [DEBUG] core.argyll_runner: [argyll] Total number of patches = 300
2026-09-07 08:11:28,924 [DEBUG] core.argyll_runner: [argyll] Execution time = 0.492454 seconds
2026-09-07 08:11:28,924 [INFO] core.argyll_runner: ArgyllRunner: finished with code 0
2026-09-07 08:11:28,975 [DEBUG] workflow.chart_creator: Wrote channel sidecar A3-LayoutModes.channels.json: ['r', 'g', 'b']
2026-09-07 08:11:29,054 [DEBUG] ui.tiff_preview: TiffPreview: loaded 1 page(s)
2026-09-07 08:11:29,054 [INFO] ui.tabs.tab_chart: Preview loaded: 1 TIFF(s)
2026-09-07 08:11:29,241 [INFO] assess:   DIALOG expected [QMessageBox] '' -> clicked 'OK'
2026-09-07 08:11:29,381 [DEBUG] ui.tiff_preview: TiffPreview: loaded 1 page(s)
2026-09-07 08:11:29,383 [DEBUG] ui.tiff_preview: TiffPreview: loaded 1 page(s)
2026-09-07 08:11:29,388 [DEBUG] ui.tabs.tab_chart: create-chart settings written for run1 (40 parameters + ui state)
2026-09-07 08:11:30,374 [INFO] assess:   shot Screenshots/A3-layout-modes/m13-patchfirst-fixed300-after.png  (3400x2100)
2026-09-07 08:11:30,377 [INFO] assess:   json Test Runs/logs/d03_results.json
2026-09-07 08:11:30,377 [INFO] assess:     est_before={'total': 315, 'fillup': 11, 'page_patches': 315, 'rows': 21, 'cols': 15, 'pages': 1, 'patch': (8.0, 10.0), 'pitch': None}
    actual={'total': 315, 'fillup': 15, 'page_patches': 315, 'rows': 21, 'cols': 15, 'pages': 1, 'patch': (8.04, 9.99), 'pitch': None}
    est_after={'total': 315, 'fillup': 0, 'page_patches': 315, 'rows': 21, 'cols': 15, 'pages': 1, 'patch': (8.0, 10.0), 'pitch': None}
    margin_after='Margins: OK' notes=''
2026-09-07 08:11:30,377 [INFO] assess: --- m14-grid12x18-fixed300: by grid 12x18 pinned, FIXED -f 300
2026-09-07 08:11:30,437 [DEBUG] core.settings: settings.set helper_markers_show = False
2026-09-07 08:11:30,437 [DEBUG] core.settings: settings.set helper_marker_edge_mm = 2.0
2026-09-07 08:11:30,437 [DEBUG] core.settings: settings.set helper_marker_len_mm = 2.0
2026-09-07 08:11:30,437 [DEBUG] core.settings: settings.set helper_marker_per_patch = 3
2026-09-07 08:11:30,437 [DEBUG] core.settings: settings.set helper_markers_top_bottom = True
2026-09-07 08:11:30,437 [DEBUG] core.settings: settings.set helper_markers_sides = True
2026-09-07 08:11:32,021 [DEBUG] core.settings: settings.set helper_markers_show = False
2026-09-07 08:11:32,021 [DEBUG] core.settings: settings.set helper_marker_edge_mm = 2.0
2026-09-07 08:11:32,021 [DEBUG] core.settings: settings.set helper_marker_len_mm = 2.0
2026-09-07 08:11:32,021 [DEBUG] core.settings: settings.set helper_marker_per_patch = 3
2026-09-07 08:11:32,021 [DEBUG] core.settings: settings.set helper_markers_top_bottom = True
2026-09-07 08:11:32,021 [DEBUG] core.settings: settings.set helper_markers_sides = True
2026-09-07 08:11:32,264 [DEBUG] core.settings: settings.set helper_markers_show = False
2026-09-07 08:11:32,264 [DEBUG] core.settings: settings.set helper_marker_edge_mm = 2.0
2026-09-07 08:11:32,264 [DEBUG] core.settings: settings.set helper_marker_len_mm = 2.0
2026-09-07 08:11:32,264 [DEBUG] core.settings: settings.set helper_marker_per_patch = 3
2026-09-07 08:11:32,264 [DEBUG] core.settings: settings.set helper_markers_top_bottom = True
2026-09-07 08:11:32,264 [DEBUG] core.settings: settings.set helper_markers_sides = True
2026-09-07 08:11:32,468 [DEBUG] core.settings: settings.set helper_markers_show = False
2026-09-07 08:11:32,468 [DEBUG] core.settings: settings.set helper_marker_edge_mm = 2.0
2026-09-07 08:11:32,468 [DEBUG] core.settings: settings.set helper_marker_len_mm = 2.0
2026-09-07 08:11:32,468 [DEBUG] core.settings: settings.set helper_marker_per_patch = 3
2026-09-07 08:11:32,468 [DEBUG] core.settings: settings.set helper_markers_top_bottom = True
2026-09-07 08:11:32,468 [DEBUG] core.settings: settings.set helper_markers_sides = True
2026-09-07 08:11:33,458 [INFO] assess:   shot Screenshots/A3-layout-modes/m14-grid12x18-fixed300-before.png  (3400x2100)
2026-09-07 08:11:33,459 [INFO] assess:   armed: dialog ~'quite fill' -> click 'OK' 
2026-09-07 08:11:33,459 [INFO] assess:   armed: dialog ~'already' -> click 'Continue this project' 
2026-09-07 08:11:33,459 [INFO] ui.tabs.tab_chart: chart build (Generate Chart) in manual: patch set targen | manual panel: A4, 12x18 grid, margins T38.0 R9.0 B19.0 L26.0
2026-09-07 08:11:33,459 [DEBUG] core.settings: settings.set session_ti3_path = ''
2026-09-07 08:11:33,459 [DEBUG] core.settings: settings.set session_icc_path = ''
2026-09-07 08:11:33,459 [DEBUG] core.settings: settings.set session_cal_ti3_path = ''
2026-09-07 08:11:33,460 [DEBUG] core.file_manager: Target name set to: A3-LayoutModes (root /Users/Basti/ChromIQ-assessment/A3-LayoutModes)
2026-09-07 08:11:33,460 [INFO] core.file_manager: opened the EXISTING project at /Users/Basti/ChromIQ-assessment/A3-LayoutModes (1 run(s) on disk)
2026-09-07 08:11:33,461 [INFO] workflow.chart_creator: Chart generation: 300 patches, instrument=i1 paper=A4 disable_lb=True
2026-09-07 08:11:33,461 [INFO] workflow.chart_creator: targen args: ['-v', '-d2', '-f300', '-e3', '-B3', '-G', '-g17', 'A3-LayoutModes']
2026-09-07 08:11:33,461 [INFO] core.argyll_runner: Run: /Applications/Argyll/bin/targen -v -d2 -f300 -e3 -B3 -G -g17 A3-LayoutModes  [cwd=/Users/Basti/ChromIQ-assessment/A3-LayoutModes/runs/run1]
2026-09-07 08:11:33,528 [DEBUG] core.argyll_runner: [argyll] iRGB test chart
2026-09-07 08:11:33,528 [DEBUG] core.argyll_runner: [argyll] White patches = 3
2026-09-07 08:11:33,528 [DEBUG] core.argyll_runner: [argyll] Black patches = 3
2026-09-07 08:11:33,528 [DEBUG] core.argyll_runner: [argyll] Composite Grey steps = 17
2026-09-07 08:11:33,529 [DEBUG] core.argyll_runner: [argyll] Full spread patches = 300
2026-09-07 08:11:33,529 [DEBUG] core.argyll_runner: [argyll] Degree of adaptation: 0.100
2026-09-07 08:11:33,529 [DEBUG] core.argyll_runner: [argyll] Adaptation weights: Device = 0.935, Perceptual = 0.065, Curvature = 0.010
2026-09-07 08:11:33,529 [DEBUG] core.argyll_runner: [argyll] Perceptual cache resolution = 7
2026-09-07 08:11:33,529 [DEBUG] core.argyll_runner: [argyll] Seeding cache...done
2026-09-07 08:11:33,530 [DEBUG] core.argyll_runner: [argyll] Acceleration grid res = 7
2026-09-07 08:11:33,530 [DEBUG] core.argyll_runner: [argyll] 
2026-09-07 08:11:33,530 [DEBUG] core.argyll_runner: [argyll] There are 17 unique fixed points to add (21 total fixed points)
2026-09-07 08:11:33,530 [DEBUG] core.argyll_runner: [argyll] There are 279 far spread points to add
2026-09-07 08:11:33,530 [DEBUG] core.argyll_runner: [argyll] 
2026-09-07 08:11:33,530 [DEBUG] core.argyll_runner: [argyll] Added 12/296
2026-09-07 08:11:33,530 [DEBUG] core.argyll_runner: [argyll] Added 23/296
2026-09-07 08:11:33,531 [DEBUG] core.argyll_runner: [argyll] Added 34/296
2026-09-07 08:11:33,531 [DEBUG] core.argyll_runner: [argyll] Added 45/296
2026-09-07 08:11:33,531 [DEBUG] core.argyll_runner: [argyll] Added 56/296
2026-09-07 08:11:33,532 [DEBUG] core.argyll_runner: [argyll] Added 67/296
2026-09-07 08:11:33,532 [DEBUG] core.argyll_runner: [argyll] Added 78/296
2026-09-07 08:11:33,533 [DEBUG] core.argyll_runner: [argyll] Added 89/296
2026-09-07 08:11:33,534 [DEBUG] core.argyll_runner: [argyll] Added 100/296
2026-09-07 08:11:33,535 [DEBUG] core.argyll_runner: [argyll] Added 111/296
2026-09-07 08:11:33,536 [DEBUG] core.argyll_runner: [argyll] Added 122/296
2026-09-07 08:11:33,538 [DEBUG] core.argyll_runner: [argyll] Added 133/296
2026-09-07 08:11:33,539 [DEBUG] core.argyll_runner: [argyll] Added 144/296
2026-09-07 08:11:33,541 [DEBUG] core.argyll_runner: [argyll] Added 155/296
2026-09-07 08:11:33,542 [DEBUG] core.argyll_runner: [argyll] Added 166/296
2026-09-07 08:11:33,564 [DEBUG] core.argyll_runner: [argyll] 
2026-09-07 08:11:33,565 [DEBUG] core.argyll_runner: [argyll] Added 177/296
2026-09-07 08:11:33,565 [DEBUG] core.argyll_runner: [argyll] Added 188/296
2026-09-07 08:11:33,565 [DEBUG] core.argyll_runner: [argyll] Added 199/296
2026-09-07 08:11:33,565 [DEBUG] core.argyll_runner: [argyll] Added 210/296
2026-09-07 08:11:33,566 [DEBUG] core.argyll_runner: [argyll] Added 221/296
2026-09-07 08:11:33,567 [DEBUG] core.argyll_runner: [argyll] Added 232/296
2026-09-07 08:11:33,567 [DEBUG] core.argyll_runner: [argyll] Added 243/296
2026-09-07 08:11:33,568 [DEBUG] core.argyll_runner: [argyll] Added 254/296
2026-09-07 08:11:33,569 [DEBUG] core.argyll_runner: [argyll] Added 265/296
2026-09-07 08:11:33,570 [DEBUG] core.argyll_runner: [argyll] Added 276/296
2026-09-07 08:11:33,572 [DEBUG] core.argyll_runner: [argyll] Added 287/296
2026-09-07 08:11:33,573 [DEBUG] core.argyll_runner: [argyll] Added 296/296
2026-09-07 08:11:33,998 [DEBUG] core.argyll_runner: [argyll] 
2026-09-07 08:11:33,999 [DEBUG] core.argyll_runner: [argyll] After seeding points: MinPoint = 3.847, Min = 5.284, Avg. = 13.258, Max = 16.725, 0.0 secs
2026-09-07 08:11:33,999 [DEBUG] core.argyll_runner: [argyll] Re-seeding
2026-09-07 08:11:33,999 [DEBUG] core.argyll_runner: [argyll] It 1: Maxmv = 0.135022, MinPoint = 4.062, Min = 5.851, Avg. = 13.327, Max = 17.919, 0.0 secs.
2026-09-07 08:11:34,000 [DEBUG] core.argyll_runner: [argyll] Re-seeding
2026-09-07 08:11:34,000 [DEBUG] core.argyll_runner: [argyll] It 2: Maxmv = 0.097942, MinPoint = 5.856, Min = 6.115, Avg. = 13.230, Max = 17.114, 0.0 secs.
2026-09-07 08:11:34,000 [DEBUG] core.argyll_runner: [argyll] Re-seeding
2026-09-07 08:11:34,000 [DEBUG] core.argyll_runner: [argyll] It 3: Maxmv = 0.093783, MinPoint = 8.418, Min = 7.548, Avg. = 13.074, Max = 17.417, 0.0 secs.
2026-09-07 08:11:34,000 [DEBUG] core.argyll_runner: [argyll] Re-seeding
2026-09-07 08:11:34,001 [DEBUG] core.argyll_runner: [argyll] It 4: Maxmv = 0.077311, MinPoint = 4.821, Min = 7.877, Avg. = 12.984, Max = 16.708, 0.0 secs.
2026-09-07 08:11:34,001 [DEBUG] core.argyll_runner: [argyll] Re-seeding
2026-09-07 08:11:34,001 [DEBUG] core.argyll_runner: [argyll] It 5: Maxmv = 0.089221, MinPoint = 7.387, Min = 8.104, Avg. = 12.930, Max = 16.445, 0.0 secs.
2026-09-07 08:11:34,001 [DEBUG] core.argyll_runner: [argyll] Re-seeding
2026-09-07 08:11:34,002 [DEBUG] core.argyll_runner: [argyll] It 6: Maxmv = 0.069757, MinPoint = 6.241, Min = 7.119, Avg. = 12.852, Max = 15.841, 0.0 secs.
2026-09-07 08:11:34,002 [DEBUG] core.argyll_runner: [argyll] Re-seeding
2026-09-07 08:11:34,002 [DEBUG] core.argyll_runner: [argyll] It 7: Maxmv = 0.075299, MinPoint = 9.140, Min = 9.050, Avg. = 12.827, Max = 16.313, 0.0 secs.
2026-09-07 08:11:34,002 [DEBUG] core.argyll_runner: [argyll] Re-seeding
2026-09-07 08:11:34,002 [DEBUG] core.argyll_runner: [argyll] It 8: Maxmv = 0.054404, MinPoint = 10.429, Min = 8.418, Avg. = 12.811, Max = 16.222, 0.0 secs.
2026-09-07 08:11:34,003 [DEBUG] core.argyll_runner: [argyll] Re-seeding
2026-09-07 08:11:34,003 [DEBUG] core.argyll_runner: [argyll] It 9: Maxmv = 0.047499, MinPoint = 10.429, Min = 9.367, Avg. = 12.768, Max = 15.738, 0.0 secs.
2026-09-07 08:11:34,003 [DEBUG] core.argyll_runner: [argyll] Re-seeding
2026-09-07 08:11:34,003 [DEBUG] core.argyll_runner: [argyll] It 10: Maxmv = 0.046922, MinPoint = 10.429, Min = 8.596, Avg. = 12.729, Max = 15.473, 0.0 secs.
2026-09-07 08:11:34,004 [DEBUG] core.argyll_runner: [argyll] Re-seeding
2026-09-07 08:11:34,004 [DEBUG] core.argyll_runner: [argyll] It 11: Maxmv = 0.040487, MinPoint = 10.429, Min = 9.479, Avg. = 12.721, Max = 15.481, 0.0 secs.
2026-09-07 08:11:34,004 [DEBUG] core.argyll_runner: [argyll] Re-seeding
2026-09-07 08:11:34,004 [DEBUG] core.argyll_runner: [argyll] It 12: Maxmv = 0.036408, MinPoint = 10.429, Min = 9.329, Avg. = 12.699, Max = 15.408, 0.0 secs.
2026-09-07 08:11:34,005 [DEBUG] core.argyll_runner: [argyll] Re-seeding
2026-09-07 08:11:34,005 [DEBUG] core.argyll_runner: [argyll] It 13: Maxmv = 0.028835, MinPoint = 10.429, Min = 9.578, Avg. = 12.696, Max = 15.313, 0.0 secs.
2026-09-07 08:11:34,005 [DEBUG] core.argyll_runner: [argyll] Re-seeding
2026-09-07 08:11:34,005 [DEBUG] core.argyll_runner: [argyll] It 14: Maxmv = 0.026673, MinPoint = 10.429, Min = 9.498, Avg. = 12.689, Max = 15.012, 0.0 secs.
2026-09-07 08:11:34,006 [DEBUG] core.argyll_runner: [argyll] Re-seeding
2026-09-07 08:11:34,006 [DEBUG] core.argyll_runner: [argyll] It 15: Maxmv = 0.019550, MinPoint = 10.429, Min = 9.590, Avg. = 12.685, Max = 15.130, 0.0 secs.
2026-09-07 08:11:34,006 [DEBUG] core.argyll_runner: [argyll] Re-seeding
2026-09-07 08:11:34,006 [DEBUG] core.argyll_runner: [argyll] It 16: Maxmv = 0.012864, MinPoint = 10.429, Min = 9.543, Avg. = 12.679, Max = 15.160, 0.0 secs.
2026-09-07 08:11:34,007 [DEBUG] core.argyll_runner: [argyll] Re-seeding
2026-09-07 08:11:34,007 [DEBUG] core.argyll_runner: [argyll] It 17: Maxmv = 0.010460, MinPoint = 10.429, Min = 9.475, Avg. = 12.673, Max = 15.317, 0.0 secs.
2026-09-07 08:11:34,007 [DEBUG] core.argyll_runner: [argyll] Re-seeding
2026-09-07 08:11:34,007 [DEBUG] core.argyll_runner: [argyll] It 18: Maxmv = 0.006328, MinPoint = 10.429, Min = 9.452, Avg. = 12.674, Max = 15.410, 0.0 secs.
2026-09-07 08:11:34,007 [DEBUG] core.argyll_runner: [argyll] Re-seeding
2026-09-07 08:11:34,008 [DEBUG] core.argyll_runner: [argyll] It 19: Maxmv = 0.002174, MinPoint = 10.429, Min = 9.433, Avg. = 12.672, Max = 15.445, 0.0 secs.
2026-09-07 08:11:34,008 [DEBUG] core.argyll_runner: [argyll] Re-seeding
2026-09-07 08:11:34,008 [DEBUG] core.argyll_runner: [argyll] It 20: Maxmv = 0.002136, MinPoint = 10.429, Min = 9.414, Avg. = 12.675, Max = 15.482, 0.0 secs.
2026-09-07 08:11:34,008 [DEBUG] core.argyll_runner: [argyll] After optimization: MinPoint = 10.429, Min = 9.414, Avg. = 12.675, Max = 15.482
2026-09-07 08:11:34,009 [DEBUG] core.argyll_runner: [argyll] Total number of patches = 300
2026-09-07 08:11:34,009 [DEBUG] core.argyll_runner: [argyll] Execution time = 0.490803 seconds
2026-09-07 08:11:34,022 [INFO] core.argyll_runner: ArgyllRunner: finished with code 0
2026-09-07 08:11:34,135 [DEBUG] workflow.chart_creator: Wrote channel sidecar A3-LayoutModes.channels.json: ['r', 'g', 'b']
2026-09-07 08:11:34,297 [DEBUG] ui.tiff_preview: TiffPreview: loaded 2 page(s)
2026-09-07 08:11:34,297 [INFO] ui.tabs.tab_chart: Preview loaded: 2 TIFF(s)
2026-09-07 08:11:34,358 [DEBUG] ui.tiff_preview: TiffPreview: loaded 2 page(s)
2026-09-07 08:11:34,359 [DEBUG] ui.tiff_preview: TiffPreview: loaded 2 page(s)
2026-09-07 08:11:34,363 [DEBUG] ui.tabs.tab_chart: create-chart settings written for run1 (40 parameters + ui state)
2026-09-07 08:11:36,145 [INFO] assess:   shot Screenshots/A3-layout-modes/m14-grid12x18-fixed300-after.png  (3400x2100)
2026-09-07 08:11:36,147 [INFO] assess:   json Test Runs/logs/d03_results.json
2026-09-07 08:11:36,147 [INFO] assess:     est_before={'total': 324, 'fillup': 9, 'page_patches': 216, 'rows': 18, 'cols': 12, 'pages': 2, 'patch': (14.58, 12.27), 'pitch': None}
    actual={'total': 306, 'fillup': 6, 'page_patches': 216, 'rows': 18, 'cols': 12, 'pages': 2, 'patch': (14.56, 12.28), 'pitch': None}
    est_after={'total': 306, 'fillup': 0, 'page_patches': 216, 'rows': 18, 'cols': 12, 'pages': 2, 'patch': (14.58, 12.27), 'pitch': None}
    margin_after='Margins: OK' notes=''
2026-09-07 08:11:36,383 [INFO] assess: --- g01-own-6666: own margins 6/6/6/6, instrument margins off
2026-09-07 08:11:36,631 [DEBUG] core.settings: settings.set helper_markers_show = False
2026-09-07 08:11:36,631 [DEBUG] core.settings: settings.set helper_marker_edge_mm = 2.0
2026-09-07 08:11:36,631 [DEBUG] core.settings: settings.set helper_marker_len_mm = 2.0
2026-09-07 08:11:36,631 [DEBUG] core.settings: settings.set helper_marker_per_patch = 3
2026-09-07 08:11:36,631 [DEBUG] core.settings: settings.set helper_markers_top_bottom = True
2026-09-07 08:11:36,631 [DEBUG] core.settings: settings.set helper_markers_sides = True
2026-09-07 08:11:37,130 [DEBUG] core.settings: settings.set helper_markers_show = False
2026-09-07 08:11:37,130 [DEBUG] core.settings: settings.set helper_marker_edge_mm = 2.0
2026-09-07 08:11:37,130 [DEBUG] core.settings: settings.set helper_marker_len_mm = 2.0
2026-09-07 08:11:37,130 [DEBUG] core.settings: settings.set helper_marker_per_patch = 3
2026-09-07 08:11:37,130 [DEBUG] core.settings: settings.set helper_markers_top_bottom = True
2026-09-07 08:11:37,130 [DEBUG] core.settings: settings.set helper_markers_sides = True
2026-09-07 08:11:37,333 [DEBUG] core.settings: settings.set helper_markers_show = False
2026-09-07 08:11:37,333 [DEBUG] core.settings: settings.set helper_marker_edge_mm = 2.0
2026-09-07 08:11:37,333 [DEBUG] core.settings: settings.set helper_marker_len_mm = 2.0
2026-09-07 08:11:37,333 [DEBUG] core.settings: settings.set helper_marker_per_patch = 3
2026-09-07 08:11:37,333 [DEBUG] core.settings: settings.set helper_markers_top_bottom = True
2026-09-07 08:11:37,333 [DEBUG] core.settings: settings.set helper_markers_sides = True
2026-09-07 08:11:38,224 [DEBUG] core.settings: settings.set helper_markers_show = False
2026-09-07 08:11:38,224 [DEBUG] core.settings: settings.set helper_marker_edge_mm = 2.0
2026-09-07 08:11:38,224 [DEBUG] core.settings: settings.set helper_marker_len_mm = 2.0
2026-09-07 08:11:38,224 [DEBUG] core.settings: settings.set helper_marker_per_patch = 3
2026-09-07 08:11:38,224 [DEBUG] core.settings: settings.set helper_markers_top_bottom = True
2026-09-07 08:11:38,224 [DEBUG] core.settings: settings.set helper_markers_sides = True
2026-09-07 08:11:38,465 [DEBUG] core.settings: settings.set helper_markers_show = False
2026-09-07 08:11:38,465 [DEBUG] core.settings: settings.set helper_marker_edge_mm = 2.0
2026-09-07 08:11:38,465 [DEBUG] core.settings: settings.set helper_marker_len_mm = 2.0
2026-09-07 08:11:38,465 [DEBUG] core.settings: settings.set helper_marker_per_patch = 3
2026-09-07 08:11:38,465 [DEBUG] core.settings: settings.set helper_markers_top_bottom = True
2026-09-07 08:11:38,465 [DEBUG] core.settings: settings.set helper_markers_sides = True
2026-09-07 08:11:38,668 [DEBUG] core.settings: settings.set helper_markers_show = False
2026-09-07 08:11:38,668 [DEBUG] core.settings: settings.set helper_marker_edge_mm = 2.0
2026-09-07 08:11:38,668 [DEBUG] core.settings: settings.set helper_marker_len_mm = 2.0
2026-09-07 08:11:38,668 [DEBUG] core.settings: settings.set helper_marker_per_patch = 3
2026-09-07 08:11:38,668 [DEBUG] core.settings: settings.set helper_markers_top_bottom = True
2026-09-07 08:11:38,668 [DEBUG] core.settings: settings.set helper_markers_sides = True
2026-09-07 08:11:38,870 [DEBUG] core.settings: settings.set helper_markers_show = False
2026-09-07 08:11:38,871 [DEBUG] core.settings: settings.set helper_marker_edge_mm = 2.0
2026-09-07 08:11:38,871 [DEBUG] core.settings: settings.set helper_marker_len_mm = 2.0
2026-09-07 08:11:38,871 [DEBUG] core.settings: settings.set helper_marker_per_patch = 3
2026-09-07 08:11:38,871 [DEBUG] core.settings: settings.set helper_markers_top_bottom = True
2026-09-07 08:11:38,871 [DEBUG] core.settings: settings.set helper_markers_sides = True
2026-09-07 08:11:39,076 [DEBUG] core.settings: settings.set helper_markers_show = False
2026-09-07 08:11:39,076 [DEBUG] core.settings: settings.set helper_marker_edge_mm = 2.0
2026-09-07 08:11:39,076 [DEBUG] core.settings: settings.set helper_marker_len_mm = 2.0
2026-09-07 08:11:39,076 [DEBUG] core.settings: settings.set helper_marker_per_patch = 3
2026-09-07 08:11:39,076 [DEBUG] core.settings: settings.set helper_markers_top_bottom = True
2026-09-07 08:11:39,076 [DEBUG] core.settings: settings.set helper_markers_sides = True
2026-09-07 08:11:40,079 [INFO] assess:   shot Screenshots/A4-margins/g01-own-6666-before.png  (3400x2100)
2026-09-07 08:11:40,079 [INFO] assess:   armed: dialog ~'quite fill' -> click 'OK' 
2026-09-07 08:11:40,079 [INFO] assess:   armed: dialog ~'already' -> click 'Continue this project' 
2026-09-07 08:11:40,079 [INFO] ui.tabs.tab_chart: chart build (Generate Chart) in manual: patch set targen | manual panel: A4, 0x0 grid, margins T6.0 R6.0 B6.0 L6.0
2026-09-07 08:11:40,080 [DEBUG] core.settings: settings.set session_ti3_path = ''
2026-09-07 08:11:40,080 [DEBUG] core.settings: settings.set session_icc_path = ''
2026-09-07 08:11:40,080 [DEBUG] core.settings: settings.set session_cal_ti3_path = ''
2026-09-07 08:11:40,080 [DEBUG] core.file_manager: Target name set to: A3-LayoutModes (root /Users/Basti/ChromIQ-assessment/A3-LayoutModes)
2026-09-07 08:11:40,080 [INFO] core.file_manager: opened the EXISTING project at /Users/Basti/ChromIQ-assessment/A3-LayoutModes (1 run(s) on disk)
2026-09-07 08:11:40,106 [INFO] workflow.chart_creator: Chart generation: 682 patches, instrument=i1 paper=A4 disable_lb=True
2026-09-07 08:11:40,106 [INFO] workflow.chart_creator: targen args: ['-v', '-d2', '-f682', '-e4', '-B4', '-G', '-g39', 'A3-LayoutModes']
2026-09-07 08:11:40,106 [INFO] core.argyll_runner: Run: /Applications/Argyll/bin/targen -v -d2 -f682 -e4 -B4 -G -g39 A3-LayoutModes  [cwd=/Users/Basti/ChromIQ-assessment/A3-LayoutModes/runs/run1]
2026-09-07 08:11:40,169 [DEBUG] core.argyll_runner: [argyll] iRGB test chart
2026-09-07 08:11:40,170 [DEBUG] core.argyll_runner: [argyll] White patches = 4
2026-09-07 08:11:40,170 [DEBUG] core.argyll_runner: [argyll] Black patches = 4
2026-09-07 08:11:40,170 [DEBUG] core.argyll_runner: [argyll] Composite Grey steps = 39
2026-09-07 08:11:40,170 [DEBUG] core.argyll_runner: [argyll] Full spread patches = 682
2026-09-07 08:11:40,170 [DEBUG] core.argyll_runner: [argyll] Degree of adaptation: 0.100
2026-09-07 08:11:40,170 [DEBUG] core.argyll_runner: [argyll] Adaptation weights: Device = 0.935, Perceptual = 0.065, Curvature = 0.010
2026-09-07 08:11:40,171 [DEBUG] core.argyll_runner: [argyll] Perceptual cache resolution = 9
2026-09-07 08:11:40,171 [DEBUG] core.argyll_runner: [argyll] Seeding cache...done
2026-09-07 08:11:40,171 [DEBUG] core.argyll_runner: [argyll] Acceleration grid res = 9
2026-09-07 08:11:40,171 [DEBUG] core.argyll_runner: [argyll] 
2026-09-07 08:11:40,171 [DEBUG] core.argyll_runner: [argyll] There are 39 unique fixed points to add (45 total fixed points)
2026-09-07 08:11:40,171 [DEBUG] core.argyll_runner: [argyll] There are 637 far spread points to add
2026-09-07 08:11:40,172 [DEBUG] core.argyll_runner: [argyll] 
2026-09-07 08:11:40,172 [DEBUG] core.argyll_runner: [argyll] Added 12/676
2026-09-07 08:11:40,172 [DEBUG] core.argyll_runner: [argyll] Added 23/676
2026-09-07 08:11:40,172 [DEBUG] core.argyll_runner: [argyll] Added 34/676
2026-09-07 08:11:40,172 [DEBUG] core.argyll_runner: [argyll] Added 45/676
2026-09-07 08:11:40,173 [DEBUG] core.argyll_runner: [argyll] Added 56/676
2026-09-07 08:11:40,192 [DEBUG] core.argyll_runner: [argyll] 
2026-09-07 08:11:40,193 [DEBUG] core.argyll_runner: [argyll] Added 67/676
2026-09-07 08:11:40,193 [DEBUG] core.argyll_runner: [argyll] Added 78/676
2026-09-07 08:11:40,193 [DEBUG] core.argyll_runner: [argyll] Added 89/676
2026-09-07 08:11:40,193 [DEBUG] core.argyll_runner: [argyll] Added 100/676
2026-09-07 08:11:40,194 [DEBUG] core.argyll_runner: [argyll] Added 111/676
2026-09-07 08:11:40,194 [DEBUG] core.argyll_runner: [argyll] Added 122/676
2026-09-07 08:11:40,195 [DEBUG] core.argyll_runner: [argyll] Added 133/676
2026-09-07 08:11:40,196 [DEBUG] core.argyll_runner: [argyll] Added 144/676
2026-09-07 08:11:40,197 [DEBUG] core.argyll_runner: [argyll] Added 155/676
2026-09-07 08:11:40,198 [DEBUG] core.argyll_runner: [argyll] Added 166/676
2026-09-07 08:11:40,199 [DEBUG] core.argyll_runner: [argyll] Added 177/676
2026-09-07 08:11:40,201 [DEBUG] core.argyll_runner: [argyll] Added 188/676
2026-09-07 08:11:40,202 [DEBUG] core.argyll_runner: [argyll] Added 199/676
2026-09-07 08:11:40,204 [DEBUG] core.argyll_runner: [argyll] Added 210/676
2026-09-07 08:11:40,205 [DEBUG] core.argyll_runner: [argyll] Added 221/676
2026-09-07 08:11:40,207 [DEBUG] core.argyll_runner: [argyll] Added 232/676
2026-09-07 08:11:40,209 [DEBUG] core.argyll_runner: [argyll] Added 243/676
2026-09-07 08:11:40,212 [DEBUG] core.argyll_runner: [argyll] Added 254/676
2026-09-07 08:11:40,214 [DEBUG] core.argyll_runner: [argyll] Added 265/676
2026-09-07 08:11:40,216 [DEBUG] core.argyll_runner: [argyll] Added 276/676
2026-09-07 08:11:40,219 [DEBUG] core.argyll_runner: [argyll] Added 287/676
2026-09-07 08:11:40,234 [DEBUG] core.argyll_runner: [argyll] 
2026-09-07 08:11:40,235 [DEBUG] core.argyll_runner: [argyll] Added 298/676
2026-09-07 08:11:40,235 [DEBUG] core.argyll_runner: [argyll] Added 309/676
2026-09-07 08:11:40,235 [DEBUG] core.argyll_runner: [argyll] Added 320/676
2026-09-07 08:11:40,235 [DEBUG] core.argyll_runner: [argyll] Added 331/676
2026-09-07 08:11:40,236 [DEBUG] core.argyll_runner: [argyll] Added 342/676
2026-09-07 08:11:40,237 [DEBUG] core.argyll_runner: [argyll] Added 353/676
2026-09-07 08:11:40,237 [DEBUG] core.argyll_runner: [argyll] Added 364/676
2026-09-07 08:11:40,238 [DEBUG] core.argyll_runner: [argyll] Added 375/676
2026-09-07 08:11:40,239 [DEBUG] core.argyll_runner: [argyll] Added 386/676
2026-09-07 08:11:40,240 [DEBUG] core.argyll_runner: [argyll] Added 397/676
2026-09-07 08:11:40,242 [DEBUG] core.argyll_runner: [argyll] Added 408/676
2026-09-07 08:11:40,243 [DEBUG] core.argyll_runner: [argyll] Added 419/676
2026-09-07 08:11:40,245 [DEBUG] core.argyll_runner: [argyll] Added 430/676
2026-09-07 08:11:40,246 [DEBUG] core.argyll_runner: [argyll] Added 441/676
2026-09-07 08:11:40,248 [DEBUG] core.argyll_runner: [argyll] Added 452/676
2026-09-07 08:11:40,250 [DEBUG] core.argyll_runner: [argyll] Added 463/676
2026-09-07 08:11:40,252 [DEBUG] core.argyll_runner: [argyll] Added 474/676
2026-09-07 08:11:40,254 [DEBUG] core.argyll_runner: [argyll] Added 485/676
2026-09-07 08:11:40,256 [DEBUG] core.argyll_runner: [argyll] Added 496/676
2026-09-07 08:11:40,259 [DEBUG] core.argyll_runner: [argyll] Added 507/676
2026-09-07 08:11:40,261 [DEBUG] core.argyll_runner: [argyll] Added 518/676
2026-09-07 08:11:40,264 [DEBUG] core.argyll_runner: [argyll] Added 529/676
2026-09-07 08:11:40,267 [DEBUG] core.argyll_runner: [argyll] Added 540/676
2026-09-07 08:11:40,269 [DEBUG] core.argyll_runner: [argyll] Added 551/676
2026-09-07 08:11:40,273 [DEBUG] core.argyll_runner: [argyll] Added 562/676
2026-09-07 08:11:40,276 [DEBUG] core.argyll_runner: [argyll] Added 573/676
2026-09-07 08:11:40,279 [DEBUG] core.argyll_runner: [argyll] Added 584/676
2026-09-07 08:11:40,282 [DEBUG] core.argyll_runner: [argyll] Added 595/676
2026-09-07 08:11:40,286 [DEBUG] core.argyll_runner: [argyll] Added 606/676
2026-09-07 08:11:40,290 [DEBUG] core.argyll_runner: [argyll] Added 617/676
2026-09-07 08:11:40,293 [DEBUG] core.argyll_runner: [argyll] Added 628/676
2026-09-07 08:11:40,297 [DEBUG] core.argyll_runner: [argyll] Added 639/676
2026-09-07 08:11:40,302 [DEBUG] core.argyll_runner: [argyll] Added 650/676
2026-09-07 08:11:40,306 [DEBUG] core.argyll_runner: [argyll] Added 661/676
2026-09-07 08:11:40,310 [DEBUG] core.argyll_runner: [argyll] Added 672/676
2026-09-07 08:11:40,315 [DEBUG] core.argyll_runner: [argyll] Added 676/676
2026-09-07 08:11:41,454 [DEBUG] core.argyll_runner: [argyll] 
2026-09-07 08:11:41,456 [DEBUG] core.argyll_runner: [argyll] After seeding points: MinPoint = 4.181, Min = 3.220, Avg. = 9.916, Max = 12.638, 0.1 secs
2026-09-07 08:11:41,456 [DEBUG] core.argyll_runner: [argyll] Re-seeding
2026-09-07 08:11:41,456 [DEBUG] core.argyll_runner: [argyll] It 1: Maxmv = 0.081491, MinPoint = 4.012, Min = 3.888, Avg. = 9.866, Max = 13.408, 0.1 secs.
2026-09-07 08:11:41,457 [DEBUG] core.argyll_runner: [argyll] Re-seeding
2026-09-07 08:11:41,457 [DEBUG] core.argyll_runner: [argyll] It 2: Maxmv = 0.079549, MinPoint = 4.312, Min = 4.029, Avg. = 9.754, Max = 13.038, 0.1 secs.
2026-09-07 08:11:41,457 [DEBUG] core.argyll_runner: [argyll] Re-seeding
2026-09-07 08:11:41,457 [DEBUG] core.argyll_runner: [argyll] It 3: Maxmv = 0.082363, MinPoint = 4.161, Min = 4.029, Avg. = 9.729, Max = 12.581, 0.1 secs.
2026-09-07 08:11:41,458 [DEBUG] core.argyll_runner: [argyll] Re-seeding
2026-09-07 08:11:41,458 [DEBUG] core.argyll_runner: [argyll] It 4: Maxmv = 0.091898, MinPoint = 4.383, Min = 4.029, Avg. = 9.663, Max = 12.818, 0.1 secs.
2026-09-07 08:11:41,458 [DEBUG] core.argyll_runner: [argyll] Re-seeding
2026-09-07 08:11:41,458 [DEBUG] core.argyll_runner: [argyll] It 5: Maxmv = 0.068973, MinPoint = 4.383, Min = 4.029, Avg. = 9.613, Max = 12.338, 0.1 secs.
2026-09-07 08:11:41,459 [DEBUG] core.argyll_runner: [argyll] Re-seeding
2026-09-07 08:11:41,459 [DEBUG] core.argyll_runner: [argyll] It 6: Maxmv = 0.057106, MinPoint = 4.383, Min = 4.029, Avg. = 9.565, Max = 12.222, 0.1 secs.
2026-09-07 08:11:41,459 [DEBUG] core.argyll_runner: [argyll] Re-seeding
2026-09-07 08:11:41,459 [DEBUG] core.argyll_runner: [argyll] It 7: Maxmv = 0.051244, MinPoint = 4.383, Min = 4.029, Avg. = 9.541, Max = 12.548, 0.1 secs.
2026-09-07 08:11:41,460 [DEBUG] core.argyll_runner: [argyll] Re-seeding
2026-09-07 08:11:41,460 [DEBUG] core.argyll_runner: [argyll] It 8: Maxmv = 0.048274, MinPoint = 4.383, Min = 4.029, Avg. = 9.499, Max = 11.808, 0.1 secs.
2026-09-07 08:11:41,460 [DEBUG] core.argyll_runner: [argyll] Re-seeding
2026-09-07 08:11:41,460 [DEBUG] core.argyll_runner: [argyll] It 9: Maxmv = 0.039073, MinPoint = 4.383, Min = 4.029, Avg. = 9.477, Max = 12.617, 0.1 secs.
2026-09-07 08:11:41,461 [DEBUG] core.argyll_runner: [argyll] Re-seeding
2026-09-07 08:11:41,461 [DEBUG] core.argyll_runner: [argyll] It 10: Maxmv = 0.033710, MinPoint = 4.383, Min = 4.029, Avg. = 9.452, Max = 11.895, 0.1 secs.
2026-09-07 08:11:41,461 [DEBUG] core.argyll_runner: [argyll] Re-seeding
2026-09-07 08:11:41,461 [DEBUG] core.argyll_runner: [argyll] It 11: Maxmv = 0.035345, MinPoint = 4.383, Min = 4.029, Avg. = 9.446, Max = 12.074, 0.1 secs.
2026-09-07 08:11:41,462 [DEBUG] core.argyll_runner: [argyll] Re-seeding
2026-09-07 08:11:41,462 [DEBUG] core.argyll_runner: [argyll] It 12: Maxmv = 0.029434, MinPoint = 4.383, Min = 4.029, Avg. = 9.429, Max = 11.610, 0.1 secs.
2026-09-07 08:11:41,462 [DEBUG] core.argyll_runner: [argyll] Re-seeding
2026-09-07 08:11:41,462 [DEBUG] core.argyll_runner: [argyll] It 13: Maxmv = 0.026528, MinPoint = 4.383, Min = 4.029, Avg. = 9.429, Max = 11.658, 0.1 secs.
2026-09-07 08:11:41,463 [DEBUG] core.argyll_runner: [argyll] Re-seeding
2026-09-07 08:11:41,463 [DEBUG] core.argyll_runner: [argyll] It 14: Maxmv = 0.021034, MinPoint = 4.383, Min = 4.029, Avg. = 9.416, Max = 11.480, 0.1 secs.
2026-09-07 08:11:41,463 [DEBUG] core.argyll_runner: [argyll] Re-seeding
2026-09-07 08:11:41,463 [DEBUG] core.argyll_runner: [argyll] It 15: Maxmv = 0.016063, MinPoint = 4.383, Min = 4.029, Avg. = 9.412, Max = 11.367, 0.1 secs.
2026-09-07 08:11:41,463 [DEBUG] core.argyll_runner: [argyll] Re-seeding
2026-09-07 08:11:41,464 [DEBUG] core.argyll_runner: [argyll] It 16: Maxmv = 0.012639, MinPoint = 4.383, Min = 4.029, Avg. = 9.415, Max = 11.294, 0.1 secs.
2026-09-07 08:11:41,464 [DEBUG] core.argyll_runner: [argyll] Re-seeding
2026-09-07 08:11:41,464 [DEBUG] core.argyll_runner: [argyll] It 17: Maxmv = 0.008699, MinPoint = 4.383, Min = 4.029, Avg. = 9.415, Max = 11.215, 0.1 secs.
2026-09-07 08:11:41,464 [DEBUG] core.argyll_runner: [argyll] Re-seeding
2026-09-07 08:11:41,465 [DEBUG] core.argyll_runner: [argyll] It 18: Maxmv = 0.004245, MinPoint = 4.383, Min = 4.029, Avg. = 9.412, Max = 11.195, 0.1 secs.
2026-09-07 08:11:41,465 [DEBUG] core.argyll_runner: [argyll] Re-seeding
2026-09-07 08:11:41,465 [DEBUG] core.argyll_runner: [argyll] It 19: Maxmv = 0.001504, MinPoint = 4.383, Min = 4.029, Avg. = 9.411, Max = 11.136, 0.1 secs.
2026-09-07 08:11:41,465 [DEBUG] core.argyll_runner: [argyll] Re-seeding
2026-09-07 08:11:41,466 [DEBUG] core.argyll_runner: [argyll] It 20: Maxmv = 0.001478, MinPoint = 4.383, Min = 4.029, Avg. = 9.412, Max = 11.171, 0.1 secs.
2026-09-07 08:11:41,466 [DEBUG] core.argyll_runner: [argyll] After optimization: MinPoint = 4.383, Min = 4.029, Avg. = 9.412, Max = 11.171
2026-09-07 08:11:41,466 [DEBUG] core.argyll_runner: [argyll] Total number of patches = 682
2026-09-07 08:11:41,467 [DEBUG] core.argyll_runner: [argyll] Execution time = 1.286021 seconds
2026-09-07 08:11:41,467 [INFO] core.argyll_runner: ArgyllRunner: finished with code 0
2026-09-07 08:11:41,879 [DEBUG] workflow.chart_creator: Wrote channel sidecar A3-LayoutModes.channels.json: ['r', 'g', 'b']
2026-09-07 08:11:41,959 [DEBUG] ui.tiff_preview: TiffPreview: loaded 1 page(s)
2026-09-07 08:11:41,959 [INFO] ui.tabs.tab_chart: Preview loaded: 1 TIFF(s)
2026-09-07 08:11:42,006 [DEBUG] ui.tiff_preview: TiffPreview: loaded 1 page(s)
2026-09-07 08:11:42,009 [DEBUG] ui.tiff_preview: TiffPreview: loaded 1 page(s)
2026-09-07 08:11:42,015 [DEBUG] ui.tabs.tab_chart: create-chart settings written for run1 (40 parameters + ui state)
2026-09-07 08:11:43,865 [INFO] assess:   shot Screenshots/A4-margins/g01-own-6666-after.png  (3400x2100)
2026-09-07 08:11:43,867 [INFO] assess:   json Test Runs/logs/d03_results.json
2026-09-07 08:11:43,867 [INFO] assess:     est_before={'total': 682, 'fillup': 0, 'page_patches': 682, 'rows': 31, 'cols': 22, 'pages': 1, 'patch': (8.09, 8.15), 'pitch': None}
    actual={'total': 682, 'fillup': 0, 'page_patches': 682, 'rows': 31, 'cols': 22, 'pages': 1, 'patch': (8.13, 8.13), 'pitch': None}
    est_after={'total': 682, 'fillup': 0, 'page_patches': 682, 'rows': 31, 'cols': 22, 'pages': 1, 'patch': (8.09, 8.15), 'pitch': None}
    margin_after='' notes='⚠ Top margin is too small for the strip labels — they overflow toward the page edge.\n\n⚠ Strip length 282 mm exceeds the 240 mm instrument ruler — the strip may not fit your jig'
2026-09-07 08:11:43,867 [INFO] assess: --- g02-own-0000: own margins 0/0/0/0
2026-09-07 08:11:45,338 [DEBUG] core.settings: settings.set helper_markers_show = False
2026-09-07 08:11:45,338 [DEBUG] core.settings: settings.set helper_marker_edge_mm = 2.0
2026-09-07 08:11:45,338 [DEBUG] core.settings: settings.set helper_marker_len_mm = 2.0
2026-09-07 08:11:45,338 [DEBUG] core.settings: settings.set helper_marker_per_patch = 3
2026-09-07 08:11:45,338 [DEBUG] core.settings: settings.set helper_markers_top_bottom = True
2026-09-07 08:11:45,338 [DEBUG] core.settings: settings.set helper_markers_sides = True
2026-09-07 08:11:45,716 [DEBUG] core.settings: settings.set helper_markers_show = False
2026-09-07 08:11:45,716 [DEBUG] core.settings: settings.set helper_marker_edge_mm = 2.0
2026-09-07 08:11:45,716 [DEBUG] core.settings: settings.set helper_marker_len_mm = 2.0
2026-09-07 08:11:45,716 [DEBUG] core.settings: settings.set helper_marker_per_patch = 3
2026-09-07 08:11:45,716 [DEBUG] core.settings: settings.set helper_markers_top_bottom = True
2026-09-07 08:11:45,716 [DEBUG] core.settings: settings.set helper_markers_sides = True
2026-09-07 08:11:45,953 [DEBUG] core.settings: settings.set helper_markers_show = False
2026-09-07 08:11:45,953 [DEBUG] core.settings: settings.set helper_marker_edge_mm = 2.0
2026-09-07 08:11:45,953 [DEBUG] core.settings: settings.set helper_marker_len_mm = 2.0
2026-09-07 08:11:45,953 [DEBUG] core.settings: settings.set helper_marker_per_patch = 3
2026-09-07 08:11:45,953 [DEBUG] core.settings: settings.set helper_markers_top_bottom = True
2026-09-07 08:11:45,953 [DEBUG] core.settings: settings.set helper_markers_sides = True
2026-09-07 08:11:46,154 [DEBUG] core.settings: settings.set helper_markers_show = False
2026-09-07 08:11:46,154 [DEBUG] core.settings: settings.set helper_marker_edge_mm = 2.0
2026-09-07 08:11:46,154 [DEBUG] core.settings: settings.set helper_marker_len_mm = 2.0
2026-09-07 08:11:46,154 [DEBUG] core.settings: settings.set helper_marker_per_patch = 3
2026-09-07 08:11:46,154 [DEBUG] core.settings: settings.set helper_markers_top_bottom = True
2026-09-07 08:11:46,154 [DEBUG] core.settings: settings.set helper_markers_sides = True
2026-09-07 08:11:46,359 [DEBUG] core.settings: settings.set helper_markers_show = False
2026-09-07 08:11:46,359 [DEBUG] core.settings: settings.set helper_marker_edge_mm = 2.0
2026-09-07 08:11:46,359 [DEBUG] core.settings: settings.set helper_marker_len_mm = 2.0
2026-09-07 08:11:46,359 [DEBUG] core.settings: settings.set helper_marker_per_patch = 3
2026-09-07 08:11:46,359 [DEBUG] core.settings: settings.set helper_markers_top_bottom = True
2026-09-07 08:11:46,359 [DEBUG] core.settings: settings.set helper_markers_sides = True
2026-09-07 08:11:46,562 [DEBUG] core.settings: settings.set helper_markers_show = False
2026-09-07 08:11:46,562 [DEBUG] core.settings: settings.set helper_marker_edge_mm = 2.0
2026-09-07 08:11:46,562 [DEBUG] core.settings: settings.set helper_marker_len_mm = 2.0
2026-09-07 08:11:46,562 [DEBUG] core.settings: settings.set helper_marker_per_patch = 3
2026-09-07 08:11:46,562 [DEBUG] core.settings: settings.set helper_markers_top_bottom = True
2026-09-07 08:11:46,562 [DEBUG] core.settings: settings.set helper_markers_sides = True
2026-09-07 08:11:47,563 [INFO] assess:   shot Screenshots/A4-margins/g02-own-0000-before.png  (3400x2100)
2026-09-07 08:11:47,564 [INFO] assess:   armed: dialog ~'quite fill' -> click 'OK' 
2026-09-07 08:11:47,564 [INFO] assess:   armed: dialog ~'already' -> click 'Continue this project' 
2026-09-07 08:11:47,564 [INFO] ui.tabs.tab_chart: chart build (Generate Chart) in manual: patch set targen | manual panel: A4, 0x0 grid, margins T0.0 R0.0 B0.0 L0.0
2026-09-07 08:11:47,565 [DEBUG] core.settings: settings.set session_ti3_path = ''
2026-09-07 08:11:47,565 [DEBUG] core.settings: settings.set session_icc_path = ''
2026-09-07 08:11:47,565 [DEBUG] core.settings: settings.set session_cal_ti3_path = ''
2026-09-07 08:11:47,565 [DEBUG] core.file_manager: Target name set to: A3-LayoutModes (root /Users/Basti/ChromIQ-assessment/A3-LayoutModes)
2026-09-07 08:11:47,566 [INFO] core.file_manager: opened the EXISTING project at /Users/Basti/ChromIQ-assessment/A3-LayoutModes (1 run(s) on disk)
2026-09-07 08:11:47,592 [INFO] workflow.chart_creator: Chart generation: 736 patches, instrument=i1 paper=A4 disable_lb=True
2026-09-07 08:11:47,592 [INFO] workflow.chart_creator: targen args: ['-v', '-d2', '-f736', '-e5', '-B5', '-G', '-g42', 'A3-LayoutModes']
2026-09-07 08:11:47,592 [INFO] core.argyll_runner: Run: /Applications/Argyll/bin/targen -v -d2 -f736 -e5 -B5 -G -g42 A3-LayoutModes  [cwd=/Users/Basti/ChromIQ-assessment/A3-LayoutModes/runs/run1]
2026-09-07 08:11:47,657 [DEBUG] core.argyll_runner: [argyll] iRGB test chart
2026-09-07 08:11:47,657 [DEBUG] core.argyll_runner: [argyll] White patches = 5
2026-09-07 08:11:47,657 [DEBUG] core.argyll_runner: [argyll] Black patches = 5
2026-09-07 08:11:47,657 [DEBUG] core.argyll_runner: [argyll] Composite Grey steps = 42
2026-09-07 08:11:47,657 [DEBUG] core.argyll_runner: [argyll] Full spread patches = 736
2026-09-07 08:11:47,658 [DEBUG] core.argyll_runner: [argyll] Degree of adaptation: 0.100
2026-09-07 08:11:47,658 [DEBUG] core.argyll_runner: [argyll] Adaptation weights: Device = 0.935, Perceptual = 0.065, Curvature = 0.010
2026-09-07 08:11:47,658 [DEBUG] core.argyll_runner: [argyll] Perceptual cache resolution = 11
2026-09-07 08:11:47,658 [DEBUG] core.argyll_runner: [argyll] Seeding cache...
2026-09-07 08:11:47,678 [DEBUG] core.argyll_runner: [argyll] done
2026-09-07 08:11:47,678 [DEBUG] core.argyll_runner: [argyll] Acceleration grid res = 10
2026-09-07 08:11:47,678 [DEBUG] core.argyll_runner: [argyll] 
2026-09-07 08:11:47,679 [DEBUG] core.argyll_runner: [argyll] There are 42 unique fixed points to add (50 total fixed points)
2026-09-07 08:11:47,679 [DEBUG] core.argyll_runner: [argyll] There are 686 far spread points to add
2026-09-07 08:11:47,679 [DEBUG] core.argyll_runner: [argyll] 
2026-09-07 08:11:47,679 [DEBUG] core.argyll_runner: [argyll] Added 12/728
2026-09-07 08:11:47,679 [DEBUG] core.argyll_runner: [argyll] Added 23/728
2026-09-07 08:11:47,679 [DEBUG] core.argyll_runner: [argyll] Added 34/728
2026-09-07 08:11:47,680 [DEBUG] core.argyll_runner: [argyll] Added 45/728
2026-09-07 08:11:47,680 [DEBUG] core.argyll_runner: [argyll] Added 56/728
2026-09-07 08:11:47,680 [DEBUG] core.argyll_runner: [argyll] Added 67/728
2026-09-07 08:11:47,681 [DEBUG] core.argyll_runner: [argyll] Added 78/728
2026-09-07 08:11:47,682 [DEBUG] core.argyll_runner: [argyll] Added 89/728
2026-09-07 08:11:47,682 [DEBUG] core.argyll_runner: [argyll] Added 100/728
2026-09-07 08:11:47,683 [DEBUG] core.argyll_runner: [argyll] Added 111/728
2026-09-07 08:11:47,684 [DEBUG] core.argyll_runner: [argyll] Added 122/728
2026-09-07 08:11:47,685 [DEBUG] core.argyll_runner: [argyll] Added 133/728
2026-09-07 08:11:47,687 [DEBUG] core.argyll_runner: [argyll] Added 144/728
2026-09-07 08:11:47,688 [DEBUG] core.argyll_runner: [argyll] Added 155/728
2026-09-07 08:11:47,690 [DEBUG] core.argyll_runner: [argyll] Added 166/728
2026-09-07 08:11:47,691 [DEBUG] core.argyll_runner: [argyll] Added 177/728
2026-09-07 08:11:47,693 [DEBUG] core.argyll_runner: [argyll] Added 188/728
2026-09-07 08:11:47,695 [DEBUG] core.argyll_runner: [argyll] Added 199/728
2026-09-07 08:11:47,728 [DEBUG] core.argyll_runner: [argyll] 
2026-09-07 08:11:47,729 [DEBUG] core.argyll_runner: [argyll] Added 210/728
2026-09-07 08:11:47,729 [DEBUG] core.argyll_runner: [argyll] Added 221/728
2026-09-07 08:11:47,729 [DEBUG] core.argyll_runner: [argyll] Added 232/728
2026-09-07 08:11:47,729 [DEBUG] core.argyll_runner: [argyll] Added 243/728
2026-09-07 08:11:47,730 [DEBUG] core.argyll_runner: [argyll] Added 254/728
2026-09-07 08:11:47,731 [DEBUG] core.argyll_runner: [argyll] Added 265/728
2026-09-07 08:11:47,731 [DEBUG] core.argyll_runner: [argyll] Added 276/728
2026-09-07 08:11:47,732 [DEBUG] core.argyll_runner: [argyll] Added 287/728
2026-09-07 08:11:47,733 [DEBUG] core.argyll_runner: [argyll] Added 298/728
2026-09-07 08:11:47,734 [DEBUG] core.argyll_runner: [argyll] Added 309/728
2026-09-07 08:11:47,736 [DEBUG] core.argyll_runner: [argyll] Added 320/728
2026-09-07 08:11:47,737 [DEBUG] core.argyll_runner: [argyll] Added 331/728
2026-09-07 08:11:47,739 [DEBUG] core.argyll_runner: [argyll] Added 342/728
2026-09-07 08:11:47,740 [DEBUG] core.argyll_runner: [argyll] Added 353/728
2026-09-07 08:11:47,742 [DEBUG] core.argyll_runner: [argyll] Added 364/728
2026-09-07 08:11:47,744 [DEBUG] core.argyll_runner: [argyll] Added 375/728
2026-09-07 08:11:47,746 [DEBUG] core.argyll_runner: [argyll] Added 386/728
2026-09-07 08:11:47,748 [DEBUG] core.argyll_runner: [argyll] Added 397/728
2026-09-07 08:11:47,751 [DEBUG] core.argyll_runner: [argyll] Added 408/728
2026-09-07 08:11:47,753 [DEBUG] core.argyll_runner: [argyll] Added 419/728
2026-09-07 08:11:47,755 [DEBUG] core.argyll_runner: [argyll] Added 430/728
2026-09-07 08:11:47,758 [DEBUG] core.argyll_runner: [argyll] Added 441/728
2026-09-07 08:11:47,761 [DEBUG] core.argyll_runner: [argyll] Added 452/728
2026-09-07 08:11:47,764 [DEBUG] core.argyll_runner: [argyll] Added 463/728
2026-09-07 08:11:47,767 [DEBUG] core.argyll_runner: [argyll] Added 474/728
2026-09-07 08:11:47,770 [DEBUG] core.argyll_runner: [argyll] Added 485/728
2026-09-07 08:11:47,774 [DEBUG] core.argyll_runner: [argyll] Added 496/728
2026-09-07 08:11:47,777 [DEBUG] core.argyll_runner: [argyll] Added 507/728
2026-09-07 08:11:47,781 [DEBUG] core.argyll_runner: [argyll] Added 518/728
2026-09-07 08:11:47,784 [DEBUG] core.argyll_runner: [argyll] Added 529/728
2026-09-07 08:11:47,788 [DEBUG] core.argyll_runner: [argyll] Added 540/728
2026-09-07 08:11:47,792 [DEBUG] core.argyll_runner: [argyll] Added 551/728
2026-09-07 08:11:47,796 [DEBUG] core.argyll_runner: [argyll] Added 562/728
2026-09-07 08:11:47,801 [DEBUG] core.argyll_runner: [argyll] Added 573/728
2026-09-07 08:11:47,805 [DEBUG] core.argyll_runner: [argyll] Added 584/728
2026-09-07 08:11:47,809 [DEBUG] core.argyll_runner: [argyll] Added 595/728
2026-09-07 08:11:47,814 [DEBUG] core.argyll_runner: [argyll] Added 606/728
2026-09-07 08:11:47,819 [DEBUG] core.argyll_runner: [argyll] Added 617/728
2026-09-07 08:11:47,824 [DEBUG] core.argyll_runner: [argyll] Added 628/728
2026-09-07 08:11:47,829 [DEBUG] core.argyll_runner: [argyll] Added 639/728
2026-09-07 08:11:47,834 [DEBUG] core.argyll_runner: [argyll] Added 650/728
2026-09-07 08:11:47,840 [DEBUG] core.argyll_runner: [argyll] Added 661/728
2026-09-07 08:11:47,845 [DEBUG] core.argyll_runner: [argyll] Added 672/728
2026-09-07 08:11:47,851 [DEBUG] core.argyll_runner: [argyll] Added 683/728
2026-09-07 08:11:47,857 [DEBUG] core.argyll_runner: [argyll] Added 694/728
2026-09-07 08:11:47,863 [DEBUG] core.argyll_runner: [argyll] Added 705/728
2026-09-07 08:11:47,869 [DEBUG] core.argyll_runner: [argyll] Added 716/728
2026-09-07 08:11:47,875 [DEBUG] core.argyll_runner: [argyll] Added 727/728
2026-09-07 08:11:47,881 [DEBUG] core.argyll_runner: [argyll] Added 728/728
2026-09-07 08:11:49,082 [DEBUG] core.argyll_runner: [argyll] 
2026-09-07 08:11:49,084 [DEBUG] core.argyll_runner: [argyll] After seeding points: MinPoint = 3.907, Min = 3.539, Avg. = 9.696, Max = 12.344, 0.1 secs
2026-09-07 08:11:49,084 [DEBUG] core.argyll_runner: [argyll] Re-seeding
2026-09-07 08:11:49,085 [DEBUG] core.argyll_runner: [argyll] It 1: Maxmv = 0.080051, MinPoint = 1.851, Min = 3.365, Avg. = 9.640, Max = 12.663, 0.1 secs.
2026-09-07 08:11:49,085 [DEBUG] core.argyll_runner: [argyll] Re-seeding
2026-09-07 08:11:49,085 [DEBUG] core.argyll_runner: [argyll] It 2: Maxmv = 0.078542, MinPoint = 3.879, Min = 3.726, Avg. = 9.577, Max = 12.773, 0.1 secs.
2026-09-07 08:11:49,085 [DEBUG] core.argyll_runner: [argyll] Re-seeding
2026-09-07 08:11:49,086 [DEBUG] core.argyll_runner: [argyll] It 3: Maxmv = 0.072217, MinPoint = 2.197, Min = 3.726, Avg. = 9.529, Max = 12.827, 0.1 secs.
2026-09-07 08:11:49,086 [DEBUG] core.argyll_runner: [argyll] Re-seeding
2026-09-07 08:11:49,086 [DEBUG] core.argyll_runner: [argyll] It 4: Maxmv = 0.069226, MinPoint = 4.056, Min = 3.726, Avg. = 9.475, Max = 11.989, 0.1 secs.
2026-09-07 08:11:49,086 [DEBUG] core.argyll_runner: [argyll] Re-seeding
2026-09-07 08:11:49,087 [DEBUG] core.argyll_runner: [argyll] It 5: Maxmv = 0.055048, MinPoint = 4.056, Min = 3.726, Avg. = 9.417, Max = 12.175, 0.1 secs.
2026-09-07 08:11:49,087 [DEBUG] core.argyll_runner: [argyll] Re-seeding
2026-09-07 08:11:49,087 [DEBUG] core.argyll_runner: [argyll] It 6: Maxmv = 0.049370, MinPoint = 4.056, Min = 3.726, Avg. = 9.361, Max = 12.176, 0.1 secs.
2026-09-07 08:11:49,087 [DEBUG] core.argyll_runner: [argyll] Re-seeding
2026-09-07 08:11:49,088 [DEBUG] core.argyll_runner: [argyll] It 7: Maxmv = 0.048446, MinPoint = 4.056, Min = 3.726, Avg. = 9.320, Max = 11.785, 0.1 secs.
2026-09-07 08:11:49,088 [DEBUG] core.argyll_runner: [argyll] Re-seeding
2026-09-07 08:11:49,088 [DEBUG] core.argyll_runner: [argyll] It 8: Maxmv = 0.041306, MinPoint = 4.056, Min = 3.726, Avg. = 9.283, Max = 11.729, 0.1 secs.
2026-09-07 08:11:49,088 [DEBUG] core.argyll_runner: [argyll] Re-seeding
2026-09-07 08:11:49,088 [DEBUG] core.argyll_runner: [argyll] It 9: Maxmv = 0.037253, MinPoint = 4.056, Min = 3.726, Avg. = 9.247, Max = 11.420, 0.1 secs.
2026-09-07 08:11:49,089 [DEBUG] core.argyll_runner: [argyll] Re-seeding
2026-09-07 08:11:49,089 [DEBUG] core.argyll_runner: [argyll] It 10: Maxmv = 0.034793, MinPoint = 4.056, Min = 3.726, Avg. = 9.230, Max = 11.193, 0.1 secs.
2026-09-07 08:11:49,089 [DEBUG] core.argyll_runner: [argyll] Re-seeding
2026-09-07 08:11:49,089 [DEBUG] core.argyll_runner: [argyll] It 11: Maxmv = 0.030164, MinPoint = 4.056, Min = 3.726, Avg. = 9.206, Max = 10.981, 0.1 secs.
2026-09-07 08:11:49,090 [DEBUG] core.argyll_runner: [argyll] Re-seeding
2026-09-07 08:11:49,090 [DEBUG] core.argyll_runner: [argyll] It 12: Maxmv = 0.022003, MinPoint = 4.056, Min = 3.726, Avg. = 9.189, Max = 10.981, 0.1 secs.
2026-09-07 08:11:49,090 [DEBUG] core.argyll_runner: [argyll] Re-seeding
2026-09-07 08:11:49,090 [DEBUG] core.argyll_runner: [argyll] It 13: Maxmv = 0.022243, MinPoint = 4.056, Min = 3.726, Avg. = 9.178, Max = 10.854, 0.1 secs.
2026-09-07 08:11:49,091 [DEBUG] core.argyll_runner: [argyll] Re-seeding
2026-09-07 08:11:49,091 [DEBUG] core.argyll_runner: [argyll] It 14: Maxmv = 0.016420, MinPoint = 4.056, Min = 3.726, Avg. = 9.175, Max = 10.827, 0.1 secs.
2026-09-07 08:11:49,091 [DEBUG] core.argyll_runner: [argyll] Re-seeding
2026-09-07 08:11:49,091 [DEBUG] core.argyll_runner: [argyll] It 15: Maxmv = 0.013496, MinPoint = 4.056, Min = 3.726, Avg. = 9.174, Max = 10.735, 0.1 secs.
2026-09-07 08:11:49,092 [DEBUG] core.argyll_runner: [argyll] Re-seeding
2026-09-07 08:11:49,092 [DEBUG] core.argyll_runner: [argyll] It 16: Maxmv = 0.008886, MinPoint = 4.056, Min = 3.726, Avg. = 9.172, Max = 10.725, 0.1 secs.
2026-09-07 08:11:49,092 [DEBUG] core.argyll_runner: [argyll] Re-seeding
2026-09-07 08:11:49,092 [DEBUG] core.argyll_runner: [argyll] It 17: Maxmv = 0.006141, MinPoint = 4.056, Min = 3.726, Avg. = 9.172, Max = 10.645, 0.1 secs.
2026-09-07 08:11:49,093 [DEBUG] core.argyll_runner: [argyll] Re-seeding
2026-09-07 08:11:49,093 [DEBUG] core.argyll_runner: [argyll] It 18: Maxmv = 0.003992, MinPoint = 4.056, Min = 3.726, Avg. = 9.171, Max = 10.671, 0.1 secs.
2026-09-07 08:11:49,093 [DEBUG] core.argyll_runner: [argyll] Re-seeding
2026-09-07 08:11:49,093 [DEBUG] core.argyll_runner: [argyll] It 19: Maxmv = 0.001271, MinPoint = 4.056, Min = 3.726, Avg. = 9.171, Max = 10.698, 0.1 secs.
2026-09-07 08:11:49,094 [DEBUG] core.argyll_runner: [argyll] Re-seeding
2026-09-07 08:11:49,094 [DEBUG] core.argyll_runner: [argyll] It 20: Maxmv = 0.001390, MinPoint = 4.056, Min = 3.726, Avg. = 9.171, Max = 10.726, 0.1 secs.
2026-09-07 08:11:49,094 [DEBUG] core.argyll_runner: [argyll] After optimization: MinPoint = 4.056, Min = 3.726, Avg. = 9.171, Max = 10.726
2026-09-07 08:11:49,094 [DEBUG] core.argyll_runner: [argyll] Total number of patches = 736
2026-09-07 08:11:49,095 [DEBUG] core.argyll_runner: [argyll] Execution time = 1.428980 seconds
2026-09-07 08:11:49,095 [INFO] core.argyll_runner: ArgyllRunner: finished with code 0
2026-09-07 08:11:49,524 [DEBUG] workflow.chart_creator: Wrote channel sidecar A3-LayoutModes.channels.json: ['r', 'g', 'b']
2026-09-07 08:11:49,576 [INFO] workflow.tiff_metadata: Right-edge stamp skipped (no usable right margin) for /Users/Basti/ChromIQ-assessment/A3-LayoutModes/runs/run1/A3-LayoutModes.tif
2026-09-07 08:11:49,578 [DEBUG] ui.tiff_preview: TiffPreview: loaded 1 page(s)
2026-09-07 08:11:49,578 [INFO] ui.tabs.tab_chart: Preview loaded: 1 TIFF(s)
2026-09-07 08:11:49,625 [DEBUG] ui.tiff_preview: TiffPreview: loaded 1 page(s)
2026-09-07 08:11:49,627 [DEBUG] ui.tiff_preview: TiffPreview: loaded 1 page(s)
2026-09-07 08:11:49,633 [DEBUG] ui.tabs.tab_chart: create-chart settings written for run1 (40 parameters + ui state)
2026-09-07 08:11:51,380 [INFO] assess:   shot Screenshots/A4-margins/g02-own-0000-after.png  (3400x2100)
2026-09-07 08:11:51,382 [INFO] assess:   json Test Runs/logs/d03_results.json
2026-09-07 08:11:51,382 [INFO] assess:     est_before={'total': 736, 'fillup': 0, 'page_patches': 736, 'rows': 32, 'cols': 23, 'pages': 1, 'patch': (7.99, 8.25), 'pitch': None}
    actual={'total': 736, 'fillup': 0, 'page_patches': 736, 'rows': 32, 'cols': 23, 'pages': 1, 'patch': (7.96, 8.21), 'pitch': None}
    est_after={'total': 736, 'fillup': 0, 'page_patches': 736, 'rows': 32, 'cols': 23, 'pages': 1, 'patch': (7.99, 8.25), 'pitch': None}
    margin_after='' notes='⚠ Top margin is too small for the strip labels — they overflow toward the page edge.\n\n⚠ Strip length 295 mm exceeds the 240 mm instrument ruler — the strip may not fit your jig'
2026-09-07 08:11:51,382 [INFO] assess: --- g03-own-60606060: own margins 60/60/60/60 (max)
2026-09-07 08:11:52,834 [DEBUG] core.settings: settings.set helper_markers_show = False
2026-09-07 08:11:52,834 [DEBUG] core.settings: settings.set helper_marker_edge_mm = 2.0
2026-09-07 08:11:52,834 [DEBUG] core.settings: settings.set helper_marker_len_mm = 2.0
2026-09-07 08:11:52,834 [DEBUG] core.settings: settings.set helper_marker_per_patch = 3
2026-09-07 08:11:52,834 [DEBUG] core.settings: settings.set helper_markers_top_bottom = True
2026-09-07 08:11:52,834 [DEBUG] core.settings: settings.set helper_markers_sides = True
2026-09-07 08:11:53,208 [DEBUG] core.settings: settings.set helper_markers_show = False
2026-09-07 08:11:53,208 [DEBUG] core.settings: settings.set helper_marker_edge_mm = 2.0
2026-09-07 08:11:53,208 [DEBUG] core.settings: settings.set helper_marker_len_mm = 2.0
2026-09-07 08:11:53,208 [DEBUG] core.settings: settings.set helper_marker_per_patch = 3
2026-09-07 08:11:53,208 [DEBUG] core.settings: settings.set helper_markers_top_bottom = True
2026-09-07 08:11:53,208 [DEBUG] core.settings: settings.set helper_markers_sides = True
2026-09-07 08:11:53,449 [DEBUG] core.settings: settings.set helper_markers_show = False
2026-09-07 08:11:53,449 [DEBUG] core.settings: settings.set helper_marker_edge_mm = 2.0
2026-09-07 08:11:53,449 [DEBUG] core.settings: settings.set helper_marker_len_mm = 2.0
2026-09-07 08:11:53,449 [DEBUG] core.settings: settings.set helper_marker_per_patch = 3
2026-09-07 08:11:53,449 [DEBUG] core.settings: settings.set helper_markers_top_bottom = True
2026-09-07 08:11:53,449 [DEBUG] core.settings: settings.set helper_markers_sides = True
2026-09-07 08:11:53,655 [DEBUG] core.settings: settings.set helper_markers_show = False
2026-09-07 08:11:53,655 [DEBUG] core.settings: settings.set helper_marker_edge_mm = 2.0
2026-09-07 08:11:53,655 [DEBUG] core.settings: settings.set helper_marker_len_mm = 2.0
2026-09-07 08:11:53,655 [DEBUG] core.settings: settings.set helper_marker_per_patch = 3
2026-09-07 08:11:53,655 [DEBUG] core.settings: settings.set helper_markers_top_bottom = True
2026-09-07 08:11:53,655 [DEBUG] core.settings: settings.set helper_markers_sides = True
2026-09-07 08:11:53,861 [DEBUG] core.settings: settings.set helper_markers_show = False
2026-09-07 08:11:53,861 [DEBUG] core.settings: settings.set helper_marker_edge_mm = 2.0
2026-09-07 08:11:53,861 [DEBUG] core.settings: settings.set helper_marker_len_mm = 2.0
2026-09-07 08:11:53,861 [DEBUG] core.settings: settings.set helper_marker_per_patch = 3
2026-09-07 08:11:53,861 [DEBUG] core.settings: settings.set helper_markers_top_bottom = True
2026-09-07 08:11:53,861 [DEBUG] core.settings: settings.set helper_markers_sides = True
2026-09-07 08:11:54,066 [DEBUG] core.settings: settings.set helper_markers_show = False
2026-09-07 08:11:54,066 [DEBUG] core.settings: settings.set helper_marker_edge_mm = 2.0
2026-09-07 08:11:54,066 [DEBUG] core.settings: settings.set helper_marker_len_mm = 2.0
2026-09-07 08:11:54,066 [DEBUG] core.settings: settings.set helper_marker_per_patch = 3
2026-09-07 08:11:54,066 [DEBUG] core.settings: settings.set helper_markers_top_bottom = True
2026-09-07 08:11:54,066 [DEBUG] core.settings: settings.set helper_markers_sides = True
2026-09-07 08:11:55,069 [INFO] assess:   shot Screenshots/A4-margins/g03-own-60606060-before.png  (3400x2100)
2026-09-07 08:11:55,069 [INFO] assess:   armed: dialog ~'quite fill' -> click 'OK' 
2026-09-07 08:11:55,069 [INFO] assess:   armed: dialog ~'already' -> click 'Continue this project' 
2026-09-07 08:11:55,069 [INFO] ui.tabs.tab_chart: chart build (Generate Chart) in manual: patch set targen | manual panel: A4, 0x0 grid, margins T60.0 R60.0 B60.0 L60.0
2026-09-07 08:11:55,070 [DEBUG] core.settings: settings.set session_ti3_path = ''
2026-09-07 08:11:55,070 [DEBUG] core.settings: settings.set session_icc_path = ''
2026-09-07 08:11:55,070 [DEBUG] core.settings: settings.set session_cal_ti3_path = ''
2026-09-07 08:11:55,071 [DEBUG] core.file_manager: Target name set to: A3-LayoutModes (root /Users/Basti/ChromIQ-assessment/A3-LayoutModes)
2026-09-07 08:11:55,071 [INFO] core.file_manager: opened the EXISTING project at /Users/Basti/ChromIQ-assessment/A3-LayoutModes (1 run(s) on disk)
2026-09-07 08:11:55,098 [INFO] workflow.chart_creator: Chart generation: 209 patches, instrument=i1 paper=A4 disable_lb=True
2026-09-07 08:11:55,098 [INFO] workflow.chart_creator: targen args: ['-v', '-d2', '-f209', '-e2', '-B2', '-G', '-g12', 'A3-LayoutModes']
2026-09-07 08:11:55,098 [INFO] core.argyll_runner: Run: /Applications/Argyll/bin/targen -v -d2 -f209 -e2 -B2 -G -g12 A3-LayoutModes  [cwd=/Users/Basti/ChromIQ-assessment/A3-LayoutModes/runs/run1]
2026-09-07 08:11:55,183 [DEBUG] core.argyll_runner: [argyll] iRGB test chart
2026-09-07 08:11:55,183 [DEBUG] core.argyll_runner: [argyll] White patches = 2
2026-09-07 08:11:55,184 [DEBUG] core.argyll_runner: [argyll] Black patches = 2
2026-09-07 08:11:55,184 [DEBUG] core.argyll_runner: [argyll] Composite Grey steps = 12
2026-09-07 08:11:55,184 [DEBUG] core.argyll_runner: [argyll] Full spread patches = 209
2026-09-07 08:11:55,184 [DEBUG] core.argyll_runner: [argyll] Degree of adaptation: 0.100
2026-09-07 08:11:55,184 [DEBUG] core.argyll_runner: [argyll] Adaptation weights: Device = 0.935, Perceptual = 0.065, Curvature = 0.010
2026-09-07 08:11:55,185 [DEBUG] core.argyll_runner: [argyll] Perceptual cache resolution = 7
2026-09-07 08:11:55,185 [DEBUG] core.argyll_runner: [argyll] Seeding cache...done
2026-09-07 08:11:55,185 [DEBUG] core.argyll_runner: [argyll] Acceleration grid res = 6
2026-09-07 08:11:55,185 [DEBUG] core.argyll_runner: [argyll] 
2026-09-07 08:11:55,185 [DEBUG] core.argyll_runner: [argyll] There are 12 unique fixed points to add (14 total fixed points)
2026-09-07 08:11:55,185 [DEBUG] core.argyll_runner: [argyll] There are 195 far spread points to add
2026-09-07 08:11:55,186 [DEBUG] core.argyll_runner: [argyll] 
2026-09-07 08:11:55,186 [DEBUG] core.argyll_runner: [argyll] Added 12/207
2026-09-07 08:11:55,186 [DEBUG] core.argyll_runner: [argyll] Added 23/207
2026-09-07 08:11:55,186 [DEBUG] core.argyll_runner: [argyll] Added 34/207
2026-09-07 08:11:55,187 [DEBUG] core.argyll_runner: [argyll] Added 45/207
2026-09-07 08:11:55,187 [DEBUG] core.argyll_runner: [argyll] Added 56/207
2026-09-07 08:11:55,188 [DEBUG] core.argyll_runner: [argyll] Added 67/207
2026-09-07 08:11:55,188 [DEBUG] core.argyll_runner: [argyll] Added 78/207
2026-09-07 08:11:55,189 [DEBUG] core.argyll_runner: [argyll] Added 89/207
2026-09-07 08:11:55,190 [DEBUG] core.argyll_runner: [argyll] Added 100/207
2026-09-07 08:11:55,192 [DEBUG] core.argyll_runner: [argyll] Added 111/207
2026-09-07 08:11:55,193 [DEBUG] core.argyll_runner: [argyll] Added 122/207
2026-09-07 08:11:55,194 [DEBUG] core.argyll_runner: [argyll] Added 133/207
2026-09-07 08:11:55,196 [DEBUG] core.argyll_runner: [argyll] Added 144/207
2026-09-07 08:11:55,198 [DEBUG] core.argyll_runner: [argyll] Added 155/207
2026-09-07 08:11:55,200 [DEBUG] core.argyll_runner: [argyll] Added 166/207
2026-09-07 08:11:55,202 [DEBUG] core.argyll_runner: [argyll] Added 177/207
2026-09-07 08:11:55,204 [DEBUG] core.argyll_runner: [argyll] Added 188/207
2026-09-07 08:11:55,206 [DEBUG] core.argyll_runner: [argyll] Added 199/207
2026-09-07 08:11:55,208 [DEBUG] core.argyll_runner: [argyll] Added 207/207
2026-09-07 08:11:55,505 [DEBUG] core.argyll_runner: [argyll] 
2026-09-07 08:11:55,506 [DEBUG] core.argyll_runner: [argyll] After seeding points: MinPoint = 8.146, Min = 6.473, Avg. = 15.014, Max = 19.307, 0.0 secs
2026-09-07 08:11:55,506 [DEBUG] core.argyll_runner: [argyll] Re-seeding
2026-09-07 08:11:55,506 [DEBUG] core.argyll_runner: [argyll] It 1: Maxmv = 0.171884, MinPoint = 2.808, Min = 8.474, Avg. = 15.040, Max = 22.022, 0.0 secs.
2026-09-07 08:11:55,507 [DEBUG] core.argyll_runner: [argyll] Re-seeding
2026-09-07 08:11:55,507 [DEBUG] core.argyll_runner: [argyll] It 2: Maxmv = 0.135927, MinPoint = 7.707, Min = 8.387, Avg. = 14.814, Max = 20.127, 0.0 secs.
2026-09-07 08:11:55,507 [DEBUG] core.argyll_runner: [argyll] Re-seeding
2026-09-07 08:11:55,507 [DEBUG] core.argyll_runner: [argyll] It 3: Maxmv = 0.099302, MinPoint = 9.548, Min = 8.481, Avg. = 14.744, Max = 19.228, 0.0 secs.
2026-09-07 08:11:55,508 [DEBUG] core.argyll_runner: [argyll] Re-seeding
2026-09-07 08:11:55,508 [DEBUG] core.argyll_runner: [argyll] It 4: Maxmv = 0.111279, MinPoint = 7.739, Min = 9.397, Avg. = 14.675, Max = 19.182, 0.0 secs.
2026-09-07 08:11:55,508 [DEBUG] core.argyll_runner: [argyll] Re-seeding
2026-09-07 08:11:55,509 [DEBUG] core.argyll_runner: [argyll] It 5: Maxmv = 0.086499, MinPoint = 7.446, Min = 8.372, Avg. = 14.603, Max = 18.682, 0.0 secs.
2026-09-07 08:11:55,509 [DEBUG] core.argyll_runner: [argyll] Re-seeding
2026-09-07 08:11:55,509 [DEBUG] core.argyll_runner: [argyll] It 6: Maxmv = 0.070674, MinPoint = 11.258, Min = 7.507, Avg. = 14.588, Max = 18.442, 0.0 secs.
2026-09-07 08:11:55,509 [DEBUG] core.argyll_runner: [argyll] Re-seeding
2026-09-07 08:11:55,510 [DEBUG] core.argyll_runner: [argyll] It 7: Maxmv = 0.071982, MinPoint = 11.340, Min = 9.208, Avg. = 14.506, Max = 18.307, 0.0 secs.
2026-09-07 08:11:55,510 [DEBUG] core.argyll_runner: [argyll] Re-seeding
2026-09-07 08:11:55,510 [DEBUG] core.argyll_runner: [argyll] It 8: Maxmv = 0.058477, MinPoint = 11.310, Min = 9.010, Avg. = 14.473, Max = 17.572, 0.0 secs.
2026-09-07 08:11:55,510 [DEBUG] core.argyll_runner: [argyll] Re-seeding
2026-09-07 08:11:55,511 [DEBUG] core.argyll_runner: [argyll] It 9: Maxmv = 0.050467, MinPoint = 12.528, Min = 8.721, Avg. = 14.419, Max = 17.839, 0.0 secs.
2026-09-07 08:11:55,511 [DEBUG] core.argyll_runner: [argyll] Re-seeding
2026-09-07 08:11:55,511 [DEBUG] core.argyll_runner: [argyll] It 10: Maxmv = 0.047011, MinPoint = 12.737, Min = 10.190, Avg. = 14.426, Max = 18.278, 0.0 secs.
2026-09-07 08:11:55,512 [DEBUG] core.argyll_runner: [argyll] Re-seeding
2026-09-07 08:11:55,512 [DEBUG] core.argyll_runner: [argyll] It 11: Maxmv = 0.036802, MinPoint = 14.120, Min = 9.689, Avg. = 14.387, Max = 17.676, 0.0 secs.
2026-09-07 08:11:55,512 [DEBUG] core.argyll_runner: [argyll] Re-seeding
2026-09-07 08:11:55,512 [DEBUG] core.argyll_runner: [argyll] It 12: Maxmv = 0.037007, MinPoint = 14.103, Min = 9.781, Avg. = 14.396, Max = 18.132, 0.0 secs.
2026-09-07 08:11:55,513 [DEBUG] core.argyll_runner: [argyll] Re-seeding
2026-09-07 08:11:55,513 [DEBUG] core.argyll_runner: [argyll] It 13: Maxmv = 0.031385, MinPoint = 14.541, Min = 9.798, Avg. = 14.383, Max = 17.947, 0.0 secs.
2026-09-07 08:11:55,513 [DEBUG] core.argyll_runner: [argyll] Re-seeding
2026-09-07 08:11:55,513 [DEBUG] core.argyll_runner: [argyll] It 14: Maxmv = 0.024635, MinPoint = 14.780, Min = 10.238, Avg. = 14.379, Max = 17.667, 0.0 secs.
2026-09-07 08:11:55,514 [DEBUG] core.argyll_runner: [argyll] Re-seeding
2026-09-07 08:11:55,514 [DEBUG] core.argyll_runner: [argyll] It 15: Maxmv = 0.022250, MinPoint = 14.140, Min = 10.361, Avg. = 14.370, Max = 18.238, 0.0 secs.
2026-09-07 08:11:55,514 [DEBUG] core.argyll_runner: [argyll] Re-seeding
2026-09-07 08:11:55,514 [DEBUG] core.argyll_runner: [argyll] It 16: Maxmv = 0.015868, MinPoint = 14.230, Min = 10.233, Avg. = 14.366, Max = 17.815, 0.0 secs.
2026-09-07 08:11:55,515 [DEBUG] core.argyll_runner: [argyll] Re-seeding
2026-09-07 08:11:55,515 [DEBUG] core.argyll_runner: [argyll] It 17: Maxmv = 0.012179, MinPoint = 14.347, Min = 10.195, Avg. = 14.369, Max = 17.858, 0.0 secs.
2026-09-07 08:11:55,515 [DEBUG] core.argyll_runner: [argyll] Re-seeding
2026-09-07 08:11:55,515 [DEBUG] core.argyll_runner: [argyll] It 18: Maxmv = 0.007282, MinPoint = 14.292, Min = 10.275, Avg. = 14.371, Max = 17.595, 0.0 secs.
2026-09-07 08:11:55,516 [DEBUG] core.argyll_runner: [argyll] Re-seeding
2026-09-07 08:11:55,516 [DEBUG] core.argyll_runner: [argyll] It 19: Maxmv = 0.002362, MinPoint = 14.317, Min = 10.273, Avg. = 14.370, Max = 17.512, 0.0 secs.
2026-09-07 08:11:55,516 [DEBUG] core.argyll_runner: [argyll] Re-seeding
2026-09-07 08:11:55,517 [DEBUG] core.argyll_runner: [argyll] It 20: Maxmv = 0.002376, MinPoint = 14.302, Min = 10.271, Avg. = 14.371, Max = 17.504, 0.0 secs.
2026-09-07 08:11:55,517 [DEBUG] core.argyll_runner: [argyll] After optimization: MinPoint = 14.302, Min = 10.271, Avg. = 14.371, Max = 17.504
2026-09-07 08:11:55,517 [DEBUG] core.argyll_runner: [argyll] Total number of patches = 209
2026-09-07 08:11:55,517 [DEBUG] core.argyll_runner: [argyll] Execution time = 0.332461 seconds
2026-09-07 08:11:55,518 [INFO] core.argyll_runner: ArgyllRunner: finished with code 0
2026-09-07 08:11:55,751 [DEBUG] workflow.chart_creator: Wrote channel sidecar A3-LayoutModes.channels.json: ['r', 'g', 'b']
2026-09-07 08:11:55,832 [DEBUG] ui.tiff_preview: TiffPreview: loaded 1 page(s)
2026-09-07 08:11:55,832 [INFO] ui.tabs.tab_chart: Preview loaded: 1 TIFF(s)
2026-09-07 08:11:55,873 [DEBUG] ui.tiff_preview: TiffPreview: loaded 1 page(s)
2026-09-07 08:11:55,874 [DEBUG] ui.tiff_preview: TiffPreview: loaded 1 page(s)
2026-09-07 08:11:55,878 [DEBUG] ui.tabs.tab_chart: create-chart settings written for run1 (40 parameters + ui state)
2026-09-07 08:11:57,564 [INFO] assess:   shot Screenshots/A4-margins/g03-own-60606060-after.png  (3400x2100)
2026-09-07 08:11:57,565 [INFO] assess:   json Test Runs/logs/d03_results.json
2026-09-07 08:11:57,565 [INFO] assess:     est_before={'total': 209, 'fillup': 0, 'page_patches': 209, 'rows': 19, 'cols': 11, 'pages': 1, 'patch': (8.18, 8.26), 'pitch': None}
    actual={'total': 209, 'fillup': 0, 'page_patches': 209, 'rows': 19, 'cols': 11, 'pages': 1, 'patch': (8.13, 8.3), 'pitch': None}
    est_after={'total': 209, 'fillup': 0, 'page_patches': 209, 'rows': 19, 'cols': 11, 'pages': 1, 'patch': (8.18, 8.26), 'pitch': None}
    margin_after='Margins: OK' notes=''
2026-09-07 08:11:57,565 [INFO] assess: --- g04-own-20-clipside-5: own margins 20/20/20 and left 5 (under the clip band)
2026-09-07 08:11:59,019 [DEBUG] core.settings: settings.set helper_markers_show = False
2026-09-07 08:11:59,019 [DEBUG] core.settings: settings.set helper_marker_edge_mm = 2.0
2026-09-07 08:11:59,019 [DEBUG] core.settings: settings.set helper_marker_len_mm = 2.0
2026-09-07 08:11:59,019 [DEBUG] core.settings: settings.set helper_marker_per_patch = 3
2026-09-07 08:11:59,019 [DEBUG] core.settings: settings.set helper_markers_top_bottom = True
2026-09-07 08:11:59,019 [DEBUG] core.settings: settings.set helper_markers_sides = True
2026-09-07 08:11:59,395 [DEBUG] core.settings: settings.set helper_markers_show = False
2026-09-07 08:11:59,395 [DEBUG] core.settings: settings.set helper_marker_edge_mm = 2.0
2026-09-07 08:11:59,395 [DEBUG] core.settings: settings.set helper_marker_len_mm = 2.0
2026-09-07 08:11:59,395 [DEBUG] core.settings: settings.set helper_marker_per_patch = 3
2026-09-07 08:11:59,395 [DEBUG] core.settings: settings.set helper_markers_top_bottom = True
2026-09-07 08:11:59,395 [DEBUG] core.settings: settings.set helper_markers_sides = True
2026-09-07 08:11:59,621 [DEBUG] core.settings: settings.set helper_markers_show = False
2026-09-07 08:11:59,621 [DEBUG] core.settings: settings.set helper_marker_edge_mm = 2.0
2026-09-07 08:11:59,621 [DEBUG] core.settings: settings.set helper_marker_len_mm = 2.0
2026-09-07 08:11:59,621 [DEBUG] core.settings: settings.set helper_marker_per_patch = 3
2026-09-07 08:11:59,621 [DEBUG] core.settings: settings.set helper_markers_top_bottom = True
2026-09-07 08:11:59,621 [DEBUG] core.settings: settings.set helper_markers_sides = True
2026-09-07 08:11:59,827 [DEBUG] core.settings: settings.set helper_markers_show = False
2026-09-07 08:11:59,827 [DEBUG] core.settings: settings.set helper_marker_edge_mm = 2.0
2026-09-07 08:11:59,827 [DEBUG] core.settings: settings.set helper_marker_len_mm = 2.0
2026-09-07 08:11:59,827 [DEBUG] core.settings: settings.set helper_marker_per_patch = 3
2026-09-07 08:11:59,827 [DEBUG] core.settings: settings.set helper_markers_top_bottom = True
2026-09-07 08:11:59,827 [DEBUG] core.settings: settings.set helper_markers_sides = True
2026-09-07 08:12:00,031 [DEBUG] core.settings: settings.set helper_markers_show = False
2026-09-07 08:12:00,031 [DEBUG] core.settings: settings.set helper_marker_edge_mm = 2.0
2026-09-07 08:12:00,031 [DEBUG] core.settings: settings.set helper_marker_len_mm = 2.0
2026-09-07 08:12:00,031 [DEBUG] core.settings: settings.set helper_marker_per_patch = 3
2026-09-07 08:12:00,031 [DEBUG] core.settings: settings.set helper_markers_top_bottom = True
2026-09-07 08:12:00,031 [DEBUG] core.settings: settings.set helper_markers_sides = True
2026-09-07 08:12:00,235 [DEBUG] core.settings: settings.set helper_markers_show = False
2026-09-07 08:12:00,235 [DEBUG] core.settings: settings.set helper_marker_edge_mm = 2.0
2026-09-07 08:12:00,235 [DEBUG] core.settings: settings.set helper_marker_len_mm = 2.0
2026-09-07 08:12:00,235 [DEBUG] core.settings: settings.set helper_marker_per_patch = 3
2026-09-07 08:12:00,235 [DEBUG] core.settings: settings.set helper_markers_top_bottom = True
2026-09-07 08:12:00,235 [DEBUG] core.settings: settings.set helper_markers_sides = True
2026-09-07 08:12:01,234 [INFO] assess:   shot Screenshots/A4-margins/g04-own-20-clipside-5-before.png  (3400x2100)
2026-09-07 08:12:01,235 [INFO] assess:   armed: dialog ~'quite fill' -> click 'OK' 
2026-09-07 08:12:01,235 [INFO] assess:   armed: dialog ~'already' -> click 'Continue this project' 
2026-09-07 08:12:01,235 [INFO] ui.tabs.tab_chart: chart build (Generate Chart) in manual: patch set targen | manual panel: A4, 0x0 grid, margins T20.0 R20.0 B20.0 L5.0
2026-09-07 08:12:01,235 [DEBUG] core.settings: settings.set session_ti3_path = ''
2026-09-07 08:12:01,235 [DEBUG] core.settings: settings.set session_icc_path = ''
2026-09-07 08:12:01,235 [DEBUG] core.settings: settings.set session_cal_ti3_path = ''
2026-09-07 08:12:01,236 [DEBUG] core.file_manager: Target name set to: A3-LayoutModes (root /Users/Basti/ChromIQ-assessment/A3-LayoutModes)
2026-09-07 08:12:01,236 [INFO] core.file_manager: opened the EXISTING project at /Users/Basti/ChromIQ-assessment/A3-LayoutModes (1 run(s) on disk)
2026-09-07 08:12:01,261 [INFO] workflow.chart_creator: Chart generation: 540 patches, instrument=i1 paper=A4 disable_lb=True
2026-09-07 08:12:01,261 [INFO] workflow.chart_creator: targen args: ['-v', '-d2', '-f540', '-e4', '-B4', '-G', '-g31', 'A3-LayoutModes']
2026-09-07 08:12:01,261 [INFO] core.argyll_runner: Run: /Applications/Argyll/bin/targen -v -d2 -f540 -e4 -B4 -G -g31 A3-LayoutModes  [cwd=/Users/Basti/ChromIQ-assessment/A3-LayoutModes/runs/run1]
2026-09-07 08:12:01,324 [DEBUG] core.argyll_runner: [argyll] iRGB test chart
2026-09-07 08:12:01,324 [DEBUG] core.argyll_runner: [argyll] White patches = 4
2026-09-07 08:12:01,325 [DEBUG] core.argyll_runner: [argyll] Black patches = 4
2026-09-07 08:12:01,325 [DEBUG] core.argyll_runner: [argyll] Composite Grey steps = 31
2026-09-07 08:12:01,325 [DEBUG] core.argyll_runner: [argyll] Full spread patches = 540
2026-09-07 08:12:01,325 [DEBUG] core.argyll_runner: [argyll] Degree of adaptation: 0.100
2026-09-07 08:12:01,325 [DEBUG] core.argyll_runner: [argyll] Adaptation weights: Device = 0.935, Perceptual = 0.065, Curvature = 0.010
2026-09-07 08:12:01,325 [DEBUG] core.argyll_runner: [argyll] Perceptual cache resolution = 9
2026-09-07 08:12:01,326 [DEBUG] core.argyll_runner: [argyll] Seeding cache...done
2026-09-07 08:12:01,326 [DEBUG] core.argyll_runner: [argyll] Acceleration grid res = 9
2026-09-07 08:12:01,326 [DEBUG] core.argyll_runner: [argyll] 
2026-09-07 08:12:01,326 [DEBUG] core.argyll_runner: [argyll] There are 31 unique fixed points to add (37 total fixed points)
2026-09-07 08:12:01,326 [DEBUG] core.argyll_runner: [argyll] There are 503 far spread points to add
2026-09-07 08:12:01,326 [DEBUG] core.argyll_runner: [argyll] 
2026-09-07 08:12:01,326 [DEBUG] core.argyll_runner: [argyll] Added 12/534
2026-09-07 08:12:01,327 [DEBUG] core.argyll_runner: [argyll] Added 23/534
2026-09-07 08:12:01,327 [DEBUG] core.argyll_runner: [argyll] Added 34/534
2026-09-07 08:12:01,327 [DEBUG] core.argyll_runner: [argyll] Added 45/534
2026-09-07 08:12:01,327 [DEBUG] core.argyll_runner: [argyll] Added 56/534
2026-09-07 08:12:01,328 [DEBUG] core.argyll_runner: [argyll] Added 67/534
2026-09-07 08:12:01,348 [DEBUG] core.argyll_runner: [argyll] 
2026-09-07 08:12:01,348 [DEBUG] core.argyll_runner: [argyll] Added 78/534
2026-09-07 08:12:01,348 [DEBUG] core.argyll_runner: [argyll] Added 89/534
2026-09-07 08:12:01,349 [DEBUG] core.argyll_runner: [argyll] Added 100/534
2026-09-07 08:12:01,349 [DEBUG] core.argyll_runner: [argyll] Added 111/534
2026-09-07 08:12:01,349 [DEBUG] core.argyll_runner: [argyll] Added 122/534
2026-09-07 08:12:01,350 [DEBUG] core.argyll_runner: [argyll] Added 133/534
2026-09-07 08:12:01,351 [DEBUG] core.argyll_runner: [argyll] Added 144/534
2026-09-07 08:12:01,352 [DEBUG] core.argyll_runner: [argyll] Added 155/534
2026-09-07 08:12:01,353 [DEBUG] core.argyll_runner: [argyll] Added 166/534
2026-09-07 08:12:01,354 [DEBUG] core.argyll_runner: [argyll] Added 177/534
2026-09-07 08:12:01,355 [DEBUG] core.argyll_runner: [argyll] Added 188/534
2026-09-07 08:12:01,357 [DEBUG] core.argyll_runner: [argyll] Added 199/534
2026-09-07 08:12:01,358 [DEBUG] core.argyll_runner: [argyll] Added 210/534
2026-09-07 08:12:01,360 [DEBUG] core.argyll_runner: [argyll] Added 221/534
2026-09-07 08:12:01,362 [DEBUG] core.argyll_runner: [argyll] Added 232/534
2026-09-07 08:12:01,364 [DEBUG] core.argyll_runner: [argyll] Added 243/534
2026-09-07 08:12:01,366 [DEBUG] core.argyll_runner: [argyll] Added 254/534
2026-09-07 08:12:01,368 [DEBUG] core.argyll_runner: [argyll] Added 265/534
2026-09-07 08:12:01,370 [DEBUG] core.argyll_runner: [argyll] Added 276/534
2026-09-07 08:12:01,373 [DEBUG] core.argyll_runner: [argyll] Added 287/534
2026-09-07 08:12:01,375 [DEBUG] core.argyll_runner: [argyll] Added 298/534
2026-09-07 08:12:01,378 [DEBUG] core.argyll_runner: [argyll] Added 309/534
2026-09-07 08:12:01,381 [DEBUG] core.argyll_runner: [argyll] Added 320/534
2026-09-07 08:12:01,384 [DEBUG] core.argyll_runner: [argyll] Added 331/534
2026-09-07 08:12:01,387 [DEBUG] core.argyll_runner: [argyll] Added 342/534
2026-09-07 08:12:01,390 [DEBUG] core.argyll_runner: [argyll] Added 353/534
2026-09-07 08:12:01,406 [DEBUG] core.argyll_runner: [argyll] 
2026-09-07 08:12:01,407 [DEBUG] core.argyll_runner: [argyll] Added 364/534
2026-09-07 08:12:01,407 [DEBUG] core.argyll_runner: [argyll] Added 375/534
2026-09-07 08:12:01,408 [DEBUG] core.argyll_runner: [argyll] Added 386/534
2026-09-07 08:12:01,408 [DEBUG] core.argyll_runner: [argyll] Added 397/534
2026-09-07 08:12:01,408 [DEBUG] core.argyll_runner: [argyll] Added 408/534
2026-09-07 08:12:01,409 [DEBUG] core.argyll_runner: [argyll] Added 419/534
2026-09-07 08:12:01,410 [DEBUG] core.argyll_runner: [argyll] Added 430/534
2026-09-07 08:12:01,411 [DEBUG] core.argyll_runner: [argyll] Added 441/534
2026-09-07 08:12:01,412 [DEBUG] core.argyll_runner: [argyll] Added 452/534
2026-09-07 08:12:01,413 [DEBUG] core.argyll_runner: [argyll] Added 463/534
2026-09-07 08:12:01,414 [DEBUG] core.argyll_runner: [argyll] Added 474/534
2026-09-07 08:12:01,416 [DEBUG] core.argyll_runner: [argyll] Added 485/534
2026-09-07 08:12:01,417 [DEBUG] core.argyll_runner: [argyll] Added 496/534
2026-09-07 08:12:01,419 [DEBUG] core.argyll_runner: [argyll] Added 507/534
2026-09-07 08:12:01,421 [DEBUG] core.argyll_runner: [argyll] Added 518/534
2026-09-07 08:12:01,422 [DEBUG] core.argyll_runner: [argyll] Added 529/534
2026-09-07 08:12:01,425 [DEBUG] core.argyll_runner: [argyll] Added 534/534
2026-09-07 08:12:02,316 [DEBUG] core.argyll_runner: [argyll] 
2026-09-07 08:12:02,317 [DEBUG] core.argyll_runner: [argyll] After seeding points: MinPoint = 4.498, Min = 3.937, Avg. = 10.779, Max = 13.978, 0.1 secs
2026-09-07 08:12:02,317 [DEBUG] core.argyll_runner: [argyll] Re-seeding
2026-09-07 08:12:02,318 [DEBUG] core.argyll_runner: [argyll] It 1: Maxmv = 0.098484, MinPoint = 1.829, Min = 4.508, Avg. = 10.775, Max = 14.656, 0.0 secs.
2026-09-07 08:12:02,318 [DEBUG] core.argyll_runner: [argyll] Re-seeding
2026-09-07 08:12:02,318 [DEBUG] core.argyll_runner: [argyll] It 2: Maxmv = 0.079856, MinPoint = 1.854, Min = 5.104, Avg. = 10.665, Max = 13.861, 0.0 secs.
2026-09-07 08:12:02,318 [DEBUG] core.argyll_runner: [argyll] Re-seeding
2026-09-07 08:12:02,319 [DEBUG] core.argyll_runner: [argyll] It 3: Maxmv = 0.075333, MinPoint = 5.228, Min = 5.104, Avg. = 10.636, Max = 14.650, 0.0 secs.
2026-09-07 08:12:02,319 [DEBUG] core.argyll_runner: [argyll] Re-seeding
2026-09-07 08:12:02,319 [DEBUG] core.argyll_runner: [argyll] It 4: Maxmv = 0.088684, MinPoint = 5.551, Min = 5.104, Avg. = 10.553, Max = 13.672, 0.0 secs.
2026-09-07 08:12:02,320 [DEBUG] core.argyll_runner: [argyll] Re-seeding
2026-09-07 08:12:02,320 [DEBUG] core.argyll_runner: [argyll] It 5: Maxmv = 0.066912, MinPoint = 5.551, Min = 5.104, Avg. = 10.492, Max = 13.771, 0.0 secs.
2026-09-07 08:12:02,320 [DEBUG] core.argyll_runner: [argyll] Re-seeding
2026-09-07 08:12:02,320 [DEBUG] core.argyll_runner: [argyll] It 6: Maxmv = 0.062234, MinPoint = 5.551, Min = 5.104, Avg. = 10.447, Max = 13.294, 0.0 secs.
2026-09-07 08:12:02,321 [DEBUG] core.argyll_runner: [argyll] Re-seeding
2026-09-07 08:12:02,321 [DEBUG] core.argyll_runner: [argyll] It 7: Maxmv = 0.049283, MinPoint = 5.551, Min = 5.104, Avg. = 10.412, Max = 12.802, 0.0 secs.
2026-09-07 08:12:02,321 [DEBUG] core.argyll_runner: [argyll] Re-seeding
2026-09-07 08:12:02,321 [DEBUG] core.argyll_runner: [argyll] It 8: Maxmv = 0.047942, MinPoint = 5.551, Min = 5.104, Avg. = 10.386, Max = 13.616, 0.0 secs.
2026-09-07 08:12:02,322 [DEBUG] core.argyll_runner: [argyll] Re-seeding
2026-09-07 08:12:02,322 [DEBUG] core.argyll_runner: [argyll] It 9: Maxmv = 0.039908, MinPoint = 5.551, Min = 5.104, Avg. = 10.340, Max = 12.756, 0.0 secs.
2026-09-07 08:12:02,322 [DEBUG] core.argyll_runner: [argyll] Re-seeding
2026-09-07 08:12:02,322 [DEBUG] core.argyll_runner: [argyll] It 10: Maxmv = 0.028987, MinPoint = 5.551, Min = 5.104, Avg. = 10.316, Max = 12.967, 0.0 secs.
2026-09-07 08:12:02,323 [DEBUG] core.argyll_runner: [argyll] Re-seeding
2026-09-07 08:12:02,323 [DEBUG] core.argyll_runner: [argyll] It 11: Maxmv = 0.027569, MinPoint = 5.551, Min = 5.104, Avg. = 10.299, Max = 12.587, 0.0 secs.
2026-09-07 08:12:02,323 [DEBUG] core.argyll_runner: [argyll] Re-seeding
2026-09-07 08:12:02,323 [DEBUG] core.argyll_runner: [argyll] It 12: Maxmv = 0.025901, MinPoint = 5.551, Min = 5.104, Avg. = 10.278, Max = 12.277, 0.0 secs.
2026-09-07 08:12:02,324 [DEBUG] core.argyll_runner: [argyll] Re-seeding
2026-09-07 08:12:02,324 [DEBUG] core.argyll_runner: [argyll] It 13: Maxmv = 0.023177, MinPoint = 5.551, Min = 5.104, Avg. = 10.263, Max = 12.352, 0.0 secs.
2026-09-07 08:12:02,324 [DEBUG] core.argyll_runner: [argyll] Re-seeding
2026-09-07 08:12:02,324 [DEBUG] core.argyll_runner: [argyll] It 14: Maxmv = 0.014244, MinPoint = 5.551, Min = 5.104, Avg. = 10.250, Max = 12.119, 0.0 secs.
2026-09-07 08:12:02,325 [DEBUG] core.argyll_runner: [argyll] Re-seeding
2026-09-07 08:12:02,325 [DEBUG] core.argyll_runner: [argyll] It 15: Maxmv = 0.014048, MinPoint = 5.551, Min = 5.104, Avg. = 10.243, Max = 12.342, 0.0 secs.
2026-09-07 08:12:02,325 [DEBUG] core.argyll_runner: [argyll] Re-seeding
2026-09-07 08:12:02,325 [DEBUG] core.argyll_runner: [argyll] It 16: Maxmv = 0.011498, MinPoint = 5.551, Min = 5.104, Avg. = 10.241, Max = 12.160, 0.0 secs.
2026-09-07 08:12:02,326 [DEBUG] core.argyll_runner: [argyll] Re-seeding
2026-09-07 08:12:02,326 [DEBUG] core.argyll_runner: [argyll] It 17: Maxmv = 0.007649, MinPoint = 5.551, Min = 5.104, Avg. = 10.237, Max = 12.092, 0.0 secs.
2026-09-07 08:12:02,326 [DEBUG] core.argyll_runner: [argyll] Re-seeding
2026-09-07 08:12:02,326 [DEBUG] core.argyll_runner: [argyll] It 18: Maxmv = 0.003820, MinPoint = 5.551, Min = 5.104, Avg. = 10.235, Max = 12.054, 0.0 secs.
2026-09-07 08:12:02,327 [DEBUG] core.argyll_runner: [argyll] Re-seeding
2026-09-07 08:12:02,327 [DEBUG] core.argyll_runner: [argyll] It 19: Maxmv = 0.001477, MinPoint = 5.551, Min = 5.104, Avg. = 10.232, Max = 12.033, 0.0 secs.
2026-09-07 08:12:02,327 [DEBUG] core.argyll_runner: [argyll] Re-seeding
2026-09-07 08:12:02,327 [DEBUG] core.argyll_runner: [argyll] It 20: Maxmv = 0.001747, MinPoint = 5.551, Min = 5.104, Avg. = 10.231, Max = 12.050, 0.0 secs.
2026-09-07 08:12:02,328 [DEBUG] core.argyll_runner: [argyll] After optimization: MinPoint = 5.551, Min = 5.104, Avg. = 10.231, Max = 12.050
2026-09-07 08:12:02,328 [DEBUG] core.argyll_runner: [argyll] Total number of patches = 540
2026-09-07 08:12:02,328 [DEBUG] core.argyll_runner: [argyll] Execution time = 0.994205 seconds
2026-09-07 08:12:02,328 [INFO] core.argyll_runner: ArgyllRunner: finished with code 0
2026-09-07 08:12:02,709 [DEBUG] workflow.chart_creator: Wrote channel sidecar A3-LayoutModes.channels.json: ['r', 'g', 'b']
2026-09-07 08:12:02,790 [DEBUG] ui.tiff_preview: TiffPreview: loaded 1 page(s)
2026-09-07 08:12:02,790 [INFO] ui.tabs.tab_chart: Preview loaded: 1 TIFF(s)
2026-09-07 08:12:02,834 [DEBUG] ui.tiff_preview: TiffPreview: loaded 1 page(s)
2026-09-07 08:12:02,836 [DEBUG] ui.tiff_preview: TiffPreview: loaded 1 page(s)
2026-09-07 08:12:02,841 [DEBUG] ui.tabs.tab_chart: create-chart settings written for run1 (40 parameters + ui state)
2026-09-07 08:12:04,638 [INFO] assess:   shot Screenshots/A4-margins/g04-own-20-clipside-5-after.png  (3400x2100)
2026-09-07 08:12:04,640 [INFO] assess:   json Test Runs/logs/d03_results.json
2026-09-07 08:12:04,640 [INFO] assess:     est_before={'total': 540, 'fillup': 0, 'page_patches': 540, 'rows': 27, 'cols': 20, 'pages': 1, 'patch': (8.19, 8.48), 'pitch': None}
    actual={'total': 540, 'fillup': 0, 'page_patches': 540, 'rows': 27, 'cols': 20, 'pages': 1, 'patch': (8.21, 8.47), 'pitch': None}
    est_after={'total': 540, 'fillup': 0, 'page_patches': 540, 'rows': 27, 'cols': 20, 'pages': 1, 'patch': (8.19, 8.48), 'pitch': None}
    margin_after='' notes='⚠ Strip length 255 mm exceeds the 240 mm instrument ruler — the strip may not fit your jig'
2026-09-07 08:12:04,640 [INFO] assess: --- g05-instr-back-on: instrument margins back on (restores 38/9/19/26?)
2026-09-07 08:12:06,079 [DEBUG] core.settings: settings.set helper_markers_show = False
2026-09-07 08:12:06,079 [DEBUG] core.settings: settings.set helper_marker_edge_mm = 2.0
2026-09-07 08:12:06,079 [DEBUG] core.settings: settings.set helper_marker_len_mm = 2.0
2026-09-07 08:12:06,079 [DEBUG] core.settings: settings.set helper_marker_per_patch = 3
2026-09-07 08:12:06,079 [DEBUG] core.settings: settings.set helper_markers_top_bottom = True
2026-09-07 08:12:06,079 [DEBUG] core.settings: settings.set helper_markers_sides = True
2026-09-07 08:12:07,232 [INFO] assess:   shot Screenshots/A4-margins/g05-instr-back-on-before.png  (3400x2100)
2026-09-07 08:12:07,232 [INFO] assess:   armed: dialog ~'quite fill' -> click 'OK' 
2026-09-07 08:12:07,232 [INFO] assess:   armed: dialog ~'already' -> click 'Continue this project' 
2026-09-07 08:12:07,232 [INFO] ui.tabs.tab_chart: chart build (Generate Chart) in manual: patch set targen | manual panel: A4, 0x0 grid, margins T38.0 R9.0 B19.0 L26.0
2026-09-07 08:12:07,233 [DEBUG] core.settings: settings.set session_ti3_path = ''
2026-09-07 08:12:07,233 [DEBUG] core.settings: settings.set session_icc_path = ''
2026-09-07 08:12:07,233 [DEBUG] core.settings: settings.set session_cal_ti3_path = ''
2026-09-07 08:12:07,233 [DEBUG] core.file_manager: Target name set to: A3-LayoutModes (root /Users/Basti/ChromIQ-assessment/A3-LayoutModes)
2026-09-07 08:12:07,233 [INFO] core.file_manager: opened the EXISTING project at /Users/Basti/ChromIQ-assessment/A3-LayoutModes (1 run(s) on disk)
2026-09-07 08:12:07,259 [INFO] workflow.chart_creator: Chart generation: 525 patches, instrument=i1 paper=A4 disable_lb=True
2026-09-07 08:12:07,259 [INFO] workflow.chart_creator: targen args: ['-v', '-d2', '-f525', '-e4', '-B4', '-G', '-g30', 'A3-LayoutModes']
2026-09-07 08:12:07,259 [INFO] core.argyll_runner: Run: /Applications/Argyll/bin/targen -v -d2 -f525 -e4 -B4 -G -g30 A3-LayoutModes  [cwd=/Users/Basti/ChromIQ-assessment/A3-LayoutModes/runs/run1]
2026-09-07 08:12:07,323 [DEBUG] core.argyll_runner: [argyll] iRGB test chart
2026-09-07 08:12:07,323 [DEBUG] core.argyll_runner: [argyll] White patches = 4
2026-09-07 08:12:07,324 [DEBUG] core.argyll_runner: [argyll] Black patches = 4
2026-09-07 08:12:07,324 [DEBUG] core.argyll_runner: [argyll] Composite Grey steps = 30
2026-09-07 08:12:07,324 [DEBUG] core.argyll_runner: [argyll] Full spread patches = 525
2026-09-07 08:12:07,324 [DEBUG] core.argyll_runner: [argyll] Degree of adaptation: 0.100
2026-09-07 08:12:07,324 [DEBUG] core.argyll_runner: [argyll] Adaptation weights: Device = 0.935, Perceptual = 0.065, Curvature = 0.010
2026-09-07 08:12:07,324 [DEBUG] core.argyll_runner: [argyll] Perceptual cache resolution = 9
2026-09-07 08:12:07,325 [DEBUG] core.argyll_runner: [argyll] Seeding cache...done
2026-09-07 08:12:07,325 [DEBUG] core.argyll_runner: [argyll] Acceleration grid res = 9
2026-09-07 08:12:07,325 [DEBUG] core.argyll_runner: [argyll] 
2026-09-07 08:12:07,325 [DEBUG] core.argyll_runner: [argyll] There are 30 unique fixed points to add (36 total fixed points)
2026-09-07 08:12:07,325 [DEBUG] core.argyll_runner: [argyll] There are 489 far spread points to add
2026-09-07 08:12:07,325 [DEBUG] core.argyll_runner: [argyll] 
2026-09-07 08:12:07,325 [DEBUG] core.argyll_runner: [argyll] Added 12/519
2026-09-07 08:12:07,326 [DEBUG] core.argyll_runner: [argyll] Added 23/519
2026-09-07 08:12:07,326 [DEBUG] core.argyll_runner: [argyll] Added 34/519
2026-09-07 08:12:07,326 [DEBUG] core.argyll_runner: [argyll] Added 45/519
2026-09-07 08:12:07,326 [DEBUG] core.argyll_runner: [argyll] Added 56/519
2026-09-07 08:12:07,327 [DEBUG] core.argyll_runner: [argyll] Added 67/519
2026-09-07 08:12:07,327 [DEBUG] core.argyll_runner: [argyll] Added 78/519
2026-09-07 08:12:07,348 [DEBUG] core.argyll_runner: [argyll] 
2026-09-07 08:12:07,348 [DEBUG] core.argyll_runner: [argyll] Added 89/519
2026-09-07 08:12:07,348 [DEBUG] core.argyll_runner: [argyll] Added 100/519
2026-09-07 08:12:07,348 [DEBUG] core.argyll_runner: [argyll] Added 111/519
2026-09-07 08:12:07,349 [DEBUG] core.argyll_runner: [argyll] Added 122/519
2026-09-07 08:12:07,349 [DEBUG] core.argyll_runner: [argyll] Added 133/519
2026-09-07 08:12:07,350 [DEBUG] core.argyll_runner: [argyll] Added 144/519
2026-09-07 08:12:07,351 [DEBUG] core.argyll_runner: [argyll] Added 155/519
2026-09-07 08:12:07,351 [DEBUG] core.argyll_runner: [argyll] Added 166/519
2026-09-07 08:12:07,352 [DEBUG] core.argyll_runner: [argyll] Added 177/519
2026-09-07 08:12:07,354 [DEBUG] core.argyll_runner: [argyll] Added 188/519
2026-09-07 08:12:07,355 [DEBUG] core.argyll_runner: [argyll] Added 199/519
2026-09-07 08:12:07,356 [DEBUG] core.argyll_runner: [argyll] Added 210/519
2026-09-07 08:12:07,358 [DEBUG] core.argyll_runner: [argyll] Added 221/519
2026-09-07 08:12:07,360 [DEBUG] core.argyll_runner: [argyll] Added 232/519
2026-09-07 08:12:07,361 [DEBUG] core.argyll_runner: [argyll] Added 243/519
2026-09-07 08:12:07,363 [DEBUG] core.argyll_runner: [argyll] Added 254/519
2026-09-07 08:12:07,365 [DEBUG] core.argyll_runner: [argyll] Added 265/519
2026-09-07 08:12:07,367 [DEBUG] core.argyll_runner: [argyll] Added 276/519
2026-09-07 08:12:07,370 [DEBUG] core.argyll_runner: [argyll] Added 287/519
2026-09-07 08:12:07,372 [DEBUG] core.argyll_runner: [argyll] Added 298/519
2026-09-07 08:12:07,375 [DEBUG] core.argyll_runner: [argyll] Added 309/519
2026-09-07 08:12:07,377 [DEBUG] core.argyll_runner: [argyll] Added 320/519
2026-09-07 08:12:07,380 [DEBUG] core.argyll_runner: [argyll] Added 331/519
2026-09-07 08:12:07,383 [DEBUG] core.argyll_runner: [argyll] Added 342/519
2026-09-07 08:12:07,386 [DEBUG] core.argyll_runner: [argyll] Added 353/519
2026-09-07 08:12:07,389 [DEBUG] core.argyll_runner: [argyll] Added 364/519
2026-09-07 08:12:07,393 [DEBUG] core.argyll_runner: [argyll] Added 375/519
2026-09-07 08:12:07,396 [DEBUG] core.argyll_runner: [argyll] Added 386/519
2026-09-07 08:12:07,413 [DEBUG] core.argyll_runner: [argyll] 
2026-09-07 08:12:07,414 [DEBUG] core.argyll_runner: [argyll] Added 397/519
2026-09-07 08:12:07,414 [DEBUG] core.argyll_runner: [argyll] Added 408/519
2026-09-07 08:12:07,414 [DEBUG] core.argyll_runner: [argyll] Added 419/519
2026-09-07 08:12:07,415 [DEBUG] core.argyll_runner: [argyll] Added 430/519
2026-09-07 08:12:07,415 [DEBUG] core.argyll_runner: [argyll] Added 441/519
2026-09-07 08:12:07,416 [DEBUG] core.argyll_runner: [argyll] Added 452/519
2026-09-07 08:12:07,417 [DEBUG] core.argyll_runner: [argyll] Added 463/519
2026-09-07 08:12:07,417 [DEBUG] core.argyll_runner: [argyll] Added 474/519
2026-09-07 08:12:07,418 [DEBUG] core.argyll_runner: [argyll] Added 485/519
2026-09-07 08:12:07,420 [DEBUG] core.argyll_runner: [argyll] Added 496/519
2026-09-07 08:12:07,421 [DEBUG] core.argyll_runner: [argyll] Added 507/519
2026-09-07 08:12:07,422 [DEBUG] core.argyll_runner: [argyll] Added 518/519
2026-09-07 08:12:07,424 [DEBUG] core.argyll_runner: [argyll] Added 519/519
2026-09-07 08:12:08,293 [DEBUG] core.argyll_runner: [argyll] 
2026-09-07 08:12:08,293 [DEBUG] core.argyll_runner: [argyll] After seeding points: MinPoint = 4.448, Min = 4.322, Avg. = 10.848, Max = 14.666, 0.1 secs
2026-09-07 08:12:08,294 [DEBUG] core.argyll_runner: [argyll] Re-seeding
2026-09-07 08:12:08,294 [DEBUG] core.argyll_runner: [argyll] It 1: Maxmv = 0.103363, MinPoint = 3.460, Min = 4.005, Avg. = 10.861, Max = 14.358, 0.0 secs.
2026-09-07 08:12:08,294 [DEBUG] core.argyll_runner: [argyll] Re-seeding
2026-09-07 08:12:08,295 [DEBUG] core.argyll_runner: [argyll] It 2: Maxmv = 0.084402, MinPoint = 5.380, Min = 5.280, Avg. = 10.758, Max = 13.964, 0.0 secs.
2026-09-07 08:12:08,295 [DEBUG] core.argyll_runner: [argyll] Re-seeding
2026-09-07 08:12:08,295 [DEBUG] core.argyll_runner: [argyll] It 3: Maxmv = 0.076162, MinPoint = 5.428, Min = 5.280, Avg. = 10.700, Max = 13.835, 0.0 secs.
2026-09-07 08:12:08,295 [DEBUG] core.argyll_runner: [argyll] Re-seeding
2026-09-07 08:12:08,296 [DEBUG] core.argyll_runner: [argyll] It 4: Maxmv = 0.072726, MinPoint = 5.743, Min = 5.280, Avg. = 10.603, Max = 14.075, 0.0 secs.
2026-09-07 08:12:08,296 [DEBUG] core.argyll_runner: [argyll] Re-seeding
2026-09-07 08:12:08,296 [DEBUG] core.argyll_runner: [argyll] It 5: Maxmv = 0.068513, MinPoint = 5.743, Min = 5.280, Avg. = 10.535, Max = 13.679, 0.0 secs.
2026-09-07 08:12:08,296 [DEBUG] core.argyll_runner: [argyll] Re-seeding
2026-09-07 08:12:08,297 [DEBUG] core.argyll_runner: [argyll] It 6: Maxmv = 0.056321, MinPoint = 5.743, Min = 5.280, Avg. = 10.518, Max = 13.779, 0.0 secs.
2026-09-07 08:12:08,297 [DEBUG] core.argyll_runner: [argyll] Re-seeding
2026-09-07 08:12:08,297 [DEBUG] core.argyll_runner: [argyll] It 7: Maxmv = 0.059854, MinPoint = 5.743, Min = 5.280, Avg. = 10.461, Max = 13.725, 0.0 secs.
2026-09-07 08:12:08,297 [DEBUG] core.argyll_runner: [argyll] Re-seeding
2026-09-07 08:12:08,298 [DEBUG] core.argyll_runner: [argyll] It 8: Maxmv = 0.051345, MinPoint = 5.743, Min = 5.280, Avg. = 10.437, Max = 13.448, 0.0 secs.
2026-09-07 08:12:08,298 [DEBUG] core.argyll_runner: [argyll] Re-seeding
2026-09-07 08:12:08,298 [DEBUG] core.argyll_runner: [argyll] It 9: Maxmv = 0.040554, MinPoint = 5.743, Min = 5.280, Avg. = 10.411, Max = 13.065, 0.0 secs.
2026-09-07 08:12:08,298 [DEBUG] core.argyll_runner: [argyll] Re-seeding
2026-09-07 08:12:08,299 [DEBUG] core.argyll_runner: [argyll] It 10: Maxmv = 0.030994, MinPoint = 5.743, Min = 5.280, Avg. = 10.383, Max = 12.735, 0.0 secs.
2026-09-07 08:12:08,299 [DEBUG] core.argyll_runner: [argyll] Re-seeding
2026-09-07 08:12:08,299 [DEBUG] core.argyll_runner: [argyll] It 11: Maxmv = 0.032989, MinPoint = 5.743, Min = 5.280, Avg. = 10.373, Max = 12.994, 0.0 secs.
2026-09-07 08:12:08,299 [DEBUG] core.argyll_runner: [argyll] Re-seeding
2026-09-07 08:12:08,300 [DEBUG] core.argyll_runner: [argyll] It 12: Maxmv = 0.030487, MinPoint = 5.743, Min = 5.280, Avg. = 10.349, Max = 12.936, 0.0 secs.
2026-09-07 08:12:08,300 [DEBUG] core.argyll_runner: [argyll] Re-seeding
2026-09-07 08:12:08,300 [DEBUG] core.argyll_runner: [argyll] It 13: Maxmv = 0.021481, MinPoint = 5.743, Min = 5.280, Avg. = 10.346, Max = 12.600, 0.0 secs.
2026-09-07 08:12:08,300 [DEBUG] core.argyll_runner: [argyll] Re-seeding
2026-09-07 08:12:08,301 [DEBUG] core.argyll_runner: [argyll] It 14: Maxmv = 0.016377, MinPoint = 5.743, Min = 5.280, Avg. = 10.329, Max = 12.441, 0.0 secs.
2026-09-07 08:12:08,301 [DEBUG] core.argyll_runner: [argyll] Re-seeding
2026-09-07 08:12:08,301 [DEBUG] core.argyll_runner: [argyll] It 15: Maxmv = 0.013408, MinPoint = 5.743, Min = 5.280, Avg. = 10.331, Max = 12.462, 0.0 secs.
2026-09-07 08:12:08,301 [DEBUG] core.argyll_runner: [argyll] Re-seeding
2026-09-07 08:12:08,302 [DEBUG] core.argyll_runner: [argyll] It 16: Maxmv = 0.011614, MinPoint = 5.743, Min = 5.280, Avg. = 10.321, Max = 12.261, 0.0 secs.
2026-09-07 08:12:08,302 [DEBUG] core.argyll_runner: [argyll] Re-seeding
2026-09-07 08:12:08,302 [DEBUG] core.argyll_runner: [argyll] It 17: Maxmv = 0.006463, MinPoint = 5.743, Min = 5.280, Avg. = 10.321, Max = 12.391, 0.0 secs.
2026-09-07 08:12:08,302 [DEBUG] core.argyll_runner: [argyll] Re-seeding
2026-09-07 08:12:08,303 [DEBUG] core.argyll_runner: [argyll] It 18: Maxmv = 0.005609, MinPoint = 5.743, Min = 5.280, Avg. = 10.319, Max = 12.293, 0.0 secs.
2026-09-07 08:12:08,303 [DEBUG] core.argyll_runner: [argyll] Re-seeding
2026-09-07 08:12:08,303 [DEBUG] core.argyll_runner: [argyll] It 19: Maxmv = 0.001380, MinPoint = 5.743, Min = 5.280, Avg. = 10.320, Max = 12.323, 0.0 secs.
2026-09-07 08:12:08,303 [DEBUG] core.argyll_runner: [argyll] Re-seeding
2026-09-07 08:12:08,304 [DEBUG] core.argyll_runner: [argyll] It 20: Maxmv = 0.001368, MinPoint = 5.743, Min = 5.280, Avg. = 10.321, Max = 12.343, 0.0 secs.
2026-09-07 08:12:08,304 [DEBUG] core.argyll_runner: [argyll] After optimization: MinPoint = 5.743, Min = 5.280, Avg. = 10.321, Max = 12.343
2026-09-07 08:12:08,304 [DEBUG] core.argyll_runner: [argyll] Total number of patches = 525
2026-09-07 08:12:08,305 [DEBUG] core.argyll_runner: [argyll] Execution time = 0.973290 seconds
2026-09-07 08:12:08,305 [INFO] core.argyll_runner: ArgyllRunner: finished with code 0
2026-09-07 08:12:08,703 [DEBUG] workflow.chart_creator: Wrote channel sidecar A3-LayoutModes.channels.json: ['r', 'g', 'b']
2026-09-07 08:12:08,786 [DEBUG] ui.tiff_preview: TiffPreview: loaded 1 page(s)
2026-09-07 08:12:08,786 [INFO] ui.tabs.tab_chart: Preview loaded: 1 TIFF(s)
2026-09-07 08:12:08,831 [DEBUG] ui.tiff_preview: TiffPreview: loaded 1 page(s)
2026-09-07 08:12:08,832 [DEBUG] ui.tiff_preview: TiffPreview: loaded 1 page(s)
2026-09-07 08:12:08,838 [DEBUG] ui.tabs.tab_chart: create-chart settings written for run1 (40 parameters + ui state)
2026-09-07 08:12:10,633 [INFO] assess:   shot Screenshots/A4-margins/g05-instr-back-on-after.png  (3400x2100)
2026-09-07 08:12:10,635 [INFO] assess:   json Test Runs/logs/d03_results.json
2026-09-07 08:12:10,635 [INFO] assess:     est_before={'total': 525, 'fillup': 0, 'page_patches': 525, 'rows': 25, 'cols': 21, 'pages': 1, 'patch': (8.33, 8.56), 'pitch': None}
    actual={'total': 525, 'fillup': 0, 'page_patches': 525, 'rows': 25, 'cols': 21, 'pages': 1, 'patch': (8.3, 8.55), 'pitch': None}
    est_after={'total': 525, 'fillup': 0, 'page_patches': 525, 'rows': 25, 'cols': 21, 'pages': 1, 'patch': (8.33, 8.56), 'pitch': None}
    margin_after='Margins: OK' notes=''
2026-09-07 08:12:10,635 [INFO] assess: --- g06-A3-portrait-ruler: i1 A3 portrait, 43-patch strips: ruler note?
2026-09-07 08:12:12,231 [DEBUG] core.settings: settings.set helper_markers_show = False
2026-09-07 08:12:12,231 [DEBUG] core.settings: settings.set helper_marker_edge_mm = 2.0
2026-09-07 08:12:12,231 [DEBUG] core.settings: settings.set helper_marker_len_mm = 2.0
2026-09-07 08:12:12,231 [DEBUG] core.settings: settings.set helper_marker_per_patch = 3
2026-09-07 08:12:12,231 [DEBUG] core.settings: settings.set helper_markers_top_bottom = True
2026-09-07 08:12:12,231 [DEBUG] core.settings: settings.set helper_markers_sides = True
2026-09-07 08:12:13,253 [INFO] assess:   shot Screenshots/A4-margins/g06-A3-portrait-ruler-before.png  (3400x2100)
2026-09-07 08:12:13,253 [INFO] assess:   armed: dialog ~'quite fill' -> click 'OK' 
2026-09-07 08:12:13,253 [INFO] assess:   armed: dialog ~'already' -> click 'Continue this project' 
2026-09-07 08:12:13,253 [INFO] ui.tabs.tab_chart: chart build (Generate Chart) in manual: patch set targen | manual panel: A3, 0x0 grid, margins T9.0 R9.0 B9.0 L9.0
2026-09-07 08:12:13,254 [DEBUG] core.settings: settings.set session_ti3_path = ''
2026-09-07 08:12:13,254 [DEBUG] core.settings: settings.set session_icc_path = ''
2026-09-07 08:12:13,254 [DEBUG] core.settings: settings.set session_cal_ti3_path = ''
2026-09-07 08:12:13,254 [DEBUG] core.file_manager: Target name set to: A3-LayoutModes (root /Users/Basti/ChromIQ-assessment/A3-LayoutModes)
2026-09-07 08:12:13,254 [INFO] core.file_manager: opened the EXISTING project at /Users/Basti/ChromIQ-assessment/A3-LayoutModes (1 run(s) on disk)
2026-09-07 08:12:13,281 [INFO] workflow.chart_creator: Chart generation: 1376 patches, instrument=i1 paper=A3 disable_lb=True
2026-09-07 08:12:13,281 [INFO] workflow.chart_creator: targen args: ['-v', '-d2', '-f1376', '-e8', '-B8', '-G', '-g79', 'A3-LayoutModes']
2026-09-07 08:12:13,281 [INFO] core.argyll_runner: Run: /Applications/Argyll/bin/targen -v -d2 -f1376 -e8 -B8 -G -g79 A3-LayoutModes  [cwd=/Users/Basti/ChromIQ-assessment/A3-LayoutModes/runs/run1]
2026-09-07 08:12:13,348 [DEBUG] core.argyll_runner: [argyll] iRGB test chart
2026-09-07 08:12:13,348 [DEBUG] core.argyll_runner: [argyll] White patches = 8
2026-09-07 08:12:13,348 [DEBUG] core.argyll_runner: [argyll] Black patches = 8
2026-09-07 08:12:13,348 [DEBUG] core.argyll_runner: [argyll] Composite Grey steps = 79
2026-09-07 08:12:13,349 [DEBUG] core.argyll_runner: [argyll] Full spread patches = 1376
2026-09-07 08:12:13,349 [DEBUG] core.argyll_runner: [argyll] Degree of adaptation: 0.100
2026-09-07 08:12:13,349 [DEBUG] core.argyll_runner: [argyll] Adaptation weights: Device = 0.935, Perceptual = 0.065, Curvature = 0.010
2026-09-07 08:12:13,349 [DEBUG] core.argyll_runner: [argyll] Perceptual cache resolution = 13
2026-09-07 08:12:13,349 [DEBUG] core.argyll_runner: [argyll] Seeding cache...
2026-09-07 08:12:13,369 [DEBUG] core.argyll_runner: [argyll] done
2026-09-07 08:12:13,369 [DEBUG] core.argyll_runner: [argyll] Acceleration grid res = 12
2026-09-07 08:12:13,369 [DEBUG] core.argyll_runner: [argyll] 
2026-09-07 08:12:13,369 [DEBUG] core.argyll_runner: [argyll] There are 79 unique fixed points to add (93 total fixed points)
2026-09-07 08:12:13,369 [DEBUG] core.argyll_runner: [argyll] There are 1283 far spread points to add
2026-09-07 08:12:13,369 [DEBUG] core.argyll_runner: [argyll] 
2026-09-07 08:12:13,369 [DEBUG] core.argyll_runner: [argyll] Added 12/1362
2026-09-07 08:12:13,370 [DEBUG] core.argyll_runner: [argyll] Added 23/1362
2026-09-07 08:12:13,370 [DEBUG] core.argyll_runner: [argyll] Added 34/1362
2026-09-07 08:12:13,370 [DEBUG] core.argyll_runner: [argyll] Added 45/1362
2026-09-07 08:12:13,370 [DEBUG] core.argyll_runner: [argyll] Added 56/1362
2026-09-07 08:12:13,371 [DEBUG] core.argyll_runner: [argyll] Added 67/1362
2026-09-07 08:12:13,371 [DEBUG] core.argyll_runner: [argyll] Added 78/1362
2026-09-07 08:12:13,372 [DEBUG] core.argyll_runner: [argyll] Added 89/1362
2026-09-07 08:12:13,403 [DEBUG] core.argyll_runner: [argyll] 
2026-09-07 08:12:13,404 [DEBUG] core.argyll_runner: [argyll] Added 100/1362
2026-09-07 08:12:13,404 [DEBUG] core.argyll_runner: [argyll] Added 111/1362
2026-09-07 08:12:13,404 [DEBUG] core.argyll_runner: [argyll] Added 122/1362
2026-09-07 08:12:13,404 [DEBUG] core.argyll_runner: [argyll] Added 133/1362
2026-09-07 08:12:13,404 [DEBUG] core.argyll_runner: [argyll] Added 144/1362
2026-09-07 08:12:13,405 [DEBUG] core.argyll_runner: [argyll] Added 155/1362
2026-09-07 08:12:13,405 [DEBUG] core.argyll_runner: [argyll] Added 166/1362
2026-09-07 08:12:13,406 [DEBUG] core.argyll_runner: [argyll] Added 177/1362
2026-09-07 08:12:13,407 [DEBUG] core.argyll_runner: [argyll] Added 188/1362
2026-09-07 08:12:13,408 [DEBUG] core.argyll_runner: [argyll] Added 199/1362
2026-09-07 08:12:13,409 [DEBUG] core.argyll_runner: [argyll] Added 210/1362
2026-09-07 08:12:13,410 [DEBUG] core.argyll_runner: [argyll] Added 221/1362
2026-09-07 08:12:13,412 [DEBUG] core.argyll_runner: [argyll] Added 232/1362
2026-09-07 08:12:13,413 [DEBUG] core.argyll_runner: [argyll] Added 243/1362
2026-09-07 08:12:13,415 [DEBUG] core.argyll_runner: [argyll] Added 254/1362
2026-09-07 08:12:13,416 [DEBUG] core.argyll_runner: [argyll] Added 265/1362
2026-09-07 08:12:13,418 [DEBUG] core.argyll_runner: [argyll] Added 276/1362
2026-09-07 08:12:13,420 [DEBUG] core.argyll_runner: [argyll] Added 287/1362
2026-09-07 08:12:13,422 [DEBUG] core.argyll_runner: [argyll] Added 298/1362
2026-09-07 08:12:13,425 [DEBUG] core.argyll_runner: [argyll] Added 309/1362
2026-09-07 08:12:13,427 [DEBUG] core.argyll_runner: [argyll] Added 320/1362
2026-09-07 08:12:13,429 [DEBUG] core.argyll_runner: [argyll] Added 331/1362
2026-09-07 08:12:13,432 [DEBUG] core.argyll_runner: [argyll] Added 342/1362
2026-09-07 08:12:13,435 [DEBUG] core.argyll_runner: [argyll] Added 353/1362
2026-09-07 08:12:13,438 [DEBUG] core.argyll_runner: [argyll] Added 364/1362
2026-09-07 08:12:13,441 [DEBUG] core.argyll_runner: [argyll] Added 375/1362
2026-09-07 08:12:13,457 [DEBUG] core.argyll_runner: [argyll] 
2026-09-07 08:12:13,458 [DEBUG] core.argyll_runner: [argyll] Added 386/1362
2026-09-07 08:12:13,458 [DEBUG] core.argyll_runner: [argyll] Added 397/1362
2026-09-07 08:12:13,458 [DEBUG] core.argyll_runner: [argyll] Added 408/1362
2026-09-07 08:12:13,458 [DEBUG] core.argyll_runner: [argyll] Added 419/1362
2026-09-07 08:12:13,459 [DEBUG] core.argyll_runner: [argyll] Added 430/1362
2026-09-07 08:12:13,459 [DEBUG] core.argyll_runner: [argyll] Added 441/1362
2026-09-07 08:12:13,460 [DEBUG] core.argyll_runner: [argyll] Added 452/1362
2026-09-07 08:12:13,461 [DEBUG] core.argyll_runner: [argyll] Added 463/1362
2026-09-07 08:12:13,462 [DEBUG] core.argyll_runner: [argyll] Added 474/1362
2026-09-07 08:12:13,463 [DEBUG] core.argyll_runner: [argyll] Added 485/1362
2026-09-07 08:12:13,465 [DEBUG] core.argyll_runner: [argyll] Added 496/1362
2026-09-07 08:12:13,466 [DEBUG] core.argyll_runner: [argyll] Added 507/1362
2026-09-07 08:12:13,468 [DEBUG] core.argyll_runner: [argyll] Added 518/1362
2026-09-07 08:12:13,469 [DEBUG] core.argyll_runner: [argyll] Added 529/1362
2026-09-07 08:12:13,471 [DEBUG] core.argyll_runner: [argyll] Added 540/1362
2026-09-07 08:12:13,473 [DEBUG] core.argyll_runner: [argyll] Added 551/1362
2026-09-07 08:12:13,475 [DEBUG] core.argyll_runner: [argyll] Added 562/1362
2026-09-07 08:12:13,477 [DEBUG] core.argyll_runner: [argyll] Added 573/1362
2026-09-07 08:12:13,479 [DEBUG] core.argyll_runner: [argyll] Added 584/1362
2026-09-07 08:12:13,482 [DEBUG] core.argyll_runner: [argyll] Added 595/1362
2026-09-07 08:12:13,484 [DEBUG] core.argyll_runner: [argyll] Added 606/1362
2026-09-07 08:12:13,487 [DEBUG] core.argyll_runner: [argyll] Added 617/1362
2026-09-07 08:12:13,490 [DEBUG] core.argyll_runner: [argyll] Added 628/1362
2026-09-07 08:12:13,493 [DEBUG] core.argyll_runner: [argyll] Added 639/1362
2026-09-07 08:12:13,496 [DEBUG] core.argyll_runner: [argyll] Added 650/1362
2026-09-07 08:12:13,499 [DEBUG] core.argyll_runner: [argyll] Added 661/1362
2026-09-07 08:12:13,502 [DEBUG] core.argyll_runner: [argyll] Added 672/1362
2026-09-07 08:12:13,506 [DEBUG] core.argyll_runner: [argyll] Added 683/1362
2026-09-07 08:12:13,509 [DEBUG] core.argyll_runner: [argyll] Added 694/1362
2026-09-07 08:12:13,513 [DEBUG] core.argyll_runner: [argyll] Added 705/1362
2026-09-07 08:12:13,517 [DEBUG] core.argyll_runner: [argyll] Added 716/1362
2026-09-07 08:12:13,521 [DEBUG] core.argyll_runner: [argyll] Added 727/1362
2026-09-07 08:12:13,525 [DEBUG] core.argyll_runner: [argyll] Added 738/1362
2026-09-07 08:12:13,529 [DEBUG] core.argyll_runner: [argyll] Added 749/1362
2026-09-07 08:12:13,533 [DEBUG] core.argyll_runner: [argyll] Added 760/1362
2026-09-07 08:12:13,538 [DEBUG] core.argyll_runner: [argyll] Added 771/1362
2026-09-07 08:12:13,542 [DEBUG] core.argyll_runner: [argyll] Added 782/1362
2026-09-07 08:12:13,547 [DEBUG] core.argyll_runner: [argyll] Added 793/1362
2026-09-07 08:12:13,552 [DEBUG] core.argyll_runner: [argyll] Added 804/1362
2026-09-07 08:12:13,557 [DEBUG] core.argyll_runner: [argyll] Added 815/1362
2026-09-07 08:12:13,562 [DEBUG] core.argyll_runner: [argyll] Added 826/1362
2026-09-07 08:12:13,567 [DEBUG] core.argyll_runner: [argyll] Added 837/1362
2026-09-07 08:12:13,573 [DEBUG] core.argyll_runner: [argyll] Added 848/1362
2026-09-07 08:12:13,578 [DEBUG] core.argyll_runner: [argyll] Added 859/1362
2026-09-07 08:12:13,584 [DEBUG] core.argyll_runner: [argyll] Added 870/1362
2026-09-07 08:12:13,590 [DEBUG] core.argyll_runner: [argyll] Added 881/1362
2026-09-07 08:12:13,596 [DEBUG] core.argyll_runner: [argyll] Added 892/1362
2026-09-07 08:12:13,602 [DEBUG] core.argyll_runner: [argyll] Added 903/1362
2026-09-07 08:12:13,608 [DEBUG] core.argyll_runner: [argyll] Added 914/1362
2026-09-07 08:12:13,614 [DEBUG] core.argyll_runner: [argyll] Added 925/1362
2026-09-07 08:12:13,621 [DEBUG] core.argyll_runner: [argyll] Added 936/1362
2026-09-07 08:12:13,627 [DEBUG] core.argyll_runner: [argyll] Added 947/1362
2026-09-07 08:12:13,648 [DEBUG] core.argyll_runner: [argyll] 
2026-09-07 08:12:13,650 [DEBUG] core.argyll_runner: [argyll] Added 958/1362
2026-09-07 08:12:13,650 [DEBUG] core.argyll_runner: [argyll] Added 969/1362
2026-09-07 08:12:13,650 [DEBUG] core.argyll_runner: [argyll] Added 980/1362
2026-09-07 08:12:13,651 [DEBUG] core.argyll_runner: [argyll] Added 991/1362
2026-09-07 08:12:13,651 [DEBUG] core.argyll_runner: [argyll] Added 1002/1362
2026-09-07 08:12:13,652 [DEBUG] core.argyll_runner: [argyll] Added 1013/1362
2026-09-07 08:12:13,653 [DEBUG] core.argyll_runner: [argyll] Added 1024/1362
2026-09-07 08:12:13,653 [DEBUG] core.argyll_runner: [argyll] Added 1035/1362
2026-09-07 08:12:13,654 [DEBUG] core.argyll_runner: [argyll] Added 1046/1362
2026-09-07 08:12:13,656 [DEBUG] core.argyll_runner: [argyll] Added 1057/1362
2026-09-07 08:12:13,657 [DEBUG] core.argyll_runner: [argyll] Added 1068/1362
2026-09-07 08:12:13,658 [DEBUG] core.argyll_runner: [argyll] Added 1079/1362
2026-09-07 08:12:13,660 [DEBUG] core.argyll_runner: [argyll] Added 1090/1362
2026-09-07 08:12:13,661 [DEBUG] core.argyll_runner: [argyll] Added 1101/1362
2026-09-07 08:12:13,663 [DEBUG] core.argyll_runner: [argyll] Added 1112/1362
2026-09-07 08:12:13,665 [DEBUG] core.argyll_runner: [argyll] Added 1123/1362
2026-09-07 08:12:13,667 [DEBUG] core.argyll_runner: [argyll] Added 1134/1362
2026-09-07 08:12:13,669 [DEBUG] core.argyll_runner: [argyll] Added 1145/1362
2026-09-07 08:12:13,671 [DEBUG] core.argyll_runner: [argyll] Added 1156/1362
2026-09-07 08:12:13,674 [DEBUG] core.argyll_runner: [argyll] Added 1167/1362
2026-09-07 08:12:13,676 [DEBUG] core.argyll_runner: [argyll] Added 1178/1362
2026-09-07 08:12:13,679 [DEBUG] core.argyll_runner: [argyll] Added 1189/1362
2026-09-07 08:12:13,682 [DEBUG] core.argyll_runner: [argyll] Added 1200/1362
2026-09-07 08:12:13,685 [DEBUG] core.argyll_runner: [argyll] Added 1211/1362
2026-09-07 08:12:13,688 [DEBUG] core.argyll_runner: [argyll] Added 1222/1362
2026-09-07 08:12:13,691 [DEBUG] core.argyll_runner: [argyll] Added 1233/1362
2026-09-07 08:12:13,694 [DEBUG] core.argyll_runner: [argyll] Added 1244/1362
2026-09-07 08:12:13,698 [DEBUG] core.argyll_runner: [argyll] Added 1255/1362
2026-09-07 08:12:13,701 [DEBUG] core.argyll_runner: [argyll] Added 1266/1362
2026-09-07 08:12:13,705 [DEBUG] core.argyll_runner: [argyll] Added 1277/1362
2026-09-07 08:12:13,709 [DEBUG] core.argyll_runner: [argyll] Added 1288/1362
2026-09-07 08:12:13,713 [DEBUG] core.argyll_runner: [argyll] Added 1299/1362
2026-09-07 08:12:13,717 [DEBUG] core.argyll_runner: [argyll] Added 1310/1362
2026-09-07 08:12:13,721 [DEBUG] core.argyll_runner: [argyll] Added 1321/1362
2026-09-07 08:12:13,726 [DEBUG] core.argyll_runner: [argyll] Added 1332/1362
2026-09-07 08:12:13,730 [DEBUG] core.argyll_runner: [argyll] Added 1343/1362
2026-09-07 08:12:13,735 [DEBUG] core.argyll_runner: [argyll] Added 1354/1362
2026-09-07 08:12:13,739 [DEBUG] core.argyll_runner: [argyll] Added 1362/1362
2026-09-07 08:12:16,311 [DEBUG] core.argyll_runner: [argyll] 
2026-09-07 08:12:16,313 [DEBUG] core.argyll_runner: [argyll] After seeding points: MinPoint = 2.130, Min = 1.956, Avg. = 7.763, Max = 9.871, 0.2 secs
2026-09-07 08:12:16,313 [DEBUG] core.argyll_runner: [argyll] Re-seeding
2026-09-07 08:12:16,313 [DEBUG] core.argyll_runner: [argyll] It 1: Maxmv = 0.081922, MinPoint = 2.061, Min = 1.956, Avg. = 7.735, Max = 10.437, 0.1 secs.
2026-09-07 08:12:16,313 [DEBUG] core.argyll_runner: [argyll] Re-seeding
2026-09-07 08:12:16,314 [DEBUG] core.argyll_runner: [argyll] It 2: Maxmv = 0.083281, MinPoint = 2.130, Min = 1.956, Avg. = 7.683, Max = 10.531, 0.1 secs.
2026-09-07 08:12:16,314 [DEBUG] core.argyll_runner: [argyll] Re-seeding
2026-09-07 08:12:16,314 [DEBUG] core.argyll_runner: [argyll] It 3: Maxmv = 0.053730, MinPoint = 2.130, Min = 1.956, Avg. = 7.633, Max = 10.093, 0.1 secs.
2026-09-07 08:12:16,314 [DEBUG] core.argyll_runner: [argyll] Re-seeding
2026-09-07 08:12:16,315 [DEBUG] core.argyll_runner: [argyll] It 4: Maxmv = 0.055509, MinPoint = 2.130, Min = 1.956, Avg. = 7.592, Max = 9.877, 0.1 secs.
2026-09-07 08:12:16,315 [DEBUG] core.argyll_runner: [argyll] Re-seeding
2026-09-07 08:12:16,315 [DEBUG] core.argyll_runner: [argyll] It 5: Maxmv = 0.048706, MinPoint = 2.130, Min = 1.956, Avg. = 7.548, Max = 9.739, 0.1 secs.
2026-09-07 08:12:16,315 [DEBUG] core.argyll_runner: [argyll] Re-seeding
2026-09-07 08:12:16,316 [DEBUG] core.argyll_runner: [argyll] It 6: Maxmv = 0.043095, MinPoint = 2.130, Min = 1.956, Avg. = 7.516, Max = 9.585, 0.1 secs.
2026-09-07 08:12:16,316 [DEBUG] core.argyll_runner: [argyll] Re-seeding
2026-09-07 08:12:16,316 [DEBUG] core.argyll_runner: [argyll] It 7: Maxmv = 0.037790, MinPoint = 2.130, Min = 1.956, Avg. = 7.472, Max = 9.965, 0.1 secs.
2026-09-07 08:12:16,316 [DEBUG] core.argyll_runner: [argyll] Re-seeding
2026-09-07 08:12:16,317 [DEBUG] core.argyll_runner: [argyll] It 8: Maxmv = 0.030666, MinPoint = 2.130, Min = 1.956, Avg. = 7.443, Max = 9.308, 0.1 secs.
2026-09-07 08:12:16,317 [DEBUG] core.argyll_runner: [argyll] Re-seeding
2026-09-07 08:12:16,317 [DEBUG] core.argyll_runner: [argyll] It 9: Maxmv = 0.031441, MinPoint = 2.130, Min = 1.956, Avg. = 7.418, Max = 9.499, 0.1 secs.
2026-09-07 08:12:16,317 [DEBUG] core.argyll_runner: [argyll] Re-seeding
2026-09-07 08:12:16,318 [DEBUG] core.argyll_runner: [argyll] It 10: Maxmv = 0.025396, MinPoint = 2.130, Min = 1.956, Avg. = 7.396, Max = 9.221, 0.1 secs.
2026-09-07 08:12:16,318 [DEBUG] core.argyll_runner: [argyll] Re-seeding
2026-09-07 08:12:16,318 [DEBUG] core.argyll_runner: [argyll] It 11: Maxmv = 0.021812, MinPoint = 2.130, Min = 1.956, Avg. = 7.379, Max = 9.057, 0.1 secs.
2026-09-07 08:12:16,318 [DEBUG] core.argyll_runner: [argyll] Re-seeding
2026-09-07 08:12:16,318 [DEBUG] core.argyll_runner: [argyll] It 12: Maxmv = 0.016568, MinPoint = 2.130, Min = 1.956, Avg. = 7.365, Max = 8.860, 0.1 secs.
2026-09-07 08:12:16,319 [DEBUG] core.argyll_runner: [argyll] Re-seeding
2026-09-07 08:12:16,319 [DEBUG] core.argyll_runner: [argyll] It 13: Maxmv = 0.018023, MinPoint = 2.130, Min = 1.956, Avg. = 7.359, Max = 8.835, 0.1 secs.
2026-09-07 08:12:16,319 [DEBUG] core.argyll_runner: [argyll] Re-seeding
2026-09-07 08:12:16,319 [DEBUG] core.argyll_runner: [argyll] It 14: Maxmv = 0.013784, MinPoint = 2.130, Min = 1.956, Avg. = 7.349, Max = 8.768, 0.1 secs.
2026-09-07 08:12:16,320 [DEBUG] core.argyll_runner: [argyll] Re-seeding
2026-09-07 08:12:16,320 [DEBUG] core.argyll_runner: [argyll] It 15: Maxmv = 0.008696, MinPoint = 2.130, Min = 1.956, Avg. = 7.346, Max = 8.747, 0.1 secs.
2026-09-07 08:12:16,320 [DEBUG] core.argyll_runner: [argyll] Re-seeding
2026-09-07 08:12:16,320 [DEBUG] core.argyll_runner: [argyll] It 16: Maxmv = 0.007547, MinPoint = 2.130, Min = 1.956, Avg. = 7.345, Max = 8.740, 0.1 secs.
2026-09-07 08:12:16,321 [DEBUG] core.argyll_runner: [argyll] Re-seeding
2026-09-07 08:12:16,321 [DEBUG] core.argyll_runner: [argyll] It 17: Maxmv = 0.005819, MinPoint = 2.130, Min = 1.956, Avg. = 7.344, Max = 8.708, 0.1 secs.
2026-09-07 08:12:16,321 [DEBUG] core.argyll_runner: [argyll] Re-seeding
2026-09-07 08:12:16,321 [DEBUG] core.argyll_runner: [argyll] It 18: Maxmv = 0.003177, MinPoint = 2.130, Min = 1.956, Avg. = 7.345, Max = 8.656, 0.1 secs.
2026-09-07 08:12:16,322 [DEBUG] core.argyll_runner: [argyll] Re-seeding
2026-09-07 08:12:16,322 [DEBUG] core.argyll_runner: [argyll] It 19: Maxmv = 0.001094, MinPoint = 2.130, Min = 1.956, Avg. = 7.345, Max = 8.650, 0.1 secs.
2026-09-07 08:12:16,322 [DEBUG] core.argyll_runner: [argyll] Re-seeding
2026-09-07 08:12:16,322 [DEBUG] core.argyll_runner: [argyll] It 20: Maxmv = 0.001150, MinPoint = 2.130, Min = 1.956, Avg. = 7.346, Max = 8.661, 0.1 secs.
2026-09-07 08:12:16,323 [DEBUG] core.argyll_runner: [argyll] After optimization: MinPoint = 2.130, Min = 1.956, Avg. = 7.346, Max = 8.661
2026-09-07 08:12:16,323 [DEBUG] core.argyll_runner: [argyll] Total number of patches = 1376
2026-09-07 08:12:16,323 [DEBUG] core.argyll_runner: [argyll] Execution time = 2.967307 seconds
2026-09-07 08:12:16,323 [INFO] core.argyll_runner: ArgyllRunner: finished with code 0
2026-09-07 08:12:16,941 [DEBUG] workflow.chart_creator: Wrote channel sidecar A3-LayoutModes.channels.json: ['r', 'g', 'b']
2026-09-07 08:12:17,100 [DEBUG] ui.tiff_preview: TiffPreview: loaded 1 page(s)
2026-09-07 08:12:17,100 [INFO] ui.tabs.tab_chart: Preview loaded: 1 TIFF(s)
2026-09-07 08:12:17,155 [DEBUG] ui.tiff_preview: TiffPreview: loaded 1 page(s)
2026-09-07 08:12:17,158 [DEBUG] ui.tiff_preview: TiffPreview: loaded 1 page(s)
2026-09-07 08:12:17,167 [DEBUG] ui.tabs.tab_chart: create-chart settings written for run1 (40 parameters + ui state)
2026-09-07 08:12:19,712 [INFO] assess:   shot Screenshots/A4-margins/g06-A3-portrait-ruler-after.png  (3400x2100)
2026-09-07 08:12:19,714 [INFO] assess:   json Test Runs/logs/d03_results.json
2026-09-07 08:12:19,714 [INFO] assess:     est_before={'total': 1376, 'fillup': 0, 'page_patches': 1376, 'rows': 43, 'cols': 32, 'pages': 1, 'patch': (8.18, 8.32), 'pitch': None}
    actual={'total': 1376, 'fillup': 0, 'page_patches': 1376, 'rows': 43, 'cols': 32, 'pages': 1, 'patch': (8.21, 8.3), 'pitch': None}
    est_after={'total': 1376, 'fillup': 0, 'page_patches': 1376, 'rows': 43, 'cols': 32, 'pages': 1, 'patch': (8.18, 8.32), 'pitch': None}
    margin_after='' notes='⚠ Top margin is too small for the strip labels — they overflow toward the page edge.\n\n⚠ Strip length 400 mm exceeds the 240 mm instrument ruler — the strip may not fit your jig'
2026-09-07 08:12:19,714 [INFO] assess: --- g07-A3-maxstrip200: A3 portrait, Max strip 200 mm
2026-09-07 08:12:21,446 [DEBUG] core.settings: settings.set helper_markers_show = False
2026-09-07 08:12:21,446 [DEBUG] core.settings: settings.set helper_marker_edge_mm = 2.0
2026-09-07 08:12:21,446 [DEBUG] core.settings: settings.set helper_marker_len_mm = 2.0
2026-09-07 08:12:21,446 [DEBUG] core.settings: settings.set helper_marker_per_patch = 3
2026-09-07 08:12:21,446 [DEBUG] core.settings: settings.set helper_markers_top_bottom = True
2026-09-07 08:12:21,446 [DEBUG] core.settings: settings.set helper_markers_sides = True
2026-09-07 08:12:22,442 [INFO] assess:   shot Screenshots/A4-margins/g07-A3-maxstrip200-before.png  (3400x2100)
2026-09-07 08:12:22,442 [INFO] assess:   armed: dialog ~'quite fill' -> click 'OK' 
2026-09-07 08:12:22,442 [INFO] assess:   armed: dialog ~'already' -> click 'Continue this project' 
2026-09-07 08:12:22,442 [INFO] ui.tabs.tab_chart: chart build (Generate Chart) in manual: patch set targen | manual panel: A3, 0x0 grid, margins T9.0 R9.0 B9.0 L9.0
2026-09-07 08:12:22,443 [DEBUG] core.settings: settings.set session_ti3_path = ''
2026-09-07 08:12:22,443 [DEBUG] core.settings: settings.set session_icc_path = ''
2026-09-07 08:12:22,443 [DEBUG] core.settings: settings.set session_cal_ti3_path = ''
2026-09-07 08:12:22,443 [DEBUG] core.file_manager: Target name set to: A3-LayoutModes (root /Users/Basti/ChromIQ-assessment/A3-LayoutModes)
2026-09-07 08:12:22,444 [INFO] core.file_manager: opened the EXISTING project at /Users/Basti/ChromIQ-assessment/A3-LayoutModes (1 run(s) on disk)
2026-09-07 08:12:22,469 [INFO] workflow.chart_creator: Chart generation: 1376 patches, instrument=i1 paper=A3 disable_lb=True
2026-09-07 08:12:22,469 [INFO] workflow.chart_creator: targen args: ['-v', '-d2', '-f1376', '-e8', '-B8', '-G', '-g79', 'A3-LayoutModes']
2026-09-07 08:12:22,469 [INFO] core.argyll_runner: Run: /Applications/Argyll/bin/targen -v -d2 -f1376 -e8 -B8 -G -g79 A3-LayoutModes  [cwd=/Users/Basti/ChromIQ-assessment/A3-LayoutModes/runs/run1]
2026-09-07 08:12:22,534 [DEBUG] core.argyll_runner: [argyll] iRGB test chart
2026-09-07 08:12:22,534 [DEBUG] core.argyll_runner: [argyll] White patches = 8
2026-09-07 08:12:22,534 [DEBUG] core.argyll_runner: [argyll] Black patches = 8
2026-09-07 08:12:22,534 [DEBUG] core.argyll_runner: [argyll] Composite Grey steps = 79
2026-09-07 08:12:22,534 [DEBUG] core.argyll_runner: [argyll] Full spread patches = 1376
2026-09-07 08:12:22,535 [DEBUG] core.argyll_runner: [argyll] Degree of adaptation: 0.100
2026-09-07 08:12:22,535 [DEBUG] core.argyll_runner: [argyll] Adaptation weights: Device = 0.935, Perceptual = 0.065, Curvature = 0.010
2026-09-07 08:12:22,535 [DEBUG] core.argyll_runner: [argyll] Perceptual cache resolution = 13
2026-09-07 08:12:22,535 [DEBUG] core.argyll_runner: [argyll] Seeding cache...
2026-09-07 08:12:22,555 [DEBUG] core.argyll_runner: [argyll] done
2026-09-07 08:12:22,555 [DEBUG] core.argyll_runner: [argyll] Acceleration grid res = 12
2026-09-07 08:12:22,555 [DEBUG] core.argyll_runner: [argyll] 
2026-09-07 08:12:22,555 [DEBUG] core.argyll_runner: [argyll] There are 79 unique fixed points to add (93 total fixed points)
2026-09-07 08:12:22,555 [DEBUG] core.argyll_runner: [argyll] There are 1283 far spread points to add
2026-09-07 08:12:22,556 [DEBUG] core.argyll_runner: [argyll] 
2026-09-07 08:12:22,556 [DEBUG] core.argyll_runner: [argyll] Added 12/1362
2026-09-07 08:12:22,556 [DEBUG] core.argyll_runner: [argyll] Added 23/1362
2026-09-07 08:12:22,556 [DEBUG] core.argyll_runner: [argyll] Added 34/1362
2026-09-07 08:12:22,556 [DEBUG] core.argyll_runner: [argyll] Added 45/1362
2026-09-07 08:12:22,557 [DEBUG] core.argyll_runner: [argyll] Added 56/1362
2026-09-07 08:12:22,557 [DEBUG] core.argyll_runner: [argyll] Added 67/1362
2026-09-07 08:12:22,588 [DEBUG] core.argyll_runner: [argyll] 
2026-09-07 08:12:22,589 [DEBUG] core.argyll_runner: [argyll] Added 78/1362
2026-09-07 08:12:22,589 [DEBUG] core.argyll_runner: [argyll] Added 89/1362
2026-09-07 08:12:22,589 [DEBUG] core.argyll_runner: [argyll] Added 100/1362
2026-09-07 08:12:22,589 [DEBUG] core.argyll_runner: [argyll] Added 111/1362
2026-09-07 08:12:22,590 [DEBUG] core.argyll_runner: [argyll] Added 122/1362
2026-09-07 08:12:22,590 [DEBUG] core.argyll_runner: [argyll] Added 133/1362
2026-09-07 08:12:22,591 [DEBUG] core.argyll_runner: [argyll] Added 144/1362
2026-09-07 08:12:22,591 [DEBUG] core.argyll_runner: [argyll] Added 155/1362
2026-09-07 08:12:22,592 [DEBUG] core.argyll_runner: [argyll] Added 166/1362
2026-09-07 08:12:22,593 [DEBUG] core.argyll_runner: [argyll] Added 177/1362
2026-09-07 08:12:22,594 [DEBUG] core.argyll_runner: [argyll] Added 188/1362
2026-09-07 08:12:22,595 [DEBUG] core.argyll_runner: [argyll] Added 199/1362
2026-09-07 08:12:22,596 [DEBUG] core.argyll_runner: [argyll] Added 210/1362
2026-09-07 08:12:22,597 [DEBUG] core.argyll_runner: [argyll] Added 221/1362
2026-09-07 08:12:22,599 [DEBUG] core.argyll_runner: [argyll] Added 232/1362
2026-09-07 08:12:22,601 [DEBUG] core.argyll_runner: [argyll] Added 243/1362
2026-09-07 08:12:22,602 [DEBUG] core.argyll_runner: [argyll] Added 254/1362
2026-09-07 08:12:22,604 [DEBUG] core.argyll_runner: [argyll] Added 265/1362
2026-09-07 08:12:22,606 [DEBUG] core.argyll_runner: [argyll] Added 276/1362
2026-09-07 08:12:22,608 [DEBUG] core.argyll_runner: [argyll] Added 287/1362
2026-09-07 08:12:22,611 [DEBUG] core.argyll_runner: [argyll] Added 298/1362
2026-09-07 08:12:22,613 [DEBUG] core.argyll_runner: [argyll] Added 309/1362
2026-09-07 08:12:22,615 [DEBUG] core.argyll_runner: [argyll] Added 320/1362
2026-09-07 08:12:22,618 [DEBUG] core.argyll_runner: [argyll] Added 331/1362
2026-09-07 08:12:22,621 [DEBUG] core.argyll_runner: [argyll] Added 342/1362
2026-09-07 08:12:22,637 [DEBUG] core.argyll_runner: [argyll] 
2026-09-07 08:12:22,637 [DEBUG] core.argyll_runner: [argyll] Added 353/1362
2026-09-07 08:12:22,638 [DEBUG] core.argyll_runner: [argyll] Added 364/1362
2026-09-07 08:12:22,638 [DEBUG] core.argyll_runner: [argyll] Added 375/1362
2026-09-07 08:12:22,638 [DEBUG] core.argyll_runner: [argyll] Added 386/1362
2026-09-07 08:12:22,639 [DEBUG] core.argyll_runner: [argyll] Added 397/1362
2026-09-07 08:12:22,639 [DEBUG] core.argyll_runner: [argyll] Added 408/1362
2026-09-07 08:12:22,640 [DEBUG] core.argyll_runner: [argyll] Added 419/1362
2026-09-07 08:12:22,641 [DEBUG] core.argyll_runner: [argyll] Added 430/1362
2026-09-07 08:12:22,642 [DEBUG] core.argyll_runner: [argyll] Added 441/1362
2026-09-07 08:12:22,643 [DEBUG] core.argyll_runner: [argyll] Added 452/1362
2026-09-07 08:12:22,644 [DEBUG] core.argyll_runner: [argyll] Added 463/1362
2026-09-07 08:12:22,646 [DEBUG] core.argyll_runner: [argyll] Added 474/1362
2026-09-07 08:12:22,647 [DEBUG] core.argyll_runner: [argyll] Added 485/1362
2026-09-07 08:12:22,649 [DEBUG] core.argyll_runner: [argyll] Added 496/1362
2026-09-07 08:12:22,651 [DEBUG] core.argyll_runner: [argyll] Added 507/1362
2026-09-07 08:12:22,652 [DEBUG] core.argyll_runner: [argyll] Added 518/1362
2026-09-07 08:12:22,654 [DEBUG] core.argyll_runner: [argyll] Added 529/1362
2026-09-07 08:12:22,657 [DEBUG] core.argyll_runner: [argyll] Added 540/1362
2026-09-07 08:12:22,659 [DEBUG] core.argyll_runner: [argyll] Added 551/1362
2026-09-07 08:12:22,661 [DEBUG] core.argyll_runner: [argyll] Added 562/1362
2026-09-07 08:12:22,664 [DEBUG] core.argyll_runner: [argyll] Added 573/1362
2026-09-07 08:12:22,666 [DEBUG] core.argyll_runner: [argyll] Added 584/1362
2026-09-07 08:12:22,669 [DEBUG] core.argyll_runner: [argyll] Added 595/1362
2026-09-07 08:12:22,672 [DEBUG] core.argyll_runner: [argyll] Added 606/1362
2026-09-07 08:12:22,675 [DEBUG] core.argyll_runner: [argyll] Added 617/1362
2026-09-07 08:12:22,678 [DEBUG] core.argyll_runner: [argyll] Added 628/1362
2026-09-07 08:12:22,682 [DEBUG] core.argyll_runner: [argyll] Added 639/1362
2026-09-07 08:12:22,685 [DEBUG] core.argyll_runner: [argyll] Added 650/1362
2026-09-07 08:12:22,689 [DEBUG] core.argyll_runner: [argyll] Added 661/1362
2026-09-07 08:12:22,692 [DEBUG] core.argyll_runner: [argyll] Added 672/1362
2026-09-07 08:12:22,696 [DEBUG] core.argyll_runner: [argyll] Added 683/1362
2026-09-07 08:12:22,700 [DEBUG] core.argyll_runner: [argyll] Added 694/1362
2026-09-07 08:12:22,704 [DEBUG] core.argyll_runner: [argyll] Added 705/1362
2026-09-07 08:12:22,708 [DEBUG] core.argyll_runner: [argyll] Added 716/1362
2026-09-07 08:12:22,713 [DEBUG] core.argyll_runner: [argyll] Added 727/1362
2026-09-07 08:12:22,717 [DEBUG] core.argyll_runner: [argyll] Added 738/1362
2026-09-07 08:12:22,722 [DEBUG] core.argyll_runner: [argyll] Added 749/1362
2026-09-07 08:12:22,727 [DEBUG] core.argyll_runner: [argyll] Added 760/1362
2026-09-07 08:12:22,732 [DEBUG] core.argyll_runner: [argyll] Added 771/1362
2026-09-07 08:12:22,737 [DEBUG] core.argyll_runner: [argyll] Added 782/1362
2026-09-07 08:12:22,742 [DEBUG] core.argyll_runner: [argyll] Added 793/1362
2026-09-07 08:12:22,747 [DEBUG] core.argyll_runner: [argyll] Added 804/1362
2026-09-07 08:12:22,753 [DEBUG] core.argyll_runner: [argyll] Added 815/1362
2026-09-07 08:12:22,758 [DEBUG] core.argyll_runner: [argyll] Added 826/1362
2026-09-07 08:12:22,764 [DEBUG] core.argyll_runner: [argyll] Added 837/1362
2026-09-07 08:12:22,770 [DEBUG] core.argyll_runner: [argyll] Added 848/1362
2026-09-07 08:12:22,776 [DEBUG] core.argyll_runner: [argyll] Added 859/1362
2026-09-07 08:12:22,782 [DEBUG] core.argyll_runner: [argyll] Added 870/1362
2026-09-07 08:12:22,802 [DEBUG] core.argyll_runner: [argyll] 
2026-09-07 08:12:22,804 [DEBUG] core.argyll_runner: [argyll] Added 881/1362
2026-09-07 08:12:22,804 [DEBUG] core.argyll_runner: [argyll] Added 892/1362
2026-09-07 08:12:22,804 [DEBUG] core.argyll_runner: [argyll] Added 903/1362
2026-09-07 08:12:22,805 [DEBUG] core.argyll_runner: [argyll] Added 914/1362
2026-09-07 08:12:22,805 [DEBUG] core.argyll_runner: [argyll] Added 925/1362
2026-09-07 08:12:22,806 [DEBUG] core.argyll_runner: [argyll] Added 936/1362
2026-09-07 08:12:22,806 [DEBUG] core.argyll_runner: [argyll] Added 947/1362
2026-09-07 08:12:22,807 [DEBUG] core.argyll_runner: [argyll] Added 958/1362
2026-09-07 08:12:22,808 [DEBUG] core.argyll_runner: [argyll] Added 969/1362
2026-09-07 08:12:22,809 [DEBUG] core.argyll_runner: [argyll] Added 980/1362
2026-09-07 08:12:22,811 [DEBUG] core.argyll_runner: [argyll] Added 991/1362
2026-09-07 08:12:22,812 [DEBUG] core.argyll_runner: [argyll] Added 1002/1362
2026-09-07 08:12:22,814 [DEBUG] core.argyll_runner: [argyll] Added 1013/1362
2026-09-07 08:12:22,815 [DEBUG] core.argyll_runner: [argyll] Added 1024/1362
2026-09-07 08:12:22,817 [DEBUG] core.argyll_runner: [argyll] Added 1035/1362
2026-09-07 08:12:22,819 [DEBUG] core.argyll_runner: [argyll] Added 1046/1362
2026-09-07 08:12:22,821 [DEBUG] core.argyll_runner: [argyll] Added 1057/1362
2026-09-07 08:12:22,823 [DEBUG] core.argyll_runner: [argyll] Added 1068/1362
2026-09-07 08:12:22,826 [DEBUG] core.argyll_runner: [argyll] Added 1079/1362
2026-09-07 08:12:22,828 [DEBUG] core.argyll_runner: [argyll] Added 1090/1362
2026-09-07 08:12:22,831 [DEBUG] core.argyll_runner: [argyll] Added 1101/1362
2026-09-07 08:12:22,833 [DEBUG] core.argyll_runner: [argyll] Added 1112/1362
2026-09-07 08:12:22,836 [DEBUG] core.argyll_runner: [argyll] Added 1123/1362
2026-09-07 08:12:22,839 [DEBUG] core.argyll_runner: [argyll] Added 1134/1362
2026-09-07 08:12:22,842 [DEBUG] core.argyll_runner: [argyll] Added 1145/1362
2026-09-07 08:12:22,845 [DEBUG] core.argyll_runner: [argyll] Added 1156/1362
2026-09-07 08:12:22,849 [DEBUG] core.argyll_runner: [argyll] Added 1167/1362
2026-09-07 08:12:22,852 [DEBUG] core.argyll_runner: [argyll] Added 1178/1362
2026-09-07 08:12:22,856 [DEBUG] core.argyll_runner: [argyll] Added 1189/1362
2026-09-07 08:12:22,860 [DEBUG] core.argyll_runner: [argyll] Added 1200/1362
2026-09-07 08:12:22,863 [DEBUG] core.argyll_runner: [argyll] Added 1211/1362
2026-09-07 08:12:22,867 [DEBUG] core.argyll_runner: [argyll] Added 1222/1362
2026-09-07 08:12:22,872 [DEBUG] core.argyll_runner: [argyll] Added 1233/1362
2026-09-07 08:12:22,876 [DEBUG] core.argyll_runner: [argyll] Added 1244/1362
2026-09-07 08:12:22,880 [DEBUG] core.argyll_runner: [argyll] Added 1255/1362
2026-09-07 08:12:22,885 [DEBUG] core.argyll_runner: [argyll] Added 1266/1362
2026-09-07 08:12:22,889 [DEBUG] core.argyll_runner: [argyll] Added 1277/1362
2026-09-07 08:12:22,894 [DEBUG] core.argyll_runner: [argyll] Added 1288/1362
2026-09-07 08:12:22,899 [DEBUG] core.argyll_runner: [argyll] Added 1299/1362
2026-09-07 08:12:22,904 [DEBUG] core.argyll_runner: [argyll] Added 1310/1362
2026-09-07 08:12:22,909 [DEBUG] core.argyll_runner: [argyll] Added 1321/1362
2026-09-07 08:12:22,915 [DEBUG] core.argyll_runner: [argyll] Added 1332/1362
2026-09-07 08:12:22,920 [DEBUG] core.argyll_runner: [argyll] Added 1343/1362
2026-09-07 08:12:22,926 [DEBUG] core.argyll_runner: [argyll] Added 1354/1362
2026-09-07 08:12:22,932 [DEBUG] core.argyll_runner: [argyll] Added 1362/1362
2026-09-07 08:12:25,494 [DEBUG] core.argyll_runner: [argyll] 
2026-09-07 08:12:25,496 [DEBUG] core.argyll_runner: [argyll] After seeding points: MinPoint = 2.130, Min = 1.956, Avg. = 7.763, Max = 9.871, 0.2 secs
2026-09-07 08:12:25,496 [DEBUG] core.argyll_runner: [argyll] Re-seeding
2026-09-07 08:12:25,496 [DEBUG] core.argyll_runner: [argyll] It 1: Maxmv = 0.081922, MinPoint = 2.061, Min = 1.956, Avg. = 7.735, Max = 10.437, 0.1 secs.
2026-09-07 08:12:25,497 [DEBUG] core.argyll_runner: [argyll] Re-seeding
2026-09-07 08:12:25,497 [DEBUG] core.argyll_runner: [argyll] It 2: Maxmv = 0.083281, MinPoint = 2.130, Min = 1.956, Avg. = 7.683, Max = 10.531, 0.1 secs.
2026-09-07 08:12:25,497 [DEBUG] core.argyll_runner: [argyll] Re-seeding
2026-09-07 08:12:25,497 [DEBUG] core.argyll_runner: [argyll] It 3: Maxmv = 0.053730, MinPoint = 2.130, Min = 1.956, Avg. = 7.633, Max = 10.093, 0.1 secs.
2026-09-07 08:12:25,498 [DEBUG] core.argyll_runner: [argyll] Re-seeding
2026-09-07 08:12:25,498 [DEBUG] core.argyll_runner: [argyll] It 4: Maxmv = 0.055509, MinPoint = 2.130, Min = 1.956, Avg. = 7.592, Max = 9.877, 0.1 secs.
2026-09-07 08:12:25,498 [DEBUG] core.argyll_runner: [argyll] Re-seeding
2026-09-07 08:12:25,498 [DEBUG] core.argyll_runner: [argyll] It 5: Maxmv = 0.048706, MinPoint = 2.130, Min = 1.956, Avg. = 7.548, Max = 9.739, 0.1 secs.
2026-09-07 08:12:25,499 [DEBUG] core.argyll_runner: [argyll] Re-seeding
2026-09-07 08:12:25,499 [DEBUG] core.argyll_runner: [argyll] It 6: Maxmv = 0.043095, MinPoint = 2.130, Min = 1.956, Avg. = 7.516, Max = 9.585, 0.1 secs.
2026-09-07 08:12:25,499 [DEBUG] core.argyll_runner: [argyll] Re-seeding
2026-09-07 08:12:25,499 [DEBUG] core.argyll_runner: [argyll] It 7: Maxmv = 0.037790, MinPoint = 2.130, Min = 1.956, Avg. = 7.472, Max = 9.965, 0.1 secs.
2026-09-07 08:12:25,500 [DEBUG] core.argyll_runner: [argyll] Re-seeding
2026-09-07 08:12:25,500 [DEBUG] core.argyll_runner: [argyll] It 8: Maxmv = 0.030666, MinPoint = 2.130, Min = 1.956, Avg. = 7.443, Max = 9.308, 0.1 secs.
2026-09-07 08:12:25,500 [DEBUG] core.argyll_runner: [argyll] Re-seeding
2026-09-07 08:12:25,500 [DEBUG] core.argyll_runner: [argyll] It 9: Maxmv = 0.031441, MinPoint = 2.130, Min = 1.956, Avg. = 7.418, Max = 9.499, 0.1 secs.
2026-09-07 08:12:25,501 [DEBUG] core.argyll_runner: [argyll] Re-seeding
2026-09-07 08:12:25,501 [DEBUG] core.argyll_runner: [argyll] It 10: Maxmv = 0.025396, MinPoint = 2.130, Min = 1.956, Avg. = 7.396, Max = 9.221, 0.1 secs.
2026-09-07 08:12:25,501 [DEBUG] core.argyll_runner: [argyll] Re-seeding
2026-09-07 08:12:25,501 [DEBUG] core.argyll_runner: [argyll] It 11: Maxmv = 0.021812, MinPoint = 2.130, Min = 1.956, Avg. = 7.379, Max = 9.057, 0.1 secs.
2026-09-07 08:12:25,502 [DEBUG] core.argyll_runner: [argyll] Re-seeding
2026-09-07 08:12:25,502 [DEBUG] core.argyll_runner: [argyll] It 12: Maxmv = 0.016568, MinPoint = 2.130, Min = 1.956, Avg. = 7.365, Max = 8.860, 0.1 secs.
2026-09-07 08:12:25,502 [DEBUG] core.argyll_runner: [argyll] Re-seeding
2026-09-07 08:12:25,502 [DEBUG] core.argyll_runner: [argyll] It 13: Maxmv = 0.018023, MinPoint = 2.130, Min = 1.956, Avg. = 7.359, Max = 8.835, 0.1 secs.
2026-09-07 08:12:25,503 [DEBUG] core.argyll_runner: [argyll] Re-seeding
2026-09-07 08:12:25,503 [DEBUG] core.argyll_runner: [argyll] It 14: Maxmv = 0.013784, MinPoint = 2.130, Min = 1.956, Avg. = 7.349, Max = 8.768, 0.1 secs.
2026-09-07 08:12:25,503 [DEBUG] core.argyll_runner: [argyll] Re-seeding
2026-09-07 08:12:25,503 [DEBUG] core.argyll_runner: [argyll] It 15: Maxmv = 0.008696, MinPoint = 2.130, Min = 1.956, Avg. = 7.346, Max = 8.747, 0.1 secs.
2026-09-07 08:12:25,504 [DEBUG] core.argyll_runner: [argyll] Re-seeding
2026-09-07 08:12:25,504 [DEBUG] core.argyll_runner: [argyll] It 16: Maxmv = 0.007547, MinPoint = 2.130, Min = 1.956, Avg. = 7.345, Max = 8.740, 0.1 secs.
2026-09-07 08:12:25,504 [DEBUG] core.argyll_runner: [argyll] Re-seeding
2026-09-07 08:12:25,504 [DEBUG] core.argyll_runner: [argyll] It 17: Maxmv = 0.005819, MinPoint = 2.130, Min = 1.956, Avg. = 7.344, Max = 8.708, 0.1 secs.
2026-09-07 08:12:25,505 [DEBUG] core.argyll_runner: [argyll] Re-seeding
2026-09-07 08:12:25,505 [DEBUG] core.argyll_runner: [argyll] It 18: Maxmv = 0.003177, MinPoint = 2.130, Min = 1.956, Avg. = 7.345, Max = 8.656, 0.1 secs.
2026-09-07 08:12:25,505 [DEBUG] core.argyll_runner: [argyll] Re-seeding
2026-09-07 08:12:25,505 [DEBUG] core.argyll_runner: [argyll] It 19: Maxmv = 0.001094, MinPoint = 2.130, Min = 1.956, Avg. = 7.345, Max = 8.650, 0.1 secs.
2026-09-07 08:12:25,506 [DEBUG] core.argyll_runner: [argyll] Re-seeding
2026-09-07 08:12:25,506 [DEBUG] core.argyll_runner: [argyll] It 20: Maxmv = 0.001150, MinPoint = 2.130, Min = 1.956, Avg. = 7.346, Max = 8.661, 0.1 secs.
2026-09-07 08:12:25,506 [DEBUG] core.argyll_runner: [argyll] After optimization: MinPoint = 2.130, Min = 1.956, Avg. = 7.346, Max = 8.661
2026-09-07 08:12:25,506 [DEBUG] core.argyll_runner: [argyll] Total number of patches = 1376
2026-09-07 08:12:25,507 [DEBUG] core.argyll_runner: [argyll] Execution time = 2.953805 seconds
2026-09-07 08:12:25,507 [INFO] core.argyll_runner: ArgyllRunner: finished with code 0
2026-09-07 08:12:26,138 [DEBUG] workflow.chart_creator: Wrote channel sidecar A3-LayoutModes.channels.json: ['r', 'g', 'b']
2026-09-07 08:12:26,293 [DEBUG] ui.tiff_preview: TiffPreview: loaded 1 page(s)
2026-09-07 08:12:26,293 [INFO] ui.tabs.tab_chart: Preview loaded: 1 TIFF(s)
2026-09-07 08:12:26,349 [DEBUG] ui.tiff_preview: TiffPreview: loaded 1 page(s)
2026-09-07 08:12:26,353 [DEBUG] ui.tiff_preview: TiffPreview: loaded 1 page(s)
2026-09-07 08:12:26,362 [DEBUG] ui.tabs.tab_chart: create-chart settings written for run1 (40 parameters + ui state)
2026-09-07 08:12:28,924 [INFO] assess:   shot Screenshots/A4-margins/g07-A3-maxstrip200-after.png  (3400x2100)
2026-09-07 08:12:28,926 [INFO] assess:   json Test Runs/logs/d03_results.json
2026-09-07 08:12:28,927 [INFO] assess:     est_before={'total': 1376, 'fillup': 0, 'page_patches': 1376, 'rows': 43, 'cols': 32, 'pages': 1, 'patch': (8.18, 8.32), 'pitch': None}
    actual={'total': 1376, 'fillup': 0, 'page_patches': 1376, 'rows': 43, 'cols': 32, 'pages': 1, 'patch': (8.21, 8.3), 'pitch': None}
    est_after={'total': 1376, 'fillup': 0, 'page_patches': 1376, 'rows': 43, 'cols': 32, 'pages': 1, 'patch': (8.18, 8.32), 'pitch': None}
    margin_after='' notes='⚠ Top margin is too small for the strip labels — they overflow toward the page edge.\n\n⚠ Strip length 400 mm exceeds the 240 mm instrument ruler — the strip may not fit your jig'
2026-09-07 08:12:28,927 [INFO] assess: --- g08-A3-nolimit: A3 portrait, Don't cap strip length
2026-09-07 08:12:30,383 [DEBUG] core.settings: settings.set helper_markers_show = False
2026-09-07 08:12:30,383 [DEBUG] core.settings: settings.set helper_marker_edge_mm = 2.0
2026-09-07 08:12:30,383 [DEBUG] core.settings: settings.set helper_marker_len_mm = 2.0
2026-09-07 08:12:30,383 [DEBUG] core.settings: settings.set helper_marker_per_patch = 3
2026-09-07 08:12:30,383 [DEBUG] core.settings: settings.set helper_markers_top_bottom = True
2026-09-07 08:12:30,383 [DEBUG] core.settings: settings.set helper_markers_sides = True
2026-09-07 08:12:30,893 [DEBUG] core.settings: settings.set helper_markers_show = False
2026-09-07 08:12:30,893 [DEBUG] core.settings: settings.set helper_marker_edge_mm = 2.0
2026-09-07 08:12:30,893 [DEBUG] core.settings: settings.set helper_marker_len_mm = 2.0
2026-09-07 08:12:30,893 [DEBUG] core.settings: settings.set helper_marker_per_patch = 3
2026-09-07 08:12:30,893 [DEBUG] core.settings: settings.set helper_markers_top_bottom = True
2026-09-07 08:12:30,893 [DEBUG] core.settings: settings.set helper_markers_sides = True
2026-09-07 08:12:31,918 [INFO] assess:   shot Screenshots/A4-margins/g08-A3-nolimit-before.png  (3400x2100)
2026-09-07 08:12:31,919 [INFO] assess:   armed: dialog ~'quite fill' -> click 'OK' 
2026-09-07 08:12:31,919 [INFO] assess:   armed: dialog ~'already' -> click 'Continue this project' 
2026-09-07 08:12:31,919 [INFO] ui.tabs.tab_chart: chart build (Generate Chart) in manual: patch set targen | manual panel: A3, 0x0 grid, margins T9.0 R9.0 B9.0 L9.0
2026-09-07 08:12:31,920 [DEBUG] core.settings: settings.set session_ti3_path = ''
2026-09-07 08:12:31,920 [DEBUG] core.settings: settings.set session_icc_path = ''
2026-09-07 08:12:31,920 [DEBUG] core.settings: settings.set session_cal_ti3_path = ''
2026-09-07 08:12:31,920 [DEBUG] core.file_manager: Target name set to: A3-LayoutModes (root /Users/Basti/ChromIQ-assessment/A3-LayoutModes)
2026-09-07 08:12:31,920 [INFO] core.file_manager: opened the EXISTING project at /Users/Basti/ChromIQ-assessment/A3-LayoutModes (1 run(s) on disk)
2026-09-07 08:12:31,948 [INFO] workflow.chart_creator: Chart generation: 1376 patches, instrument=i1 paper=A3 disable_lb=True
2026-09-07 08:12:31,948 [INFO] workflow.chart_creator: targen args: ['-v', '-d2', '-f1376', '-e8', '-B8', '-G', '-g79', 'A3-LayoutModes']
2026-09-07 08:12:31,948 [INFO] core.argyll_runner: Run: /Applications/Argyll/bin/targen -v -d2 -f1376 -e8 -B8 -G -g79 A3-LayoutModes  [cwd=/Users/Basti/ChromIQ-assessment/A3-LayoutModes/runs/run1]
2026-09-07 08:12:32,016 [DEBUG] core.argyll_runner: [argyll] iRGB test chart
2026-09-07 08:12:32,016 [DEBUG] core.argyll_runner: [argyll] White patches = 8
2026-09-07 08:12:32,016 [DEBUG] core.argyll_runner: [argyll] Black patches = 8
2026-09-07 08:12:32,016 [DEBUG] core.argyll_runner: [argyll] Composite Grey steps = 79
2026-09-07 08:12:32,017 [DEBUG] core.argyll_runner: [argyll] Full spread patches = 1376
2026-09-07 08:12:32,017 [DEBUG] core.argyll_runner: [argyll] Degree of adaptation: 0.100
2026-09-07 08:12:32,017 [DEBUG] core.argyll_runner: [argyll] Adaptation weights: Device = 0.935, Perceptual = 0.065, Curvature = 0.010
2026-09-07 08:12:32,017 [DEBUG] core.argyll_runner: [argyll] Perceptual cache resolution = 13
2026-09-07 08:12:32,017 [DEBUG] core.argyll_runner: [argyll] Seeding cache...
2026-09-07 08:12:32,037 [DEBUG] core.argyll_runner: [argyll] done
2026-09-07 08:12:32,037 [DEBUG] core.argyll_runner: [argyll] Acceleration grid res = 12
2026-09-07 08:12:32,037 [DEBUG] core.argyll_runner: [argyll] 
2026-09-07 08:12:32,037 [DEBUG] core.argyll_runner: [argyll] There are 79 unique fixed points to add (93 total fixed points)
2026-09-07 08:12:32,038 [DEBUG] core.argyll_runner: [argyll] There are 1283 far spread points to add
2026-09-07 08:12:32,038 [DEBUG] core.argyll_runner: [argyll] 
2026-09-07 08:12:32,038 [DEBUG] core.argyll_runner: [argyll] Added 12/1362
2026-09-07 08:12:32,038 [DEBUG] core.argyll_runner: [argyll] Added 23/1362
2026-09-07 08:12:32,038 [DEBUG] core.argyll_runner: [argyll] Added 34/1362
2026-09-07 08:12:32,039 [DEBUG] core.argyll_runner: [argyll] Added 45/1362
2026-09-07 08:12:32,039 [DEBUG] core.argyll_runner: [argyll] Added 56/1362
2026-09-07 08:12:32,039 [DEBUG] core.argyll_runner: [argyll] Added 67/1362
2026-09-07 08:12:32,040 [DEBUG] core.argyll_runner: [argyll] Added 78/1362
2026-09-07 08:12:32,041 [DEBUG] core.argyll_runner: [argyll] Added 89/1362
2026-09-07 08:12:32,041 [DEBUG] core.argyll_runner: [argyll] Added 100/1362
2026-09-07 08:12:32,073 [DEBUG] core.argyll_runner: [argyll] 
2026-09-07 08:12:32,074 [DEBUG] core.argyll_runner: [argyll] Added 111/1362
2026-09-07 08:12:32,074 [DEBUG] core.argyll_runner: [argyll] Added 122/1362
2026-09-07 08:12:32,074 [DEBUG] core.argyll_runner: [argyll] Added 133/1362
2026-09-07 08:12:32,074 [DEBUG] core.argyll_runner: [argyll] Added 144/1362
2026-09-07 08:12:32,075 [DEBUG] core.argyll_runner: [argyll] Added 155/1362
2026-09-07 08:12:32,075 [DEBUG] core.argyll_runner: [argyll] Added 166/1362
2026-09-07 08:12:32,076 [DEBUG] core.argyll_runner: [argyll] Added 177/1362
2026-09-07 08:12:32,077 [DEBUG] core.argyll_runner: [argyll] Added 188/1362
2026-09-07 08:12:32,077 [DEBUG] core.argyll_runner: [argyll] Added 199/1362
2026-09-07 08:12:32,079 [DEBUG] core.argyll_runner: [argyll] Added 210/1362
2026-09-07 08:12:32,080 [DEBUG] core.argyll_runner: [argyll] Added 221/1362
2026-09-07 08:12:32,081 [DEBUG] core.argyll_runner: [argyll] Added 232/1362
2026-09-07 08:12:32,082 [DEBUG] core.argyll_runner: [argyll] Added 243/1362
2026-09-07 08:12:32,084 [DEBUG] core.argyll_runner: [argyll] Added 254/1362
2026-09-07 08:12:32,085 [DEBUG] core.argyll_runner: [argyll] Added 265/1362
2026-09-07 08:12:32,087 [DEBUG] core.argyll_runner: [argyll] Added 276/1362
2026-09-07 08:12:32,089 [DEBUG] core.argyll_runner: [argyll] Added 287/1362
2026-09-07 08:12:32,091 [DEBUG] core.argyll_runner: [argyll] Added 298/1362
2026-09-07 08:12:32,093 [DEBUG] core.argyll_runner: [argyll] Added 309/1362
2026-09-07 08:12:32,096 [DEBUG] core.argyll_runner: [argyll] Added 320/1362
2026-09-07 08:12:32,098 [DEBUG] core.argyll_runner: [argyll] Added 331/1362
2026-09-07 08:12:32,100 [DEBUG] core.argyll_runner: [argyll] Added 342/1362
2026-09-07 08:12:32,103 [DEBUG] core.argyll_runner: [argyll] Added 353/1362
2026-09-07 08:12:32,106 [DEBUG] core.argyll_runner: [argyll] Added 364/1362
2026-09-07 08:12:32,109 [DEBUG] core.argyll_runner: [argyll] Added 375/1362
2026-09-07 08:12:32,112 [DEBUG] core.argyll_runner: [argyll] Added 386/1362
2026-09-07 08:12:32,115 [DEBUG] core.argyll_runner: [argyll] Added 397/1362
2026-09-07 08:12:32,118 [DEBUG] core.argyll_runner: [argyll] Added 408/1362
2026-09-07 08:12:32,135 [DEBUG] core.argyll_runner: [argyll] 
2026-09-07 08:12:32,136 [DEBUG] core.argyll_runner: [argyll] Added 419/1362
2026-09-07 08:12:32,136 [DEBUG] core.argyll_runner: [argyll] Added 430/1362
2026-09-07 08:12:32,136 [DEBUG] core.argyll_runner: [argyll] Added 441/1362
2026-09-07 08:12:32,137 [DEBUG] core.argyll_runner: [argyll] Added 452/1362
2026-09-07 08:12:32,137 [DEBUG] core.argyll_runner: [argyll] Added 463/1362
2026-09-07 08:12:32,138 [DEBUG] core.argyll_runner: [argyll] Added 474/1362
2026-09-07 08:12:32,138 [DEBUG] core.argyll_runner: [argyll] Added 485/1362
2026-09-07 08:12:32,139 [DEBUG] core.argyll_runner: [argyll] Added 496/1362
2026-09-07 08:12:32,140 [DEBUG] core.argyll_runner: [argyll] Added 507/1362
2026-09-07 08:12:32,141 [DEBUG] core.argyll_runner: [argyll] Added 518/1362
2026-09-07 08:12:32,143 [DEBUG] core.argyll_runner: [argyll] Added 529/1362
2026-09-07 08:12:32,144 [DEBUG] core.argyll_runner: [argyll] Added 540/1362
2026-09-07 08:12:32,146 [DEBUG] core.argyll_runner: [argyll] Added 551/1362
2026-09-07 08:12:32,147 [DEBUG] core.argyll_runner: [argyll] Added 562/1362
2026-09-07 08:12:32,149 [DEBUG] core.argyll_runner: [argyll] Added 573/1362
2026-09-07 08:12:32,151 [DEBUG] core.argyll_runner: [argyll] Added 584/1362
2026-09-07 08:12:32,153 [DEBUG] core.argyll_runner: [argyll] Added 595/1362
2026-09-07 08:12:32,155 [DEBUG] core.argyll_runner: [argyll] Added 606/1362
2026-09-07 08:12:32,158 [DEBUG] core.argyll_runner: [argyll] Added 617/1362
2026-09-07 08:12:32,160 [DEBUG] core.argyll_runner: [argyll] Added 628/1362
2026-09-07 08:12:32,163 [DEBUG] core.argyll_runner: [argyll] Added 639/1362
2026-09-07 08:12:32,165 [DEBUG] core.argyll_runner: [argyll] Added 650/1362
2026-09-07 08:12:32,168 [DEBUG] core.argyll_runner: [argyll] Added 661/1362
2026-09-07 08:12:32,171 [DEBUG] core.argyll_runner: [argyll] Added 672/1362
2026-09-07 08:12:32,175 [DEBUG] core.argyll_runner: [argyll] Added 683/1362
2026-09-07 08:12:32,178 [DEBUG] core.argyll_runner: [argyll] Added 694/1362
2026-09-07 08:12:32,181 [DEBUG] core.argyll_runner: [argyll] Added 705/1362
2026-09-07 08:12:32,185 [DEBUG] core.argyll_runner: [argyll] Added 716/1362
2026-09-07 08:12:32,188 [DEBUG] core.argyll_runner: [argyll] Added 727/1362
2026-09-07 08:12:32,192 [DEBUG] core.argyll_runner: [argyll] Added 738/1362
2026-09-07 08:12:32,196 [DEBUG] core.argyll_runner: [argyll] Added 749/1362
2026-09-07 08:12:32,200 [DEBUG] core.argyll_runner: [argyll] Added 760/1362
2026-09-07 08:12:32,204 [DEBUG] core.argyll_runner: [argyll] Added 771/1362
2026-09-07 08:12:32,208 [DEBUG] core.argyll_runner: [argyll] Added 782/1362
2026-09-07 08:12:32,212 [DEBUG] core.argyll_runner: [argyll] Added 793/1362
2026-09-07 08:12:32,217 [DEBUG] core.argyll_runner: [argyll] Added 804/1362
2026-09-07 08:12:32,222 [DEBUG] core.argyll_runner: [argyll] Added 815/1362
2026-09-07 08:12:32,226 [DEBUG] core.argyll_runner: [argyll] Added 826/1362
2026-09-07 08:12:32,231 [DEBUG] core.argyll_runner: [argyll] Added 837/1362
2026-09-07 08:12:32,236 [DEBUG] core.argyll_runner: [argyll] Added 848/1362
2026-09-07 08:12:32,241 [DEBUG] core.argyll_runner: [argyll] Added 859/1362
2026-09-07 08:12:32,247 [DEBUG] core.argyll_runner: [argyll] Added 870/1362
2026-09-07 08:12:32,252 [DEBUG] core.argyll_runner: [argyll] Added 881/1362
2026-09-07 08:12:32,258 [DEBUG] core.argyll_runner: [argyll] Added 892/1362
2026-09-07 08:12:32,263 [DEBUG] core.argyll_runner: [argyll] Added 903/1362
2026-09-07 08:12:32,269 [DEBUG] core.argyll_runner: [argyll] Added 914/1362
2026-09-07 08:12:32,275 [DEBUG] core.argyll_runner: [argyll] Added 925/1362
2026-09-07 08:12:32,281 [DEBUG] core.argyll_runner: [argyll] Added 936/1362
2026-09-07 08:12:32,287 [DEBUG] core.argyll_runner: [argyll] Added 947/1362
2026-09-07 08:12:32,293 [DEBUG] core.argyll_runner: [argyll] Added 958/1362
2026-09-07 08:12:32,300 [DEBUG] core.argyll_runner: [argyll] Added 969/1362
2026-09-07 08:12:32,307 [DEBUG] core.argyll_runner: [argyll] Added 980/1362
2026-09-07 08:12:32,314 [DEBUG] core.argyll_runner: [argyll] Added 991/1362
2026-09-07 08:12:32,321 [DEBUG] core.argyll_runner: [argyll] Added 1002/1362
2026-09-07 08:12:32,328 [DEBUG] core.argyll_runner: [argyll] Added 1013/1362
2026-09-07 08:12:32,335 [DEBUG] core.argyll_runner: [argyll] Added 1024/1362
2026-09-07 08:12:32,342 [DEBUG] core.argyll_runner: [argyll] Added 1035/1362
2026-09-07 08:12:32,350 [DEBUG] core.argyll_runner: [argyll] Added 1046/1362
2026-09-07 08:12:32,357 [DEBUG] core.argyll_runner: [argyll] Added 1057/1362
2026-09-07 08:12:32,365 [DEBUG] core.argyll_runner: [argyll] Added 1068/1362
2026-09-07 08:12:32,373 [DEBUG] core.argyll_runner: [argyll] Added 1079/1362
2026-09-07 08:12:32,395 [DEBUG] core.argyll_runner: [argyll] 
2026-09-07 08:12:32,397 [DEBUG] core.argyll_runner: [argyll] Added 1090/1362
2026-09-07 08:12:32,397 [DEBUG] core.argyll_runner: [argyll] Added 1101/1362
2026-09-07 08:12:32,397 [DEBUG] core.argyll_runner: [argyll] Added 1112/1362
2026-09-07 08:12:32,398 [DEBUG] core.argyll_runner: [argyll] Added 1123/1362
2026-09-07 08:12:32,398 [DEBUG] core.argyll_runner: [argyll] Added 1134/1362
2026-09-07 08:12:32,399 [DEBUG] core.argyll_runner: [argyll] Added 1145/1362
2026-09-07 08:12:32,400 [DEBUG] core.argyll_runner: [argyll] Added 1156/1362
2026-09-07 08:12:32,400 [DEBUG] core.argyll_runner: [argyll] Added 1167/1362
2026-09-07 08:12:32,401 [DEBUG] core.argyll_runner: [argyll] Added 1178/1362
2026-09-07 08:12:32,403 [DEBUG] core.argyll_runner: [argyll] Added 1189/1362
2026-09-07 08:12:32,404 [DEBUG] core.argyll_runner: [argyll] Added 1200/1362
2026-09-07 08:12:32,405 [DEBUG] core.argyll_runner: [argyll] Added 1211/1362
2026-09-07 08:12:32,407 [DEBUG] core.argyll_runner: [argyll] Added 1222/1362
2026-09-07 08:12:32,408 [DEBUG] core.argyll_runner: [argyll] Added 1233/1362
2026-09-07 08:12:32,410 [DEBUG] core.argyll_runner: [argyll] Added 1244/1362
2026-09-07 08:12:32,412 [DEBUG] core.argyll_runner: [argyll] Added 1255/1362
2026-09-07 08:12:32,414 [DEBUG] core.argyll_runner: [argyll] Added 1266/1362
2026-09-07 08:12:32,416 [DEBUG] core.argyll_runner: [argyll] Added 1277/1362
2026-09-07 08:12:32,419 [DEBUG] core.argyll_runner: [argyll] Added 1288/1362
2026-09-07 08:12:32,421 [DEBUG] core.argyll_runner: [argyll] Added 1299/1362
2026-09-07 08:12:32,423 [DEBUG] core.argyll_runner: [argyll] Added 1310/1362
2026-09-07 08:12:32,426 [DEBUG] core.argyll_runner: [argyll] Added 1321/1362
2026-09-07 08:12:32,429 [DEBUG] core.argyll_runner: [argyll] Added 1332/1362
2026-09-07 08:12:32,432 [DEBUG] core.argyll_runner: [argyll] Added 1343/1362
2026-09-07 08:12:32,435 [DEBUG] core.argyll_runner: [argyll] Added 1354/1362
2026-09-07 08:12:32,438 [DEBUG] core.argyll_runner: [argyll] Added 1362/1362
2026-09-07 08:12:34,960 [DEBUG] core.argyll_runner: [argyll] 
2026-09-07 08:12:34,961 [DEBUG] core.argyll_runner: [argyll] After seeding points: MinPoint = 2.130, Min = 1.956, Avg. = 7.763, Max = 9.871, 0.2 secs
2026-09-07 08:12:34,961 [DEBUG] core.argyll_runner: [argyll] Re-seeding
2026-09-07 08:12:34,961 [DEBUG] core.argyll_runner: [argyll] It 1: Maxmv = 0.081922, MinPoint = 2.061, Min = 1.956, Avg. = 7.735, Max = 10.437, 0.1 secs.
2026-09-07 08:12:34,962 [DEBUG] core.argyll_runner: [argyll] Re-seeding
2026-09-07 08:12:34,962 [DEBUG] core.argyll_runner: [argyll] It 2: Maxmv = 0.083281, MinPoint = 2.130, Min = 1.956, Avg. = 7.683, Max = 10.531, 0.1 secs.
2026-09-07 08:12:34,962 [DEBUG] core.argyll_runner: [argyll] Re-seeding
2026-09-07 08:12:34,962 [DEBUG] core.argyll_runner: [argyll] It 3: Maxmv = 0.053730, MinPoint = 2.130, Min = 1.956, Avg. = 7.633, Max = 10.093, 0.1 secs.
2026-09-07 08:12:34,963 [DEBUG] core.argyll_runner: [argyll] Re-seeding
2026-09-07 08:12:34,963 [DEBUG] core.argyll_runner: [argyll] It 4: Maxmv = 0.055509, MinPoint = 2.130, Min = 1.956, Avg. = 7.592, Max = 9.877, 0.1 secs.
2026-09-07 08:12:34,963 [DEBUG] core.argyll_runner: [argyll] Re-seeding
2026-09-07 08:12:34,963 [DEBUG] core.argyll_runner: [argyll] It 5: Maxmv = 0.048706, MinPoint = 2.130, Min = 1.956, Avg. = 7.548, Max = 9.739, 0.1 secs.
2026-09-07 08:12:34,964 [DEBUG] core.argyll_runner: [argyll] Re-seeding
2026-09-07 08:12:34,964 [DEBUG] core.argyll_runner: [argyll] It 6: Maxmv = 0.043095, MinPoint = 2.130, Min = 1.956, Avg. = 7.516, Max = 9.585, 0.1 secs.
2026-09-07 08:12:34,964 [DEBUG] core.argyll_runner: [argyll] Re-seeding
2026-09-07 08:12:34,964 [DEBUG] core.argyll_runner: [argyll] It 7: Maxmv = 0.037790, MinPoint = 2.130, Min = 1.956, Avg. = 7.472, Max = 9.965, 0.1 secs.
2026-09-07 08:12:34,965 [DEBUG] core.argyll_runner: [argyll] Re-seeding
2026-09-07 08:12:34,965 [DEBUG] core.argyll_runner: [argyll] It 8: Maxmv = 0.030666, MinPoint = 2.130, Min = 1.956, Avg. = 7.443, Max = 9.308, 0.1 secs.
2026-09-07 08:12:34,965 [DEBUG] core.argyll_runner: [argyll] Re-seeding
2026-09-07 08:12:34,965 [DEBUG] core.argyll_runner: [argyll] It 9: Maxmv = 0.031441, MinPoint = 2.130, Min = 1.956, Avg. = 7.418, Max = 9.499, 0.1 secs.
2026-09-07 08:12:34,966 [DEBUG] core.argyll_runner: [argyll] Re-seeding
2026-09-07 08:12:34,966 [DEBUG] core.argyll_runner: [argyll] It 10: Maxmv = 0.025396, MinPoint = 2.130, Min = 1.956, Avg. = 7.396, Max = 9.221, 0.1 secs.
2026-09-07 08:12:34,966 [DEBUG] core.argyll_runner: [argyll] Re-seeding
2026-09-07 08:12:34,966 [DEBUG] core.argyll_runner: [argyll] It 11: Maxmv = 0.021812, MinPoint = 2.130, Min = 1.956, Avg. = 7.379, Max = 9.057, 0.1 secs.
2026-09-07 08:12:34,967 [DEBUG] core.argyll_runner: [argyll] Re-seeding
2026-09-07 08:12:34,967 [DEBUG] core.argyll_runner: [argyll] It 12: Maxmv = 0.016568, MinPoint = 2.130, Min = 1.956, Avg. = 7.365, Max = 8.860, 0.1 secs.
2026-09-07 08:12:34,967 [DEBUG] core.argyll_runner: [argyll] Re-seeding
2026-09-07 08:12:34,967 [DEBUG] core.argyll_runner: [argyll] It 13: Maxmv = 0.018023, MinPoint = 2.130, Min = 1.956, Avg. = 7.359, Max = 8.835, 0.1 secs.
2026-09-07 08:12:34,968 [DEBUG] core.argyll_runner: [argyll] Re-seeding
2026-09-07 08:12:34,968 [DEBUG] core.argyll_runner: [argyll] It 14: Maxmv = 0.013784, MinPoint = 2.130, Min = 1.956, Avg. = 7.349, Max = 8.768, 0.1 secs.
2026-09-07 08:12:34,968 [DEBUG] core.argyll_runner: [argyll] Re-seeding
2026-09-07 08:12:34,968 [DEBUG] core.argyll_runner: [argyll] It 15: Maxmv = 0.008696, MinPoint = 2.130, Min = 1.956, Avg. = 7.346, Max = 8.747, 0.1 secs.
2026-09-07 08:12:34,969 [DEBUG] core.argyll_runner: [argyll] Re-seeding
2026-09-07 08:12:34,969 [DEBUG] core.argyll_runner: [argyll] It 16: Maxmv = 0.007547, MinPoint = 2.130, Min = 1.956, Avg. = 7.345, Max = 8.740, 0.1 secs.
2026-09-07 08:12:34,969 [DEBUG] core.argyll_runner: [argyll] Re-seeding
2026-09-07 08:12:34,969 [DEBUG] core.argyll_runner: [argyll] It 17: Maxmv = 0.005819, MinPoint = 2.130, Min = 1.956, Avg. = 7.344, Max = 8.708, 0.1 secs.
2026-09-07 08:12:34,970 [DEBUG] core.argyll_runner: [argyll] Re-seeding
2026-09-07 08:12:34,970 [DEBUG] core.argyll_runner: [argyll] It 18: Maxmv = 0.003177, MinPoint = 2.130, Min = 1.956, Avg. = 7.345, Max = 8.656, 0.1 secs.
2026-09-07 08:12:34,970 [DEBUG] core.argyll_runner: [argyll] Re-seeding
2026-09-07 08:12:34,970 [DEBUG] core.argyll_runner: [argyll] It 19: Maxmv = 0.001094, MinPoint = 2.130, Min = 1.956, Avg. = 7.345, Max = 8.650, 0.1 secs.
2026-09-07 08:12:34,970 [DEBUG] core.argyll_runner: [argyll] Re-seeding
2026-09-07 08:12:34,971 [DEBUG] core.argyll_runner: [argyll] It 20: Maxmv = 0.001150, MinPoint = 2.130, Min = 1.956, Avg. = 7.346, Max = 8.661, 0.1 secs.
2026-09-07 08:12:34,971 [DEBUG] core.argyll_runner: [argyll] After optimization: MinPoint = 2.130, Min = 1.956, Avg. = 7.346, Max = 8.661
2026-09-07 08:12:34,971 [DEBUG] core.argyll_runner: [argyll] Total number of patches = 1376
2026-09-07 08:12:34,972 [DEBUG] core.argyll_runner: [argyll] Execution time = 2.948098 seconds
2026-09-07 08:12:34,972 [INFO] core.argyll_runner: ArgyllRunner: finished with code 0
2026-09-07 08:12:35,609 [DEBUG] workflow.chart_creator: Wrote channel sidecar A3-LayoutModes.channels.json: ['r', 'g', 'b']
2026-09-07 08:12:35,775 [DEBUG] ui.tiff_preview: TiffPreview: loaded 1 page(s)
2026-09-07 08:12:35,775 [INFO] ui.tabs.tab_chart: Preview loaded: 1 TIFF(s)
2026-09-07 08:12:35,832 [DEBUG] ui.tiff_preview: TiffPreview: loaded 1 page(s)
2026-09-07 08:12:35,835 [DEBUG] ui.tiff_preview: TiffPreview: loaded 1 page(s)
2026-09-07 08:12:35,844 [DEBUG] ui.tabs.tab_chart: create-chart settings written for run1 (40 parameters + ui state)
2026-09-07 08:12:38,397 [INFO] assess:   shot Screenshots/A4-margins/g08-A3-nolimit-after.png  (3400x2100)
2026-09-07 08:12:38,400 [INFO] assess:   json Test Runs/logs/d03_results.json
2026-09-07 08:12:38,400 [INFO] assess:     est_before={'total': 1376, 'fillup': 0, 'page_patches': 1376, 'rows': 43, 'cols': 32, 'pages': 1, 'patch': (8.18, 8.32), 'pitch': None}
    actual={'total': 1376, 'fillup': 0, 'page_patches': 1376, 'rows': 43, 'cols': 32, 'pages': 1, 'patch': (8.21, 8.3), 'pitch': None}
    est_after={'total': 1376, 'fillup': 0, 'page_patches': 1376, 'rows': 43, 'cols': 32, 'pages': 1, 'patch': (8.18, 8.32), 'pitch': None}
    margin_after='' notes='⚠ Top margin is too small for the strip labels — they overflow toward the page edge.\n\n⚠ Strip length 400 mm exceeds the 240 mm instrument ruler — the strip may not fit your jig'
2026-09-07 08:12:38,458 [DEBUG] core.settings: settings.set helper_markers_show = False
2026-09-07 08:12:38,458 [DEBUG] core.settings: settings.set helper_marker_edge_mm = 2.0
2026-09-07 08:12:38,458 [DEBUG] core.settings: settings.set helper_marker_len_mm = 2.0
2026-09-07 08:12:38,458 [DEBUG] core.settings: settings.set helper_marker_per_patch = 3
2026-09-07 08:12:38,458 [DEBUG] core.settings: settings.set helper_markers_top_bottom = True
2026-09-07 08:12:38,458 [DEBUG] core.settings: settings.set helper_markers_sides = True
2026-09-07 08:12:38,712 [DEBUG] core.settings: settings.set helper_markers_show = False
2026-09-07 08:12:38,712 [DEBUG] core.settings: settings.set helper_marker_edge_mm = 2.0
2026-09-07 08:12:38,712 [DEBUG] core.settings: settings.set helper_marker_len_mm = 2.0
2026-09-07 08:12:38,712 [DEBUG] core.settings: settings.set helper_marker_per_patch = 3
2026-09-07 08:12:38,712 [DEBUG] core.settings: settings.set helper_markers_top_bottom = True
2026-09-07 08:12:38,712 [DEBUG] core.settings: settings.set helper_markers_sides = True
2026-09-07 08:12:38,867 [INFO] assess: thresholds i1Pro|A4 Portrait before: {'L': 26, 'R': 9, 'T': 38, 'B': 19, 'desc': 'i1Pro ruler / jig'}
2026-09-07 08:12:38,889 [WARNING] core.settings: Settings SANDBOXED to /Users/Basti/Desktop/Create Chart Assessment/Test Runs/sandbox/chromiq-assessment.ini (CHROMIQ_SETTINGS_FILE is set) — the real preferences are untouched
2026-09-07 08:12:38,889 [DEBUG] core.settings: Settings loaded from /Users/Basti/Desktop/Create Chart Assessment/Test Runs/sandbox/chromiq-assessment.ini
2026-09-07 08:12:39,152 [DEBUG] ui.dialogs.layout_options_panel: layout panel set_recipe: spacer=colored/True gaps=0.0/0.0  [_build_ui:3247  ←  _build_chart_layout_tab:5207  ←  _load_layout_combo:5553]
2026-09-07 08:12:39,320 [WARNING] core.settings: Settings SANDBOXED to /Users/Basti/Desktop/Create Chart Assessment/Test Runs/sandbox/chromiq-assessment.ini (CHROMIQ_SETTINGS_FILE is set) — the real preferences are untouched
2026-09-07 08:12:39,320 [DEBUG] core.settings: Settings loaded from /Users/Basti/Desktop/Create Chart Assessment/Test Runs/sandbox/chromiq-assessment.ini
2026-09-07 08:12:39,588 [INFO] assess:   DIALOG UNEXPECTED [SettingsDialog] title='ChromIQ Preferences' buttons=['Play', 'Play', 'Play', 'Play', 'Play', 'Play', 'Play', 'Play', 'Reveal', 'Reveal', 'Reveal', 'Reveal', 'Reveal', 'New seed', 'Export template (PNG + PDF)…', 'Restore factory defaults', 'Open presets folder', 'Export…', 'Import…', 'Restore default thresholds', 'Test binaries', 'Auto-detect', 'Download latest ArgyllCMS…', 'Restore Factory Defaults', 'Report a Bug…', 'Request a Feature…', 'Check for Updates', 'OK', 'Cancel'] text="Experimental features — enabled at your own risk. Verify every result before you rely on it. | Accuracy | ChromIQ can play a short sound as you measure — a tick as each patch is read, a bell when a strip is done, a warning if a reading looks off, and a little fanfare when everything's finished. It's"
2026-09-07 08:12:39,605 [INFO] assess:     closed via clicked 'Cancel'
2026-09-07 08:12:41,476 [INFO] assess: thresholds after: {'L': 26, 'R': 9, 'T': 38, 'B': 19, 'desc': 'i1Pro ruler / jig'}  drive={'done': False, 'err': None}
2026-09-07 08:12:41,477 [INFO] assess: panel margins now: {'t': 38.0, 'r': 9.0, 'b': 19.0, 'l': 26.0} use_instr=True
2026-09-07 08:12:41,477 [INFO] assess: estimate now (no regenerate): {'total': 525, 'fillup': 0, 'page_patches': 525, 'rows': 25, 'cols': 21, 'pages': 1, 'patch': (8.33, 8.56), 'pitch': None}  margin status: '' notes='⚠ Strip length 400 mm exceeds the 240 mm instrument ruler — the strip may not fit your jig'
2026-09-07 08:12:41,660 [INFO] assess:   shot Screenshots/A4-margins/g09-after-threshold-change-before-generate.png  (3400x2100)
2026-09-07 08:12:41,661 [INFO] assess: --- g10-generate-after-threshold: Generate with T=50 / ruler 200 thresholds
2026-09-07 08:12:42,535 [INFO] assess:   shot Screenshots/A4-margins/g10-generate-after-threshold-before.png  (3400x2100)
2026-09-07 08:12:42,535 [INFO] assess:   armed: dialog ~'quite fill' -> click 'OK' 
2026-09-07 08:12:42,535 [INFO] assess:   armed: dialog ~'already' -> click 'Continue this project' 
2026-09-07 08:12:42,535 [INFO] ui.tabs.tab_chart: chart build (Generate Chart) in manual: patch set targen | manual panel: A4, 0x0 grid, margins T38.0 R9.0 B19.0 L26.0
2026-09-07 08:12:42,536 [DEBUG] core.settings: settings.set session_ti3_path = ''
2026-09-07 08:12:42,536 [DEBUG] core.settings: settings.set session_icc_path = ''
2026-09-07 08:12:42,536 [DEBUG] core.settings: settings.set session_cal_ti3_path = ''
2026-09-07 08:12:42,536 [DEBUG] core.file_manager: Target name set to: A3-LayoutModes (root /Users/Basti/ChromIQ-assessment/A3-LayoutModes)
2026-09-07 08:12:42,537 [INFO] core.file_manager: opened the EXISTING project at /Users/Basti/ChromIQ-assessment/A3-LayoutModes (1 run(s) on disk)
2026-09-07 08:12:42,564 [INFO] workflow.chart_creator: Chart generation: 525 patches, instrument=i1 paper=A4 disable_lb=True
2026-09-07 08:12:42,564 [INFO] workflow.chart_creator: targen args: ['-v', '-d2', '-f525', '-e4', '-B4', '-G', '-g30', 'A3-LayoutModes']
2026-09-07 08:12:42,564 [INFO] core.argyll_runner: Run: /Applications/Argyll/bin/targen -v -d2 -f525 -e4 -B4 -G -g30 A3-LayoutModes  [cwd=/Users/Basti/ChromIQ-assessment/A3-LayoutModes/runs/run1]
2026-09-07 08:12:42,632 [DEBUG] core.argyll_runner: [argyll] iRGB test chart
2026-09-07 08:12:42,632 [DEBUG] core.argyll_runner: [argyll] White patches = 4
2026-09-07 08:12:42,632 [DEBUG] core.argyll_runner: [argyll] Black patches = 4
2026-09-07 08:12:42,632 [DEBUG] core.argyll_runner: [argyll] Composite Grey steps = 30
2026-09-07 08:12:42,632 [DEBUG] core.argyll_runner: [argyll] Full spread patches = 525
2026-09-07 08:12:42,632 [DEBUG] core.argyll_runner: [argyll] Degree of adaptation: 0.100
2026-09-07 08:12:42,633 [DEBUG] core.argyll_runner: [argyll] Adaptation weights: Device = 0.935, Perceptual = 0.065, Curvature = 0.010
2026-09-07 08:12:42,633 [DEBUG] core.argyll_runner: [argyll] Perceptual cache resolution = 9
2026-09-07 08:12:42,633 [DEBUG] core.argyll_runner: [argyll] Seeding cache...done
2026-09-07 08:12:42,633 [DEBUG] core.argyll_runner: [argyll] Acceleration grid res = 9
2026-09-07 08:12:42,633 [DEBUG] core.argyll_runner: [argyll] 
2026-09-07 08:12:42,633 [DEBUG] core.argyll_runner: [argyll] There are 30 unique fixed points to add (36 total fixed points)
2026-09-07 08:12:42,634 [DEBUG] core.argyll_runner: [argyll] There are 489 far spread points to add
2026-09-07 08:12:42,634 [DEBUG] core.argyll_runner: [argyll] 
2026-09-07 08:12:42,634 [DEBUG] core.argyll_runner: [argyll] Added 12/519
2026-09-07 08:12:42,634 [DEBUG] core.argyll_runner: [argyll] Added 23/519
2026-09-07 08:12:42,634 [DEBUG] core.argyll_runner: [argyll] Added 34/519
2026-09-07 08:12:42,635 [DEBUG] core.argyll_runner: [argyll] Added 45/519
2026-09-07 08:12:42,635 [DEBUG] core.argyll_runner: [argyll] Added 56/519
2026-09-07 08:12:42,635 [DEBUG] core.argyll_runner: [argyll] Added 67/519
2026-09-07 08:12:42,636 [DEBUG] core.argyll_runner: [argyll] Added 78/519
2026-09-07 08:12:42,637 [DEBUG] core.argyll_runner: [argyll] Added 89/519
2026-09-07 08:12:42,637 [DEBUG] core.argyll_runner: [argyll] Added 100/519
2026-09-07 08:12:42,638 [DEBUG] core.argyll_runner: [argyll] Added 111/519
2026-09-07 08:12:42,640 [DEBUG] core.argyll_runner: [argyll] Added 122/519
2026-09-07 08:12:42,641 [DEBUG] core.argyll_runner: [argyll] Added 133/519
2026-09-07 08:12:42,642 [DEBUG] core.argyll_runner: [argyll] Added 144/519
2026-09-07 08:12:42,644 [DEBUG] core.argyll_runner: [argyll] Added 155/519
2026-09-07 08:12:42,665 [DEBUG] core.argyll_runner: [argyll] 
2026-09-07 08:12:42,665 [DEBUG] core.argyll_runner: [argyll] Added 166/519
2026-09-07 08:12:42,665 [DEBUG] core.argyll_runner: [argyll] Added 177/519
2026-09-07 08:12:42,666 [DEBUG] core.argyll_runner: [argyll] Added 188/519
2026-09-07 08:12:42,666 [DEBUG] core.argyll_runner: [argyll] Added 199/519
2026-09-07 08:12:42,667 [DEBUG] core.argyll_runner: [argyll] Added 210/519
2026-09-07 08:12:42,667 [DEBUG] core.argyll_runner: [argyll] Added 221/519
2026-09-07 08:12:42,668 [DEBUG] core.argyll_runner: [argyll] Added 232/519
2026-09-07 08:12:42,669 [DEBUG] core.argyll_runner: [argyll] Added 243/519
2026-09-07 08:12:42,670 [DEBUG] core.argyll_runner: [argyll] Added 254/519
2026-09-07 08:12:42,671 [DEBUG] core.argyll_runner: [argyll] Added 265/519
2026-09-07 08:12:42,672 [DEBUG] core.argyll_runner: [argyll] Added 276/519
2026-09-07 08:12:42,674 [DEBUG] core.argyll_runner: [argyll] Added 287/519
2026-09-07 08:12:42,675 [DEBUG] core.argyll_runner: [argyll] Added 298/519
2026-09-07 08:12:42,677 [DEBUG] core.argyll_runner: [argyll] Added 309/519
2026-09-07 08:12:42,679 [DEBUG] core.argyll_runner: [argyll] Added 320/519
2026-09-07 08:12:42,680 [DEBUG] core.argyll_runner: [argyll] Added 331/519
2026-09-07 08:12:42,682 [DEBUG] core.argyll_runner: [argyll] Added 342/519
2026-09-07 08:12:42,685 [DEBUG] core.argyll_runner: [argyll] Added 353/519
2026-09-07 08:12:42,687 [DEBUG] core.argyll_runner: [argyll] Added 364/519
2026-09-07 08:12:42,689 [DEBUG] core.argyll_runner: [argyll] Added 375/519
2026-09-07 08:12:42,692 [DEBUG] core.argyll_runner: [argyll] Added 386/519
2026-09-07 08:12:42,694 [DEBUG] core.argyll_runner: [argyll] Added 397/519
2026-09-07 08:12:42,697 [DEBUG] core.argyll_runner: [argyll] Added 408/519
2026-09-07 08:12:42,700 [DEBUG] core.argyll_runner: [argyll] Added 419/519
2026-09-07 08:12:42,703 [DEBUG] core.argyll_runner: [argyll] Added 430/519
2026-09-07 08:12:42,706 [DEBUG] core.argyll_runner: [argyll] Added 441/519
2026-09-07 08:12:42,710 [DEBUG] core.argyll_runner: [argyll] Added 452/519
2026-09-07 08:12:42,713 [DEBUG] core.argyll_runner: [argyll] Added 463/519
2026-09-07 08:12:42,717 [DEBUG] core.argyll_runner: [argyll] Added 474/519
2026-09-07 08:12:42,720 [DEBUG] core.argyll_runner: [argyll] Added 485/519
2026-09-07 08:12:42,724 [DEBUG] core.argyll_runner: [argyll] Added 496/519
2026-09-07 08:12:42,728 [DEBUG] core.argyll_runner: [argyll] Added 507/519
2026-09-07 08:12:42,732 [DEBUG] core.argyll_runner: [argyll] Added 518/519
2026-09-07 08:12:42,736 [DEBUG] core.argyll_runner: [argyll] Added 519/519
2026-09-07 08:12:43,612 [DEBUG] core.argyll_runner: [argyll] 
2026-09-07 08:12:43,613 [DEBUG] core.argyll_runner: [argyll] After seeding points: MinPoint = 4.448, Min = 4.322, Avg. = 10.848, Max = 14.666, 0.1 secs
2026-09-07 08:12:43,614 [DEBUG] core.argyll_runner: [argyll] Re-seeding
2026-09-07 08:12:43,614 [DEBUG] core.argyll_runner: [argyll] It 1: Maxmv = 0.103363, MinPoint = 3.460, Min = 4.005, Avg. = 10.861, Max = 14.358, 0.0 secs.
2026-09-07 08:12:43,614 [DEBUG] core.argyll_runner: [argyll] Re-seeding
2026-09-07 08:12:43,614 [DEBUG] core.argyll_runner: [argyll] It 2: Maxmv = 0.084402, MinPoint = 5.380, Min = 5.280, Avg. = 10.758, Max = 13.964, 0.0 secs.
2026-09-07 08:12:43,615 [DEBUG] core.argyll_runner: [argyll] Re-seeding
2026-09-07 08:12:43,615 [DEBUG] core.argyll_runner: [argyll] It 3: Maxmv = 0.076162, MinPoint = 5.428, Min = 5.280, Avg. = 10.700, Max = 13.835, 0.0 secs.
2026-09-07 08:12:43,615 [DEBUG] core.argyll_runner: [argyll] Re-seeding
2026-09-07 08:12:43,615 [DEBUG] core.argyll_runner: [argyll] It 4: Maxmv = 0.072726, MinPoint = 5.743, Min = 5.280, Avg. = 10.603, Max = 14.075, 0.0 secs.
2026-09-07 08:12:43,616 [DEBUG] core.argyll_runner: [argyll] Re-seeding
2026-09-07 08:12:43,616 [DEBUG] core.argyll_runner: [argyll] It 5: Maxmv = 0.068513, MinPoint = 5.743, Min = 5.280, Avg. = 10.535, Max = 13.679, 0.0 secs.
2026-09-07 08:12:43,616 [DEBUG] core.argyll_runner: [argyll] Re-seeding
2026-09-07 08:12:43,617 [DEBUG] core.argyll_runner: [argyll] It 6: Maxmv = 0.056321, MinPoint = 5.743, Min = 5.280, Avg. = 10.518, Max = 13.779, 0.0 secs.
2026-09-07 08:12:43,617 [DEBUG] core.argyll_runner: [argyll] Re-seeding
2026-09-07 08:12:43,617 [DEBUG] core.argyll_runner: [argyll] It 7: Maxmv = 0.059854, MinPoint = 5.743, Min = 5.280, Avg. = 10.461, Max = 13.725, 0.0 secs.
2026-09-07 08:12:43,617 [DEBUG] core.argyll_runner: [argyll] Re-seeding
2026-09-07 08:12:43,618 [DEBUG] core.argyll_runner: [argyll] It 8: Maxmv = 0.051345, MinPoint = 5.743, Min = 5.280, Avg. = 10.437, Max = 13.448, 0.0 secs.
2026-09-07 08:12:43,618 [DEBUG] core.argyll_runner: [argyll] Re-seeding
2026-09-07 08:12:43,618 [DEBUG] core.argyll_runner: [argyll] It 9: Maxmv = 0.040554, MinPoint = 5.743, Min = 5.280, Avg. = 10.411, Max = 13.065, 0.0 secs.
2026-09-07 08:12:43,618 [DEBUG] core.argyll_runner: [argyll] Re-seeding
2026-09-07 08:12:43,619 [DEBUG] core.argyll_runner: [argyll] It 10: Maxmv = 0.030994, MinPoint = 5.743, Min = 5.280, Avg. = 10.383, Max = 12.735, 0.0 secs.
2026-09-07 08:12:43,619 [DEBUG] core.argyll_runner: [argyll] Re-seeding
2026-09-07 08:12:43,619 [DEBUG] core.argyll_runner: [argyll] It 11: Maxmv = 0.032989, MinPoint = 5.743, Min = 5.280, Avg. = 10.373, Max = 12.994, 0.0 secs.
2026-09-07 08:12:43,619 [DEBUG] core.argyll_runner: [argyll] Re-seeding
2026-09-07 08:12:43,620 [DEBUG] core.argyll_runner: [argyll] It 12: Maxmv = 0.030487, MinPoint = 5.743, Min = 5.280, Avg. = 10.349, Max = 12.936, 0.0 secs.
2026-09-07 08:12:43,620 [DEBUG] core.argyll_runner: [argyll] Re-seeding
2026-09-07 08:12:43,620 [DEBUG] core.argyll_runner: [argyll] It 13: Maxmv = 0.021481, MinPoint = 5.743, Min = 5.280, Avg. = 10.346, Max = 12.600, 0.0 secs.
2026-09-07 08:12:43,620 [DEBUG] core.argyll_runner: [argyll] Re-seeding
2026-09-07 08:12:43,621 [DEBUG] core.argyll_runner: [argyll] It 14: Maxmv = 0.016377, MinPoint = 5.743, Min = 5.280, Avg. = 10.329, Max = 12.441, 0.0 secs.
2026-09-07 08:12:43,621 [DEBUG] core.argyll_runner: [argyll] Re-seeding
2026-09-07 08:12:43,621 [DEBUG] core.argyll_runner: [argyll] It 15: Maxmv = 0.013408, MinPoint = 5.743, Min = 5.280, Avg. = 10.331, Max = 12.462, 0.0 secs.
2026-09-07 08:12:43,621 [DEBUG] core.argyll_runner: [argyll] Re-seeding
2026-09-07 08:12:43,622 [DEBUG] core.argyll_runner: [argyll] It 16: Maxmv = 0.011614, MinPoint = 5.743, Min = 5.280, Avg. = 10.321, Max = 12.261, 0.0 secs.
2026-09-07 08:12:43,622 [DEBUG] core.argyll_runner: [argyll] Re-seeding
2026-09-07 08:12:43,622 [DEBUG] core.argyll_runner: [argyll] It 17: Maxmv = 0.006463, MinPoint = 5.743, Min = 5.280, Avg. = 10.321, Max = 12.391, 0.0 secs.
2026-09-07 08:12:43,622 [DEBUG] core.argyll_runner: [argyll] Re-seeding
2026-09-07 08:12:43,623 [DEBUG] core.argyll_runner: [argyll] It 18: Maxmv = 0.005609, MinPoint = 5.743, Min = 5.280, Avg. = 10.319, Max = 12.293, 0.0 secs.
2026-09-07 08:12:43,623 [DEBUG] core.argyll_runner: [argyll] Re-seeding
2026-09-07 08:12:43,623 [DEBUG] core.argyll_runner: [argyll] It 19: Maxmv = 0.001380, MinPoint = 5.743, Min = 5.280, Avg. = 10.320, Max = 12.323, 0.0 secs.
2026-09-07 08:12:43,623 [DEBUG] core.argyll_runner: [argyll] Re-seeding
2026-09-07 08:12:43,624 [DEBUG] core.argyll_runner: [argyll] It 20: Maxmv = 0.001368, MinPoint = 5.743, Min = 5.280, Avg. = 10.321, Max = 12.343, 0.0 secs.
2026-09-07 08:12:43,624 [DEBUG] core.argyll_runner: [argyll] After optimization: MinPoint = 5.743, Min = 5.280, Avg. = 10.321, Max = 12.343
2026-09-07 08:12:43,624 [DEBUG] core.argyll_runner: [argyll] Total number of patches = 525
2026-09-07 08:12:43,625 [DEBUG] core.argyll_runner: [argyll] Execution time = 0.991288 seconds
2026-09-07 08:12:43,625 [INFO] core.argyll_runner: ArgyllRunner: finished with code 0
2026-09-07 08:12:44,027 [DEBUG] workflow.chart_creator: Wrote channel sidecar A3-LayoutModes.channels.json: ['r', 'g', 'b']
2026-09-07 08:12:44,113 [DEBUG] ui.tiff_preview: TiffPreview: loaded 1 page(s)
2026-09-07 08:12:44,113 [INFO] ui.tabs.tab_chart: Preview loaded: 1 TIFF(s)
2026-09-07 08:12:44,159 [DEBUG] ui.tiff_preview: TiffPreview: loaded 1 page(s)
2026-09-07 08:12:44,162 [DEBUG] ui.tiff_preview: TiffPreview: loaded 1 page(s)
2026-09-07 08:12:44,167 [DEBUG] ui.tabs.tab_chart: create-chart settings written for run1 (40 parameters + ui state)
2026-09-07 08:12:45,980 [INFO] assess:   shot Screenshots/A4-margins/g10-generate-after-threshold-after.png  (3400x2100)
2026-09-07 08:12:45,981 [INFO] assess:   json Test Runs/logs/d03_results.json
2026-09-07 08:12:45,981 [INFO] assess:     est_before={'total': 525, 'fillup': 0, 'page_patches': 525, 'rows': 25, 'cols': 21, 'pages': 1, 'patch': (8.33, 8.56), 'pitch': None}
    actual={'total': 525, 'fillup': 0, 'page_patches': 525, 'rows': 25, 'cols': 21, 'pages': 1, 'patch': (8.3, 8.55), 'pitch': None}
    est_after={'total': 525, 'fillup': 0, 'page_patches': 525, 'rows': 25, 'cols': 21, 'pages': 1, 'patch': (8.33, 8.56), 'pitch': None}
    margin_after='Margins: OK' notes=''
2026-09-07 08:12:45,995 [WARNING] core.settings: Settings SANDBOXED to /Users/Basti/Desktop/Create Chart Assessment/Test Runs/sandbox/chromiq-assessment.ini (CHROMIQ_SETTINGS_FILE is set) — the real preferences are untouched
2026-09-07 08:12:45,995 [DEBUG] core.settings: Settings loaded from /Users/Basti/Desktop/Create Chart Assessment/Test Runs/sandbox/chromiq-assessment.ini
2026-09-07 08:12:46,232 [DEBUG] ui.dialogs.layout_options_panel: layout panel set_recipe: spacer=colored/True gaps=0.0/0.0  [_build_ui:3247  ←  _build_chart_layout_tab:5207  ←  _load_layout_combo:5553]
2026-09-07 08:12:46,400 [WARNING] core.settings: Settings SANDBOXED to /Users/Basti/Desktop/Create Chart Assessment/Test Runs/sandbox/chromiq-assessment.ini (CHROMIQ_SETTINGS_FILE is set) — the real preferences are untouched
2026-09-07 08:12:46,400 [DEBUG] core.settings: Settings loaded from /Users/Basti/Desktop/Create Chart Assessment/Test Runs/sandbox/chromiq-assessment.ini
2026-09-07 08:12:46,644 [INFO] assess:   DIALOG UNEXPECTED [SettingsDialog] title='ChromIQ Preferences' buttons=['Play', 'Play', 'Play', 'Play', 'Play', 'Play', 'Play', 'Play', 'Reveal', 'Reveal', 'Reveal', 'Reveal', 'Reveal', 'New seed', 'Export template (PNG + PDF)…', 'Restore factory defaults', 'Open presets folder', 'Export…', 'Import…', 'Restore default thresholds', 'Test binaries', 'Auto-detect', 'Download latest ArgyllCMS…', 'Restore Factory Defaults', 'Report a Bug…', 'Request a Feature…', 'Check for Updates', 'OK', 'Cancel'] text="Experimental features — enabled at your own risk. Verify every result before you rely on it. | Accuracy | ChromIQ can play a short sound as you measure — a tick as each patch is read, a bell when a strip is done, a warning if a reading looks off, and a little fanfare when everything's finished. It's"
2026-09-07 08:12:46,665 [INFO] assess:     closed via clicked 'Cancel'
2026-09-07 08:12:47,526 [INFO] assess: thresholds restored: {'L': 26, 'R': 9, 'T': 38, 'B': 19, 'desc': 'i1Pro ruler / jig'}
2026-09-07 08:12:47,530 [INFO] assess:   json Test Runs/logs/d03_results.json
2026-09-07 08:12:47,530 [INFO] assess: unexpected: [{'class': 'SettingsDialog', 'title': 'ChromIQ Preferences', 'text': "Experimental features — enabled at your own risk. Verify every result before you rely on it. | Accuracy | ChromIQ can play a short sound as you measure — a tick as each patch is read, a bell when a strip is done, a warning if a reading looks off, and a little fanfare when everything's finished. It's a hands-free way to know how the measurement is going without watching the screen. | Turn sounds on with the “Play sounds during measurement” box on the Measure tab. Here you choose which sound plays for each event — pick “Off (no sound)” for any you'd rather keep silent, and press “Play” to hear o", 'buttons': ['Play', 'Play', 'Play', 'Play', 'Play', 'Play', 'Play', 'Play', 'Reveal', 'Reveal', 'Reveal', 'Reveal', 'Reveal', 'New seed', 'Export template (PNG + PDF)…', 'Restore factory defaults', 'Open presets folder', 'Export…', 'Import…', 'Restore default thresholds', 'Test binaries', 'Auto-detect', 'Download latest ArgyllCMS…', 'Restore Factory Defaults', 'Report a Bug…', 'Request a Feature…', 'Check for Updates', 'OK', 'Cancel'], 'answer': 'UNEXPECTED', 'closed_via': "clicked 'Cancel'"}]  serious: []
2026-09-07 08:12:47,532 [DEBUG] core.settings: settings.set window_geometry = PyQt6.QtCore.QByteArray(b'\x01\xd9\xd0\xcb\x00\x03\x00\x00\x00\x00\x00\n\x00\x00\x00&\x00\x00\x06\xad\x00\x00\x04[\x00\x00\x00\n\x00\x00\x00B\x00\x00\x06\xad\x00\x00\x04[\x00\x00\x00\x00\x00\x00\x00\x00\x06\xc0\x00\x00\x00\n\x00\x00\x00B\x00\x00\x06\xad\x00\x00\x04[')
2026-09-07 08:12:47,532 [DEBUG] core.settings: settings.set window_maximized = False
2026-09-07 08:12:47,532 [DEBUG] core.settings: settings.set window_fullscreen = False
2026-09-07 08:12:47,753 [DEBUG] core.settings: settings.set active_tab = 0
2026-09-07 08:12:47,753 [DEBUG] core.settings: settings.set session_target_name = 'A3-LayoutModes'
2026-09-07 08:12:47,753 [DEBUG] core.settings: settings.set session_project_root = ''
2026-09-07 08:12:47,753 [INFO] core.argyll_runner: ArgyllRunner: cleanup complete
