2026-09-07 08:21:29,998 [WARNING] core.settings: Settings SANDBOXED to /Users/Basti/Desktop/Create Chart Assessment/Test Runs/sandbox/chromiq-assessment.ini (CHROMIQ_SETTINGS_FILE is set) — the real preferences are untouched
2026-09-07 08:21:29,998 [DEBUG] core.settings: Settings loaded from /Users/Basti/Desktop/Create Chart Assessment/Test Runs/sandbox/chromiq-assessment.ini
2026-09-07 08:21:29,998 [DEBUG] ui.theme: Appearance applied: setting=neutral mode=neutral
2026-09-07 08:21:29,998 [INFO] assess: app built: v4.2.0 appearance=neutral lang=en settings=/Users/Basti/Desktop/Create Chart Assessment/Test Runs/sandbox/chromiq-assessment.ini
2026-09-07 08:21:30,437 [DEBUG] ui.dialogs.layout_options_panel: layout panel set_recipe: spacer=colored/True gaps=0.0/0.0  [_refresh_manual_command_preview:5501  ←  _init_manual_layout_panel:5630  ←  _set_engine_recipe:17986]
2026-09-07 08:21:30,458 [DEBUG] core.settings: settings.set helper_markers_show = False
2026-09-07 08:21:30,459 [DEBUG] core.settings: settings.set helper_marker_edge_mm = 2.0
2026-09-07 08:21:30,459 [DEBUG] core.settings: settings.set helper_marker_len_mm = 2.0
2026-09-07 08:21:30,459 [DEBUG] core.settings: settings.set helper_marker_per_patch = 3
2026-09-07 08:21:30,459 [DEBUG] core.settings: settings.set helper_markers_top_bottom = True
2026-09-07 08:21:30,459 [DEBUG] core.settings: settings.set helper_markers_sides = True
2026-09-07 08:21:30,475 [DEBUG] core.settings: settings.set helper_markers_show = False
2026-09-07 08:21:30,476 [DEBUG] core.settings: settings.set helper_marker_edge_mm = 2.0
2026-09-07 08:21:30,476 [DEBUG] core.settings: settings.set helper_marker_len_mm = 2.0
2026-09-07 08:21:30,476 [DEBUG] core.settings: settings.set helper_marker_per_patch = 3
2026-09-07 08:21:30,476 [DEBUG] core.settings: settings.set helper_markers_top_bottom = True
2026-09-07 08:21:30,476 [DEBUG] core.settings: settings.set helper_markers_sides = True
2026-09-07 08:21:31,815 [INFO] ui.main_window: MainWindow initialised
2026-09-07 08:21:32,324 [INFO] ui.main_window: ---- Tab → 1. Create Chart ----
2026-09-07 08:21:32,338 [DEBUG] ui.theme: Appearance applied: setting=neutral mode=neutral
2026-09-07 08:21:32,479 [INFO] ui.main_window: ---- Tab → 1. Create Chart ----
2026-09-07 08:21:36,625 [INFO] assess:   armed: dialog ~'Give this project a name' -> click '<reject>' 
2026-09-07 08:21:36,626 [INFO] assess: clip content group visible=False  helper cb visible=False chart_text visible=False stamp visible=False
2026-09-07 08:21:36,626 [INFO] assess: --- f01-baseline-notes: clip on, notes box
2026-09-07 08:21:39,735 [INFO] assess:   armed: dialog ~'quite fill' -> click 'OK' 
2026-09-07 08:21:39,735 [INFO] assess:   armed: dialog ~'already' -> click 'Continue this project' 
2026-09-07 08:21:39,736 [INFO] ui.tabs.tab_chart: chart build (Generate Chart) in manual: patch set targen | manual panel: A4, 0x0 grid, margins T38.0 R9.0 B19.0 L26.0
2026-09-07 08:21:39,740 [DEBUG] core.settings: settings.set session_ti3_path = ''
2026-09-07 08:21:39,740 [DEBUG] core.settings: settings.set session_icc_path = ''
2026-09-07 08:21:39,740 [DEBUG] core.settings: settings.set session_cal_ti3_path = ''
2026-09-07 08:21:39,742 [DEBUG] core.file_manager: Target name set to: A5-Furniture (root /Users/Basti/ChromIQ-assessment/A5-Furniture)
2026-09-07 08:21:39,745 [INFO] core.file_manager: created a NEW project 'A5-Furniture' at /Users/Basti/ChromIQ-assessment/A5-Furniture
2026-09-07 08:21:39,753 [INFO] core.file_manager: Created project at /Users/Basti/ChromIQ-assessment/A5-Furniture
2026-09-07 08:21:39,754 [INFO] ui.tabs.tab_chart: run description + chart notes written to run1
2026-09-07 08:21:39,756 [INFO] ui.tabs.tab_chart: create-chart settings seeded into the new project's run1
2026-09-07 08:21:39,793 [INFO] workflow.chart_creator: Chart generation: 525 patches, instrument=i1 paper=A4 disable_lb=True
2026-09-07 08:21:39,793 [INFO] workflow.chart_creator: targen args: ['-v', '-d2', '-f525', '-e4', '-B4', '-G', '-g30', 'A5-Furniture']
2026-09-07 08:21:39,793 [INFO] core.argyll_runner: Run: /Applications/Argyll/bin/targen -v -d2 -f525 -e4 -B4 -G -g30 A5-Furniture  [cwd=/Users/Basti/ChromIQ-assessment/A5-Furniture/runs/run1]
2026-09-07 08:21:39,856 [DEBUG] core.argyll_runner: [argyll] iRGB test chart
2026-09-07 08:21:39,857 [DEBUG] core.argyll_runner: [argyll] White patches = 4
2026-09-07 08:21:39,857 [DEBUG] core.argyll_runner: [argyll] Black patches = 4
2026-09-07 08:21:39,857 [DEBUG] core.argyll_runner: [argyll] Composite Grey steps = 30
2026-09-07 08:21:39,857 [DEBUG] core.argyll_runner: [argyll] Full spread patches = 525
2026-09-07 08:21:39,857 [DEBUG] core.argyll_runner: [argyll] Degree of adaptation: 0.100
2026-09-07 08:21:39,857 [DEBUG] core.argyll_runner: [argyll] Adaptation weights: Device = 0.935, Perceptual = 0.065, Curvature = 0.010
2026-09-07 08:21:39,858 [DEBUG] core.argyll_runner: [argyll] Perceptual cache resolution = 9
2026-09-07 08:21:39,858 [DEBUG] core.argyll_runner: [argyll] Seeding cache...done
2026-09-07 08:21:39,858 [DEBUG] core.argyll_runner: [argyll] Acceleration grid res = 9
2026-09-07 08:21:39,858 [DEBUG] core.argyll_runner: [argyll] 
2026-09-07 08:21:39,858 [DEBUG] core.argyll_runner: [argyll] There are 30 unique fixed points to add (36 total fixed points)
2026-09-07 08:21:39,858 [DEBUG] core.argyll_runner: [argyll] There are 489 far spread points to add
2026-09-07 08:21:39,858 [DEBUG] core.argyll_runner: [argyll] 
2026-09-07 08:21:39,859 [DEBUG] core.argyll_runner: [argyll] Added 12/519
2026-09-07 08:21:39,859 [DEBUG] core.argyll_runner: [argyll] Added 23/519
2026-09-07 08:21:39,859 [DEBUG] core.argyll_runner: [argyll] Added 34/519
2026-09-07 08:21:39,859 [DEBUG] core.argyll_runner: [argyll] Added 45/519
2026-09-07 08:21:39,859 [DEBUG] core.argyll_runner: [argyll] Added 56/519
2026-09-07 08:21:39,859 [DEBUG] core.argyll_runner: [argyll] Added 67/519
2026-09-07 08:21:39,872 [DEBUG] core.argyll_runner: [argyll] 
2026-09-07 08:21:39,872 [DEBUG] core.argyll_runner: [argyll] Added 78/519
2026-09-07 08:21:39,872 [DEBUG] core.argyll_runner: [argyll] Added 89/519
2026-09-07 08:21:39,872 [DEBUG] core.argyll_runner: [argyll] Added 100/519
2026-09-07 08:21:39,872 [DEBUG] core.argyll_runner: [argyll] Added 111/519
2026-09-07 08:21:39,872 [DEBUG] core.argyll_runner: [argyll] Added 122/519
2026-09-07 08:21:39,872 [DEBUG] core.argyll_runner: [argyll] Added 133/519
2026-09-07 08:21:39,873 [DEBUG] core.argyll_runner: [argyll] Added 144/519
2026-09-07 08:21:39,873 [DEBUG] core.argyll_runner: [argyll] Added 155/519
2026-09-07 08:21:39,873 [DEBUG] core.argyll_runner: [argyll] Added 166/519
2026-09-07 08:21:39,873 [DEBUG] core.argyll_runner: [argyll] Added 177/519
2026-09-07 08:21:39,873 [DEBUG] core.argyll_runner: [argyll] Added 188/519
2026-09-07 08:21:39,873 [DEBUG] core.argyll_runner: [argyll] Added 199/519
2026-09-07 08:21:39,873 [DEBUG] core.argyll_runner: [argyll] Added 210/519
2026-09-07 08:21:39,873 [DEBUG] core.argyll_runner: [argyll] Added 221/519
2026-09-07 08:21:39,873 [DEBUG] core.argyll_runner: [argyll] Added 232/519
2026-09-07 08:21:39,873 [DEBUG] core.argyll_runner: [argyll] Added 243/519
2026-09-07 08:21:39,873 [DEBUG] core.argyll_runner: [argyll] Added 254/519
2026-09-07 08:21:39,886 [DEBUG] core.argyll_runner: [argyll] 
2026-09-07 08:21:39,886 [DEBUG] core.argyll_runner: [argyll] Added 265/519
2026-09-07 08:21:39,886 [DEBUG] core.argyll_runner: [argyll] Added 276/519
2026-09-07 08:21:39,886 [DEBUG] core.argyll_runner: [argyll] Added 287/519
2026-09-07 08:21:39,886 [DEBUG] core.argyll_runner: [argyll] Added 298/519
2026-09-07 08:21:39,886 [DEBUG] core.argyll_runner: [argyll] Added 309/519
2026-09-07 08:21:39,886 [DEBUG] core.argyll_runner: [argyll] Added 320/519
2026-09-07 08:21:39,886 [DEBUG] core.argyll_runner: [argyll] Added 331/519
2026-09-07 08:21:39,886 [DEBUG] core.argyll_runner: [argyll] Added 342/519
2026-09-07 08:21:39,886 [DEBUG] core.argyll_runner: [argyll] Added 353/519
2026-09-07 08:21:39,887 [DEBUG] core.argyll_runner: [argyll] Added 364/519
2026-09-07 08:21:39,887 [DEBUG] core.argyll_runner: [argyll] Added 375/519
2026-09-07 08:21:39,887 [DEBUG] core.argyll_runner: [argyll] Added 386/519
2026-09-07 08:21:39,887 [DEBUG] core.argyll_runner: [argyll] Added 397/519
2026-09-07 08:21:39,887 [DEBUG] core.argyll_runner: [argyll] Added 408/519
2026-09-07 08:21:39,887 [DEBUG] core.argyll_runner: [argyll] Added 419/519
2026-09-07 08:21:39,887 [DEBUG] core.argyll_runner: [argyll] Added 430/519
2026-09-07 08:21:39,887 [DEBUG] core.argyll_runner: [argyll] Added 441/519
2026-09-07 08:21:39,899 [DEBUG] core.argyll_runner: [argyll] 
2026-09-07 08:21:39,899 [DEBUG] core.argyll_runner: [argyll] Added 452/519
2026-09-07 08:21:39,900 [DEBUG] core.argyll_runner: [argyll] Added 463/519
2026-09-07 08:21:39,900 [DEBUG] core.argyll_runner: [argyll] Added 474/519
2026-09-07 08:21:39,900 [DEBUG] core.argyll_runner: [argyll] Added 485/519
2026-09-07 08:21:39,900 [DEBUG] core.argyll_runner: [argyll] Added 496/519
2026-09-07 08:21:39,900 [DEBUG] core.argyll_runner: [argyll] Added 507/519
2026-09-07 08:21:39,900 [DEBUG] core.argyll_runner: [argyll] Added 518/519
2026-09-07 08:21:39,900 [DEBUG] core.argyll_runner: [argyll] Added 519/519
2026-09-07 08:21:40,816 [DEBUG] core.argyll_runner: [argyll] 
2026-09-07 08:21:40,817 [DEBUG] core.argyll_runner: [argyll] After seeding points: MinPoint = 4.448, Min = 4.322, Avg. = 10.848, Max = 14.666, 0.1 secs
2026-09-07 08:21:40,817 [DEBUG] core.argyll_runner: [argyll] Re-seeding
2026-09-07 08:21:40,817 [DEBUG] core.argyll_runner: [argyll] It 1: Maxmv = 0.103363, MinPoint = 3.460, Min = 4.005, Avg. = 10.861, Max = 14.358, 0.0 secs.
2026-09-07 08:21:40,817 [DEBUG] core.argyll_runner: [argyll] Re-seeding
2026-09-07 08:21:40,818 [DEBUG] core.argyll_runner: [argyll] It 2: Maxmv = 0.084402, MinPoint = 5.380, Min = 5.280, Avg. = 10.758, Max = 13.964, 0.0 secs.
2026-09-07 08:21:40,818 [DEBUG] core.argyll_runner: [argyll] Re-seeding
2026-09-07 08:21:40,818 [DEBUG] core.argyll_runner: [argyll] It 3: Maxmv = 0.076162, MinPoint = 5.428, Min = 5.280, Avg. = 10.700, Max = 13.835, 0.0 secs.
2026-09-07 08:21:40,818 [DEBUG] core.argyll_runner: [argyll] Re-seeding
2026-09-07 08:21:40,818 [DEBUG] core.argyll_runner: [argyll] It 4: Maxmv = 0.072726, MinPoint = 5.743, Min = 5.280, Avg. = 10.603, Max = 14.075, 0.0 secs.
2026-09-07 08:21:40,819 [DEBUG] core.argyll_runner: [argyll] Re-seeding
2026-09-07 08:21:40,819 [DEBUG] core.argyll_runner: [argyll] It 5: Maxmv = 0.068513, MinPoint = 5.743, Min = 5.280, Avg. = 10.535, Max = 13.679, 0.0 secs.
2026-09-07 08:21:40,819 [DEBUG] core.argyll_runner: [argyll] Re-seeding
2026-09-07 08:21:40,819 [DEBUG] core.argyll_runner: [argyll] It 6: Maxmv = 0.056321, MinPoint = 5.743, Min = 5.280, Avg. = 10.518, Max = 13.779, 0.0 secs.
2026-09-07 08:21:40,820 [DEBUG] core.argyll_runner: [argyll] Re-seeding
2026-09-07 08:21:40,820 [DEBUG] core.argyll_runner: [argyll] It 7: Maxmv = 0.059854, MinPoint = 5.743, Min = 5.280, Avg. = 10.461, Max = 13.725, 0.0 secs.
2026-09-07 08:21:40,820 [DEBUG] core.argyll_runner: [argyll] Re-seeding
2026-09-07 08:21:40,820 [DEBUG] core.argyll_runner: [argyll] It 8: Maxmv = 0.051345, MinPoint = 5.743, Min = 5.280, Avg. = 10.437, Max = 13.448, 0.0 secs.
2026-09-07 08:21:40,821 [DEBUG] core.argyll_runner: [argyll] Re-seeding
2026-09-07 08:21:40,821 [DEBUG] core.argyll_runner: [argyll] It 9: Maxmv = 0.040554, MinPoint = 5.743, Min = 5.280, Avg. = 10.411, Max = 13.065, 0.0 secs.
2026-09-07 08:21:40,821 [DEBUG] core.argyll_runner: [argyll] Re-seeding
2026-09-07 08:21:40,821 [DEBUG] core.argyll_runner: [argyll] It 10: Maxmv = 0.030994, MinPoint = 5.743, Min = 5.280, Avg. = 10.383, Max = 12.735, 0.0 secs.
2026-09-07 08:21:40,821 [DEBUG] core.argyll_runner: [argyll] Re-seeding
2026-09-07 08:21:40,822 [DEBUG] core.argyll_runner: [argyll] It 11: Maxmv = 0.032989, MinPoint = 5.743, Min = 5.280, Avg. = 10.373, Max = 12.994, 0.0 secs.
2026-09-07 08:21:40,822 [DEBUG] core.argyll_runner: [argyll] Re-seeding
2026-09-07 08:21:40,822 [DEBUG] core.argyll_runner: [argyll] It 12: Maxmv = 0.030487, MinPoint = 5.743, Min = 5.280, Avg. = 10.349, Max = 12.936, 0.0 secs.
2026-09-07 08:21:40,822 [DEBUG] core.argyll_runner: [argyll] Re-seeding
2026-09-07 08:21:40,823 [DEBUG] core.argyll_runner: [argyll] It 13: Maxmv = 0.021481, MinPoint = 5.743, Min = 5.280, Avg. = 10.346, Max = 12.600, 0.0 secs.
2026-09-07 08:21:40,823 [DEBUG] core.argyll_runner: [argyll] Re-seeding
2026-09-07 08:21:40,823 [DEBUG] core.argyll_runner: [argyll] It 14: Maxmv = 0.016377, MinPoint = 5.743, Min = 5.280, Avg. = 10.329, Max = 12.441, 0.0 secs.
2026-09-07 08:21:40,823 [DEBUG] core.argyll_runner: [argyll] Re-seeding
2026-09-07 08:21:40,824 [DEBUG] core.argyll_runner: [argyll] It 15: Maxmv = 0.013408, MinPoint = 5.743, Min = 5.280, Avg. = 10.331, Max = 12.462, 0.0 secs.
2026-09-07 08:21:40,824 [DEBUG] core.argyll_runner: [argyll] Re-seeding
2026-09-07 08:21:40,824 [DEBUG] core.argyll_runner: [argyll] It 16: Maxmv = 0.011614, MinPoint = 5.743, Min = 5.280, Avg. = 10.321, Max = 12.261, 0.0 secs.
2026-09-07 08:21:40,824 [DEBUG] core.argyll_runner: [argyll] Re-seeding
2026-09-07 08:21:40,824 [DEBUG] core.argyll_runner: [argyll] It 17: Maxmv = 0.006463, MinPoint = 5.743, Min = 5.280, Avg. = 10.321, Max = 12.391, 0.0 secs.
2026-09-07 08:21:40,825 [DEBUG] core.argyll_runner: [argyll] Re-seeding
2026-09-07 08:21:40,825 [DEBUG] core.argyll_runner: [argyll] It 18: Maxmv = 0.005609, MinPoint = 5.743, Min = 5.280, Avg. = 10.319, Max = 12.293, 0.0 secs.
2026-09-07 08:21:40,825 [DEBUG] core.argyll_runner: [argyll] Re-seeding
2026-09-07 08:21:40,825 [DEBUG] core.argyll_runner: [argyll] It 19: Maxmv = 0.001380, MinPoint = 5.743, Min = 5.280, Avg. = 10.320, Max = 12.323, 0.0 secs.
2026-09-07 08:21:40,826 [DEBUG] core.argyll_runner: [argyll] Re-seeding
2026-09-07 08:21:40,826 [DEBUG] core.argyll_runner: [argyll] It 20: Maxmv = 0.001368, MinPoint = 5.743, Min = 5.280, Avg. = 10.321, Max = 12.343, 0.0 secs.
2026-09-07 08:21:40,826 [DEBUG] core.argyll_runner: [argyll] After optimization: MinPoint = 5.743, Min = 5.280, Avg. = 10.321, Max = 12.343
2026-09-07 08:21:40,826 [DEBUG] core.argyll_runner: [argyll] Total number of patches = 525
2026-09-07 08:21:40,827 [DEBUG] core.argyll_runner: [argyll] Execution time = 0.967098 seconds
2026-09-07 08:21:40,827 [INFO] core.argyll_runner: ArgyllRunner: finished with code 0
2026-09-07 08:21:41,222 [DEBUG] workflow.chart_creator: Wrote channel sidecar A5-Furniture.channels.json: ['r', 'g', 'b']
2026-09-07 08:21:41,306 [DEBUG] ui.tiff_preview: TiffPreview: loaded 1 page(s)
2026-09-07 08:21:41,306 [INFO] ui.tabs.tab_chart: Preview loaded: 1 TIFF(s)
2026-09-07 08:21:41,353 [DEBUG] ui.tabs.tab_chart: create-chart settings written for run1 (40 parameters + ui state)
2026-09-07 08:21:41,353 [DEBUG] ui.tabs.tab_chart: ui-state: kept the Guided row this build used (the run's stored copy is the older one)
2026-09-07 08:21:41,354 [DEBUG] ui.tabs.tab_chart: ui-state: kept the layout this build used (the run's stored copy is the older one)
2026-09-07 08:21:41,355 [DEBUG] ui.tiff_preview: TiffPreview: loaded 1 page(s)
2026-09-07 08:21:41,358 [DEBUG] ui.tiff_preview: TiffPreview: loaded 1 page(s)
2026-09-07 08:21:43,129 [INFO] assess:   shot Screenshots/A5-furniture/f01-baseline-notes-preview.png  (2232x1136)
2026-09-07 08:21:43,131 [INFO] assess:   json Test Runs/logs/d04_results.json
2026-09-07 08:21:43,131 [INFO] assess:     est=(525, 25, 21) act=(525, 25, 21) margins=mm | inch | min | Left (to first patch) | 26.0 | 1.023 | 26.0 | Right (to first patch) | 9.1 | 0.358 | 9.0 | Top (to first patch) | 39.0 | 1.537 | 38. notes='' files=['A5-Furniture.channels.json', 'A5-Furniture.ti1', 'A5-Furniture.ti2', 'A5-Furniture.tif', 'meta.json']
2026-09-07 08:21:43,131 [INFO] assess: --- f02-clip-text: clip content: custom text with tokens
2026-09-07 08:21:45,740 [DEBUG] core.settings: settings.set helper_markers_show = False
2026-09-07 08:21:45,740 [DEBUG] core.settings: settings.set helper_marker_edge_mm = 2.0
2026-09-07 08:21:45,740 [DEBUG] core.settings: settings.set helper_marker_len_mm = 2.0
2026-09-07 08:21:45,740 [DEBUG] core.settings: settings.set helper_marker_per_patch = 3
2026-09-07 08:21:45,740 [DEBUG] core.settings: settings.set helper_markers_top_bottom = True
2026-09-07 08:21:45,740 [DEBUG] core.settings: settings.set helper_markers_sides = True
2026-09-07 08:21:45,975 [DEBUG] core.settings: settings.set helper_markers_show = False
2026-09-07 08:21:45,975 [DEBUG] core.settings: settings.set helper_marker_edge_mm = 2.0
2026-09-07 08:21:45,975 [DEBUG] core.settings: settings.set helper_marker_len_mm = 2.0
2026-09-07 08:21:45,975 [DEBUG] core.settings: settings.set helper_marker_per_patch = 3
2026-09-07 08:21:45,975 [DEBUG] core.settings: settings.set helper_markers_top_bottom = True
2026-09-07 08:21:45,975 [DEBUG] core.settings: settings.set helper_markers_sides = True
2026-09-07 08:21:46,590 [INFO] assess:   armed: dialog ~'quite fill' -> click 'OK' 
2026-09-07 08:21:46,590 [INFO] assess:   armed: dialog ~'already' -> click 'Continue this project' 
2026-09-07 08:21:46,591 [INFO] ui.tabs.tab_chart: chart build (Generate Chart) in manual: patch set targen | manual panel: A4, 0x0 grid, margins T38.0 R9.0 B19.0 L26.0
2026-09-07 08:21:46,597 [DEBUG] core.settings: settings.set session_ti3_path = ''
2026-09-07 08:21:46,597 [DEBUG] core.settings: settings.set session_icc_path = ''
2026-09-07 08:21:46,598 [DEBUG] core.settings: settings.set session_cal_ti3_path = ''
2026-09-07 08:21:46,599 [DEBUG] core.file_manager: Target name set to: A5-Furniture (root /Users/Basti/ChromIQ-assessment/A5-Furniture)
2026-09-07 08:21:46,601 [INFO] core.file_manager: opened the EXISTING project at /Users/Basti/ChromIQ-assessment/A5-Furniture (1 run(s) on disk)
2026-09-07 08:21:46,650 [INFO] workflow.chart_creator: Chart generation: 525 patches, instrument=i1 paper=A4 disable_lb=True
2026-09-07 08:21:46,650 [INFO] workflow.chart_creator: targen args: ['-v', '-d2', '-f525', '-e4', '-B4', '-G', '-g30', 'A5-Furniture']
2026-09-07 08:21:46,650 [INFO] core.argyll_runner: Run: /Applications/Argyll/bin/targen -v -d2 -f525 -e4 -B4 -G -g30 A5-Furniture  [cwd=/Users/Basti/ChromIQ-assessment/A5-Furniture/runs/run1]
2026-09-07 08:21:46,713 [DEBUG] core.argyll_runner: [argyll] iRGB test chart
2026-09-07 08:21:46,713 [DEBUG] core.argyll_runner: [argyll] White patches = 4
2026-09-07 08:21:46,713 [DEBUG] core.argyll_runner: [argyll] Black patches = 4
2026-09-07 08:21:46,713 [DEBUG] core.argyll_runner: [argyll] Composite Grey steps = 30
2026-09-07 08:21:46,713 [DEBUG] core.argyll_runner: [argyll] Full spread patches = 525
2026-09-07 08:21:46,714 [DEBUG] core.argyll_runner: [argyll] Degree of adaptation: 0.100
2026-09-07 08:21:46,714 [DEBUG] core.argyll_runner: [argyll] Adaptation weights: Device = 0.935, Perceptual = 0.065, Curvature = 0.010
2026-09-07 08:21:46,714 [DEBUG] core.argyll_runner: [argyll] Perceptual cache resolution = 9
2026-09-07 08:21:46,714 [DEBUG] core.argyll_runner: [argyll] Seeding cache...done
2026-09-07 08:21:46,714 [DEBUG] core.argyll_runner: [argyll] Acceleration grid res = 9
2026-09-07 08:21:46,715 [DEBUG] core.argyll_runner: [argyll] 
2026-09-07 08:21:46,715 [DEBUG] core.argyll_runner: [argyll] There are 30 unique fixed points to add (36 total fixed points)
2026-09-07 08:21:46,715 [DEBUG] core.argyll_runner: [argyll] There are 489 far spread points to add
2026-09-07 08:21:46,715 [DEBUG] core.argyll_runner: [argyll] 
2026-09-07 08:21:46,715 [DEBUG] core.argyll_runner: [argyll] Added 12/519
2026-09-07 08:21:46,715 [DEBUG] core.argyll_runner: [argyll] Added 23/519
2026-09-07 08:21:46,716 [DEBUG] core.argyll_runner: [argyll] Added 34/519
2026-09-07 08:21:46,716 [DEBUG] core.argyll_runner: [argyll] Added 45/519
2026-09-07 08:21:46,716 [DEBUG] core.argyll_runner: [argyll] Added 56/519
2026-09-07 08:21:46,717 [DEBUG] core.argyll_runner: [argyll] Added 67/519
2026-09-07 08:21:46,717 [DEBUG] core.argyll_runner: [argyll] Added 78/519
2026-09-07 08:21:46,718 [DEBUG] core.argyll_runner: [argyll] Added 89/519
2026-09-07 08:21:46,719 [DEBUG] core.argyll_runner: [argyll] Added 100/519
2026-09-07 08:21:46,720 [DEBUG] core.argyll_runner: [argyll] Added 111/519
2026-09-07 08:21:46,721 [DEBUG] core.argyll_runner: [argyll] Added 122/519
2026-09-07 08:21:46,754 [DEBUG] core.argyll_runner: [argyll] 
2026-09-07 08:21:46,755 [DEBUG] core.argyll_runner: [argyll] Added 133/519
2026-09-07 08:21:46,755 [DEBUG] core.argyll_runner: [argyll] Added 144/519
2026-09-07 08:21:46,755 [DEBUG] core.argyll_runner: [argyll] Added 155/519
2026-09-07 08:21:46,755 [DEBUG] core.argyll_runner: [argyll] Added 166/519
2026-09-07 08:21:46,756 [DEBUG] core.argyll_runner: [argyll] Added 177/519
2026-09-07 08:21:46,757 [DEBUG] core.argyll_runner: [argyll] Added 188/519
2026-09-07 08:21:46,757 [DEBUG] core.argyll_runner: [argyll] Added 199/519
2026-09-07 08:21:46,758 [DEBUG] core.argyll_runner: [argyll] Added 210/519
2026-09-07 08:21:46,759 [DEBUG] core.argyll_runner: [argyll] Added 221/519
2026-09-07 08:21:46,760 [DEBUG] core.argyll_runner: [argyll] Added 232/519
2026-09-07 08:21:46,762 [DEBUG] core.argyll_runner: [argyll] Added 243/519
2026-09-07 08:21:46,763 [DEBUG] core.argyll_runner: [argyll] Added 254/519
2026-09-07 08:21:46,764 [DEBUG] core.argyll_runner: [argyll] Added 265/519
2026-09-07 08:21:46,766 [DEBUG] core.argyll_runner: [argyll] Added 276/519
2026-09-07 08:21:46,768 [DEBUG] core.argyll_runner: [argyll] Added 287/519
2026-09-07 08:21:46,770 [DEBUG] core.argyll_runner: [argyll] Added 298/519
2026-09-07 08:21:46,772 [DEBUG] core.argyll_runner: [argyll] Added 309/519
2026-09-07 08:21:46,774 [DEBUG] core.argyll_runner: [argyll] Added 320/519
2026-09-07 08:21:46,776 [DEBUG] core.argyll_runner: [argyll] Added 331/519
2026-09-07 08:21:46,779 [DEBUG] core.argyll_runner: [argyll] Added 342/519
2026-09-07 08:21:46,781 [DEBUG] core.argyll_runner: [argyll] Added 353/519
2026-09-07 08:21:46,784 [DEBUG] core.argyll_runner: [argyll] Added 364/519
2026-09-07 08:21:46,786 [DEBUG] core.argyll_runner: [argyll] Added 375/519
2026-09-07 08:21:46,790 [DEBUG] core.argyll_runner: [argyll] Added 386/519
2026-09-07 08:21:46,793 [DEBUG] core.argyll_runner: [argyll] Added 397/519
2026-09-07 08:21:46,796 [DEBUG] core.argyll_runner: [argyll] Added 408/519
2026-09-07 08:21:46,799 [DEBUG] core.argyll_runner: [argyll] Added 419/519
2026-09-07 08:21:46,803 [DEBUG] core.argyll_runner: [argyll] Added 430/519
2026-09-07 08:21:46,806 [DEBUG] core.argyll_runner: [argyll] Added 441/519
2026-09-07 08:21:46,810 [DEBUG] core.argyll_runner: [argyll] Added 452/519
2026-09-07 08:21:46,814 [DEBUG] core.argyll_runner: [argyll] Added 463/519
2026-09-07 08:21:46,817 [DEBUG] core.argyll_runner: [argyll] Added 474/519
2026-09-07 08:21:46,822 [DEBUG] core.argyll_runner: [argyll] Added 485/519
2026-09-07 08:21:46,826 [DEBUG] core.argyll_runner: [argyll] Added 496/519
2026-09-07 08:21:46,830 [DEBUG] core.argyll_runner: [argyll] Added 507/519
2026-09-07 08:21:46,835 [DEBUG] core.argyll_runner: [argyll] Added 518/519
2026-09-07 08:21:46,840 [DEBUG] core.argyll_runner: [argyll] Added 519/519
2026-09-07 08:21:47,697 [DEBUG] core.argyll_runner: [argyll] 
2026-09-07 08:21:47,699 [DEBUG] core.argyll_runner: [argyll] After seeding points: MinPoint = 4.448, Min = 4.322, Avg. = 10.848, Max = 14.666, 0.1 secs
2026-09-07 08:21:47,699 [DEBUG] core.argyll_runner: [argyll] Re-seeding
2026-09-07 08:21:47,700 [DEBUG] core.argyll_runner: [argyll] It 1: Maxmv = 0.103363, MinPoint = 3.460, Min = 4.005, Avg. = 10.861, Max = 14.358, 0.0 secs.
2026-09-07 08:21:47,700 [DEBUG] core.argyll_runner: [argyll] Re-seeding
2026-09-07 08:21:47,700 [DEBUG] core.argyll_runner: [argyll] It 2: Maxmv = 0.084402, MinPoint = 5.380, Min = 5.280, Avg. = 10.758, Max = 13.964, 0.0 secs.
2026-09-07 08:21:47,700 [DEBUG] core.argyll_runner: [argyll] Re-seeding
2026-09-07 08:21:47,701 [DEBUG] core.argyll_runner: [argyll] It 3: Maxmv = 0.076162, MinPoint = 5.428, Min = 5.280, Avg. = 10.700, Max = 13.835, 0.0 secs.
2026-09-07 08:21:47,701 [DEBUG] core.argyll_runner: [argyll] Re-seeding
2026-09-07 08:21:47,701 [DEBUG] core.argyll_runner: [argyll] It 4: Maxmv = 0.072726, MinPoint = 5.743, Min = 5.280, Avg. = 10.603, Max = 14.075, 0.0 secs.
2026-09-07 08:21:47,701 [DEBUG] core.argyll_runner: [argyll] Re-seeding
2026-09-07 08:21:47,702 [DEBUG] core.argyll_runner: [argyll] It 5: Maxmv = 0.068513, MinPoint = 5.743, Min = 5.280, Avg. = 10.535, Max = 13.679, 0.0 secs.
2026-09-07 08:21:47,702 [DEBUG] core.argyll_runner: [argyll] Re-seeding
2026-09-07 08:21:47,702 [DEBUG] core.argyll_runner: [argyll] It 6: Maxmv = 0.056321, MinPoint = 5.743, Min = 5.280, Avg. = 10.518, Max = 13.779, 0.0 secs.
2026-09-07 08:21:47,702 [DEBUG] core.argyll_runner: [argyll] Re-seeding
2026-09-07 08:21:47,703 [DEBUG] core.argyll_runner: [argyll] It 7: Maxmv = 0.059854, MinPoint = 5.743, Min = 5.280, Avg. = 10.461, Max = 13.725, 0.0 secs.
2026-09-07 08:21:47,703 [DEBUG] core.argyll_runner: [argyll] Re-seeding
2026-09-07 08:21:47,703 [DEBUG] core.argyll_runner: [argyll] It 8: Maxmv = 0.051345, MinPoint = 5.743, Min = 5.280, Avg. = 10.437, Max = 13.448, 0.0 secs.
2026-09-07 08:21:47,703 [DEBUG] core.argyll_runner: [argyll] Re-seeding
2026-09-07 08:21:47,704 [DEBUG] core.argyll_runner: [argyll] It 9: Maxmv = 0.040554, MinPoint = 5.743, Min = 5.280, Avg. = 10.411, Max = 13.065, 0.0 secs.
2026-09-07 08:21:47,704 [DEBUG] core.argyll_runner: [argyll] Re-seeding
2026-09-07 08:21:47,704 [DEBUG] core.argyll_runner: [argyll] It 10: Maxmv = 0.030994, MinPoint = 5.743, Min = 5.280, Avg. = 10.383, Max = 12.735, 0.0 secs.
2026-09-07 08:21:47,704 [DEBUG] core.argyll_runner: [argyll] Re-seeding
2026-09-07 08:21:47,705 [DEBUG] core.argyll_runner: [argyll] It 11: Maxmv = 0.032989, MinPoint = 5.743, Min = 5.280, Avg. = 10.373, Max = 12.994, 0.0 secs.
2026-09-07 08:21:47,705 [DEBUG] core.argyll_runner: [argyll] Re-seeding
2026-09-07 08:21:47,705 [DEBUG] core.argyll_runner: [argyll] It 12: Maxmv = 0.030487, MinPoint = 5.743, Min = 5.280, Avg. = 10.349, Max = 12.936, 0.0 secs.
2026-09-07 08:21:47,705 [DEBUG] core.argyll_runner: [argyll] Re-seeding
2026-09-07 08:21:47,706 [DEBUG] core.argyll_runner: [argyll] It 13: Maxmv = 0.021481, MinPoint = 5.743, Min = 5.280, Avg. = 10.346, Max = 12.600, 0.0 secs.
2026-09-07 08:21:47,706 [DEBUG] core.argyll_runner: [argyll] Re-seeding
2026-09-07 08:21:47,706 [DEBUG] core.argyll_runner: [argyll] It 14: Maxmv = 0.016377, MinPoint = 5.743, Min = 5.280, Avg. = 10.329, Max = 12.441, 0.0 secs.
2026-09-07 08:21:47,706 [DEBUG] core.argyll_runner: [argyll] Re-seeding
2026-09-07 08:21:47,707 [DEBUG] core.argyll_runner: [argyll] It 15: Maxmv = 0.013408, MinPoint = 5.743, Min = 5.280, Avg. = 10.331, Max = 12.462, 0.0 secs.
2026-09-07 08:21:47,707 [DEBUG] core.argyll_runner: [argyll] Re-seeding
2026-09-07 08:21:47,707 [DEBUG] core.argyll_runner: [argyll] It 16: Maxmv = 0.011614, MinPoint = 5.743, Min = 5.280, Avg. = 10.321, Max = 12.261, 0.0 secs.
2026-09-07 08:21:47,707 [DEBUG] core.argyll_runner: [argyll] Re-seeding
2026-09-07 08:21:47,708 [DEBUG] core.argyll_runner: [argyll] It 17: Maxmv = 0.006463, MinPoint = 5.743, Min = 5.280, Avg. = 10.321, Max = 12.391, 0.0 secs.
2026-09-07 08:21:47,708 [DEBUG] core.argyll_runner: [argyll] Re-seeding
2026-09-07 08:21:47,708 [DEBUG] core.argyll_runner: [argyll] It 18: Maxmv = 0.005609, MinPoint = 5.743, Min = 5.280, Avg. = 10.319, Max = 12.293, 0.0 secs.
2026-09-07 08:21:47,708 [DEBUG] core.argyll_runner: [argyll] Re-seeding
2026-09-07 08:21:47,708 [DEBUG] core.argyll_runner: [argyll] It 19: Maxmv = 0.001380, MinPoint = 5.743, Min = 5.280, Avg. = 10.320, Max = 12.323, 0.0 secs.
2026-09-07 08:21:47,709 [DEBUG] core.argyll_runner: [argyll] Re-seeding
2026-09-07 08:21:47,709 [DEBUG] core.argyll_runner: [argyll] It 20: Maxmv = 0.001368, MinPoint = 5.743, Min = 5.280, Avg. = 10.321, Max = 12.343, 0.0 secs.
2026-09-07 08:21:47,709 [DEBUG] core.argyll_runner: [argyll] After optimization: MinPoint = 5.743, Min = 5.280, Avg. = 10.321, Max = 12.343
2026-09-07 08:21:47,710 [DEBUG] core.argyll_runner: [argyll] Total number of patches = 525
2026-09-07 08:21:47,710 [DEBUG] core.argyll_runner: [argyll] Execution time = 0.992834 seconds
2026-09-07 08:21:47,710 [INFO] core.argyll_runner: ArgyllRunner: finished with code 0
2026-09-07 08:21:48,098 [DEBUG] workflow.chart_creator: Wrote channel sidecar A5-Furniture.channels.json: ['r', 'g', 'b']
2026-09-07 08:21:48,175 [DEBUG] ui.tiff_preview: TiffPreview: loaded 1 page(s)
2026-09-07 08:21:48,175 [INFO] ui.tabs.tab_chart: Preview loaded: 1 TIFF(s)
2026-09-07 08:21:48,218 [DEBUG] ui.tiff_preview: TiffPreview: loaded 1 page(s)
2026-09-07 08:21:48,220 [DEBUG] ui.tiff_preview: TiffPreview: loaded 1 page(s)
2026-09-07 08:21:48,225 [DEBUG] ui.tabs.tab_chart: create-chart settings written for run1 (40 parameters + ui state)
2026-09-07 08:21:49,949 [INFO] assess:   shot Screenshots/A5-furniture/f02-clip-text-preview.png  (2232x1136)
2026-09-07 08:21:49,950 [INFO] assess:   json Test Runs/logs/d04_results.json
2026-09-07 08:21:49,950 [INFO] assess:     est=(525, 25, 21) act=(525, 25, 21) margins=mm | inch | min | Left (to first patch) | 26.0 | 1.023 | 26.0 | Right (to first patch) | 9.1 | 0.358 | 9.0 | Top (to first patch) | 39.0 | 1.537 | 38. notes='' files=['A5-Furniture.channels.json', 'A5-Furniture.ti1', 'A5-Furniture.ti2', 'A5-Furniture.tif', 'meta.json']
2026-09-07 08:21:49,950 [INFO] assess: --- f03-clip-example: clip content: example table
2026-09-07 08:21:50,841 [DEBUG] core.settings: settings.set helper_markers_show = False
2026-09-07 08:21:50,841 [DEBUG] core.settings: settings.set helper_marker_edge_mm = 2.0
2026-09-07 08:21:50,841 [DEBUG] core.settings: settings.set helper_marker_len_mm = 2.0
2026-09-07 08:21:50,841 [DEBUG] core.settings: settings.set helper_marker_per_patch = 3
2026-09-07 08:21:50,841 [DEBUG] core.settings: settings.set helper_markers_top_bottom = True
2026-09-07 08:21:50,841 [DEBUG] core.settings: settings.set helper_markers_sides = True
2026-09-07 08:21:52,598 [INFO] assess:   DIALOG UNEXPECTED [QMessageBox] title='' buttons=['OK'] text='Replace the current clip-border text with the example table? | '
2026-09-07 08:21:52,615 [INFO] assess:     closed via clicked 'OK'
2026-09-07 08:21:52,699 [DEBUG] core.settings: settings.set helper_markers_show = False
2026-09-07 08:21:52,699 [DEBUG] core.settings: settings.set helper_marker_edge_mm = 2.0
2026-09-07 08:21:52,699 [DEBUG] core.settings: settings.set helper_marker_len_mm = 2.0
2026-09-07 08:21:52,699 [DEBUG] core.settings: settings.set helper_marker_per_patch = 3
2026-09-07 08:21:52,699 [DEBUG] core.settings: settings.set helper_markers_top_bottom = True
2026-09-07 08:21:52,699 [DEBUG] core.settings: settings.set helper_markers_sides = True
2026-09-07 08:21:53,470 [INFO] assess:   armed: dialog ~'quite fill' -> click 'OK' 
2026-09-07 08:21:53,470 [INFO] assess:   armed: dialog ~'already' -> click 'Continue this project' 
2026-09-07 08:21:53,471 [INFO] ui.tabs.tab_chart: chart build (Generate Chart) in manual: patch set targen | manual panel: A4, 0x0 grid, margins T38.0 R9.0 B19.0 L26.0
2026-09-07 08:21:53,475 [DEBUG] core.settings: settings.set session_ti3_path = ''
2026-09-07 08:21:53,475 [DEBUG] core.settings: settings.set session_icc_path = ''
2026-09-07 08:21:53,475 [DEBUG] core.settings: settings.set session_cal_ti3_path = ''
2026-09-07 08:21:53,477 [DEBUG] core.file_manager: Target name set to: A5-Furniture (root /Users/Basti/ChromIQ-assessment/A5-Furniture)
2026-09-07 08:21:53,478 [INFO] core.file_manager: opened the EXISTING project at /Users/Basti/ChromIQ-assessment/A5-Furniture (1 run(s) on disk)
2026-09-07 08:21:53,527 [INFO] workflow.chart_creator: Chart generation: 525 patches, instrument=i1 paper=A4 disable_lb=True
2026-09-07 08:21:53,528 [INFO] workflow.chart_creator: targen args: ['-v', '-d2', '-f525', '-e4', '-B4', '-G', '-g30', 'A5-Furniture']
2026-09-07 08:21:53,528 [INFO] core.argyll_runner: Run: /Applications/Argyll/bin/targen -v -d2 -f525 -e4 -B4 -G -g30 A5-Furniture  [cwd=/Users/Basti/ChromIQ-assessment/A5-Furniture/runs/run1]
2026-09-07 08:21:53,589 [DEBUG] core.argyll_runner: [argyll] iRGB test chart
2026-09-07 08:21:53,589 [DEBUG] core.argyll_runner: [argyll] White patches = 4
2026-09-07 08:21:53,589 [DEBUG] core.argyll_runner: [argyll] Black patches = 4
2026-09-07 08:21:53,589 [DEBUG] core.argyll_runner: [argyll] Composite Grey steps = 30
2026-09-07 08:21:53,589 [DEBUG] core.argyll_runner: [argyll] Full spread patches = 525
2026-09-07 08:21:53,590 [DEBUG] core.argyll_runner: [argyll] Degree of adaptation: 0.100
2026-09-07 08:21:53,590 [DEBUG] core.argyll_runner: [argyll] Adaptation weights: Device = 0.935, Perceptual = 0.065, Curvature = 0.010
2026-09-07 08:21:53,590 [DEBUG] core.argyll_runner: [argyll] Perceptual cache resolution = 9
2026-09-07 08:21:53,590 [DEBUG] core.argyll_runner: [argyll] Seeding cache...done
2026-09-07 08:21:53,590 [DEBUG] core.argyll_runner: [argyll] Acceleration grid res = 9
2026-09-07 08:21:53,591 [DEBUG] core.argyll_runner: [argyll] 
2026-09-07 08:21:53,591 [DEBUG] core.argyll_runner: [argyll] There are 30 unique fixed points to add (36 total fixed points)
2026-09-07 08:21:53,591 [DEBUG] core.argyll_runner: [argyll] There are 489 far spread points to add
2026-09-07 08:21:53,591 [DEBUG] core.argyll_runner: [argyll] 
2026-09-07 08:21:53,591 [DEBUG] core.argyll_runner: [argyll] Added 12/519
2026-09-07 08:21:53,591 [DEBUG] core.argyll_runner: [argyll] Added 23/519
2026-09-07 08:21:53,592 [DEBUG] core.argyll_runner: [argyll] Added 34/519
2026-09-07 08:21:53,592 [DEBUG] core.argyll_runner: [argyll] Added 45/519
2026-09-07 08:21:53,624 [DEBUG] core.argyll_runner: [argyll] 
2026-09-07 08:21:53,624 [DEBUG] core.argyll_runner: [argyll] Added 56/519
2026-09-07 08:21:53,625 [DEBUG] core.argyll_runner: [argyll] Added 67/519
2026-09-07 08:21:53,625 [DEBUG] core.argyll_runner: [argyll] Added 78/519
2026-09-07 08:21:53,625 [DEBUG] core.argyll_runner: [argyll] Added 89/519
2026-09-07 08:21:53,626 [DEBUG] core.argyll_runner: [argyll] Added 100/519
2026-09-07 08:21:53,626 [DEBUG] core.argyll_runner: [argyll] Added 111/519
2026-09-07 08:21:53,627 [DEBUG] core.argyll_runner: [argyll] Added 122/519
2026-09-07 08:21:53,628 [DEBUG] core.argyll_runner: [argyll] Added 133/519
2026-09-07 08:21:53,629 [DEBUG] core.argyll_runner: [argyll] Added 144/519
2026-09-07 08:21:53,630 [DEBUG] core.argyll_runner: [argyll] Added 155/519
2026-09-07 08:21:53,631 [DEBUG] core.argyll_runner: [argyll] Added 166/519
2026-09-07 08:21:53,633 [DEBUG] core.argyll_runner: [argyll] Added 177/519
2026-09-07 08:21:53,634 [DEBUG] core.argyll_runner: [argyll] Added 188/519
2026-09-07 08:21:53,636 [DEBUG] core.argyll_runner: [argyll] Added 199/519
2026-09-07 08:21:53,638 [DEBUG] core.argyll_runner: [argyll] Added 210/519
2026-09-07 08:21:53,640 [DEBUG] core.argyll_runner: [argyll] Added 221/519
2026-09-07 08:21:53,642 [DEBUG] core.argyll_runner: [argyll] Added 232/519
2026-09-07 08:21:53,644 [DEBUG] core.argyll_runner: [argyll] Added 243/519
2026-09-07 08:21:53,646 [DEBUG] core.argyll_runner: [argyll] Added 254/519
2026-09-07 08:21:53,649 [DEBUG] core.argyll_runner: [argyll] Added 265/519
2026-09-07 08:21:53,651 [DEBUG] core.argyll_runner: [argyll] Added 276/519
2026-09-07 08:21:53,654 [DEBUG] core.argyll_runner: [argyll] Added 287/519
2026-09-07 08:21:53,657 [DEBUG] core.argyll_runner: [argyll] Added 298/519
2026-09-07 08:21:53,659 [DEBUG] core.argyll_runner: [argyll] Added 309/519
2026-09-07 08:21:53,663 [DEBUG] core.argyll_runner: [argyll] Added 320/519
2026-09-07 08:21:53,666 [DEBUG] core.argyll_runner: [argyll] Added 331/519
2026-09-07 08:21:53,669 [DEBUG] core.argyll_runner: [argyll] Added 342/519
2026-09-07 08:21:53,672 [DEBUG] core.argyll_runner: [argyll] Added 353/519
2026-09-07 08:21:53,676 [DEBUG] core.argyll_runner: [argyll] Added 364/519
2026-09-07 08:21:53,680 [DEBUG] core.argyll_runner: [argyll] Added 375/519
2026-09-07 08:21:53,683 [DEBUG] core.argyll_runner: [argyll] Added 386/519
2026-09-07 08:21:53,687 [DEBUG] core.argyll_runner: [argyll] Added 397/519
2026-09-07 08:21:53,691 [DEBUG] core.argyll_runner: [argyll] Added 408/519
2026-09-07 08:21:53,696 [DEBUG] core.argyll_runner: [argyll] Added 419/519
2026-09-07 08:21:53,700 [DEBUG] core.argyll_runner: [argyll] Added 430/519
2026-09-07 08:21:53,704 [DEBUG] core.argyll_runner: [argyll] Added 441/519
2026-09-07 08:21:53,728 [DEBUG] core.argyll_runner: [argyll] 
2026-09-07 08:21:53,730 [DEBUG] core.argyll_runner: [argyll] Added 452/519
2026-09-07 08:21:53,730 [DEBUG] core.argyll_runner: [argyll] Added 463/519
2026-09-07 08:21:53,730 [DEBUG] core.argyll_runner: [argyll] Added 474/519
2026-09-07 08:21:53,731 [DEBUG] core.argyll_runner: [argyll] Added 485/519
2026-09-07 08:21:53,731 [DEBUG] core.argyll_runner: [argyll] Added 496/519
2026-09-07 08:21:53,732 [DEBUG] core.argyll_runner: [argyll] Added 507/519
2026-09-07 08:21:53,733 [DEBUG] core.argyll_runner: [argyll] Added 518/519
2026-09-07 08:21:53,733 [DEBUG] core.argyll_runner: [argyll] Added 519/519
2026-09-07 08:21:54,549 [DEBUG] core.argyll_runner: [argyll] 
2026-09-07 08:21:54,549 [DEBUG] core.argyll_runner: [argyll] After seeding points: MinPoint = 4.448, Min = 4.322, Avg. = 10.848, Max = 14.666, 0.1 secs
2026-09-07 08:21:54,550 [DEBUG] core.argyll_runner: [argyll] Re-seeding
2026-09-07 08:21:54,550 [DEBUG] core.argyll_runner: [argyll] It 1: Maxmv = 0.103363, MinPoint = 3.460, Min = 4.005, Avg. = 10.861, Max = 14.358, 0.0 secs.
2026-09-07 08:21:54,550 [DEBUG] core.argyll_runner: [argyll] Re-seeding
2026-09-07 08:21:54,550 [DEBUG] core.argyll_runner: [argyll] It 2: Maxmv = 0.084402, MinPoint = 5.380, Min = 5.280, Avg. = 10.758, Max = 13.964, 0.0 secs.
2026-09-07 08:21:54,550 [DEBUG] core.argyll_runner: [argyll] Re-seeding
2026-09-07 08:21:54,551 [DEBUG] core.argyll_runner: [argyll] It 3: Maxmv = 0.076162, MinPoint = 5.428, Min = 5.280, Avg. = 10.700, Max = 13.835, 0.0 secs.
2026-09-07 08:21:54,551 [DEBUG] core.argyll_runner: [argyll] Re-seeding
2026-09-07 08:21:54,551 [DEBUG] core.argyll_runner: [argyll] It 4: Maxmv = 0.072726, MinPoint = 5.743, Min = 5.280, Avg. = 10.603, Max = 14.075, 0.0 secs.
2026-09-07 08:21:54,551 [DEBUG] core.argyll_runner: [argyll] Re-seeding
2026-09-07 08:21:54,552 [DEBUG] core.argyll_runner: [argyll] It 5: Maxmv = 0.068513, MinPoint = 5.743, Min = 5.280, Avg. = 10.535, Max = 13.679, 0.0 secs.
2026-09-07 08:21:54,552 [DEBUG] core.argyll_runner: [argyll] Re-seeding
2026-09-07 08:21:54,552 [DEBUG] core.argyll_runner: [argyll] It 6: Maxmv = 0.056321, MinPoint = 5.743, Min = 5.280, Avg. = 10.518, Max = 13.779, 0.0 secs.
2026-09-07 08:21:54,552 [DEBUG] core.argyll_runner: [argyll] Re-seeding
2026-09-07 08:21:54,552 [DEBUG] core.argyll_runner: [argyll] It 7: Maxmv = 0.059854, MinPoint = 5.743, Min = 5.280, Avg. = 10.461, Max = 13.725, 0.0 secs.
2026-09-07 08:21:54,553 [DEBUG] core.argyll_runner: [argyll] Re-seeding
2026-09-07 08:21:54,553 [DEBUG] core.argyll_runner: [argyll] It 8: Maxmv = 0.051345, MinPoint = 5.743, Min = 5.280, Avg. = 10.437, Max = 13.448, 0.0 secs.
2026-09-07 08:21:54,553 [DEBUG] core.argyll_runner: [argyll] Re-seeding
2026-09-07 08:21:54,553 [DEBUG] core.argyll_runner: [argyll] It 9: Maxmv = 0.040554, MinPoint = 5.743, Min = 5.280, Avg. = 10.411, Max = 13.065, 0.0 secs.
2026-09-07 08:21:54,554 [DEBUG] core.argyll_runner: [argyll] Re-seeding
2026-09-07 08:21:54,554 [DEBUG] core.argyll_runner: [argyll] It 10: Maxmv = 0.030994, MinPoint = 5.743, Min = 5.280, Avg. = 10.383, Max = 12.735, 0.0 secs.
2026-09-07 08:21:54,554 [DEBUG] core.argyll_runner: [argyll] Re-seeding
2026-09-07 08:21:54,554 [DEBUG] core.argyll_runner: [argyll] It 11: Maxmv = 0.032989, MinPoint = 5.743, Min = 5.280, Avg. = 10.373, Max = 12.994, 0.0 secs.
2026-09-07 08:21:54,555 [DEBUG] core.argyll_runner: [argyll] Re-seeding
2026-09-07 08:21:54,555 [DEBUG] core.argyll_runner: [argyll] It 12: Maxmv = 0.030487, MinPoint = 5.743, Min = 5.280, Avg. = 10.349, Max = 12.936, 0.0 secs.
2026-09-07 08:21:54,555 [DEBUG] core.argyll_runner: [argyll] Re-seeding
2026-09-07 08:21:54,555 [DEBUG] core.argyll_runner: [argyll] It 13: Maxmv = 0.021481, MinPoint = 5.743, Min = 5.280, Avg. = 10.346, Max = 12.600, 0.0 secs.
2026-09-07 08:21:54,555 [DEBUG] core.argyll_runner: [argyll] Re-seeding
2026-09-07 08:21:54,556 [DEBUG] core.argyll_runner: [argyll] It 14: Maxmv = 0.016377, MinPoint = 5.743, Min = 5.280, Avg. = 10.329, Max = 12.441, 0.0 secs.
2026-09-07 08:21:54,556 [DEBUG] core.argyll_runner: [argyll] Re-seeding
2026-09-07 08:21:54,556 [DEBUG] core.argyll_runner: [argyll] It 15: Maxmv = 0.013408, MinPoint = 5.743, Min = 5.280, Avg. = 10.331, Max = 12.462, 0.0 secs.
2026-09-07 08:21:54,556 [DEBUG] core.argyll_runner: [argyll] Re-seeding
2026-09-07 08:21:54,557 [DEBUG] core.argyll_runner: [argyll] It 16: Maxmv = 0.011614, MinPoint = 5.743, Min = 5.280, Avg. = 10.321, Max = 12.261, 0.0 secs.
2026-09-07 08:21:54,557 [DEBUG] core.argyll_runner: [argyll] Re-seeding
2026-09-07 08:21:54,557 [DEBUG] core.argyll_runner: [argyll] It 17: Maxmv = 0.006463, MinPoint = 5.743, Min = 5.280, Avg. = 10.321, Max = 12.391, 0.0 secs.
2026-09-07 08:21:54,557 [DEBUG] core.argyll_runner: [argyll] Re-seeding
2026-09-07 08:21:54,557 [DEBUG] core.argyll_runner: [argyll] It 18: Maxmv = 0.005609, MinPoint = 5.743, Min = 5.280, Avg. = 10.319, Max = 12.293, 0.0 secs.
2026-09-07 08:21:54,558 [DEBUG] core.argyll_runner: [argyll] Re-seeding
2026-09-07 08:21:54,558 [DEBUG] core.argyll_runner: [argyll] It 19: Maxmv = 0.001380, MinPoint = 5.743, Min = 5.280, Avg. = 10.320, Max = 12.323, 0.0 secs.
2026-09-07 08:21:54,558 [DEBUG] core.argyll_runner: [argyll] Re-seeding
2026-09-07 08:21:54,558 [DEBUG] core.argyll_runner: [argyll] It 20: Maxmv = 0.001368, MinPoint = 5.743, Min = 5.280, Avg. = 10.321, Max = 12.343, 0.0 secs.
2026-09-07 08:21:54,559 [DEBUG] core.argyll_runner: [argyll] After optimization: MinPoint = 5.743, Min = 5.280, Avg. = 10.321, Max = 12.343
2026-09-07 08:21:54,559 [DEBUG] core.argyll_runner: [argyll] Total number of patches = 525
2026-09-07 08:21:54,559 [DEBUG] core.argyll_runner: [argyll] Execution time = 0.978179 seconds
2026-09-07 08:21:54,570 [INFO] core.argyll_runner: ArgyllRunner: finished with code 0
2026-09-07 08:21:54,961 [DEBUG] workflow.chart_creator: Wrote channel sidecar A5-Furniture.channels.json: ['r', 'g', 'b']
2026-09-07 08:21:55,037 [DEBUG] ui.tiff_preview: TiffPreview: loaded 1 page(s)
2026-09-07 08:21:55,037 [INFO] ui.tabs.tab_chart: Preview loaded: 1 TIFF(s)
2026-09-07 08:21:55,080 [DEBUG] ui.tiff_preview: TiffPreview: loaded 1 page(s)
2026-09-07 08:21:55,082 [DEBUG] ui.tiff_preview: TiffPreview: loaded 1 page(s)
2026-09-07 08:21:56,792 [INFO] assess:   shot Screenshots/A5-furniture/f03-clip-example-preview.png  (2232x1136)
2026-09-07 08:21:56,793 [INFO] assess:   json Test Runs/logs/d04_results.json
2026-09-07 08:21:56,793 [INFO] assess:     est=(525, 25, 21) act=(525, 25, 21) margins=mm | inch | min | Left (to first patch) | 26.0 | 1.023 | 26.0 | Right (to first patch) | 9.1 | 0.358 | 9.0 | Top (to first patch) | 39.0 | 1.537 | 38. notes='' files=['A5-Furniture.channels.json', 'A5-Furniture.ti1', 'A5-Furniture.ti2', 'A5-Furniture.tif', 'meta.json']
2026-09-07 08:21:56,793 [INFO] assess: --- f04-clip-branding: clip content: branding
2026-09-07 08:21:57,674 [DEBUG] core.settings: settings.set helper_markers_show = False
2026-09-07 08:21:57,674 [DEBUG] core.settings: settings.set helper_marker_edge_mm = 2.0
2026-09-07 08:21:57,675 [DEBUG] core.settings: settings.set helper_marker_len_mm = 2.0
2026-09-07 08:21:57,675 [DEBUG] core.settings: settings.set helper_marker_per_patch = 3
2026-09-07 08:21:57,675 [DEBUG] core.settings: settings.set helper_markers_top_bottom = True
2026-09-07 08:21:57,675 [DEBUG] core.settings: settings.set helper_markers_sides = True
2026-09-07 08:21:59,514 [DEBUG] core.settings: settings.set helper_markers_show = False
2026-09-07 08:21:59,514 [DEBUG] core.settings: settings.set helper_marker_edge_mm = 2.0
2026-09-07 08:21:59,514 [DEBUG] core.settings: settings.set helper_marker_len_mm = 2.0
2026-09-07 08:21:59,514 [DEBUG] core.settings: settings.set helper_marker_per_patch = 3
2026-09-07 08:21:59,514 [DEBUG] core.settings: settings.set helper_markers_top_bottom = True
2026-09-07 08:21:59,514 [DEBUG] core.settings: settings.set helper_markers_sides = True
2026-09-07 08:22:00,276 [INFO] assess:   armed: dialog ~'quite fill' -> click 'OK' 
2026-09-07 08:22:00,277 [INFO] assess:   armed: dialog ~'already' -> click 'Continue this project' 
2026-09-07 08:22:00,277 [INFO] ui.tabs.tab_chart: chart build (Generate Chart) in manual: patch set targen | manual panel: A4, 0x0 grid, margins T38.0 R9.0 B19.0 L26.0
2026-09-07 08:22:00,281 [DEBUG] core.settings: settings.set session_ti3_path = ''
2026-09-07 08:22:00,281 [DEBUG] core.settings: settings.set session_icc_path = ''
2026-09-07 08:22:00,281 [DEBUG] core.settings: settings.set session_cal_ti3_path = ''
2026-09-07 08:22:00,283 [DEBUG] core.file_manager: Target name set to: A5-Furniture (root /Users/Basti/ChromIQ-assessment/A5-Furniture)
2026-09-07 08:22:00,283 [INFO] core.file_manager: opened the EXISTING project at /Users/Basti/ChromIQ-assessment/A5-Furniture (1 run(s) on disk)
2026-09-07 08:22:00,329 [INFO] workflow.chart_creator: Chart generation: 525 patches, instrument=i1 paper=A4 disable_lb=True
2026-09-07 08:22:00,329 [INFO] workflow.chart_creator: targen args: ['-v', '-d2', '-f525', '-e4', '-B4', '-G', '-g30', 'A5-Furniture']
2026-09-07 08:22:00,329 [INFO] core.argyll_runner: Run: /Applications/Argyll/bin/targen -v -d2 -f525 -e4 -B4 -G -g30 A5-Furniture  [cwd=/Users/Basti/ChromIQ-assessment/A5-Furniture/runs/run1]
2026-09-07 08:22:00,393 [DEBUG] core.argyll_runner: [argyll] iRGB test chart
2026-09-07 08:22:00,393 [DEBUG] core.argyll_runner: [argyll] White patches = 4
2026-09-07 08:22:00,394 [DEBUG] core.argyll_runner: [argyll] Black patches = 4
2026-09-07 08:22:00,394 [DEBUG] core.argyll_runner: [argyll] Composite Grey steps = 30
2026-09-07 08:22:00,394 [DEBUG] core.argyll_runner: [argyll] Full spread patches = 525
2026-09-07 08:22:00,394 [DEBUG] core.argyll_runner: [argyll] Degree of adaptation: 0.100
2026-09-07 08:22:00,394 [DEBUG] core.argyll_runner: [argyll] Adaptation weights: Device = 0.935, Perceptual = 0.065, Curvature = 0.010
2026-09-07 08:22:00,394 [DEBUG] core.argyll_runner: [argyll] Perceptual cache resolution = 9
2026-09-07 08:22:00,395 [DEBUG] core.argyll_runner: [argyll] Seeding cache...done
2026-09-07 08:22:00,395 [DEBUG] core.argyll_runner: [argyll] Acceleration grid res = 9
2026-09-07 08:22:00,395 [DEBUG] core.argyll_runner: [argyll] 
2026-09-07 08:22:00,395 [DEBUG] core.argyll_runner: [argyll] There are 30 unique fixed points to add (36 total fixed points)
2026-09-07 08:22:00,395 [DEBUG] core.argyll_runner: [argyll] There are 489 far spread points to add
2026-09-07 08:22:00,395 [DEBUG] core.argyll_runner: [argyll] 
2026-09-07 08:22:00,396 [DEBUG] core.argyll_runner: [argyll] Added 12/519
2026-09-07 08:22:00,396 [DEBUG] core.argyll_runner: [argyll] Added 23/519
2026-09-07 08:22:00,396 [DEBUG] core.argyll_runner: [argyll] Added 34/519
2026-09-07 08:22:00,396 [DEBUG] core.argyll_runner: [argyll] Added 45/519
2026-09-07 08:22:00,429 [DEBUG] core.argyll_runner: [argyll] 
2026-09-07 08:22:00,429 [DEBUG] core.argyll_runner: [argyll] Added 56/519
2026-09-07 08:22:00,429 [DEBUG] core.argyll_runner: [argyll] Added 67/519
2026-09-07 08:22:00,429 [DEBUG] core.argyll_runner: [argyll] Added 78/519
2026-09-07 08:22:00,430 [DEBUG] core.argyll_runner: [argyll] Added 89/519
2026-09-07 08:22:00,430 [DEBUG] core.argyll_runner: [argyll] Added 100/519
2026-09-07 08:22:00,431 [DEBUG] core.argyll_runner: [argyll] Added 111/519
2026-09-07 08:22:00,432 [DEBUG] core.argyll_runner: [argyll] Added 122/519
2026-09-07 08:22:00,433 [DEBUG] core.argyll_runner: [argyll] Added 133/519
2026-09-07 08:22:00,434 [DEBUG] core.argyll_runner: [argyll] Added 144/519
2026-09-07 08:22:00,435 [DEBUG] core.argyll_runner: [argyll] Added 155/519
2026-09-07 08:22:00,436 [DEBUG] core.argyll_runner: [argyll] Added 166/519
2026-09-07 08:22:00,437 [DEBUG] core.argyll_runner: [argyll] Added 177/519
2026-09-07 08:22:00,439 [DEBUG] core.argyll_runner: [argyll] Added 188/519
2026-09-07 08:22:00,441 [DEBUG] core.argyll_runner: [argyll] Added 199/519
2026-09-07 08:22:00,442 [DEBUG] core.argyll_runner: [argyll] Added 210/519
2026-09-07 08:22:00,444 [DEBUG] core.argyll_runner: [argyll] Added 221/519
2026-09-07 08:22:00,446 [DEBUG] core.argyll_runner: [argyll] Added 232/519
2026-09-07 08:22:00,448 [DEBUG] core.argyll_runner: [argyll] Added 243/519
2026-09-07 08:22:00,451 [DEBUG] core.argyll_runner: [argyll] Added 254/519
2026-09-07 08:22:00,453 [DEBUG] core.argyll_runner: [argyll] Added 265/519
2026-09-07 08:22:00,456 [DEBUG] core.argyll_runner: [argyll] Added 276/519
2026-09-07 08:22:00,458 [DEBUG] core.argyll_runner: [argyll] Added 287/519
2026-09-07 08:22:00,461 [DEBUG] core.argyll_runner: [argyll] Added 298/519
2026-09-07 08:22:00,464 [DEBUG] core.argyll_runner: [argyll] Added 309/519
2026-09-07 08:22:00,467 [DEBUG] core.argyll_runner: [argyll] Added 320/519
2026-09-07 08:22:00,470 [DEBUG] core.argyll_runner: [argyll] Added 331/519
2026-09-07 08:22:00,474 [DEBUG] core.argyll_runner: [argyll] Added 342/519
2026-09-07 08:22:00,477 [DEBUG] core.argyll_runner: [argyll] Added 353/519
2026-09-07 08:22:00,481 [DEBUG] core.argyll_runner: [argyll] Added 364/519
2026-09-07 08:22:00,484 [DEBUG] core.argyll_runner: [argyll] Added 375/519
2026-09-07 08:22:00,488 [DEBUG] core.argyll_runner: [argyll] Added 386/519
2026-09-07 08:22:00,492 [DEBUG] core.argyll_runner: [argyll] Added 397/519
2026-09-07 08:22:00,496 [DEBUG] core.argyll_runner: [argyll] Added 408/519
2026-09-07 08:22:00,501 [DEBUG] core.argyll_runner: [argyll] Added 419/519
2026-09-07 08:22:00,505 [DEBUG] core.argyll_runner: [argyll] Added 430/519
2026-09-07 08:22:00,509 [DEBUG] core.argyll_runner: [argyll] Added 441/519
2026-09-07 08:22:00,514 [DEBUG] core.argyll_runner: [argyll] Added 452/519
2026-09-07 08:22:00,519 [DEBUG] core.argyll_runner: [argyll] Added 463/519
2026-09-07 08:22:00,524 [DEBUG] core.argyll_runner: [argyll] Added 474/519
2026-09-07 08:22:00,549 [DEBUG] core.argyll_runner: [argyll] 
2026-09-07 08:22:00,550 [DEBUG] core.argyll_runner: [argyll] Added 485/519
2026-09-07 08:22:00,550 [DEBUG] core.argyll_runner: [argyll] Added 496/519
2026-09-07 08:22:00,551 [DEBUG] core.argyll_runner: [argyll] Added 507/519
2026-09-07 08:22:00,551 [DEBUG] core.argyll_runner: [argyll] Added 518/519
2026-09-07 08:22:00,552 [DEBUG] core.argyll_runner: [argyll] Added 519/519
2026-09-07 08:22:01,364 [DEBUG] core.argyll_runner: [argyll] 
2026-09-07 08:22:01,365 [DEBUG] core.argyll_runner: [argyll] After seeding points: MinPoint = 4.448, Min = 4.322, Avg. = 10.848, Max = 14.666, 0.1 secs
2026-09-07 08:22:01,365 [DEBUG] core.argyll_runner: [argyll] Re-seeding
2026-09-07 08:22:01,365 [DEBUG] core.argyll_runner: [argyll] It 1: Maxmv = 0.103363, MinPoint = 3.460, Min = 4.005, Avg. = 10.861, Max = 14.358, 0.0 secs.
2026-09-07 08:22:01,366 [DEBUG] core.argyll_runner: [argyll] Re-seeding
2026-09-07 08:22:01,366 [DEBUG] core.argyll_runner: [argyll] It 2: Maxmv = 0.084402, MinPoint = 5.380, Min = 5.280, Avg. = 10.758, Max = 13.964, 0.0 secs.
2026-09-07 08:22:01,366 [DEBUG] core.argyll_runner: [argyll] Re-seeding
2026-09-07 08:22:01,366 [DEBUG] core.argyll_runner: [argyll] It 3: Maxmv = 0.076162, MinPoint = 5.428, Min = 5.280, Avg. = 10.700, Max = 13.835, 0.0 secs.
2026-09-07 08:22:01,367 [DEBUG] core.argyll_runner: [argyll] Re-seeding
2026-09-07 08:22:01,367 [DEBUG] core.argyll_runner: [argyll] It 4: Maxmv = 0.072726, MinPoint = 5.743, Min = 5.280, Avg. = 10.603, Max = 14.075, 0.0 secs.
2026-09-07 08:22:01,367 [DEBUG] core.argyll_runner: [argyll] Re-seeding
2026-09-07 08:22:01,367 [DEBUG] core.argyll_runner: [argyll] It 5: Maxmv = 0.068513, MinPoint = 5.743, Min = 5.280, Avg. = 10.535, Max = 13.679, 0.0 secs.
2026-09-07 08:22:01,368 [DEBUG] core.argyll_runner: [argyll] Re-seeding
2026-09-07 08:22:01,368 [DEBUG] core.argyll_runner: [argyll] It 6: Maxmv = 0.056321, MinPoint = 5.743, Min = 5.280, Avg. = 10.518, Max = 13.779, 0.0 secs.
2026-09-07 08:22:01,368 [DEBUG] core.argyll_runner: [argyll] Re-seeding
2026-09-07 08:22:01,368 [DEBUG] core.argyll_runner: [argyll] It 7: Maxmv = 0.059854, MinPoint = 5.743, Min = 5.280, Avg. = 10.461, Max = 13.725, 0.0 secs.
2026-09-07 08:22:01,369 [DEBUG] core.argyll_runner: [argyll] Re-seeding
2026-09-07 08:22:01,369 [DEBUG] core.argyll_runner: [argyll] It 8: Maxmv = 0.051345, MinPoint = 5.743, Min = 5.280, Avg. = 10.437, Max = 13.448, 0.0 secs.
2026-09-07 08:22:01,369 [DEBUG] core.argyll_runner: [argyll] Re-seeding
2026-09-07 08:22:01,369 [DEBUG] core.argyll_runner: [argyll] It 9: Maxmv = 0.040554, MinPoint = 5.743, Min = 5.280, Avg. = 10.411, Max = 13.065, 0.0 secs.
2026-09-07 08:22:01,370 [DEBUG] core.argyll_runner: [argyll] Re-seeding
2026-09-07 08:22:01,370 [DEBUG] core.argyll_runner: [argyll] It 10: Maxmv = 0.030994, MinPoint = 5.743, Min = 5.280, Avg. = 10.383, Max = 12.735, 0.0 secs.
2026-09-07 08:22:01,370 [DEBUG] core.argyll_runner: [argyll] Re-seeding
2026-09-07 08:22:01,371 [DEBUG] core.argyll_runner: [argyll] It 11: Maxmv = 0.032989, MinPoint = 5.743, Min = 5.280, Avg. = 10.373, Max = 12.994, 0.0 secs.
2026-09-07 08:22:01,371 [DEBUG] core.argyll_runner: [argyll] Re-seeding
2026-09-07 08:22:01,371 [DEBUG] core.argyll_runner: [argyll] It 12: Maxmv = 0.030487, MinPoint = 5.743, Min = 5.280, Avg. = 10.349, Max = 12.936, 0.0 secs.
2026-09-07 08:22:01,371 [DEBUG] core.argyll_runner: [argyll] Re-seeding
2026-09-07 08:22:01,372 [DEBUG] core.argyll_runner: [argyll] It 13: Maxmv = 0.021481, MinPoint = 5.743, Min = 5.280, Avg. = 10.346, Max = 12.600, 0.0 secs.
2026-09-07 08:22:01,372 [DEBUG] core.argyll_runner: [argyll] Re-seeding
2026-09-07 08:22:01,372 [DEBUG] core.argyll_runner: [argyll] It 14: Maxmv = 0.016377, MinPoint = 5.743, Min = 5.280, Avg. = 10.329, Max = 12.441, 0.0 secs.
2026-09-07 08:22:01,372 [DEBUG] core.argyll_runner: [argyll] Re-seeding
2026-09-07 08:22:01,373 [DEBUG] core.argyll_runner: [argyll] It 15: Maxmv = 0.013408, MinPoint = 5.743, Min = 5.280, Avg. = 10.331, Max = 12.462, 0.0 secs.
2026-09-07 08:22:01,373 [DEBUG] core.argyll_runner: [argyll] Re-seeding
2026-09-07 08:22:01,373 [DEBUG] core.argyll_runner: [argyll] It 16: Maxmv = 0.011614, MinPoint = 5.743, Min = 5.280, Avg. = 10.321, Max = 12.261, 0.0 secs.
2026-09-07 08:22:01,373 [DEBUG] core.argyll_runner: [argyll] Re-seeding
2026-09-07 08:22:01,374 [DEBUG] core.argyll_runner: [argyll] It 17: Maxmv = 0.006463, MinPoint = 5.743, Min = 5.280, Avg. = 10.321, Max = 12.391, 0.0 secs.
2026-09-07 08:22:01,374 [DEBUG] core.argyll_runner: [argyll] Re-seeding
2026-09-07 08:22:01,374 [DEBUG] core.argyll_runner: [argyll] It 18: Maxmv = 0.005609, MinPoint = 5.743, Min = 5.280, Avg. = 10.319, Max = 12.293, 0.0 secs.
2026-09-07 08:22:01,374 [DEBUG] core.argyll_runner: [argyll] Re-seeding
2026-09-07 08:22:01,375 [DEBUG] core.argyll_runner: [argyll] It 19: Maxmv = 0.001380, MinPoint = 5.743, Min = 5.280, Avg. = 10.320, Max = 12.323, 0.0 secs.
2026-09-07 08:22:01,375 [DEBUG] core.argyll_runner: [argyll] Re-seeding
2026-09-07 08:22:01,375 [DEBUG] core.argyll_runner: [argyll] It 20: Maxmv = 0.001368, MinPoint = 5.743, Min = 5.280, Avg. = 10.321, Max = 12.343, 0.0 secs.
2026-09-07 08:22:01,375 [DEBUG] core.argyll_runner: [argyll] After optimization: MinPoint = 5.743, Min = 5.280, Avg. = 10.321, Max = 12.343
2026-09-07 08:22:01,376 [DEBUG] core.argyll_runner: [argyll] Total number of patches = 525
2026-09-07 08:22:01,376 [DEBUG] core.argyll_runner: [argyll] Execution time = 0.969917 seconds
2026-09-07 08:22:01,376 [INFO] core.argyll_runner: ArgyllRunner: finished with code 0
2026-09-07 08:22:01,768 [DEBUG] workflow.chart_creator: Wrote channel sidecar A5-Furniture.channels.json: ['r', 'g', 'b']
2026-09-07 08:22:01,846 [DEBUG] ui.tiff_preview: TiffPreview: loaded 1 page(s)
2026-09-07 08:22:01,846 [INFO] ui.tabs.tab_chart: Preview loaded: 1 TIFF(s)
2026-09-07 08:22:01,889 [DEBUG] ui.tiff_preview: TiffPreview: loaded 1 page(s)
2026-09-07 08:22:01,890 [DEBUG] ui.tiff_preview: TiffPreview: loaded 1 page(s)
2026-09-07 08:22:01,895 [DEBUG] ui.tabs.tab_chart: create-chart settings written for run1 (40 parameters + ui state)
2026-09-07 08:22:03,536 [INFO] assess:   shot Screenshots/A5-furniture/f04-clip-branding-preview.png  (2232x1136)
2026-09-07 08:22:03,538 [INFO] assess:   json Test Runs/logs/d04_results.json
2026-09-07 08:22:03,538 [INFO] assess:     est=(525, 25, 21) act=(525, 25, 21) margins=mm | inch | min | Left (to first patch) | 26.0 | 1.023 | 26.0 | Right (to first patch) | 9.1 | 0.358 | 9.0 | Top (to first patch) | 39.0 | 1.537 | 38. notes='' files=['A5-Furniture.channels.json', 'A5-Furniture.ti1', 'A5-Furniture.ti2', 'A5-Furniture.tif', 'meta.json']
2026-09-07 08:22:03,538 [INFO] assess: --- f05-clip-off: clip content: off (border stays)
2026-09-07 08:22:04,439 [DEBUG] core.settings: settings.set helper_markers_show = False
2026-09-07 08:22:04,439 [DEBUG] core.settings: settings.set helper_marker_edge_mm = 2.0
2026-09-07 08:22:04,439 [DEBUG] core.settings: settings.set helper_marker_len_mm = 2.0
2026-09-07 08:22:04,439 [DEBUG] core.settings: settings.set helper_marker_per_patch = 3
2026-09-07 08:22:04,439 [DEBUG] core.settings: settings.set helper_markers_top_bottom = True
2026-09-07 08:22:04,439 [DEBUG] core.settings: settings.set helper_markers_sides = True
2026-09-07 08:22:06,256 [DEBUG] core.settings: settings.set helper_markers_show = False
2026-09-07 08:22:06,256 [DEBUG] core.settings: settings.set helper_marker_edge_mm = 2.0
2026-09-07 08:22:06,256 [DEBUG] core.settings: settings.set helper_marker_len_mm = 2.0
2026-09-07 08:22:06,256 [DEBUG] core.settings: settings.set helper_marker_per_patch = 3
2026-09-07 08:22:06,256 [DEBUG] core.settings: settings.set helper_markers_top_bottom = True
2026-09-07 08:22:06,256 [DEBUG] core.settings: settings.set helper_markers_sides = True
2026-09-07 08:22:07,027 [INFO] assess:   armed: dialog ~'quite fill' -> click 'OK' 
2026-09-07 08:22:07,027 [INFO] assess:   armed: dialog ~'already' -> click 'Continue this project' 
2026-09-07 08:22:07,028 [INFO] ui.tabs.tab_chart: chart build (Generate Chart) in manual: patch set targen | manual panel: A4, 0x0 grid, margins T38.0 R9.0 B19.0 L26.0
2026-09-07 08:22:07,031 [DEBUG] core.settings: settings.set session_ti3_path = ''
2026-09-07 08:22:07,031 [DEBUG] core.settings: settings.set session_icc_path = ''
2026-09-07 08:22:07,032 [DEBUG] core.settings: settings.set session_cal_ti3_path = ''
2026-09-07 08:22:07,033 [DEBUG] core.file_manager: Target name set to: A5-Furniture (root /Users/Basti/ChromIQ-assessment/A5-Furniture)
2026-09-07 08:22:07,034 [INFO] core.file_manager: opened the EXISTING project at /Users/Basti/ChromIQ-assessment/A5-Furniture (1 run(s) on disk)
2026-09-07 08:22:07,085 [INFO] workflow.chart_creator: Chart generation: 525 patches, instrument=i1 paper=A4 disable_lb=True
2026-09-07 08:22:07,085 [INFO] workflow.chart_creator: targen args: ['-v', '-d2', '-f525', '-e4', '-B4', '-G', '-g30', 'A5-Furniture']
2026-09-07 08:22:07,085 [INFO] core.argyll_runner: Run: /Applications/Argyll/bin/targen -v -d2 -f525 -e4 -B4 -G -g30 A5-Furniture  [cwd=/Users/Basti/ChromIQ-assessment/A5-Furniture/runs/run1]
2026-09-07 08:22:07,151 [DEBUG] core.argyll_runner: [argyll] iRGB test chart
2026-09-07 08:22:07,152 [DEBUG] core.argyll_runner: [argyll] White patches = 4
2026-09-07 08:22:07,152 [DEBUG] core.argyll_runner: [argyll] Black patches = 4
2026-09-07 08:22:07,152 [DEBUG] core.argyll_runner: [argyll] Composite Grey steps = 30
2026-09-07 08:22:07,152 [DEBUG] core.argyll_runner: [argyll] Full spread patches = 525
2026-09-07 08:22:07,152 [DEBUG] core.argyll_runner: [argyll] Degree of adaptation: 0.100
2026-09-07 08:22:07,152 [DEBUG] core.argyll_runner: [argyll] Adaptation weights: Device = 0.935, Perceptual = 0.065, Curvature = 0.010
2026-09-07 08:22:07,153 [DEBUG] core.argyll_runner: [argyll] Perceptual cache resolution = 9
2026-09-07 08:22:07,153 [DEBUG] core.argyll_runner: [argyll] Seeding cache...done
2026-09-07 08:22:07,153 [DEBUG] core.argyll_runner: [argyll] Acceleration grid res = 9
2026-09-07 08:22:07,153 [DEBUG] core.argyll_runner: [argyll] 
2026-09-07 08:22:07,153 [DEBUG] core.argyll_runner: [argyll] There are 30 unique fixed points to add (36 total fixed points)
2026-09-07 08:22:07,153 [DEBUG] core.argyll_runner: [argyll] There are 489 far spread points to add
2026-09-07 08:22:07,154 [DEBUG] core.argyll_runner: [argyll] 
2026-09-07 08:22:07,154 [DEBUG] core.argyll_runner: [argyll] Added 12/519
2026-09-07 08:22:07,154 [DEBUG] core.argyll_runner: [argyll] Added 23/519
2026-09-07 08:22:07,154 [DEBUG] core.argyll_runner: [argyll] Added 34/519
2026-09-07 08:22:07,154 [DEBUG] core.argyll_runner: [argyll] Added 45/519
2026-09-07 08:22:07,155 [DEBUG] core.argyll_runner: [argyll] Added 56/519
2026-09-07 08:22:07,155 [DEBUG] core.argyll_runner: [argyll] Added 67/519
2026-09-07 08:22:07,176 [DEBUG] core.argyll_runner: [argyll] 
2026-09-07 08:22:07,176 [DEBUG] core.argyll_runner: [argyll] Added 78/519
2026-09-07 08:22:07,176 [DEBUG] core.argyll_runner: [argyll] Added 89/519
2026-09-07 08:22:07,177 [DEBUG] core.argyll_runner: [argyll] Added 100/519
2026-09-07 08:22:07,177 [DEBUG] core.argyll_runner: [argyll] Added 111/519
2026-09-07 08:22:07,177 [DEBUG] core.argyll_runner: [argyll] Added 122/519
2026-09-07 08:22:07,178 [DEBUG] core.argyll_runner: [argyll] Added 133/519
2026-09-07 08:22:07,179 [DEBUG] core.argyll_runner: [argyll] Added 144/519
2026-09-07 08:22:07,180 [DEBUG] core.argyll_runner: [argyll] Added 155/519
2026-09-07 08:22:07,181 [DEBUG] core.argyll_runner: [argyll] Added 166/519
2026-09-07 08:22:07,182 [DEBUG] core.argyll_runner: [argyll] Added 177/519
2026-09-07 08:22:07,183 [DEBUG] core.argyll_runner: [argyll] Added 188/519
2026-09-07 08:22:07,185 [DEBUG] core.argyll_runner: [argyll] Added 199/519
2026-09-07 08:22:07,186 [DEBUG] core.argyll_runner: [argyll] Added 210/519
2026-09-07 08:22:07,188 [DEBUG] core.argyll_runner: [argyll] Added 221/519
2026-09-07 08:22:07,190 [DEBUG] core.argyll_runner: [argyll] Added 232/519
2026-09-07 08:22:07,191 [DEBUG] core.argyll_runner: [argyll] Added 243/519
2026-09-07 08:22:07,193 [DEBUG] core.argyll_runner: [argyll] Added 254/519
2026-09-07 08:22:07,196 [DEBUG] core.argyll_runner: [argyll] Added 265/519
2026-09-07 08:22:07,198 [DEBUG] core.argyll_runner: [argyll] Added 276/519
2026-09-07 08:22:07,200 [DEBUG] core.argyll_runner: [argyll] Added 287/519
2026-09-07 08:22:07,203 [DEBUG] core.argyll_runner: [argyll] Added 298/519
2026-09-07 08:22:07,206 [DEBUG] core.argyll_runner: [argyll] Added 309/519
2026-09-07 08:22:07,208 [DEBUG] core.argyll_runner: [argyll] Added 320/519
2026-09-07 08:22:07,211 [DEBUG] core.argyll_runner: [argyll] Added 331/519
2026-09-07 08:22:07,214 [DEBUG] core.argyll_runner: [argyll] Added 342/519
2026-09-07 08:22:07,218 [DEBUG] core.argyll_runner: [argyll] Added 353/519
2026-09-07 08:22:07,234 [DEBUG] core.argyll_runner: [argyll] 
2026-09-07 08:22:07,235 [DEBUG] core.argyll_runner: [argyll] Added 364/519
2026-09-07 08:22:07,235 [DEBUG] core.argyll_runner: [argyll] Added 375/519
2026-09-07 08:22:07,235 [DEBUG] core.argyll_runner: [argyll] Added 386/519
2026-09-07 08:22:07,236 [DEBUG] core.argyll_runner: [argyll] Added 397/519
2026-09-07 08:22:07,236 [DEBUG] core.argyll_runner: [argyll] Added 408/519
2026-09-07 08:22:07,237 [DEBUG] core.argyll_runner: [argyll] Added 419/519
2026-09-07 08:22:07,237 [DEBUG] core.argyll_runner: [argyll] Added 430/519
2026-09-07 08:22:07,238 [DEBUG] core.argyll_runner: [argyll] Added 441/519
2026-09-07 08:22:07,239 [DEBUG] core.argyll_runner: [argyll] Added 452/519
2026-09-07 08:22:07,240 [DEBUG] core.argyll_runner: [argyll] Added 463/519
2026-09-07 08:22:07,242 [DEBUG] core.argyll_runner: [argyll] Added 474/519
2026-09-07 08:22:07,243 [DEBUG] core.argyll_runner: [argyll] Added 485/519
2026-09-07 08:22:07,245 [DEBUG] core.argyll_runner: [argyll] Added 496/519
2026-09-07 08:22:07,246 [DEBUG] core.argyll_runner: [argyll] Added 507/519
2026-09-07 08:22:07,248 [DEBUG] core.argyll_runner: [argyll] Added 518/519
2026-09-07 08:22:07,250 [DEBUG] core.argyll_runner: [argyll] Added 519/519
2026-09-07 08:22:08,118 [DEBUG] core.argyll_runner: [argyll] 
2026-09-07 08:22:08,118 [DEBUG] core.argyll_runner: [argyll] After seeding points: MinPoint = 4.448, Min = 4.322, Avg. = 10.848, Max = 14.666, 0.1 secs
2026-09-07 08:22:08,119 [DEBUG] core.argyll_runner: [argyll] Re-seeding
2026-09-07 08:22:08,119 [DEBUG] core.argyll_runner: [argyll] It 1: Maxmv = 0.103363, MinPoint = 3.460, Min = 4.005, Avg. = 10.861, Max = 14.358, 0.0 secs.
2026-09-07 08:22:08,119 [DEBUG] core.argyll_runner: [argyll] Re-seeding
2026-09-07 08:22:08,120 [DEBUG] core.argyll_runner: [argyll] It 2: Maxmv = 0.084402, MinPoint = 5.380, Min = 5.280, Avg. = 10.758, Max = 13.964, 0.0 secs.
2026-09-07 08:22:08,120 [DEBUG] core.argyll_runner: [argyll] Re-seeding
2026-09-07 08:22:08,120 [DEBUG] core.argyll_runner: [argyll] It 3: Maxmv = 0.076162, MinPoint = 5.428, Min = 5.280, Avg. = 10.700, Max = 13.835, 0.0 secs.
2026-09-07 08:22:08,120 [DEBUG] core.argyll_runner: [argyll] Re-seeding
2026-09-07 08:22:08,121 [DEBUG] core.argyll_runner: [argyll] It 4: Maxmv = 0.072726, MinPoint = 5.743, Min = 5.280, Avg. = 10.603, Max = 14.075, 0.0 secs.
2026-09-07 08:22:08,121 [DEBUG] core.argyll_runner: [argyll] Re-seeding
2026-09-07 08:22:08,121 [DEBUG] core.argyll_runner: [argyll] It 5: Maxmv = 0.068513, MinPoint = 5.743, Min = 5.280, Avg. = 10.535, Max = 13.679, 0.0 secs.
2026-09-07 08:22:08,121 [DEBUG] core.argyll_runner: [argyll] Re-seeding
2026-09-07 08:22:08,122 [DEBUG] core.argyll_runner: [argyll] It 6: Maxmv = 0.056321, MinPoint = 5.743, Min = 5.280, Avg. = 10.518, Max = 13.779, 0.0 secs.
2026-09-07 08:22:08,122 [DEBUG] core.argyll_runner: [argyll] Re-seeding
2026-09-07 08:22:08,122 [DEBUG] core.argyll_runner: [argyll] It 7: Maxmv = 0.059854, MinPoint = 5.743, Min = 5.280, Avg. = 10.461, Max = 13.725, 0.0 secs.
2026-09-07 08:22:08,122 [DEBUG] core.argyll_runner: [argyll] Re-seeding
2026-09-07 08:22:08,123 [DEBUG] core.argyll_runner: [argyll] It 8: Maxmv = 0.051345, MinPoint = 5.743, Min = 5.280, Avg. = 10.437, Max = 13.448, 0.0 secs.
2026-09-07 08:22:08,123 [DEBUG] core.argyll_runner: [argyll] Re-seeding
2026-09-07 08:22:08,123 [DEBUG] core.argyll_runner: [argyll] It 9: Maxmv = 0.040554, MinPoint = 5.743, Min = 5.280, Avg. = 10.411, Max = 13.065, 0.0 secs.
2026-09-07 08:22:08,123 [DEBUG] core.argyll_runner: [argyll] Re-seeding
2026-09-07 08:22:08,124 [DEBUG] core.argyll_runner: [argyll] It 10: Maxmv = 0.030994, MinPoint = 5.743, Min = 5.280, Avg. = 10.383, Max = 12.735, 0.0 secs.
2026-09-07 08:22:08,124 [DEBUG] core.argyll_runner: [argyll] Re-seeding
2026-09-07 08:22:08,124 [DEBUG] core.argyll_runner: [argyll] It 11: Maxmv = 0.032989, MinPoint = 5.743, Min = 5.280, Avg. = 10.373, Max = 12.994, 0.0 secs.
2026-09-07 08:22:08,124 [DEBUG] core.argyll_runner: [argyll] Re-seeding
2026-09-07 08:22:08,125 [DEBUG] core.argyll_runner: [argyll] It 12: Maxmv = 0.030487, MinPoint = 5.743, Min = 5.280, Avg. = 10.349, Max = 12.936, 0.0 secs.
2026-09-07 08:22:08,125 [DEBUG] core.argyll_runner: [argyll] Re-seeding
2026-09-07 08:22:08,125 [DEBUG] core.argyll_runner: [argyll] It 13: Maxmv = 0.021481, MinPoint = 5.743, Min = 5.280, Avg. = 10.346, Max = 12.600, 0.0 secs.
2026-09-07 08:22:08,125 [DEBUG] core.argyll_runner: [argyll] Re-seeding
2026-09-07 08:22:08,126 [DEBUG] core.argyll_runner: [argyll] It 14: Maxmv = 0.016377, MinPoint = 5.743, Min = 5.280, Avg. = 10.329, Max = 12.441, 0.0 secs.
2026-09-07 08:22:08,126 [DEBUG] core.argyll_runner: [argyll] Re-seeding
2026-09-07 08:22:08,126 [DEBUG] core.argyll_runner: [argyll] It 15: Maxmv = 0.013408, MinPoint = 5.743, Min = 5.280, Avg. = 10.331, Max = 12.462, 0.0 secs.
2026-09-07 08:22:08,126 [DEBUG] core.argyll_runner: [argyll] Re-seeding
2026-09-07 08:22:08,127 [DEBUG] core.argyll_runner: [argyll] It 16: Maxmv = 0.011614, MinPoint = 5.743, Min = 5.280, Avg. = 10.321, Max = 12.261, 0.0 secs.
2026-09-07 08:22:08,127 [DEBUG] core.argyll_runner: [argyll] Re-seeding
2026-09-07 08:22:08,127 [DEBUG] core.argyll_runner: [argyll] It 17: Maxmv = 0.006463, MinPoint = 5.743, Min = 5.280, Avg. = 10.321, Max = 12.391, 0.0 secs.
2026-09-07 08:22:08,127 [DEBUG] core.argyll_runner: [argyll] Re-seeding
2026-09-07 08:22:08,128 [DEBUG] core.argyll_runner: [argyll] It 18: Maxmv = 0.005609, MinPoint = 5.743, Min = 5.280, Avg. = 10.319, Max = 12.293, 0.0 secs.
2026-09-07 08:22:08,128 [DEBUG] core.argyll_runner: [argyll] Re-seeding
2026-09-07 08:22:08,128 [DEBUG] core.argyll_runner: [argyll] It 19: Maxmv = 0.001380, MinPoint = 5.743, Min = 5.280, Avg. = 10.320, Max = 12.323, 0.0 secs.
2026-09-07 08:22:08,128 [DEBUG] core.argyll_runner: [argyll] Re-seeding
2026-09-07 08:22:08,129 [DEBUG] core.argyll_runner: [argyll] It 20: Maxmv = 0.001368, MinPoint = 5.743, Min = 5.280, Avg. = 10.321, Max = 12.343, 0.0 secs.
2026-09-07 08:22:08,129 [DEBUG] core.argyll_runner: [argyll] After optimization: MinPoint = 5.743, Min = 5.280, Avg. = 10.321, Max = 12.343
2026-09-07 08:22:08,129 [DEBUG] core.argyll_runner: [argyll] Total number of patches = 525
2026-09-07 08:22:08,129 [DEBUG] core.argyll_runner: [argyll] Execution time = 0.970179 seconds
2026-09-07 08:22:08,130 [INFO] core.argyll_runner: ArgyllRunner: finished with code 0
2026-09-07 08:22:08,514 [DEBUG] workflow.chart_creator: Wrote channel sidecar A5-Furniture.channels.json: ['r', 'g', 'b']
2026-09-07 08:22:08,591 [DEBUG] ui.tiff_preview: TiffPreview: loaded 1 page(s)
2026-09-07 08:22:08,591 [INFO] ui.tabs.tab_chart: Preview loaded: 1 TIFF(s)
2026-09-07 08:22:08,635 [DEBUG] ui.tiff_preview: TiffPreview: loaded 1 page(s)
2026-09-07 08:22:08,637 [DEBUG] ui.tiff_preview: TiffPreview: loaded 1 page(s)
2026-09-07 08:22:08,642 [DEBUG] ui.tabs.tab_chart: create-chart settings written for run1 (40 parameters + ui state)
2026-09-07 08:22:10,153 [INFO] assess:   shot Screenshots/A5-furniture/f05-clip-off-preview.png  (2232x1136)
2026-09-07 08:22:10,155 [INFO] assess:   json Test Runs/logs/d04_results.json
2026-09-07 08:22:10,155 [INFO] assess:     est=(525, 25, 21) act=(525, 25, 21) margins=mm | inch | min | Left (to first patch) | 26.0 | 1.023 | 26.0 | Right (to first patch) | 9.1 | 0.358 | 9.0 | Top (to first patch) | 39.0 | 1.537 | 38. notes='' files=['A5-Furniture.channels.json', 'A5-Furniture.ti1', 'A5-Furniture.ti2', 'A5-Furniture.tif', 'meta.json']
2026-09-07 08:22:10,155 [INFO] assess: --- f06-clip-image: clip content: imported image
2026-09-07 08:22:11,044 [DEBUG] core.settings: settings.set helper_markers_show = False
2026-09-07 08:22:11,044 [DEBUG] core.settings: settings.set helper_marker_edge_mm = 2.0
2026-09-07 08:22:11,044 [DEBUG] core.settings: settings.set helper_marker_len_mm = 2.0
2026-09-07 08:22:11,044 [DEBUG] core.settings: settings.set helper_marker_per_patch = 3
2026-09-07 08:22:11,044 [DEBUG] core.settings: settings.set helper_markers_top_bottom = True
2026-09-07 08:22:11,044 [DEBUG] core.settings: settings.set helper_markers_sides = True
2026-09-07 08:22:12,894 [DEBUG] core.settings: settings.set helper_markers_show = False
2026-09-07 08:22:12,895 [DEBUG] core.settings: settings.set helper_marker_edge_mm = 2.0
2026-09-07 08:22:12,895 [DEBUG] core.settings: settings.set helper_marker_len_mm = 2.0
2026-09-07 08:22:12,895 [DEBUG] core.settings: settings.set helper_marker_per_patch = 3
2026-09-07 08:22:12,895 [DEBUG] core.settings: settings.set helper_markers_top_bottom = True
2026-09-07 08:22:12,895 [DEBUG] core.settings: settings.set helper_markers_sides = True
2026-09-07 08:22:13,134 [DEBUG] core.settings: settings.set helper_markers_show = False
2026-09-07 08:22:13,134 [DEBUG] core.settings: settings.set helper_marker_edge_mm = 2.0
2026-09-07 08:22:13,134 [DEBUG] core.settings: settings.set helper_marker_len_mm = 2.0
2026-09-07 08:22:13,134 [DEBUG] core.settings: settings.set helper_marker_per_patch = 3
2026-09-07 08:22:13,134 [DEBUG] core.settings: settings.set helper_markers_top_bottom = True
2026-09-07 08:22:13,134 [DEBUG] core.settings: settings.set helper_markers_sides = True
2026-09-07 08:22:13,740 [INFO] assess:   armed: dialog ~'quite fill' -> click 'OK' 
2026-09-07 08:22:13,741 [INFO] assess:   armed: dialog ~'already' -> click 'Continue this project' 
2026-09-07 08:22:13,741 [INFO] ui.tabs.tab_chart: chart build (Generate Chart) in manual: patch set targen | manual panel: A4, 0x0 grid, margins T38.0 R9.0 B19.0 L26.0
2026-09-07 08:22:13,745 [DEBUG] core.settings: settings.set session_ti3_path = ''
2026-09-07 08:22:13,745 [DEBUG] core.settings: settings.set session_icc_path = ''
2026-09-07 08:22:13,745 [DEBUG] core.settings: settings.set session_cal_ti3_path = ''
2026-09-07 08:22:13,747 [DEBUG] core.file_manager: Target name set to: A5-Furniture (root /Users/Basti/ChromIQ-assessment/A5-Furniture)
2026-09-07 08:22:13,748 [INFO] core.file_manager: opened the EXISTING project at /Users/Basti/ChromIQ-assessment/A5-Furniture (1 run(s) on disk)
2026-09-07 08:22:13,800 [INFO] workflow.chart_creator: Chart generation: 525 patches, instrument=i1 paper=A4 disable_lb=True
2026-09-07 08:22:13,800 [INFO] workflow.chart_creator: targen args: ['-v', '-d2', '-f525', '-e4', '-B4', '-G', '-g30', 'A5-Furniture']
2026-09-07 08:22:13,800 [INFO] core.argyll_runner: Run: /Applications/Argyll/bin/targen -v -d2 -f525 -e4 -B4 -G -g30 A5-Furniture  [cwd=/Users/Basti/ChromIQ-assessment/A5-Furniture/runs/run1]
2026-09-07 08:22:13,870 [DEBUG] core.argyll_runner: [argyll] iRGB test chart
2026-09-07 08:22:13,870 [DEBUG] core.argyll_runner: [argyll] White patches = 4
2026-09-07 08:22:13,870 [DEBUG] core.argyll_runner: [argyll] Black patches = 4
2026-09-07 08:22:13,870 [DEBUG] core.argyll_runner: [argyll] Composite Grey steps = 30
2026-09-07 08:22:13,871 [DEBUG] core.argyll_runner: [argyll] Full spread patches = 525
2026-09-07 08:22:13,871 [DEBUG] core.argyll_runner: [argyll] Degree of adaptation: 0.100
2026-09-07 08:22:13,871 [DEBUG] core.argyll_runner: [argyll] Adaptation weights: Device = 0.935, Perceptual = 0.065, Curvature = 0.010
2026-09-07 08:22:13,871 [DEBUG] core.argyll_runner: [argyll] Perceptual cache resolution = 9
2026-09-07 08:22:13,872 [DEBUG] core.argyll_runner: [argyll] Seeding cache...done
2026-09-07 08:22:13,872 [DEBUG] core.argyll_runner: [argyll] Acceleration grid res = 9
2026-09-07 08:22:13,872 [DEBUG] core.argyll_runner: [argyll] 
2026-09-07 08:22:13,872 [DEBUG] core.argyll_runner: [argyll] There are 30 unique fixed points to add (36 total fixed points)
2026-09-07 08:22:13,872 [DEBUG] core.argyll_runner: [argyll] There are 489 far spread points to add
2026-09-07 08:22:13,872 [DEBUG] core.argyll_runner: [argyll] 
2026-09-07 08:22:13,872 [DEBUG] core.argyll_runner: [argyll] Added 12/519
2026-09-07 08:22:13,872 [DEBUG] core.argyll_runner: [argyll] Added 23/519
2026-09-07 08:22:13,873 [DEBUG] core.argyll_runner: [argyll] Added 34/519
2026-09-07 08:22:13,873 [DEBUG] core.argyll_runner: [argyll] Added 45/519
2026-09-07 08:22:13,873 [DEBUG] core.argyll_runner: [argyll] Added 56/519
2026-09-07 08:22:13,874 [DEBUG] core.argyll_runner: [argyll] Added 67/519
2026-09-07 08:22:13,895 [DEBUG] core.argyll_runner: [argyll] 
2026-09-07 08:22:13,895 [DEBUG] core.argyll_runner: [argyll] Added 78/519
2026-09-07 08:22:13,895 [DEBUG] core.argyll_runner: [argyll] Added 89/519
2026-09-07 08:22:13,895 [DEBUG] core.argyll_runner: [argyll] Added 100/519
2026-09-07 08:22:13,896 [DEBUG] core.argyll_runner: [argyll] Added 111/519
2026-09-07 08:22:13,896 [DEBUG] core.argyll_runner: [argyll] Added 122/519
2026-09-07 08:22:13,897 [DEBUG] core.argyll_runner: [argyll] Added 133/519
2026-09-07 08:22:13,898 [DEBUG] core.argyll_runner: [argyll] Added 144/519
2026-09-07 08:22:13,899 [DEBUG] core.argyll_runner: [argyll] Added 155/519
2026-09-07 08:22:13,900 [DEBUG] core.argyll_runner: [argyll] Added 166/519
2026-09-07 08:22:13,901 [DEBUG] core.argyll_runner: [argyll] Added 177/519
2026-09-07 08:22:13,902 [DEBUG] core.argyll_runner: [argyll] Added 188/519
2026-09-07 08:22:13,904 [DEBUG] core.argyll_runner: [argyll] Added 199/519
2026-09-07 08:22:13,905 [DEBUG] core.argyll_runner: [argyll] Added 210/519
2026-09-07 08:22:13,907 [DEBUG] core.argyll_runner: [argyll] Added 221/519
2026-09-07 08:22:13,909 [DEBUG] core.argyll_runner: [argyll] Added 232/519
2026-09-07 08:22:13,910 [DEBUG] core.argyll_runner: [argyll] Added 243/519
2026-09-07 08:22:13,913 [DEBUG] core.argyll_runner: [argyll] Added 254/519
2026-09-07 08:22:13,915 [DEBUG] core.argyll_runner: [argyll] Added 265/519
2026-09-07 08:22:13,917 [DEBUG] core.argyll_runner: [argyll] Added 276/519
2026-09-07 08:22:13,920 [DEBUG] core.argyll_runner: [argyll] Added 287/519
2026-09-07 08:22:13,922 [DEBUG] core.argyll_runner: [argyll] Added 298/519
2026-09-07 08:22:13,925 [DEBUG] core.argyll_runner: [argyll] Added 309/519
2026-09-07 08:22:13,928 [DEBUG] core.argyll_runner: [argyll] Added 320/519
2026-09-07 08:22:13,931 [DEBUG] core.argyll_runner: [argyll] Added 331/519
2026-09-07 08:22:13,934 [DEBUG] core.argyll_runner: [argyll] Added 342/519
2026-09-07 08:22:13,937 [DEBUG] core.argyll_runner: [argyll] Added 353/519
2026-09-07 08:22:13,940 [DEBUG] core.argyll_runner: [argyll] Added 364/519
2026-09-07 08:22:13,944 [DEBUG] core.argyll_runner: [argyll] Added 375/519
2026-09-07 08:22:13,961 [DEBUG] core.argyll_runner: [argyll] 
2026-09-07 08:22:13,962 [DEBUG] core.argyll_runner: [argyll] Added 386/519
2026-09-07 08:22:13,962 [DEBUG] core.argyll_runner: [argyll] Added 397/519
2026-09-07 08:22:13,962 [DEBUG] core.argyll_runner: [argyll] Added 408/519
2026-09-07 08:22:13,962 [DEBUG] core.argyll_runner: [argyll] Added 419/519
2026-09-07 08:22:13,963 [DEBUG] core.argyll_runner: [argyll] Added 430/519
2026-09-07 08:22:13,963 [DEBUG] core.argyll_runner: [argyll] Added 441/519
2026-09-07 08:22:13,964 [DEBUG] core.argyll_runner: [argyll] Added 452/519
2026-09-07 08:22:13,965 [DEBUG] core.argyll_runner: [argyll] Added 463/519
2026-09-07 08:22:13,966 [DEBUG] core.argyll_runner: [argyll] Added 474/519
2026-09-07 08:22:13,967 [DEBUG] core.argyll_runner: [argyll] Added 485/519
2026-09-07 08:22:13,969 [DEBUG] core.argyll_runner: [argyll] Added 496/519
2026-09-07 08:22:13,970 [DEBUG] core.argyll_runner: [argyll] Added 507/519
2026-09-07 08:22:13,971 [DEBUG] core.argyll_runner: [argyll] Added 518/519
2026-09-07 08:22:13,973 [DEBUG] core.argyll_runner: [argyll] Added 519/519
2026-09-07 08:22:14,840 [DEBUG] core.argyll_runner: [argyll] 
2026-09-07 08:22:14,841 [DEBUG] core.argyll_runner: [argyll] After seeding points: MinPoint = 4.448, Min = 4.322, Avg. = 10.848, Max = 14.666, 0.1 secs
2026-09-07 08:22:14,842 [DEBUG] core.argyll_runner: [argyll] Re-seeding
2026-09-07 08:22:14,842 [DEBUG] core.argyll_runner: [argyll] It 1: Maxmv = 0.103363, MinPoint = 3.460, Min = 4.005, Avg. = 10.861, Max = 14.358, 0.0 secs.
2026-09-07 08:22:14,842 [DEBUG] core.argyll_runner: [argyll] Re-seeding
2026-09-07 08:22:14,842 [DEBUG] core.argyll_runner: [argyll] It 2: Maxmv = 0.084402, MinPoint = 5.380, Min = 5.280, Avg. = 10.758, Max = 13.964, 0.0 secs.
2026-09-07 08:22:14,843 [DEBUG] core.argyll_runner: [argyll] Re-seeding
2026-09-07 08:22:14,843 [DEBUG] core.argyll_runner: [argyll] It 3: Maxmv = 0.076162, MinPoint = 5.428, Min = 5.280, Avg. = 10.700, Max = 13.835, 0.0 secs.
2026-09-07 08:22:14,843 [DEBUG] core.argyll_runner: [argyll] Re-seeding
2026-09-07 08:22:14,843 [DEBUG] core.argyll_runner: [argyll] It 4: Maxmv = 0.072726, MinPoint = 5.743, Min = 5.280, Avg. = 10.603, Max = 14.075, 0.0 secs.
2026-09-07 08:22:14,844 [DEBUG] core.argyll_runner: [argyll] Re-seeding
2026-09-07 08:22:14,844 [DEBUG] core.argyll_runner: [argyll] It 5: Maxmv = 0.068513, MinPoint = 5.743, Min = 5.280, Avg. = 10.535, Max = 13.679, 0.0 secs.
2026-09-07 08:22:14,844 [DEBUG] core.argyll_runner: [argyll] Re-seeding
2026-09-07 08:22:14,844 [DEBUG] core.argyll_runner: [argyll] It 6: Maxmv = 0.056321, MinPoint = 5.743, Min = 5.280, Avg. = 10.518, Max = 13.779, 0.0 secs.
2026-09-07 08:22:14,845 [DEBUG] core.argyll_runner: [argyll] Re-seeding
2026-09-07 08:22:14,845 [DEBUG] core.argyll_runner: [argyll] It 7: Maxmv = 0.059854, MinPoint = 5.743, Min = 5.280, Avg. = 10.461, Max = 13.725, 0.0 secs.
2026-09-07 08:22:14,845 [DEBUG] core.argyll_runner: [argyll] Re-seeding
2026-09-07 08:22:14,845 [DEBUG] core.argyll_runner: [argyll] It 8: Maxmv = 0.051345, MinPoint = 5.743, Min = 5.280, Avg. = 10.437, Max = 13.448, 0.0 secs.
2026-09-07 08:22:14,846 [DEBUG] core.argyll_runner: [argyll] Re-seeding
2026-09-07 08:22:14,846 [DEBUG] core.argyll_runner: [argyll] It 9: Maxmv = 0.040554, MinPoint = 5.743, Min = 5.280, Avg. = 10.411, Max = 13.065, 0.0 secs.
2026-09-07 08:22:14,846 [DEBUG] core.argyll_runner: [argyll] Re-seeding
2026-09-07 08:22:14,846 [DEBUG] core.argyll_runner: [argyll] It 10: Maxmv = 0.030994, MinPoint = 5.743, Min = 5.280, Avg. = 10.383, Max = 12.735, 0.0 secs.
2026-09-07 08:22:14,847 [DEBUG] core.argyll_runner: [argyll] Re-seeding
2026-09-07 08:22:14,847 [DEBUG] core.argyll_runner: [argyll] It 11: Maxmv = 0.032989, MinPoint = 5.743, Min = 5.280, Avg. = 10.373, Max = 12.994, 0.0 secs.
2026-09-07 08:22:14,847 [DEBUG] core.argyll_runner: [argyll] Re-seeding
2026-09-07 08:22:14,848 [DEBUG] core.argyll_runner: [argyll] It 12: Maxmv = 0.030487, MinPoint = 5.743, Min = 5.280, Avg. = 10.349, Max = 12.936, 0.0 secs.
2026-09-07 08:22:14,848 [DEBUG] core.argyll_runner: [argyll] Re-seeding
2026-09-07 08:22:14,848 [DEBUG] core.argyll_runner: [argyll] It 13: Maxmv = 0.021481, MinPoint = 5.743, Min = 5.280, Avg. = 10.346, Max = 12.600, 0.0 secs.
2026-09-07 08:22:14,848 [DEBUG] core.argyll_runner: [argyll] Re-seeding
2026-09-07 08:22:14,849 [DEBUG] core.argyll_runner: [argyll] It 14: Maxmv = 0.016377, MinPoint = 5.743, Min = 5.280, Avg. = 10.329, Max = 12.441, 0.0 secs.
2026-09-07 08:22:14,849 [DEBUG] core.argyll_runner: [argyll] Re-seeding
2026-09-07 08:22:14,849 [DEBUG] core.argyll_runner: [argyll] It 15: Maxmv = 0.013408, MinPoint = 5.743, Min = 5.280, Avg. = 10.331, Max = 12.462, 0.0 secs.
2026-09-07 08:22:14,849 [DEBUG] core.argyll_runner: [argyll] Re-seeding
2026-09-07 08:22:14,850 [DEBUG] core.argyll_runner: [argyll] It 16: Maxmv = 0.011614, MinPoint = 5.743, Min = 5.280, Avg. = 10.321, Max = 12.261, 0.0 secs.
2026-09-07 08:22:14,850 [DEBUG] core.argyll_runner: [argyll] Re-seeding
2026-09-07 08:22:14,850 [DEBUG] core.argyll_runner: [argyll] It 17: Maxmv = 0.006463, MinPoint = 5.743, Min = 5.280, Avg. = 10.321, Max = 12.391, 0.0 secs.
2026-09-07 08:22:14,850 [DEBUG] core.argyll_runner: [argyll] Re-seeding
2026-09-07 08:22:14,851 [DEBUG] core.argyll_runner: [argyll] It 18: Maxmv = 0.005609, MinPoint = 5.743, Min = 5.280, Avg. = 10.319, Max = 12.293, 0.0 secs.
2026-09-07 08:22:14,851 [DEBUG] core.argyll_runner: [argyll] Re-seeding
2026-09-07 08:22:14,851 [DEBUG] core.argyll_runner: [argyll] It 19: Maxmv = 0.001380, MinPoint = 5.743, Min = 5.280, Avg. = 10.320, Max = 12.323, 0.0 secs.
2026-09-07 08:22:14,851 [DEBUG] core.argyll_runner: [argyll] Re-seeding
2026-09-07 08:22:14,852 [DEBUG] core.argyll_runner: [argyll] It 20: Maxmv = 0.001368, MinPoint = 5.743, Min = 5.280, Avg. = 10.321, Max = 12.343, 0.0 secs.
2026-09-07 08:22:14,852 [DEBUG] core.argyll_runner: [argyll] After optimization: MinPoint = 5.743, Min = 5.280, Avg. = 10.321, Max = 12.343
2026-09-07 08:22:14,852 [DEBUG] core.argyll_runner: [argyll] Total number of patches = 525
2026-09-07 08:22:14,853 [DEBUG] core.argyll_runner: [argyll] Execution time = 0.969041 seconds
2026-09-07 08:22:14,853 [INFO] core.argyll_runner: ArgyllRunner: finished with code 0
2026-09-07 08:22:15,241 [DEBUG] workflow.chart_creator: Wrote channel sidecar A5-Furniture.channels.json: ['r', 'g', 'b']
2026-09-07 08:22:15,318 [DEBUG] ui.tiff_preview: TiffPreview: loaded 1 page(s)
2026-09-07 08:22:15,318 [INFO] ui.tabs.tab_chart: Preview loaded: 1 TIFF(s)
2026-09-07 08:22:15,363 [DEBUG] ui.tiff_preview: TiffPreview: loaded 1 page(s)
2026-09-07 08:22:15,365 [DEBUG] ui.tiff_preview: TiffPreview: loaded 1 page(s)
2026-09-07 08:22:15,370 [DEBUG] ui.tabs.tab_chart: create-chart settings written for run1 (40 parameters + ui state)
2026-09-07 08:22:17,087 [INFO] assess:   shot Screenshots/A5-furniture/f06-clip-image-preview.png  (2232x1136)
2026-09-07 08:22:17,089 [INFO] assess:   json Test Runs/logs/d04_results.json
2026-09-07 08:22:17,089 [INFO] assess:     est=(525, 25, 21) act=(525, 25, 21) margins=mm | inch | min | Left (to first patch) | 26.0 | 1.023 | 26.0 | Right (to first patch) | 9.1 | 0.358 | 9.0 | Top (to first patch) | 39.0 | 1.537 | 38. notes='' files=['A5-Furniture.channels.json', 'A5-Furniture.ti1', 'A5-Furniture.ti2', 'A5-Furniture.tif', 'meta.json']
2026-09-07 08:22:17,089 [INFO] assess: --- f07-clip-right-w40-flip: clip on the right, 40 mm, flipped
2026-09-07 08:22:17,974 [DEBUG] core.settings: settings.set helper_markers_show = False
2026-09-07 08:22:17,974 [DEBUG] core.settings: settings.set helper_marker_edge_mm = 2.0
2026-09-07 08:22:17,974 [DEBUG] core.settings: settings.set helper_marker_len_mm = 2.0
2026-09-07 08:22:17,974 [DEBUG] core.settings: settings.set helper_marker_per_patch = 3
2026-09-07 08:22:17,974 [DEBUG] core.settings: settings.set helper_markers_top_bottom = True
2026-09-07 08:22:17,974 [DEBUG] core.settings: settings.set helper_markers_sides = True
2026-09-07 08:22:19,800 [DEBUG] core.settings: settings.set helper_markers_show = False
2026-09-07 08:22:19,800 [DEBUG] core.settings: settings.set helper_marker_edge_mm = 2.0
2026-09-07 08:22:19,800 [DEBUG] core.settings: settings.set helper_marker_len_mm = 2.0
2026-09-07 08:22:19,800 [DEBUG] core.settings: settings.set helper_marker_per_patch = 3
2026-09-07 08:22:19,800 [DEBUG] core.settings: settings.set helper_markers_top_bottom = True
2026-09-07 08:22:19,800 [DEBUG] core.settings: settings.set helper_markers_sides = True
2026-09-07 08:22:20,042 [DEBUG] core.settings: settings.set helper_markers_show = False
2026-09-07 08:22:20,042 [DEBUG] core.settings: settings.set helper_marker_edge_mm = 2.0
2026-09-07 08:22:20,042 [DEBUG] core.settings: settings.set helper_marker_len_mm = 2.0
2026-09-07 08:22:20,042 [DEBUG] core.settings: settings.set helper_marker_per_patch = 3
2026-09-07 08:22:20,042 [DEBUG] core.settings: settings.set helper_markers_top_bottom = True
2026-09-07 08:22:20,042 [DEBUG] core.settings: settings.set helper_markers_sides = True
2026-09-07 08:22:20,249 [DEBUG] core.settings: settings.set helper_markers_show = False
2026-09-07 08:22:20,249 [DEBUG] core.settings: settings.set helper_marker_edge_mm = 2.0
2026-09-07 08:22:20,249 [DEBUG] core.settings: settings.set helper_marker_len_mm = 2.0
2026-09-07 08:22:20,249 [DEBUG] core.settings: settings.set helper_marker_per_patch = 3
2026-09-07 08:22:20,249 [DEBUG] core.settings: settings.set helper_markers_top_bottom = True
2026-09-07 08:22:20,249 [DEBUG] core.settings: settings.set helper_markers_sides = True
2026-09-07 08:22:21,017 [INFO] assess:   armed: dialog ~'quite fill' -> click 'OK' 
2026-09-07 08:22:21,017 [INFO] assess:   armed: dialog ~'already' -> click 'Continue this project' 
2026-09-07 08:22:21,018 [INFO] ui.tabs.tab_chart: chart build (Generate Chart) in manual: patch set targen | manual panel: A4, 0x0 grid, margins T38.0 R9.0 B19.0 L26.0
2026-09-07 08:22:21,021 [DEBUG] core.settings: settings.set session_ti3_path = ''
2026-09-07 08:22:21,021 [DEBUG] core.settings: settings.set session_icc_path = ''
2026-09-07 08:22:21,021 [DEBUG] core.settings: settings.set session_cal_ti3_path = ''
2026-09-07 08:22:21,022 [DEBUG] core.file_manager: Target name set to: A5-Furniture (root /Users/Basti/ChromIQ-assessment/A5-Furniture)
2026-09-07 08:22:21,023 [INFO] core.file_manager: opened the EXISTING project at /Users/Basti/ChromIQ-assessment/A5-Furniture (1 run(s) on disk)
2026-09-07 08:22:21,068 [INFO] workflow.chart_creator: Chart generation: 468 patches, instrument=i1 paper=A4 disable_lb=True
2026-09-07 08:22:21,068 [INFO] workflow.chart_creator: targen args: ['-v', '-d2', '-f468', '-e4', '-B4', '-G', '-g27', 'A5-Furniture']
2026-09-07 08:22:21,068 [INFO] core.argyll_runner: Run: /Applications/Argyll/bin/targen -v -d2 -f468 -e4 -B4 -G -g27 A5-Furniture  [cwd=/Users/Basti/ChromIQ-assessment/A5-Furniture/runs/run1]
2026-09-07 08:22:21,130 [DEBUG] core.argyll_runner: [argyll] iRGB test chart
2026-09-07 08:22:21,131 [DEBUG] core.argyll_runner: [argyll] White patches = 4
2026-09-07 08:22:21,131 [DEBUG] core.argyll_runner: [argyll] Black patches = 4
2026-09-07 08:22:21,131 [DEBUG] core.argyll_runner: [argyll] Composite Grey steps = 27
2026-09-07 08:22:21,131 [DEBUG] core.argyll_runner: [argyll] Full spread patches = 468
2026-09-07 08:22:21,131 [DEBUG] core.argyll_runner: [argyll] Degree of adaptation: 0.100
2026-09-07 08:22:21,132 [DEBUG] core.argyll_runner: [argyll] Adaptation weights: Device = 0.935, Perceptual = 0.065, Curvature = 0.010
2026-09-07 08:22:21,132 [DEBUG] core.argyll_runner: [argyll] Perceptual cache resolution = 9
2026-09-07 08:22:21,132 [DEBUG] core.argyll_runner: [argyll] Seeding cache...done
2026-09-07 08:22:21,132 [DEBUG] core.argyll_runner: [argyll] Acceleration grid res = 8
2026-09-07 08:22:21,132 [DEBUG] core.argyll_runner: [argyll] 
2026-09-07 08:22:21,132 [DEBUG] core.argyll_runner: [argyll] There are 27 unique fixed points to add (33 total fixed points)
2026-09-07 08:22:21,133 [DEBUG] core.argyll_runner: [argyll] There are 435 far spread points to add
2026-09-07 08:22:21,133 [DEBUG] core.argyll_runner: [argyll] 
2026-09-07 08:22:21,133 [DEBUG] core.argyll_runner: [argyll] Added 12/462
2026-09-07 08:22:21,133 [DEBUG] core.argyll_runner: [argyll] Added 23/462
2026-09-07 08:22:21,133 [DEBUG] core.argyll_runner: [argyll] Added 34/462
2026-09-07 08:22:21,164 [DEBUG] core.argyll_runner: [argyll] 
2026-09-07 08:22:21,165 [DEBUG] core.argyll_runner: [argyll] Added 45/462
2026-09-07 08:22:21,165 [DEBUG] core.argyll_runner: [argyll] Added 56/462
2026-09-07 08:22:21,165 [DEBUG] core.argyll_runner: [argyll] Added 67/462
2026-09-07 08:22:21,165 [DEBUG] core.argyll_runner: [argyll] Added 78/462
2026-09-07 08:22:21,166 [DEBUG] core.argyll_runner: [argyll] Added 89/462
2026-09-07 08:22:21,166 [DEBUG] core.argyll_runner: [argyll] Added 100/462
2026-09-07 08:22:21,167 [DEBUG] core.argyll_runner: [argyll] Added 111/462
2026-09-07 08:22:21,168 [DEBUG] core.argyll_runner: [argyll] Added 122/462
2026-09-07 08:22:21,169 [DEBUG] core.argyll_runner: [argyll] Added 133/462
2026-09-07 08:22:21,170 [DEBUG] core.argyll_runner: [argyll] Added 144/462
2026-09-07 08:22:21,171 [DEBUG] core.argyll_runner: [argyll] Added 155/462
2026-09-07 08:22:21,173 [DEBUG] core.argyll_runner: [argyll] Added 166/462
2026-09-07 08:22:21,174 [DEBUG] core.argyll_runner: [argyll] Added 177/462
2026-09-07 08:22:21,176 [DEBUG] core.argyll_runner: [argyll] Added 188/462
2026-09-07 08:22:21,177 [DEBUG] core.argyll_runner: [argyll] Added 199/462
2026-09-07 08:22:21,179 [DEBUG] core.argyll_runner: [argyll] Added 210/462
2026-09-07 08:22:21,181 [DEBUG] core.argyll_runner: [argyll] Added 221/462
2026-09-07 08:22:21,183 [DEBUG] core.argyll_runner: [argyll] Added 232/462
2026-09-07 08:22:21,186 [DEBUG] core.argyll_runner: [argyll] Added 243/462
2026-09-07 08:22:21,188 [DEBUG] core.argyll_runner: [argyll] Added 254/462
2026-09-07 08:22:21,190 [DEBUG] core.argyll_runner: [argyll] Added 265/462
2026-09-07 08:22:21,193 [DEBUG] core.argyll_runner: [argyll] Added 276/462
2026-09-07 08:22:21,196 [DEBUG] core.argyll_runner: [argyll] Added 287/462
2026-09-07 08:22:21,199 [DEBUG] core.argyll_runner: [argyll] Added 298/462
2026-09-07 08:22:21,202 [DEBUG] core.argyll_runner: [argyll] Added 309/462
2026-09-07 08:22:21,205 [DEBUG] core.argyll_runner: [argyll] Added 320/462
2026-09-07 08:22:21,208 [DEBUG] core.argyll_runner: [argyll] Added 331/462
2026-09-07 08:22:21,211 [DEBUG] core.argyll_runner: [argyll] Added 342/462
2026-09-07 08:22:21,215 [DEBUG] core.argyll_runner: [argyll] Added 353/462
2026-09-07 08:22:21,218 [DEBUG] core.argyll_runner: [argyll] Added 364/462
2026-09-07 08:22:21,222 [DEBUG] core.argyll_runner: [argyll] Added 375/462
2026-09-07 08:22:21,226 [DEBUG] core.argyll_runner: [argyll] Added 386/462
2026-09-07 08:22:21,230 [DEBUG] core.argyll_runner: [argyll] Added 397/462
2026-09-07 08:22:21,234 [DEBUG] core.argyll_runner: [argyll] Added 408/462
2026-09-07 08:22:21,239 [DEBUG] core.argyll_runner: [argyll] Added 419/462
2026-09-07 08:22:21,243 [DEBUG] core.argyll_runner: [argyll] Added 430/462
2026-09-07 08:22:21,248 [DEBUG] core.argyll_runner: [argyll] Added 441/462
2026-09-07 08:22:21,253 [DEBUG] core.argyll_runner: [argyll] Added 452/462
2026-09-07 08:22:21,258 [DEBUG] core.argyll_runner: [argyll] Added 462/462
2026-09-07 08:22:21,973 [DEBUG] core.argyll_runner: [argyll] 
2026-09-07 08:22:21,974 [DEBUG] core.argyll_runner: [argyll] After seeding points: MinPoint = 4.430, Min = 3.722, Avg. = 11.330, Max = 14.537, 0.1 secs
2026-09-07 08:22:21,975 [DEBUG] core.argyll_runner: [argyll] Re-seeding
2026-09-07 08:22:21,975 [DEBUG] core.argyll_runner: [argyll] It 1: Maxmv = 0.102060, MinPoint = 3.465, Min = 5.458, Avg. = 11.295, Max = 15.226, 0.0 secs.
2026-09-07 08:22:21,975 [DEBUG] core.argyll_runner: [argyll] Re-seeding
2026-09-07 08:22:21,976 [DEBUG] core.argyll_runner: [argyll] It 2: Maxmv = 0.094603, MinPoint = 4.986, Min = 5.889, Avg. = 11.200, Max = 15.075, 0.0 secs.
2026-09-07 08:22:21,976 [DEBUG] core.argyll_runner: [argyll] Re-seeding
2026-09-07 08:22:21,976 [DEBUG] core.argyll_runner: [argyll] It 3: Maxmv = 0.083706, MinPoint = 5.703, Min = 5.889, Avg. = 11.157, Max = 14.514, 0.0 secs.
2026-09-07 08:22:21,976 [DEBUG] core.argyll_runner: [argyll] Re-seeding
2026-09-07 08:22:21,977 [DEBUG] core.argyll_runner: [argyll] It 4: Maxmv = 0.076139, MinPoint = 4.707, Min = 5.889, Avg. = 11.104, Max = 14.881, 0.0 secs.
2026-09-07 08:22:21,977 [DEBUG] core.argyll_runner: [argyll] Re-seeding
2026-09-07 08:22:21,977 [DEBUG] core.argyll_runner: [argyll] It 5: Maxmv = 0.072923, MinPoint = 6.405, Min = 5.889, Avg. = 11.026, Max = 14.288, 0.0 secs.
2026-09-07 08:22:21,977 [DEBUG] core.argyll_runner: [argyll] Re-seeding
2026-09-07 08:22:21,978 [DEBUG] core.argyll_runner: [argyll] It 6: Maxmv = 0.056110, MinPoint = 6.405, Min = 5.889, Avg. = 11.031, Max = 14.060, 0.0 secs.
2026-09-07 08:22:21,978 [DEBUG] core.argyll_runner: [argyll] Re-seeding
2026-09-07 08:22:21,978 [DEBUG] core.argyll_runner: [argyll] It 7: Maxmv = 0.050238, MinPoint = 6.405, Min = 5.889, Avg. = 10.972, Max = 14.269, 0.0 secs.
2026-09-07 08:22:21,978 [DEBUG] core.argyll_runner: [argyll] Re-seeding
2026-09-07 08:22:21,979 [DEBUG] core.argyll_runner: [argyll] It 8: Maxmv = 0.051799, MinPoint = 6.405, Min = 5.889, Avg. = 10.938, Max = 14.041, 0.0 secs.
2026-09-07 08:22:21,979 [DEBUG] core.argyll_runner: [argyll] Re-seeding
2026-09-07 08:22:21,979 [DEBUG] core.argyll_runner: [argyll] It 9: Maxmv = 0.046342, MinPoint = 6.405, Min = 5.889, Avg. = 10.913, Max = 14.106, 0.0 secs.
2026-09-07 08:22:21,979 [DEBUG] core.argyll_runner: [argyll] Re-seeding
2026-09-07 08:22:21,980 [DEBUG] core.argyll_runner: [argyll] It 10: Maxmv = 0.034354, MinPoint = 6.405, Min = 5.889, Avg. = 10.880, Max = 13.776, 0.0 secs.
2026-09-07 08:22:21,980 [DEBUG] core.argyll_runner: [argyll] Re-seeding
2026-09-07 08:22:21,980 [DEBUG] core.argyll_runner: [argyll] It 11: Maxmv = 0.033322, MinPoint = 6.405, Min = 5.889, Avg. = 10.855, Max = 13.996, 0.0 secs.
2026-09-07 08:22:21,980 [DEBUG] core.argyll_runner: [argyll] Re-seeding
2026-09-07 08:22:21,981 [DEBUG] core.argyll_runner: [argyll] It 12: Maxmv = 0.023538, MinPoint = 6.405, Min = 5.889, Avg. = 10.842, Max = 13.534, 0.0 secs.
2026-09-07 08:22:21,981 [DEBUG] core.argyll_runner: [argyll] Re-seeding
2026-09-07 08:22:21,981 [DEBUG] core.argyll_runner: [argyll] It 13: Maxmv = 0.026209, MinPoint = 6.405, Min = 5.889, Avg. = 10.832, Max = 14.100, 0.0 secs.
2026-09-07 08:22:21,981 [DEBUG] core.argyll_runner: [argyll] Re-seeding
2026-09-07 08:22:21,982 [DEBUG] core.argyll_runner: [argyll] It 14: Maxmv = 0.018357, MinPoint = 6.405, Min = 5.889, Avg. = 10.828, Max = 13.642, 0.0 secs.
2026-09-07 08:22:21,982 [DEBUG] core.argyll_runner: [argyll] Re-seeding
2026-09-07 08:22:21,982 [DEBUG] core.argyll_runner: [argyll] It 15: Maxmv = 0.014129, MinPoint = 6.405, Min = 5.889, Avg. = 10.817, Max = 13.630, 0.0 secs.
2026-09-07 08:22:21,982 [DEBUG] core.argyll_runner: [argyll] Re-seeding
2026-09-07 08:22:21,983 [DEBUG] core.argyll_runner: [argyll] It 16: Maxmv = 0.010656, MinPoint = 6.405, Min = 5.889, Avg. = 10.811, Max = 13.539, 0.0 secs.
2026-09-07 08:22:21,983 [DEBUG] core.argyll_runner: [argyll] Re-seeding
2026-09-07 08:22:21,983 [DEBUG] core.argyll_runner: [argyll] It 17: Maxmv = 0.007530, MinPoint = 6.405, Min = 5.889, Avg. = 10.809, Max = 13.747, 0.0 secs.
2026-09-07 08:22:21,983 [DEBUG] core.argyll_runner: [argyll] Re-seeding
2026-09-07 08:22:21,984 [DEBUG] core.argyll_runner: [argyll] It 18: Maxmv = 0.004962, MinPoint = 6.405, Min = 5.889, Avg. = 10.807, Max = 13.640, 0.0 secs.
2026-09-07 08:22:21,984 [DEBUG] core.argyll_runner: [argyll] Re-seeding
2026-09-07 08:22:21,984 [DEBUG] core.argyll_runner: [argyll] It 19: Maxmv = 0.001970, MinPoint = 6.405, Min = 5.889, Avg. = 10.808, Max = 13.703, 0.0 secs.
2026-09-07 08:22:21,984 [DEBUG] core.argyll_runner: [argyll] Re-seeding
2026-09-07 08:22:21,985 [DEBUG] core.argyll_runner: [argyll] It 20: Maxmv = 0.001594, MinPoint = 6.405, Min = 5.889, Avg. = 10.807, Max = 13.755, 0.0 secs.
2026-09-07 08:22:21,985 [DEBUG] core.argyll_runner: [argyll] After optimization: MinPoint = 6.405, Min = 5.889, Avg. = 10.807, Max = 13.755
2026-09-07 08:22:21,985 [DEBUG] core.argyll_runner: [argyll] Total number of patches = 468
2026-09-07 08:22:21,985 [DEBUG] core.argyll_runner: [argyll] Execution time = 0.839303 seconds
2026-09-07 08:22:21,986 [INFO] core.argyll_runner: ArgyllRunner: finished with code 0
2026-09-07 08:22:22,333 [DEBUG] workflow.chart_creator: Wrote channel sidecar A5-Furniture.channels.json: ['r', 'g', 'b']
2026-09-07 08:22:22,412 [DEBUG] ui.tiff_preview: TiffPreview: loaded 1 page(s)
2026-09-07 08:22:22,412 [INFO] ui.tabs.tab_chart: Preview loaded: 1 TIFF(s)
2026-09-07 08:22:22,455 [DEBUG] ui.tiff_preview: TiffPreview: loaded 1 page(s)
2026-09-07 08:22:22,456 [DEBUG] ui.tiff_preview: TiffPreview: loaded 1 page(s)
2026-09-07 08:22:22,461 [DEBUG] ui.tabs.tab_chart: create-chart settings written for run1 (40 parameters + ui state)
2026-09-07 08:22:24,194 [INFO] assess:   shot Screenshots/A5-furniture/f07-clip-right-w40-flip-preview.png  (2232x1136)
2026-09-07 08:22:24,195 [INFO] assess:   json Test Runs/logs/d04_results.json
2026-09-07 08:22:24,195 [INFO] assess:     est=(468, 26, 18) act=(468, 26, 18) margins=mm | inch | min | Left (to first patch) | 26.2 | 1.030 | 26.0 | Right (to first patch) | 40.0 | 1.574 | 9.0 | Top (to first patch) | 39.0 | 1.537 | 38 notes='' files=['A5-Furniture.channels.json', 'A5-Furniture.ti1', 'A5-Furniture.ti2', 'A5-Furniture.tif', 'meta.json']
2026-09-07 08:22:24,195 [INFO] assess: --- f08-no-strip-indicators: strip indicators off
2026-09-07 08:22:25,215 [DEBUG] core.settings: settings.set helper_markers_show = False
2026-09-07 08:22:25,215 [DEBUG] core.settings: settings.set helper_marker_edge_mm = 2.0
2026-09-07 08:22:25,215 [DEBUG] core.settings: settings.set helper_marker_len_mm = 2.0
2026-09-07 08:22:25,215 [DEBUG] core.settings: settings.set helper_marker_per_patch = 3
2026-09-07 08:22:25,215 [DEBUG] core.settings: settings.set helper_markers_top_bottom = True
2026-09-07 08:22:25,215 [DEBUG] core.settings: settings.set helper_markers_sides = True
2026-09-07 08:22:25,444 [DEBUG] core.settings: settings.set helper_markers_show = False
2026-09-07 08:22:25,445 [DEBUG] core.settings: settings.set helper_marker_edge_mm = 2.0
2026-09-07 08:22:25,445 [DEBUG] core.settings: settings.set helper_marker_len_mm = 2.0
2026-09-07 08:22:25,445 [DEBUG] core.settings: settings.set helper_marker_per_patch = 3
2026-09-07 08:22:25,445 [DEBUG] core.settings: settings.set helper_markers_top_bottom = True
2026-09-07 08:22:25,445 [DEBUG] core.settings: settings.set helper_markers_sides = True
2026-09-07 08:22:25,648 [DEBUG] core.settings: settings.set helper_markers_show = False
2026-09-07 08:22:25,648 [DEBUG] core.settings: settings.set helper_marker_edge_mm = 2.0
2026-09-07 08:22:25,648 [DEBUG] core.settings: settings.set helper_marker_len_mm = 2.0
2026-09-07 08:22:25,648 [DEBUG] core.settings: settings.set helper_marker_per_patch = 3
2026-09-07 08:22:25,648 [DEBUG] core.settings: settings.set helper_markers_top_bottom = True
2026-09-07 08:22:25,648 [DEBUG] core.settings: settings.set helper_markers_sides = True
2026-09-07 08:22:27,144 [DEBUG] core.settings: settings.set helper_markers_show = False
2026-09-07 08:22:27,144 [DEBUG] core.settings: settings.set helper_marker_edge_mm = 2.0
2026-09-07 08:22:27,144 [DEBUG] core.settings: settings.set helper_marker_len_mm = 2.0
2026-09-07 08:22:27,144 [DEBUG] core.settings: settings.set helper_marker_per_patch = 3
2026-09-07 08:22:27,144 [DEBUG] core.settings: settings.set helper_markers_top_bottom = True
2026-09-07 08:22:27,144 [DEBUG] core.settings: settings.set helper_markers_sides = True
2026-09-07 08:22:27,169 [DEBUG] core.settings: settings.set helper_markers_show = False
2026-09-07 08:22:27,169 [DEBUG] core.settings: settings.set helper_marker_edge_mm = 2.0
2026-09-07 08:22:27,170 [DEBUG] core.settings: settings.set helper_marker_len_mm = 2.0
2026-09-07 08:22:27,170 [DEBUG] core.settings: settings.set helper_marker_per_patch = 3
2026-09-07 08:22:27,170 [DEBUG] core.settings: settings.set helper_markers_top_bottom = True
2026-09-07 08:22:27,170 [DEBUG] core.settings: settings.set helper_markers_sides = True
2026-09-07 08:22:27,931 [INFO] assess:   armed: dialog ~'quite fill' -> click 'OK' 
2026-09-07 08:22:27,931 [INFO] assess:   armed: dialog ~'already' -> click 'Continue this project' 
2026-09-07 08:22:27,932 [INFO] ui.tabs.tab_chart: chart build (Generate Chart) in manual: patch set targen | manual panel: A4, 0x0 grid, margins T38.0 R9.0 B19.0 L26.0
2026-09-07 08:22:27,936 [DEBUG] core.settings: settings.set session_ti3_path = ''
2026-09-07 08:22:27,936 [DEBUG] core.settings: settings.set session_icc_path = ''
2026-09-07 08:22:27,936 [DEBUG] core.settings: settings.set session_cal_ti3_path = ''
2026-09-07 08:22:27,938 [DEBUG] core.file_manager: Target name set to: A5-Furniture (root /Users/Basti/ChromIQ-assessment/A5-Furniture)
2026-09-07 08:22:27,939 [INFO] core.file_manager: opened the EXISTING project at /Users/Basti/ChromIQ-assessment/A5-Furniture (1 run(s) on disk)
2026-09-07 08:22:27,968 [INFO] workflow.chart_creator: Chart generation: 525 patches, instrument=i1 paper=A4 disable_lb=True
2026-09-07 08:22:27,968 [INFO] workflow.chart_creator: targen args: ['-v', '-d2', '-f525', '-e4', '-B4', '-G', '-g30', 'A5-Furniture']
2026-09-07 08:22:27,968 [INFO] core.argyll_runner: Run: /Applications/Argyll/bin/targen -v -d2 -f525 -e4 -B4 -G -g30 A5-Furniture  [cwd=/Users/Basti/ChromIQ-assessment/A5-Furniture/runs/run1]
2026-09-07 08:22:28,034 [DEBUG] core.argyll_runner: [argyll] iRGB test chart
2026-09-07 08:22:28,034 [DEBUG] core.argyll_runner: [argyll] White patches = 4
2026-09-07 08:22:28,034 [DEBUG] core.argyll_runner: [argyll] Black patches = 4
2026-09-07 08:22:28,034 [DEBUG] core.argyll_runner: [argyll] Composite Grey steps = 30
2026-09-07 08:22:28,034 [DEBUG] core.argyll_runner: [argyll] Full spread patches = 525
2026-09-07 08:22:28,035 [DEBUG] core.argyll_runner: [argyll] Degree of adaptation: 0.100
2026-09-07 08:22:28,035 [DEBUG] core.argyll_runner: [argyll] Adaptation weights: Device = 0.935, Perceptual = 0.065, Curvature = 0.010
2026-09-07 08:22:28,035 [DEBUG] core.argyll_runner: [argyll] Perceptual cache resolution = 9
2026-09-07 08:22:28,035 [DEBUG] core.argyll_runner: [argyll] Seeding cache...done
2026-09-07 08:22:28,035 [DEBUG] core.argyll_runner: [argyll] Acceleration grid res = 9
2026-09-07 08:22:28,036 [DEBUG] core.argyll_runner: [argyll] 
2026-09-07 08:22:28,036 [DEBUG] core.argyll_runner: [argyll] There are 30 unique fixed points to add (36 total fixed points)
2026-09-07 08:22:28,036 [DEBUG] core.argyll_runner: [argyll] There are 489 far spread points to add
2026-09-07 08:22:28,036 [DEBUG] core.argyll_runner: [argyll] 
2026-09-07 08:22:28,036 [DEBUG] core.argyll_runner: [argyll] Added 12/519
2026-09-07 08:22:28,036 [DEBUG] core.argyll_runner: [argyll] Added 23/519
2026-09-07 08:22:28,037 [DEBUG] core.argyll_runner: [argyll] Added 34/519
2026-09-07 08:22:28,057 [DEBUG] core.argyll_runner: [argyll] 
2026-09-07 08:22:28,057 [DEBUG] core.argyll_runner: [argyll] Added 45/519
2026-09-07 08:22:28,057 [DEBUG] core.argyll_runner: [argyll] Added 56/519
2026-09-07 08:22:28,058 [DEBUG] core.argyll_runner: [argyll] Added 67/519
2026-09-07 08:22:28,058 [DEBUG] core.argyll_runner: [argyll] Added 78/519
2026-09-07 08:22:28,058 [DEBUG] core.argyll_runner: [argyll] Added 89/519
2026-09-07 08:22:28,059 [DEBUG] core.argyll_runner: [argyll] Added 100/519
2026-09-07 08:22:28,060 [DEBUG] core.argyll_runner: [argyll] Added 111/519
2026-09-07 08:22:28,061 [DEBUG] core.argyll_runner: [argyll] Added 122/519
2026-09-07 08:22:28,062 [DEBUG] core.argyll_runner: [argyll] Added 133/519
2026-09-07 08:22:28,063 [DEBUG] core.argyll_runner: [argyll] Added 144/519
2026-09-07 08:22:28,064 [DEBUG] core.argyll_runner: [argyll] Added 155/519
2026-09-07 08:22:28,065 [DEBUG] core.argyll_runner: [argyll] Added 166/519
2026-09-07 08:22:28,067 [DEBUG] core.argyll_runner: [argyll] Added 177/519
2026-09-07 08:22:28,068 [DEBUG] core.argyll_runner: [argyll] Added 188/519
2026-09-07 08:22:28,070 [DEBUG] core.argyll_runner: [argyll] Added 199/519
2026-09-07 08:22:28,072 [DEBUG] core.argyll_runner: [argyll] Added 210/519
2026-09-07 08:22:28,074 [DEBUG] core.argyll_runner: [argyll] Added 221/519
2026-09-07 08:22:28,076 [DEBUG] core.argyll_runner: [argyll] Added 232/519
2026-09-07 08:22:28,078 [DEBUG] core.argyll_runner: [argyll] Added 243/519
2026-09-07 08:22:28,081 [DEBUG] core.argyll_runner: [argyll] Added 254/519
2026-09-07 08:22:28,083 [DEBUG] core.argyll_runner: [argyll] Added 265/519
2026-09-07 08:22:28,086 [DEBUG] core.argyll_runner: [argyll] Added 276/519
2026-09-07 08:22:28,088 [DEBUG] core.argyll_runner: [argyll] Added 287/519
2026-09-07 08:22:28,104 [DEBUG] core.argyll_runner: [argyll] 
2026-09-07 08:22:28,105 [DEBUG] core.argyll_runner: [argyll] Added 298/519
2026-09-07 08:22:28,105 [DEBUG] core.argyll_runner: [argyll] Added 309/519
2026-09-07 08:22:28,105 [DEBUG] core.argyll_runner: [argyll] Added 320/519
2026-09-07 08:22:28,106 [DEBUG] core.argyll_runner: [argyll] Added 331/519
2026-09-07 08:22:28,106 [DEBUG] core.argyll_runner: [argyll] Added 342/519
2026-09-07 08:22:28,107 [DEBUG] core.argyll_runner: [argyll] Added 353/519
2026-09-07 08:22:28,108 [DEBUG] core.argyll_runner: [argyll] Added 364/519
2026-09-07 08:22:28,108 [DEBUG] core.argyll_runner: [argyll] Added 375/519
2026-09-07 08:22:28,109 [DEBUG] core.argyll_runner: [argyll] Added 386/519
2026-09-07 08:22:28,111 [DEBUG] core.argyll_runner: [argyll] Added 397/519
2026-09-07 08:22:28,112 [DEBUG] core.argyll_runner: [argyll] Added 408/519
2026-09-07 08:22:28,113 [DEBUG] core.argyll_runner: [argyll] Added 419/519
2026-09-07 08:22:28,115 [DEBUG] core.argyll_runner: [argyll] Added 430/519
2026-09-07 08:22:28,116 [DEBUG] core.argyll_runner: [argyll] Added 441/519
2026-09-07 08:22:28,118 [DEBUG] core.argyll_runner: [argyll] Added 452/519
2026-09-07 08:22:28,120 [DEBUG] core.argyll_runner: [argyll] Added 463/519
2026-09-07 08:22:28,122 [DEBUG] core.argyll_runner: [argyll] Added 474/519
2026-09-07 08:22:28,124 [DEBUG] core.argyll_runner: [argyll] Added 485/519
2026-09-07 08:22:28,126 [DEBUG] core.argyll_runner: [argyll] Added 496/519
2026-09-07 08:22:28,129 [DEBUG] core.argyll_runner: [argyll] Added 507/519
2026-09-07 08:22:28,131 [DEBUG] core.argyll_runner: [argyll] Added 518/519
2026-09-07 08:22:28,134 [DEBUG] core.argyll_runner: [argyll] Added 519/519
2026-09-07 08:22:29,005 [DEBUG] core.argyll_runner: [argyll] 
2026-09-07 08:22:29,006 [DEBUG] core.argyll_runner: [argyll] After seeding points: MinPoint = 4.448, Min = 4.322, Avg. = 10.848, Max = 14.666, 0.1 secs
2026-09-07 08:22:29,006 [DEBUG] core.argyll_runner: [argyll] Re-seeding
2026-09-07 08:22:29,006 [DEBUG] core.argyll_runner: [argyll] It 1: Maxmv = 0.103363, MinPoint = 3.460, Min = 4.005, Avg. = 10.861, Max = 14.358, 0.0 secs.
2026-09-07 08:22:29,007 [DEBUG] core.argyll_runner: [argyll] Re-seeding
2026-09-07 08:22:29,007 [DEBUG] core.argyll_runner: [argyll] It 2: Maxmv = 0.084402, MinPoint = 5.380, Min = 5.280, Avg. = 10.758, Max = 13.964, 0.0 secs.
2026-09-07 08:22:29,007 [DEBUG] core.argyll_runner: [argyll] Re-seeding
2026-09-07 08:22:29,008 [DEBUG] core.argyll_runner: [argyll] It 3: Maxmv = 0.076162, MinPoint = 5.428, Min = 5.280, Avg. = 10.700, Max = 13.835, 0.0 secs.
2026-09-07 08:22:29,008 [DEBUG] core.argyll_runner: [argyll] Re-seeding
2026-09-07 08:22:29,008 [DEBUG] core.argyll_runner: [argyll] It 4: Maxmv = 0.072726, MinPoint = 5.743, Min = 5.280, Avg. = 10.603, Max = 14.075, 0.0 secs.
2026-09-07 08:22:29,008 [DEBUG] core.argyll_runner: [argyll] Re-seeding
2026-09-07 08:22:29,009 [DEBUG] core.argyll_runner: [argyll] It 5: Maxmv = 0.068513, MinPoint = 5.743, Min = 5.280, Avg. = 10.535, Max = 13.679, 0.0 secs.
2026-09-07 08:22:29,009 [DEBUG] core.argyll_runner: [argyll] Re-seeding
2026-09-07 08:22:29,009 [DEBUG] core.argyll_runner: [argyll] It 6: Maxmv = 0.056321, MinPoint = 5.743, Min = 5.280, Avg. = 10.518, Max = 13.779, 0.0 secs.
2026-09-07 08:22:29,009 [DEBUG] core.argyll_runner: [argyll] Re-seeding
2026-09-07 08:22:29,010 [DEBUG] core.argyll_runner: [argyll] It 7: Maxmv = 0.059854, MinPoint = 5.743, Min = 5.280, Avg. = 10.461, Max = 13.725, 0.0 secs.
2026-09-07 08:22:29,010 [DEBUG] core.argyll_runner: [argyll] Re-seeding
2026-09-07 08:22:29,010 [DEBUG] core.argyll_runner: [argyll] It 8: Maxmv = 0.051345, MinPoint = 5.743, Min = 5.280, Avg. = 10.437, Max = 13.448, 0.0 secs.
2026-09-07 08:22:29,010 [DEBUG] core.argyll_runner: [argyll] Re-seeding
2026-09-07 08:22:29,011 [DEBUG] core.argyll_runner: [argyll] It 9: Maxmv = 0.040554, MinPoint = 5.743, Min = 5.280, Avg. = 10.411, Max = 13.065, 0.0 secs.
2026-09-07 08:22:29,011 [DEBUG] core.argyll_runner: [argyll] Re-seeding
2026-09-07 08:22:29,011 [DEBUG] core.argyll_runner: [argyll] It 10: Maxmv = 0.030994, MinPoint = 5.743, Min = 5.280, Avg. = 10.383, Max = 12.735, 0.0 secs.
2026-09-07 08:22:29,011 [DEBUG] core.argyll_runner: [argyll] Re-seeding
2026-09-07 08:22:29,012 [DEBUG] core.argyll_runner: [argyll] It 11: Maxmv = 0.032989, MinPoint = 5.743, Min = 5.280, Avg. = 10.373, Max = 12.994, 0.0 secs.
2026-09-07 08:22:29,012 [DEBUG] core.argyll_runner: [argyll] Re-seeding
2026-09-07 08:22:29,012 [DEBUG] core.argyll_runner: [argyll] It 12: Maxmv = 0.030487, MinPoint = 5.743, Min = 5.280, Avg. = 10.349, Max = 12.936, 0.0 secs.
2026-09-07 08:22:29,012 [DEBUG] core.argyll_runner: [argyll] Re-seeding
2026-09-07 08:22:29,013 [DEBUG] core.argyll_runner: [argyll] It 13: Maxmv = 0.021481, MinPoint = 5.743, Min = 5.280, Avg. = 10.346, Max = 12.600, 0.0 secs.
2026-09-07 08:22:29,013 [DEBUG] core.argyll_runner: [argyll] Re-seeding
2026-09-07 08:22:29,013 [DEBUG] core.argyll_runner: [argyll] It 14: Maxmv = 0.016377, MinPoint = 5.743, Min = 5.280, Avg. = 10.329, Max = 12.441, 0.0 secs.
2026-09-07 08:22:29,013 [DEBUG] core.argyll_runner: [argyll] Re-seeding
2026-09-07 08:22:29,014 [DEBUG] core.argyll_runner: [argyll] It 15: Maxmv = 0.013408, MinPoint = 5.743, Min = 5.280, Avg. = 10.331, Max = 12.462, 0.0 secs.
2026-09-07 08:22:29,014 [DEBUG] core.argyll_runner: [argyll] Re-seeding
2026-09-07 08:22:29,014 [DEBUG] core.argyll_runner: [argyll] It 16: Maxmv = 0.011614, MinPoint = 5.743, Min = 5.280, Avg. = 10.321, Max = 12.261, 0.0 secs.
2026-09-07 08:22:29,014 [DEBUG] core.argyll_runner: [argyll] Re-seeding
2026-09-07 08:22:29,015 [DEBUG] core.argyll_runner: [argyll] It 17: Maxmv = 0.006463, MinPoint = 5.743, Min = 5.280, Avg. = 10.321, Max = 12.391, 0.0 secs.
2026-09-07 08:22:29,015 [DEBUG] core.argyll_runner: [argyll] Re-seeding
2026-09-07 08:22:29,015 [DEBUG] core.argyll_runner: [argyll] It 18: Maxmv = 0.005609, MinPoint = 5.743, Min = 5.280, Avg. = 10.319, Max = 12.293, 0.0 secs.
2026-09-07 08:22:29,015 [DEBUG] core.argyll_runner: [argyll] Re-seeding
2026-09-07 08:22:29,016 [DEBUG] core.argyll_runner: [argyll] It 19: Maxmv = 0.001380, MinPoint = 5.743, Min = 5.280, Avg. = 10.320, Max = 12.323, 0.0 secs.
2026-09-07 08:22:29,016 [DEBUG] core.argyll_runner: [argyll] Re-seeding
2026-09-07 08:22:29,016 [DEBUG] core.argyll_runner: [argyll] It 20: Maxmv = 0.001368, MinPoint = 5.743, Min = 5.280, Avg. = 10.321, Max = 12.343, 0.0 secs.
2026-09-07 08:22:29,016 [DEBUG] core.argyll_runner: [argyll] After optimization: MinPoint = 5.743, Min = 5.280, Avg. = 10.321, Max = 12.343
2026-09-07 08:22:29,017 [DEBUG] core.argyll_runner: [argyll] Total number of patches = 525
2026-09-07 08:22:29,017 [DEBUG] core.argyll_runner: [argyll] Execution time = 0.970357 seconds
2026-09-07 08:22:29,017 [INFO] core.argyll_runner: ArgyllRunner: finished with code 0
2026-09-07 08:22:29,114 [DEBUG] workflow.chart_creator: Wrote channel sidecar A5-Furniture.channels.json: ['r', 'g', 'b']
2026-09-07 08:22:29,191 [DEBUG] ui.tiff_preview: TiffPreview: loaded 1 page(s)
2026-09-07 08:22:29,191 [INFO] ui.tabs.tab_chart: Preview loaded: 1 TIFF(s)
2026-09-07 08:22:29,208 [DEBUG] ui.tiff_preview: TiffPreview: loaded 1 page(s)
2026-09-07 08:22:29,210 [DEBUG] ui.tiff_preview: TiffPreview: loaded 1 page(s)
2026-09-07 08:22:29,216 [DEBUG] ui.tabs.tab_chart: create-chart settings written for run1 (40 parameters + ui state)
2026-09-07 08:22:30,924 [INFO] assess:   shot Screenshots/A5-furniture/f08-no-strip-indicators-preview.png  (2232x1136)
2026-09-07 08:22:30,926 [INFO] assess:   json Test Runs/logs/d04_results.json
2026-09-07 08:22:30,926 [INFO] assess:     est=(525, 25, 21) act=(525, 25, 21) margins=mm | inch | min | Left (to first patch) | 26.0 | 1.023 | 26.0 | Right (to first patch) | 9.1 | 0.358 | 9.0 | Top (to first patch) | 39.0 | 1.537 | 38. notes='' files=['A5-Furniture.channels.json', 'A5-Furniture.ti1', 'A5-Furniture.ti2', 'A5-Furniture.tif', 'meta.json']
2026-09-07 08:22:30,926 [INFO] assess: --- f09-row-indicators: row indicators on
2026-09-07 08:22:32,233 [DEBUG] core.settings: settings.set helper_markers_show = False
2026-09-07 08:22:32,233 [DEBUG] core.settings: settings.set helper_marker_edge_mm = 2.0
2026-09-07 08:22:32,233 [DEBUG] core.settings: settings.set helper_marker_len_mm = 2.0
2026-09-07 08:22:32,233 [DEBUG] core.settings: settings.set helper_marker_per_patch = 3
2026-09-07 08:22:32,233 [DEBUG] core.settings: settings.set helper_markers_top_bottom = True
2026-09-07 08:22:32,233 [DEBUG] core.settings: settings.set helper_markers_sides = True
2026-09-07 08:22:32,294 [DEBUG] core.settings: settings.set helper_markers_show = False
2026-09-07 08:22:32,294 [DEBUG] core.settings: settings.set helper_marker_edge_mm = 2.0
2026-09-07 08:22:32,294 [DEBUG] core.settings: settings.set helper_marker_len_mm = 2.0
2026-09-07 08:22:32,294 [DEBUG] core.settings: settings.set helper_marker_per_patch = 3
2026-09-07 08:22:32,294 [DEBUG] core.settings: settings.set helper_markers_top_bottom = True
2026-09-07 08:22:32,294 [DEBUG] core.settings: settings.set helper_markers_sides = True
2026-09-07 08:22:33,836 [DEBUG] core.settings: settings.set helper_markers_show = False
2026-09-07 08:22:33,836 [DEBUG] core.settings: settings.set helper_marker_edge_mm = 2.0
2026-09-07 08:22:33,836 [DEBUG] core.settings: settings.set helper_marker_len_mm = 2.0
2026-09-07 08:22:33,836 [DEBUG] core.settings: settings.set helper_marker_per_patch = 3
2026-09-07 08:22:33,836 [DEBUG] core.settings: settings.set helper_markers_top_bottom = True
2026-09-07 08:22:33,836 [DEBUG] core.settings: settings.set helper_markers_sides = True
2026-09-07 08:22:33,922 [DEBUG] core.settings: settings.set helper_markers_show = False
2026-09-07 08:22:33,922 [DEBUG] core.settings: settings.set helper_marker_edge_mm = 2.0
2026-09-07 08:22:33,922 [DEBUG] core.settings: settings.set helper_marker_len_mm = 2.0
2026-09-07 08:22:33,922 [DEBUG] core.settings: settings.set helper_marker_per_patch = 3
2026-09-07 08:22:33,922 [DEBUG] core.settings: settings.set helper_markers_top_bottom = True
2026-09-07 08:22:33,922 [DEBUG] core.settings: settings.set helper_markers_sides = True
2026-09-07 08:22:34,696 [INFO] assess:   armed: dialog ~'quite fill' -> click 'OK' 
2026-09-07 08:22:34,696 [INFO] assess:   armed: dialog ~'already' -> click 'Continue this project' 
2026-09-07 08:22:34,697 [INFO] ui.tabs.tab_chart: chart build (Generate Chart) in manual: patch set targen | manual panel: A4, 0x0 grid, margins T38.0 R9.0 B19.0 L26.0
2026-09-07 08:22:34,699 [DEBUG] core.settings: settings.set session_ti3_path = ''
2026-09-07 08:22:34,699 [DEBUG] core.settings: settings.set session_icc_path = ''
2026-09-07 08:22:34,699 [DEBUG] core.settings: settings.set session_cal_ti3_path = ''
2026-09-07 08:22:34,701 [DEBUG] core.file_manager: Target name set to: A5-Furniture (root /Users/Basti/ChromIQ-assessment/A5-Furniture)
2026-09-07 08:22:34,701 [INFO] core.file_manager: opened the EXISTING project at /Users/Basti/ChromIQ-assessment/A5-Furniture (1 run(s) on disk)
2026-09-07 08:22:34,760 [INFO] workflow.chart_creator: Chart generation: 500 patches, instrument=i1 paper=A4 disable_lb=True
2026-09-07 08:22:34,760 [INFO] workflow.chart_creator: targen args: ['-v', '-d2', '-f500', '-e4', '-B4', '-G', '-g29', 'A5-Furniture']
2026-09-07 08:22:34,760 [INFO] core.argyll_runner: Run: /Applications/Argyll/bin/targen -v -d2 -f500 -e4 -B4 -G -g29 A5-Furniture  [cwd=/Users/Basti/ChromIQ-assessment/A5-Furniture/runs/run1]
2026-09-07 08:22:34,825 [DEBUG] core.argyll_runner: [argyll] iRGB test chart
2026-09-07 08:22:34,826 [DEBUG] core.argyll_runner: [argyll] White patches = 4
2026-09-07 08:22:34,826 [DEBUG] core.argyll_runner: [argyll] Black patches = 4
2026-09-07 08:22:34,826 [DEBUG] core.argyll_runner: [argyll] Composite Grey steps = 29
2026-09-07 08:22:34,826 [DEBUG] core.argyll_runner: [argyll] Full spread patches = 500
2026-09-07 08:22:34,826 [DEBUG] core.argyll_runner: [argyll] Degree of adaptation: 0.100
2026-09-07 08:22:34,826 [DEBUG] core.argyll_runner: [argyll] Adaptation weights: Device = 0.935, Perceptual = 0.065, Curvature = 0.010
2026-09-07 08:22:34,827 [DEBUG] core.argyll_runner: [argyll] Perceptual cache resolution = 9
2026-09-07 08:22:34,827 [DEBUG] core.argyll_runner: [argyll] Seeding cache...done
2026-09-07 08:22:34,827 [DEBUG] core.argyll_runner: [argyll] Acceleration grid res = 9
2026-09-07 08:22:34,827 [DEBUG] core.argyll_runner: [argyll] 
2026-09-07 08:22:34,827 [DEBUG] core.argyll_runner: [argyll] There are 29 unique fixed points to add (35 total fixed points)
2026-09-07 08:22:34,827 [DEBUG] core.argyll_runner: [argyll] There are 465 far spread points to add
2026-09-07 08:22:34,828 [DEBUG] core.argyll_runner: [argyll] 
2026-09-07 08:22:34,828 [DEBUG] core.argyll_runner: [argyll] Added 12/494
2026-09-07 08:22:34,828 [DEBUG] core.argyll_runner: [argyll] Added 23/494
2026-09-07 08:22:34,828 [DEBUG] core.argyll_runner: [argyll] Added 34/494
2026-09-07 08:22:34,828 [DEBUG] core.argyll_runner: [argyll] Added 45/494
2026-09-07 08:22:34,829 [DEBUG] core.argyll_runner: [argyll] Added 56/494
2026-09-07 08:22:34,829 [DEBUG] core.argyll_runner: [argyll] Added 67/494
2026-09-07 08:22:34,830 [DEBUG] core.argyll_runner: [argyll] Added 78/494
2026-09-07 08:22:34,830 [DEBUG] core.argyll_runner: [argyll] Added 89/494
2026-09-07 08:22:34,831 [DEBUG] core.argyll_runner: [argyll] Added 100/494
2026-09-07 08:22:34,832 [DEBUG] core.argyll_runner: [argyll] Added 111/494
2026-09-07 08:22:34,853 [DEBUG] core.argyll_runner: [argyll] 
2026-09-07 08:22:34,854 [DEBUG] core.argyll_runner: [argyll] Added 122/494
2026-09-07 08:22:34,854 [DEBUG] core.argyll_runner: [argyll] Added 133/494
2026-09-07 08:22:34,854 [DEBUG] core.argyll_runner: [argyll] Added 144/494
2026-09-07 08:22:34,854 [DEBUG] core.argyll_runner: [argyll] Added 155/494
2026-09-07 08:22:34,855 [DEBUG] core.argyll_runner: [argyll] Added 166/494
2026-09-07 08:22:34,856 [DEBUG] core.argyll_runner: [argyll] Added 177/494
2026-09-07 08:22:34,856 [DEBUG] core.argyll_runner: [argyll] Added 188/494
2026-09-07 08:22:34,857 [DEBUG] core.argyll_runner: [argyll] Added 199/494
2026-09-07 08:22:34,858 [DEBUG] core.argyll_runner: [argyll] Added 210/494
2026-09-07 08:22:34,859 [DEBUG] core.argyll_runner: [argyll] Added 221/494
2026-09-07 08:22:34,861 [DEBUG] core.argyll_runner: [argyll] Added 232/494
2026-09-07 08:22:34,862 [DEBUG] core.argyll_runner: [argyll] Added 243/494
2026-09-07 08:22:34,864 [DEBUG] core.argyll_runner: [argyll] Added 254/494
2026-09-07 08:22:34,865 [DEBUG] core.argyll_runner: [argyll] Added 265/494
2026-09-07 08:22:34,867 [DEBUG] core.argyll_runner: [argyll] Added 276/494
2026-09-07 08:22:34,869 [DEBUG] core.argyll_runner: [argyll] Added 287/494
2026-09-07 08:22:34,871 [DEBUG] core.argyll_runner: [argyll] Added 298/494
2026-09-07 08:22:34,873 [DEBUG] core.argyll_runner: [argyll] Added 309/494
2026-09-07 08:22:34,875 [DEBUG] core.argyll_runner: [argyll] Added 320/494
2026-09-07 08:22:34,878 [DEBUG] core.argyll_runner: [argyll] Added 331/494
2026-09-07 08:22:34,880 [DEBUG] core.argyll_runner: [argyll] Added 342/494
2026-09-07 08:22:34,883 [DEBUG] core.argyll_runner: [argyll] Added 353/494
2026-09-07 08:22:34,886 [DEBUG] core.argyll_runner: [argyll] Added 364/494
2026-09-07 08:22:34,889 [DEBUG] core.argyll_runner: [argyll] Added 375/494
2026-09-07 08:22:34,892 [DEBUG] core.argyll_runner: [argyll] Added 386/494
2026-09-07 08:22:34,895 [DEBUG] core.argyll_runner: [argyll] Added 397/494
2026-09-07 08:22:34,899 [DEBUG] core.argyll_runner: [argyll] Added 408/494
2026-09-07 08:22:34,902 [DEBUG] core.argyll_runner: [argyll] Added 419/494
2026-09-07 08:22:34,906 [DEBUG] core.argyll_runner: [argyll] Added 430/494
2026-09-07 08:22:34,910 [DEBUG] core.argyll_runner: [argyll] Added 441/494
2026-09-07 08:22:34,913 [DEBUG] core.argyll_runner: [argyll] Added 452/494
2026-09-07 08:22:34,917 [DEBUG] core.argyll_runner: [argyll] Added 463/494
2026-09-07 08:22:34,934 [DEBUG] core.argyll_runner: [argyll] 
2026-09-07 08:22:34,936 [DEBUG] core.argyll_runner: [argyll] Added 474/494
2026-09-07 08:22:34,936 [DEBUG] core.argyll_runner: [argyll] Added 485/494
2026-09-07 08:22:34,936 [DEBUG] core.argyll_runner: [argyll] Added 494/494
2026-09-07 08:22:35,722 [DEBUG] core.argyll_runner: [argyll] 
2026-09-07 08:22:35,722 [DEBUG] core.argyll_runner: [argyll] After seeding points: MinPoint = 5.510, Min = 4.310, Avg. = 11.078, Max = 13.966, 0.1 secs
2026-09-07 08:22:35,723 [DEBUG] core.argyll_runner: [argyll] Re-seeding
2026-09-07 08:22:35,723 [DEBUG] core.argyll_runner: [argyll] It 1: Maxmv = 0.106120, MinPoint = 3.056, Min = 5.162, Avg. = 11.056, Max = 15.071, 0.0 secs.
2026-09-07 08:22:35,723 [DEBUG] core.argyll_runner: [argyll] Re-seeding
2026-09-07 08:22:35,723 [DEBUG] core.argyll_runner: [argyll] It 2: Maxmv = 0.097580, MinPoint = 4.987, Min = 5.469, Avg. = 10.947, Max = 14.520, 0.0 secs.
2026-09-07 08:22:35,724 [DEBUG] core.argyll_runner: [argyll] Re-seeding
2026-09-07 08:22:35,724 [DEBUG] core.argyll_runner: [argyll] It 3: Maxmv = 0.092688, MinPoint = 5.383, Min = 5.469, Avg. = 10.892, Max = 14.298, 0.0 secs.
2026-09-07 08:22:35,724 [DEBUG] core.argyll_runner: [argyll] Re-seeding
2026-09-07 08:22:35,724 [DEBUG] core.argyll_runner: [argyll] It 4: Maxmv = 0.072418, MinPoint = 5.052, Min = 4.596, Avg. = 10.829, Max = 13.815, 0.0 secs.
2026-09-07 08:22:35,724 [DEBUG] core.argyll_runner: [argyll] Re-seeding
2026-09-07 08:22:35,725 [DEBUG] core.argyll_runner: [argyll] It 5: Maxmv = 0.059667, MinPoint = 5.948, Min = 5.469, Avg. = 10.746, Max = 14.197, 0.0 secs.
2026-09-07 08:22:35,725 [DEBUG] core.argyll_runner: [argyll] Re-seeding
2026-09-07 08:22:35,725 [DEBUG] core.argyll_runner: [argyll] It 6: Maxmv = 0.067144, MinPoint = 5.948, Min = 4.992, Avg. = 10.665, Max = 13.498, 0.0 secs.
2026-09-07 08:22:35,725 [DEBUG] core.argyll_runner: [argyll] Re-seeding
2026-09-07 08:22:35,726 [DEBUG] core.argyll_runner: [argyll] It 7: Maxmv = 0.060906, MinPoint = 5.948, Min = 5.469, Avg. = 10.661, Max = 13.835, 0.0 secs.
2026-09-07 08:22:35,726 [DEBUG] core.argyll_runner: [argyll] Re-seeding
2026-09-07 08:22:35,726 [DEBUG] core.argyll_runner: [argyll] It 8: Maxmv = 0.054675, MinPoint = 5.948, Min = 5.288, Avg. = 10.620, Max = 13.384, 0.0 secs.
2026-09-07 08:22:35,726 [DEBUG] core.argyll_runner: [argyll] Re-seeding
2026-09-07 08:22:35,726 [DEBUG] core.argyll_runner: [argyll] It 9: Maxmv = 0.043015, MinPoint = 5.948, Min = 5.469, Avg. = 10.597, Max = 13.570, 0.0 secs.
2026-09-07 08:22:35,727 [DEBUG] core.argyll_runner: [argyll] Re-seeding
2026-09-07 08:22:35,727 [DEBUG] core.argyll_runner: [argyll] It 10: Maxmv = 0.037618, MinPoint = 5.948, Min = 5.469, Avg. = 10.576, Max = 13.156, 0.0 secs.
2026-09-07 08:22:35,727 [DEBUG] core.argyll_runner: [argyll] Re-seeding
2026-09-07 08:22:35,727 [DEBUG] core.argyll_runner: [argyll] It 11: Maxmv = 0.036796, MinPoint = 5.948, Min = 5.469, Avg. = 10.580, Max = 13.350, 0.0 secs.
2026-09-07 08:22:35,728 [DEBUG] core.argyll_runner: [argyll] Re-seeding
2026-09-07 08:22:35,728 [DEBUG] core.argyll_runner: [argyll] It 12: Maxmv = 0.026602, MinPoint = 5.948, Min = 5.469, Avg. = 10.557, Max = 13.011, 0.0 secs.
2026-09-07 08:22:35,728 [DEBUG] core.argyll_runner: [argyll] Re-seeding
2026-09-07 08:22:35,728 [DEBUG] core.argyll_runner: [argyll] It 13: Maxmv = 0.025912, MinPoint = 5.948, Min = 5.469, Avg. = 10.540, Max = 13.007, 0.0 secs.
2026-09-07 08:22:35,729 [DEBUG] core.argyll_runner: [argyll] Re-seeding
2026-09-07 08:22:35,729 [DEBUG] core.argyll_runner: [argyll] It 14: Maxmv = 0.020114, MinPoint = 5.948, Min = 5.469, Avg. = 10.536, Max = 12.962, 0.0 secs.
2026-09-07 08:22:35,729 [DEBUG] core.argyll_runner: [argyll] Re-seeding
2026-09-07 08:22:35,729 [DEBUG] core.argyll_runner: [argyll] It 15: Maxmv = 0.014757, MinPoint = 5.948, Min = 5.469, Avg. = 10.527, Max = 12.817, 0.0 secs.
2026-09-07 08:22:35,729 [DEBUG] core.argyll_runner: [argyll] Re-seeding
2026-09-07 08:22:35,730 [DEBUG] core.argyll_runner: [argyll] It 16: Maxmv = 0.011685, MinPoint = 5.948, Min = 5.469, Avg. = 10.523, Max = 12.788, 0.0 secs.
2026-09-07 08:22:35,730 [DEBUG] core.argyll_runner: [argyll] Re-seeding
2026-09-07 08:22:35,730 [DEBUG] core.argyll_runner: [argyll] It 17: Maxmv = 0.007377, MinPoint = 5.948, Min = 5.469, Avg. = 10.522, Max = 12.706, 0.0 secs.
2026-09-07 08:22:35,730 [DEBUG] core.argyll_runner: [argyll] Re-seeding
2026-09-07 08:22:35,731 [DEBUG] core.argyll_runner: [argyll] It 18: Maxmv = 0.004849, MinPoint = 5.948, Min = 5.469, Avg. = 10.522, Max = 12.730, 0.0 secs.
2026-09-07 08:22:35,731 [DEBUG] core.argyll_runner: [argyll] Re-seeding
2026-09-07 08:22:35,731 [DEBUG] core.argyll_runner: [argyll] It 19: Maxmv = 0.001772, MinPoint = 5.948, Min = 5.469, Avg. = 10.522, Max = 12.700, 0.0 secs.
2026-09-07 08:22:35,731 [DEBUG] core.argyll_runner: [argyll] Re-seeding
2026-09-07 08:22:35,731 [DEBUG] core.argyll_runner: [argyll] It 20: Maxmv = 0.001662, MinPoint = 5.948, Min = 5.469, Avg. = 10.523, Max = 12.675, 0.0 secs.
2026-09-07 08:22:35,732 [DEBUG] core.argyll_runner: [argyll] After optimization: MinPoint = 5.948, Min = 5.469, Avg. = 10.523, Max = 12.675
2026-09-07 08:22:35,732 [DEBUG] core.argyll_runner: [argyll] Total number of patches = 500
2026-09-07 08:22:35,732 [DEBUG] core.argyll_runner: [argyll] Execution time = 0.921734 seconds
2026-09-07 08:22:35,745 [INFO] core.argyll_runner: ArgyllRunner: finished with code 0
2026-09-07 08:22:36,286 [DEBUG] workflow.chart_creator: Wrote channel sidecar A5-Furniture.channels.json: ['r', 'g', 'b']
2026-09-07 08:22:36,364 [DEBUG] ui.tiff_preview: TiffPreview: loaded 1 page(s)
2026-09-07 08:22:36,364 [INFO] ui.tabs.tab_chart: Preview loaded: 1 TIFF(s)
2026-09-07 08:22:36,424 [DEBUG] ui.tiff_preview: TiffPreview: loaded 1 page(s)
2026-09-07 08:22:36,426 [DEBUG] ui.tiff_preview: TiffPreview: loaded 1 page(s)
2026-09-07 08:22:36,431 [DEBUG] ui.tabs.tab_chart: create-chart settings written for run1 (40 parameters + ui state)
2026-09-07 08:22:38,170 [INFO] assess:   shot Screenshots/A5-furniture/f09-row-indicators-preview.png  (2232x1186)
2026-09-07 08:22:38,172 [INFO] assess:   json Test Runs/logs/d04_results.json
2026-09-07 08:22:38,172 [INFO] assess:     est=(500, 25, 20) act=(500, 25, 20) margins=mm | inch | min | Left (to first patch) | 34.0 | 1.340 | 26.0 | Right (to first patch) | 9.2 | 0.361 | 9.0 | Top (to first patch) | 39.0 | 1.537 | 38. notes='⚠ The left margin was widened from 26.0 mm to 34.0 mm to fit the row indicators. The labels start 26.0 mm in from the page edge and their text needs 7.0 mm. “Clip” is set to 4.0 mm and is not what is holding them out there, so lowering it moves nothing — the note under “Text distance from edge” names what is. To get that paper back, switch “Show row indicators” off or use a smaller label size.' files=['A5-Furniture.channels.json', 'A5-Furniture.ti1', 'A5-Furniture.ti2', 'A5-Furniture.tif', 'meta.json']
2026-09-07 08:22:38,172 [INFO] assess: --- f10-indicator-6mm-bold-rot90: indicator 6 mm bold rotated 90
2026-09-07 08:22:39,476 [DEBUG] core.settings: settings.set helper_markers_show = False
2026-09-07 08:22:39,477 [DEBUG] core.settings: settings.set helper_marker_edge_mm = 2.0
2026-09-07 08:22:39,477 [DEBUG] core.settings: settings.set helper_marker_len_mm = 2.0
2026-09-07 08:22:39,477 [DEBUG] core.settings: settings.set helper_marker_per_patch = 3
2026-09-07 08:22:39,477 [DEBUG] core.settings: settings.set helper_markers_top_bottom = True
2026-09-07 08:22:39,477 [DEBUG] core.settings: settings.set helper_markers_sides = True
2026-09-07 08:22:39,540 [DEBUG] core.settings: settings.set helper_markers_show = False
2026-09-07 08:22:39,540 [DEBUG] core.settings: settings.set helper_marker_edge_mm = 2.0
2026-09-07 08:22:39,540 [DEBUG] core.settings: settings.set helper_marker_len_mm = 2.0
2026-09-07 08:22:39,540 [DEBUG] core.settings: settings.set helper_marker_per_patch = 3
2026-09-07 08:22:39,540 [DEBUG] core.settings: settings.set helper_markers_top_bottom = True
2026-09-07 08:22:39,540 [DEBUG] core.settings: settings.set helper_markers_sides = True
2026-09-07 08:22:41,081 [DEBUG] core.settings: settings.set helper_markers_show = False
2026-09-07 08:22:41,081 [DEBUG] core.settings: settings.set helper_marker_edge_mm = 2.0
2026-09-07 08:22:41,081 [DEBUG] core.settings: settings.set helper_marker_len_mm = 2.0
2026-09-07 08:22:41,081 [DEBUG] core.settings: settings.set helper_marker_per_patch = 3
2026-09-07 08:22:41,081 [DEBUG] core.settings: settings.set helper_markers_top_bottom = True
2026-09-07 08:22:41,081 [DEBUG] core.settings: settings.set helper_markers_sides = True
2026-09-07 08:22:41,284 [DEBUG] core.settings: settings.set helper_markers_show = False
2026-09-07 08:22:41,284 [DEBUG] core.settings: settings.set helper_marker_edge_mm = 2.0
2026-09-07 08:22:41,284 [DEBUG] core.settings: settings.set helper_marker_len_mm = 2.0
2026-09-07 08:22:41,284 [DEBUG] core.settings: settings.set helper_marker_per_patch = 3
2026-09-07 08:22:41,284 [DEBUG] core.settings: settings.set helper_markers_top_bottom = True
2026-09-07 08:22:41,284 [DEBUG] core.settings: settings.set helper_markers_sides = True
2026-09-07 08:22:41,547 [DEBUG] core.settings: settings.set helper_markers_show = False
2026-09-07 08:22:41,547 [DEBUG] core.settings: settings.set helper_marker_edge_mm = 2.0
2026-09-07 08:22:41,547 [DEBUG] core.settings: settings.set helper_marker_len_mm = 2.0
2026-09-07 08:22:41,547 [DEBUG] core.settings: settings.set helper_marker_per_patch = 3
2026-09-07 08:22:41,547 [DEBUG] core.settings: settings.set helper_markers_top_bottom = True
2026-09-07 08:22:41,547 [DEBUG] core.settings: settings.set helper_markers_sides = True
2026-09-07 08:22:42,311 [INFO] assess:   armed: dialog ~'quite fill' -> click 'OK' 
2026-09-07 08:22:42,311 [INFO] assess:   armed: dialog ~'already' -> click 'Continue this project' 
2026-09-07 08:22:42,312 [INFO] ui.tabs.tab_chart: chart build (Generate Chart) in manual: patch set targen | manual panel: A4, 0x0 grid, margins T38.0 R9.0 B19.0 L26.0
2026-09-07 08:22:42,314 [DEBUG] core.settings: settings.set session_ti3_path = ''
2026-09-07 08:22:42,314 [DEBUG] core.settings: settings.set session_icc_path = ''
2026-09-07 08:22:42,314 [DEBUG] core.settings: settings.set session_cal_ti3_path = ''
2026-09-07 08:22:42,316 [DEBUG] core.file_manager: Target name set to: A5-Furniture (root /Users/Basti/ChromIQ-assessment/A5-Furniture)
2026-09-07 08:22:42,317 [INFO] core.file_manager: opened the EXISTING project at /Users/Basti/ChromIQ-assessment/A5-Furniture (1 run(s) on disk)
2026-09-07 08:22:42,376 [INFO] workflow.chart_creator: Chart generation: 525 patches, instrument=i1 paper=A4 disable_lb=True
2026-09-07 08:22:42,376 [INFO] workflow.chart_creator: targen args: ['-v', '-d2', '-f525', '-e4', '-B4', '-G', '-g30', 'A5-Furniture']
2026-09-07 08:22:42,376 [INFO] core.argyll_runner: Run: /Applications/Argyll/bin/targen -v -d2 -f525 -e4 -B4 -G -g30 A5-Furniture  [cwd=/Users/Basti/ChromIQ-assessment/A5-Furniture/runs/run1]
2026-09-07 08:22:42,442 [DEBUG] core.argyll_runner: [argyll] iRGB test chart
2026-09-07 08:22:42,443 [DEBUG] core.argyll_runner: [argyll] White patches = 4
2026-09-07 08:22:42,443 [DEBUG] core.argyll_runner: [argyll] Black patches = 4
2026-09-07 08:22:42,443 [DEBUG] core.argyll_runner: [argyll] Composite Grey steps = 30
2026-09-07 08:22:42,443 [DEBUG] core.argyll_runner: [argyll] Full spread patches = 525
2026-09-07 08:22:42,443 [DEBUG] core.argyll_runner: [argyll] Degree of adaptation: 0.100
2026-09-07 08:22:42,443 [DEBUG] core.argyll_runner: [argyll] Adaptation weights: Device = 0.935, Perceptual = 0.065, Curvature = 0.010
2026-09-07 08:22:42,444 [DEBUG] core.argyll_runner: [argyll] Perceptual cache resolution = 9
2026-09-07 08:22:42,444 [DEBUG] core.argyll_runner: [argyll] Seeding cache...done
2026-09-07 08:22:42,444 [DEBUG] core.argyll_runner: [argyll] Acceleration grid res = 9
2026-09-07 08:22:42,444 [DEBUG] core.argyll_runner: [argyll] 
2026-09-07 08:22:42,444 [DEBUG] core.argyll_runner: [argyll] There are 30 unique fixed points to add (36 total fixed points)
2026-09-07 08:22:42,444 [DEBUG] core.argyll_runner: [argyll] There are 489 far spread points to add
2026-09-07 08:22:42,445 [DEBUG] core.argyll_runner: [argyll] 
2026-09-07 08:22:42,445 [DEBUG] core.argyll_runner: [argyll] Added 12/519
2026-09-07 08:22:42,445 [DEBUG] core.argyll_runner: [argyll] Added 23/519
2026-09-07 08:22:42,445 [DEBUG] core.argyll_runner: [argyll] Added 34/519
2026-09-07 08:22:42,445 [DEBUG] core.argyll_runner: [argyll] Added 45/519
2026-09-07 08:22:42,446 [DEBUG] core.argyll_runner: [argyll] Added 56/519
2026-09-07 08:22:42,446 [DEBUG] core.argyll_runner: [argyll] Added 67/519
2026-09-07 08:22:42,466 [DEBUG] core.argyll_runner: [argyll] 
2026-09-07 08:22:42,467 [DEBUG] core.argyll_runner: [argyll] Added 78/519
2026-09-07 08:22:42,467 [DEBUG] core.argyll_runner: [argyll] Added 89/519
2026-09-07 08:22:42,467 [DEBUG] core.argyll_runner: [argyll] Added 100/519
2026-09-07 08:22:42,468 [DEBUG] core.argyll_runner: [argyll] Added 111/519
2026-09-07 08:22:42,468 [DEBUG] core.argyll_runner: [argyll] Added 122/519
2026-09-07 08:22:42,469 [DEBUG] core.argyll_runner: [argyll] Added 133/519
2026-09-07 08:22:42,471 [DEBUG] core.argyll_runner: [argyll] Added 144/519
2026-09-07 08:22:42,472 [DEBUG] core.argyll_runner: [argyll] Added 155/519
2026-09-07 08:22:42,473 [DEBUG] core.argyll_runner: [argyll] Added 166/519
2026-09-07 08:22:42,474 [DEBUG] core.argyll_runner: [argyll] Added 177/519
2026-09-07 08:22:42,475 [DEBUG] core.argyll_runner: [argyll] Added 188/519
2026-09-07 08:22:42,477 [DEBUG] core.argyll_runner: [argyll] Added 199/519
2026-09-07 08:22:42,478 [DEBUG] core.argyll_runner: [argyll] Added 210/519
2026-09-07 08:22:42,480 [DEBUG] core.argyll_runner: [argyll] Added 221/519
2026-09-07 08:22:42,481 [DEBUG] core.argyll_runner: [argyll] Added 232/519
2026-09-07 08:22:42,483 [DEBUG] core.argyll_runner: [argyll] Added 243/519
2026-09-07 08:22:42,485 [DEBUG] core.argyll_runner: [argyll] Added 254/519
2026-09-07 08:22:42,488 [DEBUG] core.argyll_runner: [argyll] Added 265/519
2026-09-07 08:22:42,490 [DEBUG] core.argyll_runner: [argyll] Added 276/519
2026-09-07 08:22:42,492 [DEBUG] core.argyll_runner: [argyll] Added 287/519
2026-09-07 08:22:42,495 [DEBUG] core.argyll_runner: [argyll] Added 298/519
2026-09-07 08:22:42,497 [DEBUG] core.argyll_runner: [argyll] Added 309/519
2026-09-07 08:22:42,500 [DEBUG] core.argyll_runner: [argyll] Added 320/519
2026-09-07 08:22:42,503 [DEBUG] core.argyll_runner: [argyll] Added 331/519
2026-09-07 08:22:42,506 [DEBUG] core.argyll_runner: [argyll] Added 342/519
2026-09-07 08:22:42,509 [DEBUG] core.argyll_runner: [argyll] Added 353/519
2026-09-07 08:22:42,513 [DEBUG] core.argyll_runner: [argyll] Added 364/519
2026-09-07 08:22:42,529 [DEBUG] core.argyll_runner: [argyll] 
2026-09-07 08:22:42,530 [DEBUG] core.argyll_runner: [argyll] Added 375/519
2026-09-07 08:22:42,530 [DEBUG] core.argyll_runner: [argyll] Added 386/519
2026-09-07 08:22:42,530 [DEBUG] core.argyll_runner: [argyll] Added 397/519
2026-09-07 08:22:42,531 [DEBUG] core.argyll_runner: [argyll] Added 408/519
2026-09-07 08:22:42,531 [DEBUG] core.argyll_runner: [argyll] Added 419/519
2026-09-07 08:22:42,532 [DEBUG] core.argyll_runner: [argyll] Added 430/519
2026-09-07 08:22:42,533 [DEBUG] core.argyll_runner: [argyll] Added 441/519
2026-09-07 08:22:42,533 [DEBUG] core.argyll_runner: [argyll] Added 452/519
2026-09-07 08:22:42,534 [DEBUG] core.argyll_runner: [argyll] Added 463/519
2026-09-07 08:22:42,536 [DEBUG] core.argyll_runner: [argyll] Added 474/519
2026-09-07 08:22:42,537 [DEBUG] core.argyll_runner: [argyll] Added 485/519
2026-09-07 08:22:42,538 [DEBUG] core.argyll_runner: [argyll] Added 496/519
2026-09-07 08:22:42,540 [DEBUG] core.argyll_runner: [argyll] Added 507/519
2026-09-07 08:22:42,541 [DEBUG] core.argyll_runner: [argyll] Added 518/519
2026-09-07 08:22:42,543 [DEBUG] core.argyll_runner: [argyll] Added 519/519
2026-09-07 08:22:43,413 [DEBUG] core.argyll_runner: [argyll] 
2026-09-07 08:22:43,414 [DEBUG] core.argyll_runner: [argyll] After seeding points: MinPoint = 4.448, Min = 4.322, Avg. = 10.848, Max = 14.666, 0.1 secs
2026-09-07 08:22:43,414 [DEBUG] core.argyll_runner: [argyll] Re-seeding
2026-09-07 08:22:43,414 [DEBUG] core.argyll_runner: [argyll] It 1: Maxmv = 0.103363, MinPoint = 3.460, Min = 4.005, Avg. = 10.861, Max = 14.358, 0.0 secs.
2026-09-07 08:22:43,415 [DEBUG] core.argyll_runner: [argyll] Re-seeding
2026-09-07 08:22:43,415 [DEBUG] core.argyll_runner: [argyll] It 2: Maxmv = 0.084402, MinPoint = 5.380, Min = 5.280, Avg. = 10.758, Max = 13.964, 0.0 secs.
2026-09-07 08:22:43,415 [DEBUG] core.argyll_runner: [argyll] Re-seeding
2026-09-07 08:22:43,415 [DEBUG] core.argyll_runner: [argyll] It 3: Maxmv = 0.076162, MinPoint = 5.428, Min = 5.280, Avg. = 10.700, Max = 13.835, 0.0 secs.
2026-09-07 08:22:43,416 [DEBUG] core.argyll_runner: [argyll] Re-seeding
2026-09-07 08:22:43,416 [DEBUG] core.argyll_runner: [argyll] It 4: Maxmv = 0.072726, MinPoint = 5.743, Min = 5.280, Avg. = 10.603, Max = 14.075, 0.0 secs.
2026-09-07 08:22:43,416 [DEBUG] core.argyll_runner: [argyll] Re-seeding
2026-09-07 08:22:43,416 [DEBUG] core.argyll_runner: [argyll] It 5: Maxmv = 0.068513, MinPoint = 5.743, Min = 5.280, Avg. = 10.535, Max = 13.679, 0.0 secs.
2026-09-07 08:22:43,417 [DEBUG] core.argyll_runner: [argyll] Re-seeding
2026-09-07 08:22:43,417 [DEBUG] core.argyll_runner: [argyll] It 6: Maxmv = 0.056321, MinPoint = 5.743, Min = 5.280, Avg. = 10.518, Max = 13.779, 0.0 secs.
2026-09-07 08:22:43,417 [DEBUG] core.argyll_runner: [argyll] Re-seeding
2026-09-07 08:22:43,417 [DEBUG] core.argyll_runner: [argyll] It 7: Maxmv = 0.059854, MinPoint = 5.743, Min = 5.280, Avg. = 10.461, Max = 13.725, 0.0 secs.
2026-09-07 08:22:43,418 [DEBUG] core.argyll_runner: [argyll] Re-seeding
2026-09-07 08:22:43,418 [DEBUG] core.argyll_runner: [argyll] It 8: Maxmv = 0.051345, MinPoint = 5.743, Min = 5.280, Avg. = 10.437, Max = 13.448, 0.0 secs.
2026-09-07 08:22:43,418 [DEBUG] core.argyll_runner: [argyll] Re-seeding
2026-09-07 08:22:43,418 [DEBUG] core.argyll_runner: [argyll] It 9: Maxmv = 0.040554, MinPoint = 5.743, Min = 5.280, Avg. = 10.411, Max = 13.065, 0.0 secs.
2026-09-07 08:22:43,419 [DEBUG] core.argyll_runner: [argyll] Re-seeding
2026-09-07 08:22:43,419 [DEBUG] core.argyll_runner: [argyll] It 10: Maxmv = 0.030994, MinPoint = 5.743, Min = 5.280, Avg. = 10.383, Max = 12.735, 0.0 secs.
2026-09-07 08:22:43,419 [DEBUG] core.argyll_runner: [argyll] Re-seeding
2026-09-07 08:22:43,419 [DEBUG] core.argyll_runner: [argyll] It 11: Maxmv = 0.032989, MinPoint = 5.743, Min = 5.280, Avg. = 10.373, Max = 12.994, 0.0 secs.
2026-09-07 08:22:43,420 [DEBUG] core.argyll_runner: [argyll] Re-seeding
2026-09-07 08:22:43,420 [DEBUG] core.argyll_runner: [argyll] It 12: Maxmv = 0.030487, MinPoint = 5.743, Min = 5.280, Avg. = 10.349, Max = 12.936, 0.0 secs.
2026-09-07 08:22:43,420 [DEBUG] core.argyll_runner: [argyll] Re-seeding
2026-09-07 08:22:43,420 [DEBUG] core.argyll_runner: [argyll] It 13: Maxmv = 0.021481, MinPoint = 5.743, Min = 5.280, Avg. = 10.346, Max = 12.600, 0.0 secs.
2026-09-07 08:22:43,421 [DEBUG] core.argyll_runner: [argyll] Re-seeding
2026-09-07 08:22:43,421 [DEBUG] core.argyll_runner: [argyll] It 14: Maxmv = 0.016377, MinPoint = 5.743, Min = 5.280, Avg. = 10.329, Max = 12.441, 0.0 secs.
2026-09-07 08:22:43,421 [DEBUG] core.argyll_runner: [argyll] Re-seeding
2026-09-07 08:22:43,421 [DEBUG] core.argyll_runner: [argyll] It 15: Maxmv = 0.013408, MinPoint = 5.743, Min = 5.280, Avg. = 10.331, Max = 12.462, 0.0 secs.
2026-09-07 08:22:43,422 [DEBUG] core.argyll_runner: [argyll] Re-seeding
2026-09-07 08:22:43,422 [DEBUG] core.argyll_runner: [argyll] It 16: Maxmv = 0.011614, MinPoint = 5.743, Min = 5.280, Avg. = 10.321, Max = 12.261, 0.0 secs.
2026-09-07 08:22:43,422 [DEBUG] core.argyll_runner: [argyll] Re-seeding
2026-09-07 08:22:43,422 [DEBUG] core.argyll_runner: [argyll] It 17: Maxmv = 0.006463, MinPoint = 5.743, Min = 5.280, Avg. = 10.321, Max = 12.391, 0.0 secs.
2026-09-07 08:22:43,423 [DEBUG] core.argyll_runner: [argyll] Re-seeding
2026-09-07 08:22:43,423 [DEBUG] core.argyll_runner: [argyll] It 18: Maxmv = 0.005609, MinPoint = 5.743, Min = 5.280, Avg. = 10.319, Max = 12.293, 0.0 secs.
2026-09-07 08:22:43,423 [DEBUG] core.argyll_runner: [argyll] Re-seeding
2026-09-07 08:22:43,423 [DEBUG] core.argyll_runner: [argyll] It 19: Maxmv = 0.001380, MinPoint = 5.743, Min = 5.280, Avg. = 10.320, Max = 12.323, 0.0 secs.
2026-09-07 08:22:43,423 [DEBUG] core.argyll_runner: [argyll] Re-seeding
2026-09-07 08:22:43,424 [DEBUG] core.argyll_runner: [argyll] It 20: Maxmv = 0.001368, MinPoint = 5.743, Min = 5.280, Avg. = 10.321, Max = 12.343, 0.0 secs.
2026-09-07 08:22:43,424 [DEBUG] core.argyll_runner: [argyll] After optimization: MinPoint = 5.743, Min = 5.280, Avg. = 10.321, Max = 12.343
2026-09-07 08:22:43,424 [DEBUG] core.argyll_runner: [argyll] Total number of patches = 525
2026-09-07 08:22:43,425 [DEBUG] core.argyll_runner: [argyll] Execution time = 0.977328 seconds
2026-09-07 08:22:43,425 [INFO] core.argyll_runner: ArgyllRunner: finished with code 0
2026-09-07 08:22:43,947 [DEBUG] workflow.chart_creator: Wrote channel sidecar A5-Furniture.channels.json: ['r', 'g', 'b']
2026-09-07 08:22:44,026 [DEBUG] ui.tiff_preview: TiffPreview: loaded 1 page(s)
2026-09-07 08:22:44,026 [INFO] ui.tabs.tab_chart: Preview loaded: 1 TIFF(s)
2026-09-07 08:22:44,084 [DEBUG] ui.tiff_preview: TiffPreview: loaded 1 page(s)
2026-09-07 08:22:44,086 [DEBUG] ui.tiff_preview: TiffPreview: loaded 1 page(s)
2026-09-07 08:22:44,092 [DEBUG] ui.tabs.tab_chart: create-chart settings written for run1 (40 parameters + ui state)
2026-09-07 08:22:45,802 [INFO] assess:   shot Screenshots/A5-furniture/f10-indicator-6mm-bold-rot90-preview.png  (2232x1136)
2026-09-07 08:22:45,803 [INFO] assess:   json Test Runs/logs/d04_results.json
2026-09-07 08:22:45,803 [INFO] assess:     est=(525, 25, 21) act=(525, 25, 21) margins=mm | inch | min | Left (to first patch) | 26.0 | 1.023 | 26.0 | Right (to first patch) | 9.1 | 0.358 | 9.0 | Top (to first patch) | 39.0 | 1.537 | 38. notes='' files=['A5-Furniture.channels.json', 'A5-Furniture.ti1', 'A5-Furniture.ti2', 'A5-Furniture.tif', 'meta.json']
2026-09-07 08:22:45,803 [INFO] assess: --- f11-underline-black: underline black
2026-09-07 08:22:47,110 [DEBUG] core.settings: settings.set helper_markers_show = False
2026-09-07 08:22:47,110 [DEBUG] core.settings: settings.set helper_marker_edge_mm = 2.0
2026-09-07 08:22:47,110 [DEBUG] core.settings: settings.set helper_marker_len_mm = 2.0
2026-09-07 08:22:47,110 [DEBUG] core.settings: settings.set helper_marker_per_patch = 3
2026-09-07 08:22:47,110 [DEBUG] core.settings: settings.set helper_markers_top_bottom = True
2026-09-07 08:22:47,110 [DEBUG] core.settings: settings.set helper_markers_sides = True
2026-09-07 08:22:47,326 [DEBUG] core.settings: settings.set helper_markers_show = False
2026-09-07 08:22:47,327 [DEBUG] core.settings: settings.set helper_marker_edge_mm = 2.0
2026-09-07 08:22:47,327 [DEBUG] core.settings: settings.set helper_marker_len_mm = 2.0
2026-09-07 08:22:47,327 [DEBUG] core.settings: settings.set helper_marker_per_patch = 3
2026-09-07 08:22:47,327 [DEBUG] core.settings: settings.set helper_markers_top_bottom = True
2026-09-07 08:22:47,327 [DEBUG] core.settings: settings.set helper_markers_sides = True
2026-09-07 08:22:47,567 [DEBUG] core.settings: settings.set helper_markers_show = False
2026-09-07 08:22:47,567 [DEBUG] core.settings: settings.set helper_marker_edge_mm = 2.0
2026-09-07 08:22:47,567 [DEBUG] core.settings: settings.set helper_marker_len_mm = 2.0
2026-09-07 08:22:47,567 [DEBUG] core.settings: settings.set helper_marker_per_patch = 3
2026-09-07 08:22:47,567 [DEBUG] core.settings: settings.set helper_markers_top_bottom = True
2026-09-07 08:22:47,567 [DEBUG] core.settings: settings.set helper_markers_sides = True
2026-09-07 08:22:48,830 [DEBUG] core.settings: settings.set helper_markers_show = False
2026-09-07 08:22:48,830 [DEBUG] core.settings: settings.set helper_marker_edge_mm = 2.0
2026-09-07 08:22:48,830 [DEBUG] core.settings: settings.set helper_marker_len_mm = 2.0
2026-09-07 08:22:48,830 [DEBUG] core.settings: settings.set helper_marker_per_patch = 3
2026-09-07 08:22:48,830 [DEBUG] core.settings: settings.set helper_markers_top_bottom = True
2026-09-07 08:22:48,830 [DEBUG] core.settings: settings.set helper_markers_sides = True
2026-09-07 08:22:49,607 [INFO] assess:   armed: dialog ~'quite fill' -> click 'OK' 
2026-09-07 08:22:49,607 [INFO] assess:   armed: dialog ~'already' -> click 'Continue this project' 
2026-09-07 08:22:49,608 [INFO] ui.tabs.tab_chart: chart build (Generate Chart) in manual: patch set targen | manual panel: A4, 0x0 grid, margins T38.0 R9.0 B19.0 L26.0
2026-09-07 08:22:49,611 [DEBUG] core.settings: settings.set session_ti3_path = ''
2026-09-07 08:22:49,611 [DEBUG] core.settings: settings.set session_icc_path = ''
2026-09-07 08:22:49,611 [DEBUG] core.settings: settings.set session_cal_ti3_path = ''
2026-09-07 08:22:49,612 [DEBUG] core.file_manager: Target name set to: A5-Furniture (root /Users/Basti/ChromIQ-assessment/A5-Furniture)
2026-09-07 08:22:49,613 [INFO] core.file_manager: opened the EXISTING project at /Users/Basti/ChromIQ-assessment/A5-Furniture (1 run(s) on disk)
2026-09-07 08:22:49,656 [INFO] workflow.chart_creator: Chart generation: 525 patches, instrument=i1 paper=A4 disable_lb=True
2026-09-07 08:22:49,656 [INFO] workflow.chart_creator: targen args: ['-v', '-d2', '-f525', '-e4', '-B4', '-G', '-g30', 'A5-Furniture']
2026-09-07 08:22:49,656 [INFO] core.argyll_runner: Run: /Applications/Argyll/bin/targen -v -d2 -f525 -e4 -B4 -G -g30 A5-Furniture  [cwd=/Users/Basti/ChromIQ-assessment/A5-Furniture/runs/run1]
2026-09-07 08:22:49,723 [DEBUG] core.argyll_runner: [argyll] iRGB test chart
2026-09-07 08:22:49,724 [DEBUG] core.argyll_runner: [argyll] White patches = 4
2026-09-07 08:22:49,724 [DEBUG] core.argyll_runner: [argyll] Black patches = 4
2026-09-07 08:22:49,724 [DEBUG] core.argyll_runner: [argyll] Composite Grey steps = 30
2026-09-07 08:22:49,724 [DEBUG] core.argyll_runner: [argyll] Full spread patches = 525
2026-09-07 08:22:49,724 [DEBUG] core.argyll_runner: [argyll] Degree of adaptation: 0.100
2026-09-07 08:22:49,724 [DEBUG] core.argyll_runner: [argyll] Adaptation weights: Device = 0.935, Perceptual = 0.065, Curvature = 0.010
2026-09-07 08:22:49,725 [DEBUG] core.argyll_runner: [argyll] Perceptual cache resolution = 9
2026-09-07 08:22:49,725 [DEBUG] core.argyll_runner: [argyll] Seeding cache...done
2026-09-07 08:22:49,725 [DEBUG] core.argyll_runner: [argyll] Acceleration grid res = 9
2026-09-07 08:22:49,725 [DEBUG] core.argyll_runner: [argyll] 
2026-09-07 08:22:49,725 [DEBUG] core.argyll_runner: [argyll] There are 30 unique fixed points to add (36 total fixed points)
2026-09-07 08:22:49,726 [DEBUG] core.argyll_runner: [argyll] There are 489 far spread points to add
2026-09-07 08:22:49,726 [DEBUG] core.argyll_runner: [argyll] 
2026-09-07 08:22:49,726 [DEBUG] core.argyll_runner: [argyll] Added 12/519
2026-09-07 08:22:49,726 [DEBUG] core.argyll_runner: [argyll] Added 23/519
2026-09-07 08:22:49,726 [DEBUG] core.argyll_runner: [argyll] Added 34/519
2026-09-07 08:22:49,727 [DEBUG] core.argyll_runner: [argyll] Added 45/519
2026-09-07 08:22:49,727 [DEBUG] core.argyll_runner: [argyll] Added 56/519
2026-09-07 08:22:49,727 [DEBUG] core.argyll_runner: [argyll] Added 67/519
2026-09-07 08:22:49,746 [DEBUG] core.argyll_runner: [argyll] 
2026-09-07 08:22:49,746 [DEBUG] core.argyll_runner: [argyll] Added 78/519
2026-09-07 08:22:49,746 [DEBUG] core.argyll_runner: [argyll] Added 89/519
2026-09-07 08:22:49,747 [DEBUG] core.argyll_runner: [argyll] Added 100/519
2026-09-07 08:22:49,747 [DEBUG] core.argyll_runner: [argyll] Added 111/519
2026-09-07 08:22:49,748 [DEBUG] core.argyll_runner: [argyll] Added 122/519
2026-09-07 08:22:49,748 [DEBUG] core.argyll_runner: [argyll] Added 133/519
2026-09-07 08:22:49,749 [DEBUG] core.argyll_runner: [argyll] Added 144/519
2026-09-07 08:22:49,750 [DEBUG] core.argyll_runner: [argyll] Added 155/519
2026-09-07 08:22:49,751 [DEBUG] core.argyll_runner: [argyll] Added 166/519
2026-09-07 08:22:49,752 [DEBUG] core.argyll_runner: [argyll] Added 177/519
2026-09-07 08:22:49,753 [DEBUG] core.argyll_runner: [argyll] Added 188/519
2026-09-07 08:22:49,755 [DEBUG] core.argyll_runner: [argyll] Added 199/519
2026-09-07 08:22:49,756 [DEBUG] core.argyll_runner: [argyll] Added 210/519
2026-09-07 08:22:49,758 [DEBUG] core.argyll_runner: [argyll] Added 221/519
2026-09-07 08:22:49,760 [DEBUG] core.argyll_runner: [argyll] Added 232/519
2026-09-07 08:22:49,761 [DEBUG] core.argyll_runner: [argyll] Added 243/519
2026-09-07 08:22:49,763 [DEBUG] core.argyll_runner: [argyll] Added 254/519
2026-09-07 08:22:49,766 [DEBUG] core.argyll_runner: [argyll] Added 265/519
2026-09-07 08:22:49,768 [DEBUG] core.argyll_runner: [argyll] Added 276/519
2026-09-07 08:22:49,770 [DEBUG] core.argyll_runner: [argyll] Added 287/519
2026-09-07 08:22:49,773 [DEBUG] core.argyll_runner: [argyll] Added 298/519
2026-09-07 08:22:49,776 [DEBUG] core.argyll_runner: [argyll] Added 309/519
2026-09-07 08:22:49,778 [DEBUG] core.argyll_runner: [argyll] Added 320/519
2026-09-07 08:22:49,781 [DEBUG] core.argyll_runner: [argyll] Added 331/519
2026-09-07 08:22:49,784 [DEBUG] core.argyll_runner: [argyll] Added 342/519
2026-09-07 08:22:49,800 [DEBUG] core.argyll_runner: [argyll] 
2026-09-07 08:22:49,801 [DEBUG] core.argyll_runner: [argyll] Added 353/519
2026-09-07 08:22:49,801 [DEBUG] core.argyll_runner: [argyll] Added 364/519
2026-09-07 08:22:49,802 [DEBUG] core.argyll_runner: [argyll] Added 375/519
2026-09-07 08:22:49,802 [DEBUG] core.argyll_runner: [argyll] Added 386/519
2026-09-07 08:22:49,803 [DEBUG] core.argyll_runner: [argyll] Added 397/519
2026-09-07 08:22:49,803 [DEBUG] core.argyll_runner: [argyll] Added 408/519
2026-09-07 08:22:49,804 [DEBUG] core.argyll_runner: [argyll] Added 419/519
2026-09-07 08:22:49,805 [DEBUG] core.argyll_runner: [argyll] Added 430/519
2026-09-07 08:22:49,806 [DEBUG] core.argyll_runner: [argyll] Added 441/519
2026-09-07 08:22:49,807 [DEBUG] core.argyll_runner: [argyll] Added 452/519
2026-09-07 08:22:49,808 [DEBUG] core.argyll_runner: [argyll] Added 463/519
2026-09-07 08:22:49,810 [DEBUG] core.argyll_runner: [argyll] Added 474/519
2026-09-07 08:22:49,811 [DEBUG] core.argyll_runner: [argyll] Added 485/519
2026-09-07 08:22:49,813 [DEBUG] core.argyll_runner: [argyll] Added 496/519
2026-09-07 08:22:49,815 [DEBUG] core.argyll_runner: [argyll] Added 507/519
2026-09-07 08:22:49,816 [DEBUG] core.argyll_runner: [argyll] Added 518/519
2026-09-07 08:22:49,818 [DEBUG] core.argyll_runner: [argyll] Added 519/519
2026-09-07 08:22:50,675 [DEBUG] core.argyll_runner: [argyll] 
2026-09-07 08:22:50,676 [DEBUG] core.argyll_runner: [argyll] After seeding points: MinPoint = 4.448, Min = 4.322, Avg. = 10.848, Max = 14.666, 0.1 secs
2026-09-07 08:22:50,676 [DEBUG] core.argyll_runner: [argyll] Re-seeding
2026-09-07 08:22:50,676 [DEBUG] core.argyll_runner: [argyll] It 1: Maxmv = 0.103363, MinPoint = 3.460, Min = 4.005, Avg. = 10.861, Max = 14.358, 0.0 secs.
2026-09-07 08:22:50,677 [DEBUG] core.argyll_runner: [argyll] Re-seeding
2026-09-07 08:22:50,677 [DEBUG] core.argyll_runner: [argyll] It 2: Maxmv = 0.084402, MinPoint = 5.380, Min = 5.280, Avg. = 10.758, Max = 13.964, 0.0 secs.
2026-09-07 08:22:50,677 [DEBUG] core.argyll_runner: [argyll] Re-seeding
2026-09-07 08:22:50,677 [DEBUG] core.argyll_runner: [argyll] It 3: Maxmv = 0.076162, MinPoint = 5.428, Min = 5.280, Avg. = 10.700, Max = 13.835, 0.0 secs.
2026-09-07 08:22:50,678 [DEBUG] core.argyll_runner: [argyll] Re-seeding
2026-09-07 08:22:50,678 [DEBUG] core.argyll_runner: [argyll] It 4: Maxmv = 0.072726, MinPoint = 5.743, Min = 5.280, Avg. = 10.603, Max = 14.075, 0.0 secs.
2026-09-07 08:22:50,678 [DEBUG] core.argyll_runner: [argyll] Re-seeding
2026-09-07 08:22:50,678 [DEBUG] core.argyll_runner: [argyll] It 5: Maxmv = 0.068513, MinPoint = 5.743, Min = 5.280, Avg. = 10.535, Max = 13.679, 0.0 secs.
2026-09-07 08:22:50,679 [DEBUG] core.argyll_runner: [argyll] Re-seeding
2026-09-07 08:22:50,679 [DEBUG] core.argyll_runner: [argyll] It 6: Maxmv = 0.056321, MinPoint = 5.743, Min = 5.280, Avg. = 10.518, Max = 13.779, 0.0 secs.
2026-09-07 08:22:50,679 [DEBUG] core.argyll_runner: [argyll] Re-seeding
2026-09-07 08:22:50,679 [DEBUG] core.argyll_runner: [argyll] It 7: Maxmv = 0.059854, MinPoint = 5.743, Min = 5.280, Avg. = 10.461, Max = 13.725, 0.0 secs.
2026-09-07 08:22:50,679 [DEBUG] core.argyll_runner: [argyll] Re-seeding
2026-09-07 08:22:50,680 [DEBUG] core.argyll_runner: [argyll] It 8: Maxmv = 0.051345, MinPoint = 5.743, Min = 5.280, Avg. = 10.437, Max = 13.448, 0.0 secs.
2026-09-07 08:22:50,680 [DEBUG] core.argyll_runner: [argyll] Re-seeding
2026-09-07 08:22:50,680 [DEBUG] core.argyll_runner: [argyll] It 9: Maxmv = 0.040554, MinPoint = 5.743, Min = 5.280, Avg. = 10.411, Max = 13.065, 0.0 secs.
2026-09-07 08:22:50,680 [DEBUG] core.argyll_runner: [argyll] Re-seeding
2026-09-07 08:22:50,680 [DEBUG] core.argyll_runner: [argyll] It 10: Maxmv = 0.030994, MinPoint = 5.743, Min = 5.280, Avg. = 10.383, Max = 12.735, 0.0 secs.
2026-09-07 08:22:50,681 [DEBUG] core.argyll_runner: [argyll] Re-seeding
2026-09-07 08:22:50,681 [DEBUG] core.argyll_runner: [argyll] It 11: Maxmv = 0.032989, MinPoint = 5.743, Min = 5.280, Avg. = 10.373, Max = 12.994, 0.0 secs.
2026-09-07 08:22:50,681 [DEBUG] core.argyll_runner: [argyll] Re-seeding
2026-09-07 08:22:50,681 [DEBUG] core.argyll_runner: [argyll] It 12: Maxmv = 0.030487, MinPoint = 5.743, Min = 5.280, Avg. = 10.349, Max = 12.936, 0.0 secs.
2026-09-07 08:22:50,682 [DEBUG] core.argyll_runner: [argyll] Re-seeding
2026-09-07 08:22:50,682 [DEBUG] core.argyll_runner: [argyll] It 13: Maxmv = 0.021481, MinPoint = 5.743, Min = 5.280, Avg. = 10.346, Max = 12.600, 0.0 secs.
2026-09-07 08:22:50,682 [DEBUG] core.argyll_runner: [argyll] Re-seeding
2026-09-07 08:22:50,682 [DEBUG] core.argyll_runner: [argyll] It 14: Maxmv = 0.016377, MinPoint = 5.743, Min = 5.280, Avg. = 10.329, Max = 12.441, 0.0 secs.
2026-09-07 08:22:50,683 [DEBUG] core.argyll_runner: [argyll] Re-seeding
2026-09-07 08:22:50,683 [DEBUG] core.argyll_runner: [argyll] It 15: Maxmv = 0.013408, MinPoint = 5.743, Min = 5.280, Avg. = 10.331, Max = 12.462, 0.0 secs.
2026-09-07 08:22:50,683 [DEBUG] core.argyll_runner: [argyll] Re-seeding
2026-09-07 08:22:50,683 [DEBUG] core.argyll_runner: [argyll] It 16: Maxmv = 0.011614, MinPoint = 5.743, Min = 5.280, Avg. = 10.321, Max = 12.261, 0.0 secs.
2026-09-07 08:22:50,683 [DEBUG] core.argyll_runner: [argyll] Re-seeding
2026-09-07 08:22:50,684 [DEBUG] core.argyll_runner: [argyll] It 17: Maxmv = 0.006463, MinPoint = 5.743, Min = 5.280, Avg. = 10.321, Max = 12.391, 0.0 secs.
2026-09-07 08:22:50,684 [DEBUG] core.argyll_runner: [argyll] Re-seeding
2026-09-07 08:22:50,684 [DEBUG] core.argyll_runner: [argyll] It 18: Maxmv = 0.005609, MinPoint = 5.743, Min = 5.280, Avg. = 10.319, Max = 12.293, 0.0 secs.
2026-09-07 08:22:50,684 [DEBUG] core.argyll_runner: [argyll] Re-seeding
2026-09-07 08:22:50,685 [DEBUG] core.argyll_runner: [argyll] It 19: Maxmv = 0.001380, MinPoint = 5.743, Min = 5.280, Avg. = 10.320, Max = 12.323, 0.0 secs.
2026-09-07 08:22:50,685 [DEBUG] core.argyll_runner: [argyll] Re-seeding
2026-09-07 08:22:50,685 [DEBUG] core.argyll_runner: [argyll] It 20: Maxmv = 0.001368, MinPoint = 5.743, Min = 5.280, Avg. = 10.321, Max = 12.343, 0.0 secs.
2026-09-07 08:22:50,685 [DEBUG] core.argyll_runner: [argyll] After optimization: MinPoint = 5.743, Min = 5.280, Avg. = 10.321, Max = 12.343
2026-09-07 08:22:50,686 [DEBUG] core.argyll_runner: [argyll] Total number of patches = 525
2026-09-07 08:22:50,686 [DEBUG] core.argyll_runner: [argyll] Execution time = 0.972434 seconds
2026-09-07 08:22:50,699 [INFO] core.argyll_runner: ArgyllRunner: finished with code 0
2026-09-07 08:22:51,092 [DEBUG] workflow.chart_creator: Wrote channel sidecar A5-Furniture.channels.json: ['r', 'g', 'b']
2026-09-07 08:22:51,173 [DEBUG] ui.tiff_preview: TiffPreview: loaded 1 page(s)
2026-09-07 08:22:51,173 [INFO] ui.tabs.tab_chart: Preview loaded: 1 TIFF(s)
2026-09-07 08:22:51,217 [DEBUG] ui.tiff_preview: TiffPreview: loaded 1 page(s)
2026-09-07 08:22:51,219 [DEBUG] ui.tiff_preview: TiffPreview: loaded 1 page(s)
2026-09-07 08:22:51,225 [DEBUG] ui.tabs.tab_chart: create-chart settings written for run1 (40 parameters + ui state)
2026-09-07 08:22:52,946 [INFO] assess:   shot Screenshots/A5-furniture/f11-underline-black-preview.png  (2232x1136)
2026-09-07 08:22:52,947 [INFO] assess:   json Test Runs/logs/d04_results.json
2026-09-07 08:22:52,947 [INFO] assess:     est=(525, 25, 21) act=(525, 25, 21) margins=mm | inch | min | Left (to first patch) | 26.0 | 1.023 | 26.0 | Right (to first patch) | 9.1 | 0.358 | 9.0 | Top (to first patch) | 39.0 | 1.537 | 38. notes='' files=['A5-Furniture.channels.json', 'A5-Furniture.ti1', 'A5-Furniture.ti2', 'A5-Furniture.tif', 'meta.json']
2026-09-07 08:22:52,947 [INFO] assess: --- f12-sheet-text: sheet text with tokens, 5 mm
2026-09-07 08:22:54,537 [DEBUG] core.settings: settings.set helper_markers_show = False
2026-09-07 08:22:54,537 [DEBUG] core.settings: settings.set helper_marker_edge_mm = 2.0
2026-09-07 08:22:54,537 [DEBUG] core.settings: settings.set helper_marker_len_mm = 2.0
2026-09-07 08:22:54,537 [DEBUG] core.settings: settings.set helper_marker_per_patch = 3
2026-09-07 08:22:54,537 [DEBUG] core.settings: settings.set helper_markers_top_bottom = True
2026-09-07 08:22:54,537 [DEBUG] core.settings: settings.set helper_markers_sides = True
2026-09-07 08:22:55,641 [DEBUG] core.settings: settings.set helper_markers_show = False
2026-09-07 08:22:55,641 [DEBUG] core.settings: settings.set helper_marker_edge_mm = 2.0
2026-09-07 08:22:55,641 [DEBUG] core.settings: settings.set helper_marker_len_mm = 2.0
2026-09-07 08:22:55,641 [DEBUG] core.settings: settings.set helper_marker_per_patch = 3
2026-09-07 08:22:55,641 [DEBUG] core.settings: settings.set helper_markers_top_bottom = True
2026-09-07 08:22:55,641 [DEBUG] core.settings: settings.set helper_markers_sides = True
2026-09-07 08:22:55,703 [DEBUG] core.settings: settings.set helper_markers_show = False
2026-09-07 08:22:55,703 [DEBUG] core.settings: settings.set helper_marker_edge_mm = 2.0
2026-09-07 08:22:55,703 [DEBUG] core.settings: settings.set helper_marker_len_mm = 2.0
2026-09-07 08:22:55,703 [DEBUG] core.settings: settings.set helper_marker_per_patch = 3
2026-09-07 08:22:55,703 [DEBUG] core.settings: settings.set helper_markers_top_bottom = True
2026-09-07 08:22:55,703 [DEBUG] core.settings: settings.set helper_markers_sides = True
2026-09-07 08:22:56,439 [INFO] assess:   armed: dialog ~'quite fill' -> click 'OK' 
2026-09-07 08:22:56,439 [INFO] assess:   armed: dialog ~'already' -> click 'Continue this project' 
2026-09-07 08:22:56,440 [INFO] ui.tabs.tab_chart: chart build (Generate Chart) in manual: patch set targen | manual panel: A4, 0x0 grid, margins T38.0 R9.0 B19.0 L26.0
2026-09-07 08:22:56,443 [DEBUG] core.settings: settings.set session_ti3_path = ''
2026-09-07 08:22:56,443 [DEBUG] core.settings: settings.set session_icc_path = ''
2026-09-07 08:22:56,443 [DEBUG] core.settings: settings.set session_cal_ti3_path = ''
2026-09-07 08:22:56,444 [DEBUG] core.file_manager: Target name set to: A5-Furniture (root /Users/Basti/ChromIQ-assessment/A5-Furniture)
2026-09-07 08:22:56,445 [INFO] core.file_manager: opened the EXISTING project at /Users/Basti/ChromIQ-assessment/A5-Furniture (1 run(s) on disk)
2026-09-07 08:22:56,494 [INFO] workflow.chart_creator: Chart generation: 525 patches, instrument=i1 paper=A4 disable_lb=True
2026-09-07 08:22:56,494 [INFO] workflow.chart_creator: targen args: ['-v', '-d2', '-f525', '-e4', '-B4', '-G', '-g30', 'A5-Furniture']
2026-09-07 08:22:56,494 [INFO] core.argyll_runner: Run: /Applications/Argyll/bin/targen -v -d2 -f525 -e4 -B4 -G -g30 A5-Furniture  [cwd=/Users/Basti/ChromIQ-assessment/A5-Furniture/runs/run1]
2026-09-07 08:22:56,561 [DEBUG] core.argyll_runner: [argyll] iRGB test chart
2026-09-07 08:22:56,561 [DEBUG] core.argyll_runner: [argyll] White patches = 4
2026-09-07 08:22:56,561 [DEBUG] core.argyll_runner: [argyll] Black patches = 4
2026-09-07 08:22:56,561 [DEBUG] core.argyll_runner: [argyll] Composite Grey steps = 30
2026-09-07 08:22:56,561 [DEBUG] core.argyll_runner: [argyll] Full spread patches = 525
2026-09-07 08:22:56,561 [DEBUG] core.argyll_runner: [argyll] Degree of adaptation: 0.100
2026-09-07 08:22:56,562 [DEBUG] core.argyll_runner: [argyll] Adaptation weights: Device = 0.935, Perceptual = 0.065, Curvature = 0.010
2026-09-07 08:22:56,562 [DEBUG] core.argyll_runner: [argyll] Perceptual cache resolution = 9
2026-09-07 08:22:56,562 [DEBUG] core.argyll_runner: [argyll] Seeding cache...done
2026-09-07 08:22:56,562 [DEBUG] core.argyll_runner: [argyll] Acceleration grid res = 9
2026-09-07 08:22:56,562 [DEBUG] core.argyll_runner: [argyll] 
2026-09-07 08:22:56,563 [DEBUG] core.argyll_runner: [argyll] There are 30 unique fixed points to add (36 total fixed points)
2026-09-07 08:22:56,563 [DEBUG] core.argyll_runner: [argyll] There are 489 far spread points to add
2026-09-07 08:22:56,563 [DEBUG] core.argyll_runner: [argyll] 
2026-09-07 08:22:56,563 [DEBUG] core.argyll_runner: [argyll] Added 12/519
2026-09-07 08:22:56,563 [DEBUG] core.argyll_runner: [argyll] Added 23/519
2026-09-07 08:22:56,563 [DEBUG] core.argyll_runner: [argyll] Added 34/519
2026-09-07 08:22:56,564 [DEBUG] core.argyll_runner: [argyll] Added 45/519
2026-09-07 08:22:56,564 [DEBUG] core.argyll_runner: [argyll] Added 56/519
2026-09-07 08:22:56,565 [DEBUG] core.argyll_runner: [argyll] Added 67/519
2026-09-07 08:22:56,597 [DEBUG] core.argyll_runner: [argyll] 
2026-09-07 08:22:56,598 [DEBUG] core.argyll_runner: [argyll] Added 78/519
2026-09-07 08:22:56,598 [DEBUG] core.argyll_runner: [argyll] Added 89/519
2026-09-07 08:22:56,598 [DEBUG] core.argyll_runner: [argyll] Added 100/519
2026-09-07 08:22:56,598 [DEBUG] core.argyll_runner: [argyll] Added 111/519
2026-09-07 08:22:56,599 [DEBUG] core.argyll_runner: [argyll] Added 122/519
2026-09-07 08:22:56,599 [DEBUG] core.argyll_runner: [argyll] Added 133/519
2026-09-07 08:22:56,600 [DEBUG] core.argyll_runner: [argyll] Added 144/519
2026-09-07 08:22:56,601 [DEBUG] core.argyll_runner: [argyll] Added 155/519
2026-09-07 08:22:56,602 [DEBUG] core.argyll_runner: [argyll] Added 166/519
2026-09-07 08:22:56,603 [DEBUG] core.argyll_runner: [argyll] Added 177/519
2026-09-07 08:22:56,605 [DEBUG] core.argyll_runner: [argyll] Added 188/519
2026-09-07 08:22:56,606 [DEBUG] core.argyll_runner: [argyll] Added 199/519
2026-09-07 08:22:56,607 [DEBUG] core.argyll_runner: [argyll] Added 210/519
2026-09-07 08:22:56,609 [DEBUG] core.argyll_runner: [argyll] Added 221/519
2026-09-07 08:22:56,611 [DEBUG] core.argyll_runner: [argyll] Added 232/519
2026-09-07 08:22:56,613 [DEBUG] core.argyll_runner: [argyll] Added 243/519
2026-09-07 08:22:56,615 [DEBUG] core.argyll_runner: [argyll] Added 254/519
2026-09-07 08:22:56,617 [DEBUG] core.argyll_runner: [argyll] Added 265/519
2026-09-07 08:22:56,619 [DEBUG] core.argyll_runner: [argyll] Added 276/519
2026-09-07 08:22:56,622 [DEBUG] core.argyll_runner: [argyll] Added 287/519
2026-09-07 08:22:56,624 [DEBUG] core.argyll_runner: [argyll] Added 298/519
2026-09-07 08:22:56,627 [DEBUG] core.argyll_runner: [argyll] Added 309/519
2026-09-07 08:22:56,630 [DEBUG] core.argyll_runner: [argyll] Added 320/519
2026-09-07 08:22:56,632 [DEBUG] core.argyll_runner: [argyll] Added 331/519
2026-09-07 08:22:56,635 [DEBUG] core.argyll_runner: [argyll] Added 342/519
2026-09-07 08:22:56,639 [DEBUG] core.argyll_runner: [argyll] Added 353/519
2026-09-07 08:22:56,642 [DEBUG] core.argyll_runner: [argyll] Added 364/519
2026-09-07 08:22:56,645 [DEBUG] core.argyll_runner: [argyll] Added 375/519
2026-09-07 08:22:56,649 [DEBUG] core.argyll_runner: [argyll] Added 386/519
2026-09-07 08:22:56,653 [DEBUG] core.argyll_runner: [argyll] Added 397/519
2026-09-07 08:22:56,656 [DEBUG] core.argyll_runner: [argyll] Added 408/519
2026-09-07 08:22:56,660 [DEBUG] core.argyll_runner: [argyll] Added 419/519
2026-09-07 08:22:56,664 [DEBUG] core.argyll_runner: [argyll] Added 430/519
2026-09-07 08:22:56,669 [DEBUG] core.argyll_runner: [argyll] Added 441/519
2026-09-07 08:22:56,673 [DEBUG] core.argyll_runner: [argyll] Added 452/519
2026-09-07 08:22:56,677 [DEBUG] core.argyll_runner: [argyll] Added 463/519
2026-09-07 08:22:56,682 [DEBUG] core.argyll_runner: [argyll] Added 474/519
2026-09-07 08:22:56,687 [DEBUG] core.argyll_runner: [argyll] Added 485/519
2026-09-07 08:22:56,692 [DEBUG] core.argyll_runner: [argyll] Added 496/519
2026-09-07 08:22:56,697 [DEBUG] core.argyll_runner: [argyll] Added 507/519
2026-09-07 08:22:56,702 [DEBUG] core.argyll_runner: [argyll] Added 518/519
2026-09-07 08:22:56,707 [DEBUG] core.argyll_runner: [argyll] Added 519/519
2026-09-07 08:22:57,529 [DEBUG] core.argyll_runner: [argyll] 
2026-09-07 08:22:57,531 [DEBUG] core.argyll_runner: [argyll] After seeding points: MinPoint = 4.448, Min = 4.322, Avg. = 10.848, Max = 14.666, 0.1 secs
2026-09-07 08:22:57,531 [DEBUG] core.argyll_runner: [argyll] Re-seeding
2026-09-07 08:22:57,531 [DEBUG] core.argyll_runner: [argyll] It 1: Maxmv = 0.103363, MinPoint = 3.460, Min = 4.005, Avg. = 10.861, Max = 14.358, 0.0 secs.
2026-09-07 08:22:57,532 [DEBUG] core.argyll_runner: [argyll] Re-seeding
2026-09-07 08:22:57,532 [DEBUG] core.argyll_runner: [argyll] It 2: Maxmv = 0.084402, MinPoint = 5.380, Min = 5.280, Avg. = 10.758, Max = 13.964, 0.0 secs.
2026-09-07 08:22:57,532 [DEBUG] core.argyll_runner: [argyll] Re-seeding
2026-09-07 08:22:57,532 [DEBUG] core.argyll_runner: [argyll] It 3: Maxmv = 0.076162, MinPoint = 5.428, Min = 5.280, Avg. = 10.700, Max = 13.835, 0.0 secs.
2026-09-07 08:22:57,533 [DEBUG] core.argyll_runner: [argyll] Re-seeding
2026-09-07 08:22:57,533 [DEBUG] core.argyll_runner: [argyll] It 4: Maxmv = 0.072726, MinPoint = 5.743, Min = 5.280, Avg. = 10.603, Max = 14.075, 0.0 secs.
2026-09-07 08:22:57,533 [DEBUG] core.argyll_runner: [argyll] Re-seeding
2026-09-07 08:22:57,533 [DEBUG] core.argyll_runner: [argyll] It 5: Maxmv = 0.068513, MinPoint = 5.743, Min = 5.280, Avg. = 10.535, Max = 13.679, 0.0 secs.
2026-09-07 08:22:57,534 [DEBUG] core.argyll_runner: [argyll] Re-seeding
2026-09-07 08:22:57,534 [DEBUG] core.argyll_runner: [argyll] It 6: Maxmv = 0.056321, MinPoint = 5.743, Min = 5.280, Avg. = 10.518, Max = 13.779, 0.0 secs.
2026-09-07 08:22:57,534 [DEBUG] core.argyll_runner: [argyll] Re-seeding
2026-09-07 08:22:57,534 [DEBUG] core.argyll_runner: [argyll] It 7: Maxmv = 0.059854, MinPoint = 5.743, Min = 5.280, Avg. = 10.461, Max = 13.725, 0.0 secs.
2026-09-07 08:22:57,535 [DEBUG] core.argyll_runner: [argyll] Re-seeding
2026-09-07 08:22:57,535 [DEBUG] core.argyll_runner: [argyll] It 8: Maxmv = 0.051345, MinPoint = 5.743, Min = 5.280, Avg. = 10.437, Max = 13.448, 0.0 secs.
2026-09-07 08:22:57,535 [DEBUG] core.argyll_runner: [argyll] Re-seeding
2026-09-07 08:22:57,535 [DEBUG] core.argyll_runner: [argyll] It 9: Maxmv = 0.040554, MinPoint = 5.743, Min = 5.280, Avg. = 10.411, Max = 13.065, 0.0 secs.
2026-09-07 08:22:57,536 [DEBUG] core.argyll_runner: [argyll] Re-seeding
2026-09-07 08:22:57,536 [DEBUG] core.argyll_runner: [argyll] It 10: Maxmv = 0.030994, MinPoint = 5.743, Min = 5.280, Avg. = 10.383, Max = 12.735, 0.0 secs.
2026-09-07 08:22:57,536 [DEBUG] core.argyll_runner: [argyll] Re-seeding
2026-09-07 08:22:57,536 [DEBUG] core.argyll_runner: [argyll] It 11: Maxmv = 0.032989, MinPoint = 5.743, Min = 5.280, Avg. = 10.373, Max = 12.994, 0.0 secs.
2026-09-07 08:22:57,537 [DEBUG] core.argyll_runner: [argyll] Re-seeding
2026-09-07 08:22:57,537 [DEBUG] core.argyll_runner: [argyll] It 12: Maxmv = 0.030487, MinPoint = 5.743, Min = 5.280, Avg. = 10.349, Max = 12.936, 0.0 secs.
2026-09-07 08:22:57,537 [DEBUG] core.argyll_runner: [argyll] Re-seeding
2026-09-07 08:22:57,537 [DEBUG] core.argyll_runner: [argyll] It 13: Maxmv = 0.021481, MinPoint = 5.743, Min = 5.280, Avg. = 10.346, Max = 12.600, 0.0 secs.
2026-09-07 08:22:57,538 [DEBUG] core.argyll_runner: [argyll] Re-seeding
2026-09-07 08:22:57,538 [DEBUG] core.argyll_runner: [argyll] It 14: Maxmv = 0.016377, MinPoint = 5.743, Min = 5.280, Avg. = 10.329, Max = 12.441, 0.0 secs.
2026-09-07 08:22:57,538 [DEBUG] core.argyll_runner: [argyll] Re-seeding
2026-09-07 08:22:57,538 [DEBUG] core.argyll_runner: [argyll] It 15: Maxmv = 0.013408, MinPoint = 5.743, Min = 5.280, Avg. = 10.331, Max = 12.462, 0.0 secs.
2026-09-07 08:22:57,539 [DEBUG] core.argyll_runner: [argyll] Re-seeding
2026-09-07 08:22:57,539 [DEBUG] core.argyll_runner: [argyll] It 16: Maxmv = 0.011614, MinPoint = 5.743, Min = 5.280, Avg. = 10.321, Max = 12.261, 0.0 secs.
2026-09-07 08:22:57,539 [DEBUG] core.argyll_runner: [argyll] Re-seeding
2026-09-07 08:22:57,539 [DEBUG] core.argyll_runner: [argyll] It 17: Maxmv = 0.006463, MinPoint = 5.743, Min = 5.280, Avg. = 10.321, Max = 12.391, 0.0 secs.
2026-09-07 08:22:57,540 [DEBUG] core.argyll_runner: [argyll] Re-seeding
2026-09-07 08:22:57,540 [DEBUG] core.argyll_runner: [argyll] It 18: Maxmv = 0.005609, MinPoint = 5.743, Min = 5.280, Avg. = 10.319, Max = 12.293, 0.0 secs.
2026-09-07 08:22:57,540 [DEBUG] core.argyll_runner: [argyll] Re-seeding
2026-09-07 08:22:57,540 [DEBUG] core.argyll_runner: [argyll] It 19: Maxmv = 0.001380, MinPoint = 5.743, Min = 5.280, Avg. = 10.320, Max = 12.323, 0.0 secs.
2026-09-07 08:22:57,541 [DEBUG] core.argyll_runner: [argyll] Re-seeding
2026-09-07 08:22:57,541 [DEBUG] core.argyll_runner: [argyll] It 20: Maxmv = 0.001368, MinPoint = 5.743, Min = 5.280, Avg. = 10.321, Max = 12.343, 0.0 secs.
2026-09-07 08:22:57,541 [DEBUG] core.argyll_runner: [argyll] After optimization: MinPoint = 5.743, Min = 5.280, Avg. = 10.321, Max = 12.343
2026-09-07 08:22:57,542 [DEBUG] core.argyll_runner: [argyll] Total number of patches = 525
2026-09-07 08:22:57,542 [DEBUG] core.argyll_runner: [argyll] Execution time = 0.972676 seconds
2026-09-07 08:22:57,542 [INFO] core.argyll_runner: ArgyllRunner: finished with code 0
2026-09-07 08:22:57,935 [DEBUG] workflow.chart_creator: Wrote channel sidecar A5-Furniture.channels.json: ['r', 'g', 'b']
2026-09-07 08:22:58,016 [DEBUG] ui.tiff_preview: TiffPreview: loaded 1 page(s)
2026-09-07 08:22:58,016 [INFO] ui.tabs.tab_chart: Preview loaded: 1 TIFF(s)
2026-09-07 08:22:58,060 [DEBUG] ui.tiff_preview: TiffPreview: loaded 1 page(s)
2026-09-07 08:22:58,062 [DEBUG] ui.tiff_preview: TiffPreview: loaded 1 page(s)
2026-09-07 08:22:58,067 [DEBUG] ui.tabs.tab_chart: create-chart settings written for run1 (40 parameters + ui state)
2026-09-07 08:22:59,782 [INFO] assess:   shot Screenshots/A5-furniture/f12-sheet-text-preview.png  (2232x1136)
2026-09-07 08:22:59,783 [INFO] assess:   json Test Runs/logs/d04_results.json
2026-09-07 08:22:59,783 [INFO] assess:     est=(525, 25, 21) act=(525, 25, 21) margins=mm | inch | min | Left (to first patch) | 26.0 | 1.023 | 26.0 | Right (to first patch) | 9.1 | 0.358 | 9.0 | Top (to first patch) | 39.0 | 1.537 | 38. notes='' files=['A5-Furniture.channels.json', 'A5-Furniture.ti1', 'A5-Furniture.ti2', 'A5-Furniture.tif', 'meta.json']
2026-09-07 08:22:59,783 [INFO] assess: --- f13-stamp: stamp layout summary
2026-09-07 08:23:01,521 [DEBUG] core.settings: settings.set helper_markers_show = False
2026-09-07 08:23:01,521 [DEBUG] core.settings: settings.set helper_marker_edge_mm = 2.0
2026-09-07 08:23:01,521 [DEBUG] core.settings: settings.set helper_marker_len_mm = 2.0
2026-09-07 08:23:01,521 [DEBUG] core.settings: settings.set helper_marker_per_patch = 3
2026-09-07 08:23:01,521 [DEBUG] core.settings: settings.set helper_markers_top_bottom = True
2026-09-07 08:23:01,521 [DEBUG] core.settings: settings.set helper_markers_sides = True
2026-09-07 08:23:01,584 [DEBUG] core.settings: settings.set helper_markers_show = False
2026-09-07 08:23:01,584 [DEBUG] core.settings: settings.set helper_marker_edge_mm = 2.0
2026-09-07 08:23:01,584 [DEBUG] core.settings: settings.set helper_marker_len_mm = 2.0
2026-09-07 08:23:01,584 [DEBUG] core.settings: settings.set helper_marker_per_patch = 3
2026-09-07 08:23:01,584 [DEBUG] core.settings: settings.set helper_markers_top_bottom = True
2026-09-07 08:23:01,584 [DEBUG] core.settings: settings.set helper_markers_sides = True
2026-09-07 08:23:02,520 [DEBUG] core.settings: settings.set helper_markers_show = False
2026-09-07 08:23:02,520 [DEBUG] core.settings: settings.set helper_marker_edge_mm = 2.0
2026-09-07 08:23:02,521 [DEBUG] core.settings: settings.set helper_marker_len_mm = 2.0
2026-09-07 08:23:02,521 [DEBUG] core.settings: settings.set helper_marker_per_patch = 3
2026-09-07 08:23:02,521 [DEBUG] core.settings: settings.set helper_markers_top_bottom = True
2026-09-07 08:23:02,521 [DEBUG] core.settings: settings.set helper_markers_sides = True
2026-09-07 08:23:03,283 [INFO] assess:   armed: dialog ~'quite fill' -> click 'OK' 
2026-09-07 08:23:03,284 [INFO] assess:   armed: dialog ~'already' -> click 'Continue this project' 
2026-09-07 08:23:03,284 [INFO] ui.tabs.tab_chart: chart build (Generate Chart) in manual: patch set targen | manual panel: A4, 0x0 grid, margins T38.0 R9.0 B19.0 L26.0
2026-09-07 08:23:03,287 [DEBUG] core.settings: settings.set session_ti3_path = ''
2026-09-07 08:23:03,287 [DEBUG] core.settings: settings.set session_icc_path = ''
2026-09-07 08:23:03,287 [DEBUG] core.settings: settings.set session_cal_ti3_path = ''
2026-09-07 08:23:03,289 [DEBUG] core.file_manager: Target name set to: A5-Furniture (root /Users/Basti/ChromIQ-assessment/A5-Furniture)
2026-09-07 08:23:03,290 [INFO] core.file_manager: opened the EXISTING project at /Users/Basti/ChromIQ-assessment/A5-Furniture (1 run(s) on disk)
2026-09-07 08:23:03,341 [INFO] workflow.chart_creator: Chart generation: 525 patches, instrument=i1 paper=A4 disable_lb=True
2026-09-07 08:23:03,341 [INFO] workflow.chart_creator: targen args: ['-v', '-d2', '-f525', '-e4', '-B4', '-G', '-g30', 'A5-Furniture']
2026-09-07 08:23:03,341 [INFO] core.argyll_runner: Run: /Applications/Argyll/bin/targen -v -d2 -f525 -e4 -B4 -G -g30 A5-Furniture  [cwd=/Users/Basti/ChromIQ-assessment/A5-Furniture/runs/run1]
2026-09-07 08:23:03,411 [DEBUG] core.argyll_runner: [argyll] iRGB test chart
2026-09-07 08:23:03,411 [DEBUG] core.argyll_runner: [argyll] White patches = 4
2026-09-07 08:23:03,411 [DEBUG] core.argyll_runner: [argyll] Black patches = 4
2026-09-07 08:23:03,411 [DEBUG] core.argyll_runner: [argyll] Composite Grey steps = 30
2026-09-07 08:23:03,411 [DEBUG] core.argyll_runner: [argyll] Full spread patches = 525
2026-09-07 08:23:03,411 [DEBUG] core.argyll_runner: [argyll] Degree of adaptation: 0.100
2026-09-07 08:23:03,412 [DEBUG] core.argyll_runner: [argyll] Adaptation weights: Device = 0.935, Perceptual = 0.065, Curvature = 0.010
2026-09-07 08:23:03,412 [DEBUG] core.argyll_runner: [argyll] Perceptual cache resolution = 9
2026-09-07 08:23:03,412 [DEBUG] core.argyll_runner: [argyll] Seeding cache...done
2026-09-07 08:23:03,412 [DEBUG] core.argyll_runner: [argyll] Acceleration grid res = 9
2026-09-07 08:23:03,412 [DEBUG] core.argyll_runner: [argyll] 
2026-09-07 08:23:03,412 [DEBUG] core.argyll_runner: [argyll] There are 30 unique fixed points to add (36 total fixed points)
2026-09-07 08:23:03,413 [DEBUG] core.argyll_runner: [argyll] There are 489 far spread points to add
2026-09-07 08:23:03,413 [DEBUG] core.argyll_runner: [argyll] 
2026-09-07 08:23:03,413 [DEBUG] core.argyll_runner: [argyll] Added 12/519
2026-09-07 08:23:03,413 [DEBUG] core.argyll_runner: [argyll] Added 23/519
2026-09-07 08:23:03,413 [DEBUG] core.argyll_runner: [argyll] Added 34/519
2026-09-07 08:23:03,414 [DEBUG] core.argyll_runner: [argyll] Added 45/519
2026-09-07 08:23:03,434 [DEBUG] core.argyll_runner: [argyll] 
2026-09-07 08:23:03,434 [DEBUG] core.argyll_runner: [argyll] Added 56/519
2026-09-07 08:23:03,434 [DEBUG] core.argyll_runner: [argyll] Added 67/519
2026-09-07 08:23:03,435 [DEBUG] core.argyll_runner: [argyll] Added 78/519
2026-09-07 08:23:03,435 [DEBUG] core.argyll_runner: [argyll] Added 89/519
2026-09-07 08:23:03,435 [DEBUG] core.argyll_runner: [argyll] Added 100/519
2026-09-07 08:23:03,436 [DEBUG] core.argyll_runner: [argyll] Added 111/519
2026-09-07 08:23:03,437 [DEBUG] core.argyll_runner: [argyll] Added 122/519
2026-09-07 08:23:03,438 [DEBUG] core.argyll_runner: [argyll] Added 133/519
2026-09-07 08:23:03,439 [DEBUG] core.argyll_runner: [argyll] Added 144/519
2026-09-07 08:23:03,440 [DEBUG] core.argyll_runner: [argyll] Added 155/519
2026-09-07 08:23:03,441 [DEBUG] core.argyll_runner: [argyll] Added 166/519
2026-09-07 08:23:03,443 [DEBUG] core.argyll_runner: [argyll] Added 177/519
2026-09-07 08:23:03,444 [DEBUG] core.argyll_runner: [argyll] Added 188/519
2026-09-07 08:23:03,446 [DEBUG] core.argyll_runner: [argyll] Added 199/519
2026-09-07 08:23:03,448 [DEBUG] core.argyll_runner: [argyll] Added 210/519
2026-09-07 08:23:03,450 [DEBUG] core.argyll_runner: [argyll] Added 221/519
2026-09-07 08:23:03,452 [DEBUG] core.argyll_runner: [argyll] Added 232/519
2026-09-07 08:23:03,454 [DEBUG] core.argyll_runner: [argyll] Added 243/519
2026-09-07 08:23:03,456 [DEBUG] core.argyll_runner: [argyll] Added 254/519
2026-09-07 08:23:03,459 [DEBUG] core.argyll_runner: [argyll] Added 265/519
2026-09-07 08:23:03,461 [DEBUG] core.argyll_runner: [argyll] Added 276/519
2026-09-07 08:23:03,464 [DEBUG] core.argyll_runner: [argyll] Added 287/519
2026-09-07 08:23:03,467 [DEBUG] core.argyll_runner: [argyll] Added 298/519
2026-09-07 08:23:03,470 [DEBUG] core.argyll_runner: [argyll] Added 309/519
2026-09-07 08:23:03,473 [DEBUG] core.argyll_runner: [argyll] Added 320/519
2026-09-07 08:23:03,476 [DEBUG] core.argyll_runner: [argyll] Added 331/519
2026-09-07 08:23:03,492 [DEBUG] core.argyll_runner: [argyll] 
2026-09-07 08:23:03,493 [DEBUG] core.argyll_runner: [argyll] Added 342/519
2026-09-07 08:23:03,493 [DEBUG] core.argyll_runner: [argyll] Added 353/519
2026-09-07 08:23:03,494 [DEBUG] core.argyll_runner: [argyll] Added 364/519
2026-09-07 08:23:03,494 [DEBUG] core.argyll_runner: [argyll] Added 375/519
2026-09-07 08:23:03,495 [DEBUG] core.argyll_runner: [argyll] Added 386/519
2026-09-07 08:23:03,495 [DEBUG] core.argyll_runner: [argyll] Added 397/519
2026-09-07 08:23:03,496 [DEBUG] core.argyll_runner: [argyll] Added 408/519
2026-09-07 08:23:03,497 [DEBUG] core.argyll_runner: [argyll] Added 419/519
2026-09-07 08:23:03,498 [DEBUG] core.argyll_runner: [argyll] Added 430/519
2026-09-07 08:23:03,499 [DEBUG] core.argyll_runner: [argyll] Added 441/519
2026-09-07 08:23:03,500 [DEBUG] core.argyll_runner: [argyll] Added 452/519
2026-09-07 08:23:03,502 [DEBUG] core.argyll_runner: [argyll] Added 463/519
2026-09-07 08:23:03,503 [DEBUG] core.argyll_runner: [argyll] Added 474/519
2026-09-07 08:23:03,505 [DEBUG] core.argyll_runner: [argyll] Added 485/519
2026-09-07 08:23:03,507 [DEBUG] core.argyll_runner: [argyll] Added 496/519
2026-09-07 08:23:03,508 [DEBUG] core.argyll_runner: [argyll] Added 507/519
2026-09-07 08:23:03,510 [DEBUG] core.argyll_runner: [argyll] Added 518/519
2026-09-07 08:23:03,513 [DEBUG] core.argyll_runner: [argyll] Added 519/519
2026-09-07 08:23:04,377 [DEBUG] core.argyll_runner: [argyll] 
2026-09-07 08:23:04,378 [DEBUG] core.argyll_runner: [argyll] After seeding points: MinPoint = 4.448, Min = 4.322, Avg. = 10.848, Max = 14.666, 0.1 secs
2026-09-07 08:23:04,378 [DEBUG] core.argyll_runner: [argyll] Re-seeding
2026-09-07 08:23:04,378 [DEBUG] core.argyll_runner: [argyll] It 1: Maxmv = 0.103363, MinPoint = 3.460, Min = 4.005, Avg. = 10.861, Max = 14.358, 0.0 secs.
2026-09-07 08:23:04,379 [DEBUG] core.argyll_runner: [argyll] Re-seeding
2026-09-07 08:23:04,379 [DEBUG] core.argyll_runner: [argyll] It 2: Maxmv = 0.084402, MinPoint = 5.380, Min = 5.280, Avg. = 10.758, Max = 13.964, 0.0 secs.
2026-09-07 08:23:04,379 [DEBUG] core.argyll_runner: [argyll] Re-seeding
2026-09-07 08:23:04,379 [DEBUG] core.argyll_runner: [argyll] It 3: Maxmv = 0.076162, MinPoint = 5.428, Min = 5.280, Avg. = 10.700, Max = 13.835, 0.0 secs.
2026-09-07 08:23:04,380 [DEBUG] core.argyll_runner: [argyll] Re-seeding
2026-09-07 08:23:04,380 [DEBUG] core.argyll_runner: [argyll] It 4: Maxmv = 0.072726, MinPoint = 5.743, Min = 5.280, Avg. = 10.603, Max = 14.075, 0.0 secs.
2026-09-07 08:23:04,380 [DEBUG] core.argyll_runner: [argyll] Re-seeding
2026-09-07 08:23:04,380 [DEBUG] core.argyll_runner: [argyll] It 5: Maxmv = 0.068513, MinPoint = 5.743, Min = 5.280, Avg. = 10.535, Max = 13.679, 0.0 secs.
2026-09-07 08:23:04,381 [DEBUG] core.argyll_runner: [argyll] Re-seeding
2026-09-07 08:23:04,381 [DEBUG] core.argyll_runner: [argyll] It 6: Maxmv = 0.056321, MinPoint = 5.743, Min = 5.280, Avg. = 10.518, Max = 13.779, 0.0 secs.
2026-09-07 08:23:04,381 [DEBUG] core.argyll_runner: [argyll] Re-seeding
2026-09-07 08:23:04,381 [DEBUG] core.argyll_runner: [argyll] It 7: Maxmv = 0.059854, MinPoint = 5.743, Min = 5.280, Avg. = 10.461, Max = 13.725, 0.0 secs.
2026-09-07 08:23:04,382 [DEBUG] core.argyll_runner: [argyll] Re-seeding
2026-09-07 08:23:04,382 [DEBUG] core.argyll_runner: [argyll] It 8: Maxmv = 0.051345, MinPoint = 5.743, Min = 5.280, Avg. = 10.437, Max = 13.448, 0.0 secs.
2026-09-07 08:23:04,382 [DEBUG] core.argyll_runner: [argyll] Re-seeding
2026-09-07 08:23:04,382 [DEBUG] core.argyll_runner: [argyll] It 9: Maxmv = 0.040554, MinPoint = 5.743, Min = 5.280, Avg. = 10.411, Max = 13.065, 0.0 secs.
2026-09-07 08:23:04,383 [DEBUG] core.argyll_runner: [argyll] Re-seeding
2026-09-07 08:23:04,383 [DEBUG] core.argyll_runner: [argyll] It 10: Maxmv = 0.030994, MinPoint = 5.743, Min = 5.280, Avg. = 10.383, Max = 12.735, 0.0 secs.
2026-09-07 08:23:04,383 [DEBUG] core.argyll_runner: [argyll] Re-seeding
2026-09-07 08:23:04,383 [DEBUG] core.argyll_runner: [argyll] It 11: Maxmv = 0.032989, MinPoint = 5.743, Min = 5.280, Avg. = 10.373, Max = 12.994, 0.0 secs.
2026-09-07 08:23:04,384 [DEBUG] core.argyll_runner: [argyll] Re-seeding
2026-09-07 08:23:04,384 [DEBUG] core.argyll_runner: [argyll] It 12: Maxmv = 0.030487, MinPoint = 5.743, Min = 5.280, Avg. = 10.349, Max = 12.936, 0.0 secs.
2026-09-07 08:23:04,384 [DEBUG] core.argyll_runner: [argyll] Re-seeding
2026-09-07 08:23:04,384 [DEBUG] core.argyll_runner: [argyll] It 13: Maxmv = 0.021481, MinPoint = 5.743, Min = 5.280, Avg. = 10.346, Max = 12.600, 0.0 secs.
2026-09-07 08:23:04,385 [DEBUG] core.argyll_runner: [argyll] Re-seeding
2026-09-07 08:23:04,385 [DEBUG] core.argyll_runner: [argyll] It 14: Maxmv = 0.016377, MinPoint = 5.743, Min = 5.280, Avg. = 10.329, Max = 12.441, 0.0 secs.
2026-09-07 08:23:04,385 [DEBUG] core.argyll_runner: [argyll] Re-seeding
2026-09-07 08:23:04,385 [DEBUG] core.argyll_runner: [argyll] It 15: Maxmv = 0.013408, MinPoint = 5.743, Min = 5.280, Avg. = 10.331, Max = 12.462, 0.0 secs.
2026-09-07 08:23:04,386 [DEBUG] core.argyll_runner: [argyll] Re-seeding
2026-09-07 08:23:04,386 [DEBUG] core.argyll_runner: [argyll] It 16: Maxmv = 0.011614, MinPoint = 5.743, Min = 5.280, Avg. = 10.321, Max = 12.261, 0.0 secs.
2026-09-07 08:23:04,386 [DEBUG] core.argyll_runner: [argyll] Re-seeding
2026-09-07 08:23:04,386 [DEBUG] core.argyll_runner: [argyll] It 17: Maxmv = 0.006463, MinPoint = 5.743, Min = 5.280, Avg. = 10.321, Max = 12.391, 0.0 secs.
2026-09-07 08:23:04,387 [DEBUG] core.argyll_runner: [argyll] Re-seeding
2026-09-07 08:23:04,387 [DEBUG] core.argyll_runner: [argyll] It 18: Maxmv = 0.005609, MinPoint = 5.743, Min = 5.280, Avg. = 10.319, Max = 12.293, 0.0 secs.
2026-09-07 08:23:04,387 [DEBUG] core.argyll_runner: [argyll] Re-seeding
2026-09-07 08:23:04,387 [DEBUG] core.argyll_runner: [argyll] It 19: Maxmv = 0.001380, MinPoint = 5.743, Min = 5.280, Avg. = 10.320, Max = 12.323, 0.0 secs.
2026-09-07 08:23:04,388 [DEBUG] core.argyll_runner: [argyll] Re-seeding
2026-09-07 08:23:04,388 [DEBUG] core.argyll_runner: [argyll] It 20: Maxmv = 0.001368, MinPoint = 5.743, Min = 5.280, Avg. = 10.321, Max = 12.343, 0.0 secs.
2026-09-07 08:23:04,388 [DEBUG] core.argyll_runner: [argyll] After optimization: MinPoint = 5.743, Min = 5.280, Avg. = 10.321, Max = 12.343
2026-09-07 08:23:04,389 [DEBUG] core.argyll_runner: [argyll] Total number of patches = 525
2026-09-07 08:23:04,389 [DEBUG] core.argyll_runner: [argyll] Execution time = 0.970171 seconds
2026-09-07 08:23:04,389 [INFO] core.argyll_runner: ArgyllRunner: finished with code 0
2026-09-07 08:23:04,780 [DEBUG] workflow.chart_creator: Wrote channel sidecar A5-Furniture.channels.json: ['r', 'g', 'b']
2026-09-07 08:23:04,861 [DEBUG] ui.tiff_preview: TiffPreview: loaded 1 page(s)
2026-09-07 08:23:04,861 [INFO] ui.tabs.tab_chart: Preview loaded: 1 TIFF(s)
2026-09-07 08:23:04,905 [DEBUG] ui.tiff_preview: TiffPreview: loaded 1 page(s)
2026-09-07 08:23:04,907 [DEBUG] ui.tiff_preview: TiffPreview: loaded 1 page(s)
2026-09-07 08:23:04,913 [DEBUG] ui.tabs.tab_chart: create-chart settings written for run1 (40 parameters + ui state)
2026-09-07 08:23:06,639 [INFO] assess:   shot Screenshots/A5-furniture/f13-stamp-preview.png  (2232x1136)
2026-09-07 08:23:06,641 [INFO] assess:   json Test Runs/logs/d04_results.json
2026-09-07 08:23:06,641 [INFO] assess:     est=(525, 25, 21) act=(525, 25, 21) margins=mm | inch | min | Left (to first patch) | 26.0 | 1.023 | 26.0 | Right (to first patch) | 9.1 | 0.358 | 9.0 | Top (to first patch) | 39.0 | 1.537 | 38. notes='' files=['A5-Furniture.channels.json', 'A5-Furniture.ti1', 'A5-Furniture.ti2', 'A5-Furniture.tif', 'meta.json']
2026-09-07 08:23:06,641 [INFO] assess: --- f14-edge-spacers: edge spacers
2026-09-07 08:23:08,508 [DEBUG] core.settings: settings.set helper_markers_show = False
2026-09-07 08:23:08,508 [DEBUG] core.settings: settings.set helper_marker_edge_mm = 2.0
2026-09-07 08:23:08,508 [DEBUG] core.settings: settings.set helper_marker_len_mm = 2.0
2026-09-07 08:23:08,508 [DEBUG] core.settings: settings.set helper_marker_per_patch = 3
2026-09-07 08:23:08,508 [DEBUG] core.settings: settings.set helper_markers_top_bottom = True
2026-09-07 08:23:08,508 [DEBUG] core.settings: settings.set helper_markers_sides = True
2026-09-07 08:23:09,472 [DEBUG] core.settings: settings.set helper_markers_show = False
2026-09-07 08:23:09,472 [DEBUG] core.settings: settings.set helper_marker_edge_mm = 2.0
2026-09-07 08:23:09,472 [DEBUG] core.settings: settings.set helper_marker_len_mm = 2.0
2026-09-07 08:23:09,472 [DEBUG] core.settings: settings.set helper_marker_per_patch = 3
2026-09-07 08:23:09,472 [DEBUG] core.settings: settings.set helper_markers_top_bottom = True
2026-09-07 08:23:09,472 [DEBUG] core.settings: settings.set helper_markers_sides = True
2026-09-07 08:23:10,233 [INFO] assess:   armed: dialog ~'quite fill' -> click 'OK' 
2026-09-07 08:23:10,233 [INFO] assess:   armed: dialog ~'already' -> click 'Continue this project' 
2026-09-07 08:23:10,234 [INFO] ui.tabs.tab_chart: chart build (Generate Chart) in manual: patch set targen | manual panel: A4, 0x0 grid, margins T38.0 R9.0 B19.0 L26.0
2026-09-07 08:23:10,237 [DEBUG] core.settings: settings.set session_ti3_path = ''
2026-09-07 08:23:10,237 [DEBUG] core.settings: settings.set session_icc_path = ''
2026-09-07 08:23:10,237 [DEBUG] core.settings: settings.set session_cal_ti3_path = ''
2026-09-07 08:23:10,239 [DEBUG] core.file_manager: Target name set to: A5-Furniture (root /Users/Basti/ChromIQ-assessment/A5-Furniture)
2026-09-07 08:23:10,240 [INFO] core.file_manager: opened the EXISTING project at /Users/Basti/ChromIQ-assessment/A5-Furniture (1 run(s) on disk)
2026-09-07 08:23:10,290 [INFO] workflow.chart_creator: Chart generation: 525 patches, instrument=i1 paper=A4 disable_lb=True
2026-09-07 08:23:10,290 [INFO] workflow.chart_creator: targen args: ['-v', '-d2', '-f525', '-e4', '-B4', '-G', '-g30', 'A5-Furniture']
2026-09-07 08:23:10,290 [INFO] core.argyll_runner: Run: /Applications/Argyll/bin/targen -v -d2 -f525 -e4 -B4 -G -g30 A5-Furniture  [cwd=/Users/Basti/ChromIQ-assessment/A5-Furniture/runs/run1]
2026-09-07 08:23:10,363 [DEBUG] core.argyll_runner: [argyll] iRGB test chart
2026-09-07 08:23:10,363 [DEBUG] core.argyll_runner: [argyll] White patches = 4
2026-09-07 08:23:10,363 [DEBUG] core.argyll_runner: [argyll] Black patches = 4
2026-09-07 08:23:10,363 [DEBUG] core.argyll_runner: [argyll] Composite Grey steps = 30
2026-09-07 08:23:10,364 [DEBUG] core.argyll_runner: [argyll] Full spread patches = 525
2026-09-07 08:23:10,364 [DEBUG] core.argyll_runner: [argyll] Degree of adaptation: 0.100
2026-09-07 08:23:10,364 [DEBUG] core.argyll_runner: [argyll] Adaptation weights: Device = 0.935, Perceptual = 0.065, Curvature = 0.010
2026-09-07 08:23:10,364 [DEBUG] core.argyll_runner: [argyll] Perceptual cache resolution = 9
2026-09-07 08:23:10,364 [DEBUG] core.argyll_runner: [argyll] Seeding cache...done
2026-09-07 08:23:10,365 [DEBUG] core.argyll_runner: [argyll] Acceleration grid res = 9
2026-09-07 08:23:10,365 [DEBUG] core.argyll_runner: [argyll] 
2026-09-07 08:23:10,365 [DEBUG] core.argyll_runner: [argyll] There are 30 unique fixed points to add (36 total fixed points)
2026-09-07 08:23:10,365 [DEBUG] core.argyll_runner: [argyll] There are 489 far spread points to add
2026-09-07 08:23:10,365 [DEBUG] core.argyll_runner: [argyll] 
2026-09-07 08:23:10,365 [DEBUG] core.argyll_runner: [argyll] Added 12/519
2026-09-07 08:23:10,365 [DEBUG] core.argyll_runner: [argyll] Added 23/519
2026-09-07 08:23:10,366 [DEBUG] core.argyll_runner: [argyll] Added 34/519
2026-09-07 08:23:10,366 [DEBUG] core.argyll_runner: [argyll] Added 45/519
2026-09-07 08:23:10,366 [DEBUG] core.argyll_runner: [argyll] Added 56/519
2026-09-07 08:23:10,367 [DEBUG] core.argyll_runner: [argyll] Added 67/519
2026-09-07 08:23:10,388 [DEBUG] core.argyll_runner: [argyll] 
2026-09-07 08:23:10,389 [DEBUG] core.argyll_runner: [argyll] Added 78/519
2026-09-07 08:23:10,389 [DEBUG] core.argyll_runner: [argyll] Added 89/519
2026-09-07 08:23:10,389 [DEBUG] core.argyll_runner: [argyll] Added 100/519
2026-09-07 08:23:10,389 [DEBUG] core.argyll_runner: [argyll] Added 111/519
2026-09-07 08:23:10,390 [DEBUG] core.argyll_runner: [argyll] Added 122/519
2026-09-07 08:23:10,391 [DEBUG] core.argyll_runner: [argyll] Added 133/519
2026-09-07 08:23:10,391 [DEBUG] core.argyll_runner: [argyll] Added 144/519
2026-09-07 08:23:10,392 [DEBUG] core.argyll_runner: [argyll] Added 155/519
2026-09-07 08:23:10,393 [DEBUG] core.argyll_runner: [argyll] Added 166/519
2026-09-07 08:23:10,394 [DEBUG] core.argyll_runner: [argyll] Added 177/519
2026-09-07 08:23:10,396 [DEBUG] core.argyll_runner: [argyll] Added 188/519
2026-09-07 08:23:10,397 [DEBUG] core.argyll_runner: [argyll] Added 199/519
2026-09-07 08:23:10,399 [DEBUG] core.argyll_runner: [argyll] Added 210/519
2026-09-07 08:23:10,400 [DEBUG] core.argyll_runner: [argyll] Added 221/519
2026-09-07 08:23:10,402 [DEBUG] core.argyll_runner: [argyll] Added 232/519
2026-09-07 08:23:10,404 [DEBUG] core.argyll_runner: [argyll] Added 243/519
2026-09-07 08:23:10,406 [DEBUG] core.argyll_runner: [argyll] Added 254/519
2026-09-07 08:23:10,408 [DEBUG] core.argyll_runner: [argyll] Added 265/519
2026-09-07 08:23:10,411 [DEBUG] core.argyll_runner: [argyll] Added 276/519
2026-09-07 08:23:10,413 [DEBUG] core.argyll_runner: [argyll] Added 287/519
2026-09-07 08:23:10,416 [DEBUG] core.argyll_runner: [argyll] Added 298/519
2026-09-07 08:23:10,418 [DEBUG] core.argyll_runner: [argyll] Added 309/519
2026-09-07 08:23:10,421 [DEBUG] core.argyll_runner: [argyll] Added 320/519
2026-09-07 08:23:10,424 [DEBUG] core.argyll_runner: [argyll] Added 331/519
2026-09-07 08:23:10,427 [DEBUG] core.argyll_runner: [argyll] Added 342/519
2026-09-07 08:23:10,430 [DEBUG] core.argyll_runner: [argyll] Added 353/519
2026-09-07 08:23:10,434 [DEBUG] core.argyll_runner: [argyll] Added 364/519
2026-09-07 08:23:10,437 [DEBUG] core.argyll_runner: [argyll] Added 375/519
2026-09-07 08:23:10,454 [DEBUG] core.argyll_runner: [argyll] 
2026-09-07 08:23:10,455 [DEBUG] core.argyll_runner: [argyll] Added 386/519
2026-09-07 08:23:10,455 [DEBUG] core.argyll_runner: [argyll] Added 397/519
2026-09-07 08:23:10,455 [DEBUG] core.argyll_runner: [argyll] Added 408/519
2026-09-07 08:23:10,456 [DEBUG] core.argyll_runner: [argyll] Added 419/519
2026-09-07 08:23:10,456 [DEBUG] core.argyll_runner: [argyll] Added 430/519
2026-09-07 08:23:10,457 [DEBUG] core.argyll_runner: [argyll] Added 441/519
2026-09-07 08:23:10,457 [DEBUG] core.argyll_runner: [argyll] Added 452/519
2026-09-07 08:23:10,458 [DEBUG] core.argyll_runner: [argyll] Added 463/519
2026-09-07 08:23:10,459 [DEBUG] core.argyll_runner: [argyll] Added 474/519
2026-09-07 08:23:10,460 [DEBUG] core.argyll_runner: [argyll] Added 485/519
2026-09-07 08:23:10,462 [DEBUG] core.argyll_runner: [argyll] Added 496/519
2026-09-07 08:23:10,463 [DEBUG] core.argyll_runner: [argyll] Added 507/519
2026-09-07 08:23:10,465 [DEBUG] core.argyll_runner: [argyll] Added 518/519
2026-09-07 08:23:10,466 [DEBUG] core.argyll_runner: [argyll] Added 519/519
2026-09-07 08:23:11,337 [DEBUG] core.argyll_runner: [argyll] 
2026-09-07 08:23:11,338 [DEBUG] core.argyll_runner: [argyll] After seeding points: MinPoint = 4.448, Min = 4.322, Avg. = 10.848, Max = 14.666, 0.1 secs
2026-09-07 08:23:11,338 [DEBUG] core.argyll_runner: [argyll] Re-seeding
2026-09-07 08:23:11,339 [DEBUG] core.argyll_runner: [argyll] It 1: Maxmv = 0.103363, MinPoint = 3.460, Min = 4.005, Avg. = 10.861, Max = 14.358, 0.0 secs.
2026-09-07 08:23:11,339 [DEBUG] core.argyll_runner: [argyll] Re-seeding
2026-09-07 08:23:11,339 [DEBUG] core.argyll_runner: [argyll] It 2: Maxmv = 0.084402, MinPoint = 5.380, Min = 5.280, Avg. = 10.758, Max = 13.964, 0.0 secs.
2026-09-07 08:23:11,340 [DEBUG] core.argyll_runner: [argyll] Re-seeding
2026-09-07 08:23:11,340 [DEBUG] core.argyll_runner: [argyll] It 3: Maxmv = 0.076162, MinPoint = 5.428, Min = 5.280, Avg. = 10.700, Max = 13.835, 0.0 secs.
2026-09-07 08:23:11,340 [DEBUG] core.argyll_runner: [argyll] Re-seeding
2026-09-07 08:23:11,340 [DEBUG] core.argyll_runner: [argyll] It 4: Maxmv = 0.072726, MinPoint = 5.743, Min = 5.280, Avg. = 10.603, Max = 14.075, 0.0 secs.
2026-09-07 08:23:11,341 [DEBUG] core.argyll_runner: [argyll] Re-seeding
2026-09-07 08:23:11,341 [DEBUG] core.argyll_runner: [argyll] It 5: Maxmv = 0.068513, MinPoint = 5.743, Min = 5.280, Avg. = 10.535, Max = 13.679, 0.0 secs.
2026-09-07 08:23:11,341 [DEBUG] core.argyll_runner: [argyll] Re-seeding
2026-09-07 08:23:11,341 [DEBUG] core.argyll_runner: [argyll] It 6: Maxmv = 0.056321, MinPoint = 5.743, Min = 5.280, Avg. = 10.518, Max = 13.779, 0.0 secs.
2026-09-07 08:23:11,342 [DEBUG] core.argyll_runner: [argyll] Re-seeding
2026-09-07 08:23:11,342 [DEBUG] core.argyll_runner: [argyll] It 7: Maxmv = 0.059854, MinPoint = 5.743, Min = 5.280, Avg. = 10.461, Max = 13.725, 0.0 secs.
2026-09-07 08:23:11,342 [DEBUG] core.argyll_runner: [argyll] Re-seeding
2026-09-07 08:23:11,342 [DEBUG] core.argyll_runner: [argyll] It 8: Maxmv = 0.051345, MinPoint = 5.743, Min = 5.280, Avg. = 10.437, Max = 13.448, 0.0 secs.
2026-09-07 08:23:11,343 [DEBUG] core.argyll_runner: [argyll] Re-seeding
2026-09-07 08:23:11,343 [DEBUG] core.argyll_runner: [argyll] It 9: Maxmv = 0.040554, MinPoint = 5.743, Min = 5.280, Avg. = 10.411, Max = 13.065, 0.0 secs.
2026-09-07 08:23:11,343 [DEBUG] core.argyll_runner: [argyll] Re-seeding
2026-09-07 08:23:11,343 [DEBUG] core.argyll_runner: [argyll] It 10: Maxmv = 0.030994, MinPoint = 5.743, Min = 5.280, Avg. = 10.383, Max = 12.735, 0.0 secs.
2026-09-07 08:23:11,344 [DEBUG] core.argyll_runner: [argyll] Re-seeding
2026-09-07 08:23:11,344 [DEBUG] core.argyll_runner: [argyll] It 11: Maxmv = 0.032989, MinPoint = 5.743, Min = 5.280, Avg. = 10.373, Max = 12.994, 0.0 secs.
2026-09-07 08:23:11,344 [DEBUG] core.argyll_runner: [argyll] Re-seeding
2026-09-07 08:23:11,344 [DEBUG] core.argyll_runner: [argyll] It 12: Maxmv = 0.030487, MinPoint = 5.743, Min = 5.280, Avg. = 10.349, Max = 12.936, 0.0 secs.
2026-09-07 08:23:11,345 [DEBUG] core.argyll_runner: [argyll] Re-seeding
2026-09-07 08:23:11,345 [DEBUG] core.argyll_runner: [argyll] It 13: Maxmv = 0.021481, MinPoint = 5.743, Min = 5.280, Avg. = 10.346, Max = 12.600, 0.0 secs.
2026-09-07 08:23:11,345 [DEBUG] core.argyll_runner: [argyll] Re-seeding
2026-09-07 08:23:11,345 [DEBUG] core.argyll_runner: [argyll] It 14: Maxmv = 0.016377, MinPoint = 5.743, Min = 5.280, Avg. = 10.329, Max = 12.441, 0.0 secs.
2026-09-07 08:23:11,346 [DEBUG] core.argyll_runner: [argyll] Re-seeding
2026-09-07 08:23:11,346 [DEBUG] core.argyll_runner: [argyll] It 15: Maxmv = 0.013408, MinPoint = 5.743, Min = 5.280, Avg. = 10.331, Max = 12.462, 0.0 secs.
2026-09-07 08:23:11,346 [DEBUG] core.argyll_runner: [argyll] Re-seeding
2026-09-07 08:23:11,346 [DEBUG] core.argyll_runner: [argyll] It 16: Maxmv = 0.011614, MinPoint = 5.743, Min = 5.280, Avg. = 10.321, Max = 12.261, 0.0 secs.
2026-09-07 08:23:11,347 [DEBUG] core.argyll_runner: [argyll] Re-seeding
2026-09-07 08:23:11,347 [DEBUG] core.argyll_runner: [argyll] It 17: Maxmv = 0.006463, MinPoint = 5.743, Min = 5.280, Avg. = 10.321, Max = 12.391, 0.0 secs.
2026-09-07 08:23:11,347 [DEBUG] core.argyll_runner: [argyll] Re-seeding
2026-09-07 08:23:11,347 [DEBUG] core.argyll_runner: [argyll] It 18: Maxmv = 0.005609, MinPoint = 5.743, Min = 5.280, Avg. = 10.319, Max = 12.293, 0.0 secs.
2026-09-07 08:23:11,348 [DEBUG] core.argyll_runner: [argyll] Re-seeding
2026-09-07 08:23:11,348 [DEBUG] core.argyll_runner: [argyll] It 19: Maxmv = 0.001380, MinPoint = 5.743, Min = 5.280, Avg. = 10.320, Max = 12.323, 0.0 secs.
2026-09-07 08:23:11,348 [DEBUG] core.argyll_runner: [argyll] Re-seeding
2026-09-07 08:23:11,348 [DEBUG] core.argyll_runner: [argyll] It 20: Maxmv = 0.001368, MinPoint = 5.743, Min = 5.280, Avg. = 10.321, Max = 12.343, 0.0 secs.
2026-09-07 08:23:11,349 [DEBUG] core.argyll_runner: [argyll] After optimization: MinPoint = 5.743, Min = 5.280, Avg. = 10.321, Max = 12.343
2026-09-07 08:23:11,349 [DEBUG] core.argyll_runner: [argyll] Total number of patches = 525
2026-09-07 08:23:11,349 [DEBUG] core.argyll_runner: [argyll] Execution time = 0.975142 seconds
2026-09-07 08:23:11,350 [INFO] core.argyll_runner: ArgyllRunner: finished with code 0
2026-09-07 08:23:11,741 [DEBUG] workflow.chart_creator: Wrote channel sidecar A5-Furniture.channels.json: ['r', 'g', 'b']
2026-09-07 08:23:11,822 [DEBUG] ui.tiff_preview: TiffPreview: loaded 1 page(s)
2026-09-07 08:23:11,822 [INFO] ui.tabs.tab_chart: Preview loaded: 1 TIFF(s)
2026-09-07 08:23:11,881 [DEBUG] ui.tiff_preview: TiffPreview: loaded 1 page(s)
2026-09-07 08:23:11,882 [DEBUG] ui.tiff_preview: TiffPreview: loaded 1 page(s)
2026-09-07 08:23:11,904 [DEBUG] ui.tabs.tab_chart: create-chart settings written for run1 (40 parameters + ui state)
2026-09-07 08:23:13,630 [INFO] assess:   shot Screenshots/A5-furniture/f14-edge-spacers-preview.png  (2232x1136)
2026-09-07 08:23:13,632 [INFO] assess:   json Test Runs/logs/d04_results.json
2026-09-07 08:23:13,632 [INFO] assess:     est=(525, 25, 21) act=(525, 25, 21) margins=mm | inch | min | Left (to first patch) | 26.0 | 1.023 | 26.0 | Right (to first patch) | 9.1 | 0.358 | 9.0 | Top (to first patch) | 38.0 | 1.497 | 38. notes='' files=['A5-Furniture.channels.json', 'A5-Furniture.ti1', 'A5-Furniture.ti2', 'A5-Furniture.tif', 'meta.json']
2026-09-07 08:23:15,499 [DEBUG] core.settings: settings.set helper_markers_show = False
2026-09-07 08:23:15,499 [DEBUG] core.settings: settings.set helper_marker_edge_mm = 2.0
2026-09-07 08:23:15,499 [DEBUG] core.settings: settings.set helper_marker_len_mm = 2.0
2026-09-07 08:23:15,499 [DEBUG] core.settings: settings.set helper_marker_per_patch = 3
2026-09-07 08:23:15,499 [DEBUG] core.settings: settings.set helper_markers_top_bottom = True
2026-09-07 08:23:15,499 [DEBUG] core.settings: settings.set helper_markers_sides = True
2026-09-07 08:23:16,780 [INFO] assess:   shot Screenshots/A5-furniture/f15a-helper-markers-off-overlay.png  (2232x1136)
2026-09-07 08:23:16,780 [INFO] assess: --- f15-helper-markers: helper markers printed (default 2 mm edge, 2 mm long, 3 per patch)
2026-09-07 08:23:19,395 [DEBUG] core.settings: settings.set helper_markers_show = True
2026-09-07 08:23:19,395 [DEBUG] core.settings: settings.set helper_marker_edge_mm = 2.0
2026-09-07 08:23:19,395 [DEBUG] core.settings: settings.set helper_marker_len_mm = 2.0
2026-09-07 08:23:19,395 [DEBUG] core.settings: settings.set helper_marker_per_patch = 3
2026-09-07 08:23:19,395 [DEBUG] core.settings: settings.set helper_markers_top_bottom = True
2026-09-07 08:23:19,395 [DEBUG] core.settings: settings.set helper_markers_sides = True
2026-09-07 08:23:20,501 [INFO] assess:   armed: dialog ~'quite fill' -> click 'OK' 
2026-09-07 08:23:20,502 [INFO] assess:   armed: dialog ~'already' -> click 'Continue this project' 
2026-09-07 08:23:20,502 [INFO] ui.tabs.tab_chart: chart build (Generate Chart) in manual: patch set targen | manual panel: A4, 0x0 grid, margins T38.0 R9.0 B19.0 L26.0
2026-09-07 08:23:20,506 [DEBUG] core.settings: settings.set session_ti3_path = ''
2026-09-07 08:23:20,506 [DEBUG] core.settings: settings.set session_icc_path = ''
2026-09-07 08:23:20,506 [DEBUG] core.settings: settings.set session_cal_ti3_path = ''
2026-09-07 08:23:20,507 [DEBUG] core.file_manager: Target name set to: A5-Furniture (root /Users/Basti/ChromIQ-assessment/A5-Furniture)
2026-09-07 08:23:20,508 [INFO] core.file_manager: opened the EXISTING project at /Users/Basti/ChromIQ-assessment/A5-Furniture (1 run(s) on disk)
2026-09-07 08:23:20,553 [INFO] workflow.chart_creator: Chart generation: 525 patches, instrument=i1 paper=A4 disable_lb=True
2026-09-07 08:23:20,553 [INFO] workflow.chart_creator: targen args: ['-v', '-d2', '-f525', '-e4', '-B4', '-G', '-g30', 'A5-Furniture']
2026-09-07 08:23:20,553 [INFO] core.argyll_runner: Run: /Applications/Argyll/bin/targen -v -d2 -f525 -e4 -B4 -G -g30 A5-Furniture  [cwd=/Users/Basti/ChromIQ-assessment/A5-Furniture/runs/run1]
2026-09-07 08:23:20,621 [DEBUG] core.argyll_runner: [argyll] iRGB test chart
2026-09-07 08:23:20,621 [DEBUG] core.argyll_runner: [argyll] White patches = 4
2026-09-07 08:23:20,621 [DEBUG] core.argyll_runner: [argyll] Black patches = 4
2026-09-07 08:23:20,621 [DEBUG] core.argyll_runner: [argyll] Composite Grey steps = 30
2026-09-07 08:23:20,621 [DEBUG] core.argyll_runner: [argyll] Full spread patches = 525
2026-09-07 08:23:20,622 [DEBUG] core.argyll_runner: [argyll] Degree of adaptation: 0.100
2026-09-07 08:23:20,622 [DEBUG] core.argyll_runner: [argyll] Adaptation weights: Device = 0.935, Perceptual = 0.065, Curvature = 0.010
2026-09-07 08:23:20,622 [DEBUG] core.argyll_runner: [argyll] Perceptual cache resolution = 9
2026-09-07 08:23:20,622 [DEBUG] core.argyll_runner: [argyll] Seeding cache...done
2026-09-07 08:23:20,622 [DEBUG] core.argyll_runner: [argyll] Acceleration grid res = 9
2026-09-07 08:23:20,623 [DEBUG] core.argyll_runner: [argyll] 
2026-09-07 08:23:20,623 [DEBUG] core.argyll_runner: [argyll] There are 30 unique fixed points to add (36 total fixed points)
2026-09-07 08:23:20,623 [DEBUG] core.argyll_runner: [argyll] There are 489 far spread points to add
2026-09-07 08:23:20,623 [DEBUG] core.argyll_runner: [argyll] 
2026-09-07 08:23:20,623 [DEBUG] core.argyll_runner: [argyll] Added 12/519
2026-09-07 08:23:20,623 [DEBUG] core.argyll_runner: [argyll] Added 23/519
2026-09-07 08:23:20,623 [DEBUG] core.argyll_runner: [argyll] Added 34/519
2026-09-07 08:23:20,624 [DEBUG] core.argyll_runner: [argyll] Added 45/519
2026-09-07 08:23:20,624 [DEBUG] core.argyll_runner: [argyll] Added 56/519
2026-09-07 08:23:20,625 [DEBUG] core.argyll_runner: [argyll] Added 67/519
2026-09-07 08:23:20,625 [DEBUG] core.argyll_runner: [argyll] Added 78/519
2026-09-07 08:23:20,626 [DEBUG] core.argyll_runner: [argyll] Added 89/519
2026-09-07 08:23:20,659 [DEBUG] core.argyll_runner: [argyll] 
2026-09-07 08:23:20,659 [DEBUG] core.argyll_runner: [argyll] Added 100/519
2026-09-07 08:23:20,659 [DEBUG] core.argyll_runner: [argyll] Added 111/519
2026-09-07 08:23:20,660 [DEBUG] core.argyll_runner: [argyll] Added 122/519
2026-09-07 08:23:20,660 [DEBUG] core.argyll_runner: [argyll] Added 133/519
2026-09-07 08:23:20,661 [DEBUG] core.argyll_runner: [argyll] Added 144/519
2026-09-07 08:23:20,661 [DEBUG] core.argyll_runner: [argyll] Added 155/519
2026-09-07 08:23:20,662 [DEBUG] core.argyll_runner: [argyll] Added 166/519
2026-09-07 08:23:20,663 [DEBUG] core.argyll_runner: [argyll] Added 177/519
2026-09-07 08:23:20,664 [DEBUG] core.argyll_runner: [argyll] Added 188/519
2026-09-07 08:23:20,665 [DEBUG] core.argyll_runner: [argyll] Added 199/519
2026-09-07 08:23:20,666 [DEBUG] core.argyll_runner: [argyll] Added 210/519
2026-09-07 08:23:20,668 [DEBUG] core.argyll_runner: [argyll] Added 221/519
2026-09-07 08:23:20,669 [DEBUG] core.argyll_runner: [argyll] Added 232/519
2026-09-07 08:23:20,671 [DEBUG] core.argyll_runner: [argyll] Added 243/519
2026-09-07 08:23:20,673 [DEBUG] core.argyll_runner: [argyll] Added 254/519
2026-09-07 08:23:20,674 [DEBUG] core.argyll_runner: [argyll] Added 265/519
2026-09-07 08:23:20,676 [DEBUG] core.argyll_runner: [argyll] Added 276/519
2026-09-07 08:23:20,679 [DEBUG] core.argyll_runner: [argyll] Added 287/519
2026-09-07 08:23:20,681 [DEBUG] core.argyll_runner: [argyll] Added 298/519
2026-09-07 08:23:20,683 [DEBUG] core.argyll_runner: [argyll] Added 309/519
2026-09-07 08:23:20,686 [DEBUG] core.argyll_runner: [argyll] Added 320/519
2026-09-07 08:23:20,688 [DEBUG] core.argyll_runner: [argyll] Added 331/519
2026-09-07 08:23:20,691 [DEBUG] core.argyll_runner: [argyll] Added 342/519
2026-09-07 08:23:20,694 [DEBUG] core.argyll_runner: [argyll] Added 353/519
2026-09-07 08:23:20,697 [DEBUG] core.argyll_runner: [argyll] Added 364/519
2026-09-07 08:23:20,700 [DEBUG] core.argyll_runner: [argyll] Added 375/519
2026-09-07 08:23:20,704 [DEBUG] core.argyll_runner: [argyll] Added 386/519
2026-09-07 08:23:20,707 [DEBUG] core.argyll_runner: [argyll] Added 397/519
2026-09-07 08:23:20,710 [DEBUG] core.argyll_runner: [argyll] Added 408/519
2026-09-07 08:23:20,714 [DEBUG] core.argyll_runner: [argyll] Added 419/519
2026-09-07 08:23:20,718 [DEBUG] core.argyll_runner: [argyll] Added 430/519
2026-09-07 08:23:20,722 [DEBUG] core.argyll_runner: [argyll] Added 441/519
2026-09-07 08:23:20,726 [DEBUG] core.argyll_runner: [argyll] Added 452/519
2026-09-07 08:23:20,730 [DEBUG] core.argyll_runner: [argyll] Added 463/519
2026-09-07 08:23:20,734 [DEBUG] core.argyll_runner: [argyll] Added 474/519
2026-09-07 08:23:20,739 [DEBUG] core.argyll_runner: [argyll] Added 485/519
2026-09-07 08:23:20,743 [DEBUG] core.argyll_runner: [argyll] Added 496/519
2026-09-07 08:23:20,748 [DEBUG] core.argyll_runner: [argyll] Added 507/519
2026-09-07 08:23:20,753 [DEBUG] core.argyll_runner: [argyll] Added 518/519
2026-09-07 08:23:20,758 [DEBUG] core.argyll_runner: [argyll] Added 519/519
2026-09-07 08:23:21,584 [DEBUG] core.argyll_runner: [argyll] 
2026-09-07 08:23:21,586 [DEBUG] core.argyll_runner: [argyll] After seeding points: MinPoint = 4.448, Min = 4.322, Avg. = 10.848, Max = 14.666, 0.1 secs
2026-09-07 08:23:21,586 [DEBUG] core.argyll_runner: [argyll] Re-seeding
2026-09-07 08:23:21,587 [DEBUG] core.argyll_runner: [argyll] It 1: Maxmv = 0.103363, MinPoint = 3.460, Min = 4.005, Avg. = 10.861, Max = 14.358, 0.0 secs.
2026-09-07 08:23:21,587 [DEBUG] core.argyll_runner: [argyll] Re-seeding
2026-09-07 08:23:21,587 [DEBUG] core.argyll_runner: [argyll] It 2: Maxmv = 0.084402, MinPoint = 5.380, Min = 5.280, Avg. = 10.758, Max = 13.964, 0.0 secs.
2026-09-07 08:23:21,587 [DEBUG] core.argyll_runner: [argyll] Re-seeding
2026-09-07 08:23:21,588 [DEBUG] core.argyll_runner: [argyll] It 3: Maxmv = 0.076162, MinPoint = 5.428, Min = 5.280, Avg. = 10.700, Max = 13.835, 0.0 secs.
2026-09-07 08:23:21,588 [DEBUG] core.argyll_runner: [argyll] Re-seeding
2026-09-07 08:23:21,588 [DEBUG] core.argyll_runner: [argyll] It 4: Maxmv = 0.072726, MinPoint = 5.743, Min = 5.280, Avg. = 10.603, Max = 14.075, 0.0 secs.
2026-09-07 08:23:21,588 [DEBUG] core.argyll_runner: [argyll] Re-seeding
2026-09-07 08:23:21,589 [DEBUG] core.argyll_runner: [argyll] It 5: Maxmv = 0.068513, MinPoint = 5.743, Min = 5.280, Avg. = 10.535, Max = 13.679, 0.0 secs.
2026-09-07 08:23:21,589 [DEBUG] core.argyll_runner: [argyll] Re-seeding
2026-09-07 08:23:21,589 [DEBUG] core.argyll_runner: [argyll] It 6: Maxmv = 0.056321, MinPoint = 5.743, Min = 5.280, Avg. = 10.518, Max = 13.779, 0.0 secs.
2026-09-07 08:23:21,589 [DEBUG] core.argyll_runner: [argyll] Re-seeding
2026-09-07 08:23:21,590 [DEBUG] core.argyll_runner: [argyll] It 7: Maxmv = 0.059854, MinPoint = 5.743, Min = 5.280, Avg. = 10.461, Max = 13.725, 0.0 secs.
2026-09-07 08:23:21,590 [DEBUG] core.argyll_runner: [argyll] Re-seeding
2026-09-07 08:23:21,590 [DEBUG] core.argyll_runner: [argyll] It 8: Maxmv = 0.051345, MinPoint = 5.743, Min = 5.280, Avg. = 10.437, Max = 13.448, 0.0 secs.
2026-09-07 08:23:21,590 [DEBUG] core.argyll_runner: [argyll] Re-seeding
2026-09-07 08:23:21,591 [DEBUG] core.argyll_runner: [argyll] It 9: Maxmv = 0.040554, MinPoint = 5.743, Min = 5.280, Avg. = 10.411, Max = 13.065, 0.0 secs.
2026-09-07 08:23:21,591 [DEBUG] core.argyll_runner: [argyll] Re-seeding
2026-09-07 08:23:21,591 [DEBUG] core.argyll_runner: [argyll] It 10: Maxmv = 0.030994, MinPoint = 5.743, Min = 5.280, Avg. = 10.383, Max = 12.735, 0.0 secs.
2026-09-07 08:23:21,591 [DEBUG] core.argyll_runner: [argyll] Re-seeding
2026-09-07 08:23:21,592 [DEBUG] core.argyll_runner: [argyll] It 11: Maxmv = 0.032989, MinPoint = 5.743, Min = 5.280, Avg. = 10.373, Max = 12.994, 0.0 secs.
2026-09-07 08:23:21,592 [DEBUG] core.argyll_runner: [argyll] Re-seeding
2026-09-07 08:23:21,592 [DEBUG] core.argyll_runner: [argyll] It 12: Maxmv = 0.030487, MinPoint = 5.743, Min = 5.280, Avg. = 10.349, Max = 12.936, 0.0 secs.
2026-09-07 08:23:21,592 [DEBUG] core.argyll_runner: [argyll] Re-seeding
2026-09-07 08:23:21,593 [DEBUG] core.argyll_runner: [argyll] It 13: Maxmv = 0.021481, MinPoint = 5.743, Min = 5.280, Avg. = 10.346, Max = 12.600, 0.0 secs.
2026-09-07 08:23:21,593 [DEBUG] core.argyll_runner: [argyll] Re-seeding
2026-09-07 08:23:21,593 [DEBUG] core.argyll_runner: [argyll] It 14: Maxmv = 0.016377, MinPoint = 5.743, Min = 5.280, Avg. = 10.329, Max = 12.441, 0.0 secs.
2026-09-07 08:23:21,593 [DEBUG] core.argyll_runner: [argyll] Re-seeding
2026-09-07 08:23:21,594 [DEBUG] core.argyll_runner: [argyll] It 15: Maxmv = 0.013408, MinPoint = 5.743, Min = 5.280, Avg. = 10.331, Max = 12.462, 0.0 secs.
2026-09-07 08:23:21,594 [DEBUG] core.argyll_runner: [argyll] Re-seeding
2026-09-07 08:23:21,594 [DEBUG] core.argyll_runner: [argyll] It 16: Maxmv = 0.011614, MinPoint = 5.743, Min = 5.280, Avg. = 10.321, Max = 12.261, 0.0 secs.
2026-09-07 08:23:21,594 [DEBUG] core.argyll_runner: [argyll] Re-seeding
2026-09-07 08:23:21,595 [DEBUG] core.argyll_runner: [argyll] It 17: Maxmv = 0.006463, MinPoint = 5.743, Min = 5.280, Avg. = 10.321, Max = 12.391, 0.0 secs.
2026-09-07 08:23:21,595 [DEBUG] core.argyll_runner: [argyll] Re-seeding
2026-09-07 08:23:21,595 [DEBUG] core.argyll_runner: [argyll] It 18: Maxmv = 0.005609, MinPoint = 5.743, Min = 5.280, Avg. = 10.319, Max = 12.293, 0.0 secs.
2026-09-07 08:23:21,595 [DEBUG] core.argyll_runner: [argyll] Re-seeding
2026-09-07 08:23:21,596 [DEBUG] core.argyll_runner: [argyll] It 19: Maxmv = 0.001380, MinPoint = 5.743, Min = 5.280, Avg. = 10.320, Max = 12.323, 0.0 secs.
2026-09-07 08:23:21,596 [DEBUG] core.argyll_runner: [argyll] Re-seeding
2026-09-07 08:23:21,596 [DEBUG] core.argyll_runner: [argyll] It 20: Maxmv = 0.001368, MinPoint = 5.743, Min = 5.280, Avg. = 10.321, Max = 12.343, 0.0 secs.
2026-09-07 08:23:21,596 [DEBUG] core.argyll_runner: [argyll] After optimization: MinPoint = 5.743, Min = 5.280, Avg. = 10.321, Max = 12.343
2026-09-07 08:23:21,597 [DEBUG] core.argyll_runner: [argyll] Total number of patches = 525
2026-09-07 08:23:21,597 [DEBUG] core.argyll_runner: [argyll] Execution time = 0.969059 seconds
2026-09-07 08:23:21,597 [INFO] core.argyll_runner: ArgyllRunner: finished with code 0
2026-09-07 08:23:21,991 [DEBUG] workflow.chart_creator: Wrote channel sidecar A5-Furniture.channels.json: ['r', 'g', 'b']
2026-09-07 08:23:22,068 [DEBUG] ui.tiff_preview: TiffPreview: loaded 1 page(s)
2026-09-07 08:23:22,068 [INFO] ui.tabs.tab_chart: Preview loaded: 1 TIFF(s)
2026-09-07 08:23:22,455 [DEBUG] ui.tiff_preview: TiffPreview: loaded 1 page(s)
2026-09-07 08:23:22,456 [DEBUG] ui.tiff_preview: TiffPreview: loaded 1 page(s)
2026-09-07 08:23:22,462 [DEBUG] ui.tabs.tab_chart: create-chart settings written for run1 (40 parameters + ui state)
2026-09-07 08:23:24,176 [INFO] assess:   shot Screenshots/A5-furniture/f15-helper-markers-preview.png  (2232x1136)
2026-09-07 08:23:24,177 [INFO] assess:   json Test Runs/logs/d04_results.json
2026-09-07 08:23:24,177 [INFO] assess:     est=(525, 25, 21) act=(525, 25, 21) margins=mm | inch | min | Left (to first patch) | 26.0 | 1.023 | 26.0 | Right (to first patch) | 9.1 | 0.358 | 9.0 | Top (to first patch) | 39.0 | 1.537 | 38. notes='' files=['A5-Furniture.channels.json', 'A5-Furniture.ti1', 'A5-Furniture.ti2', 'A5-Furniture.tif', 'meta.json']
2026-09-07 08:23:24,177 [INFO] assess:     helper tips: cb='' edges_note='Show markers for\n\nClick for details'
2026-09-07 08:23:24,177 [INFO] assess: --- f16-offset-10-10: page X/Y offset 10/10 mm
2026-09-07 08:23:26,032 [DEBUG] core.settings: settings.set helper_markers_show = False
2026-09-07 08:23:26,032 [DEBUG] core.settings: settings.set helper_marker_edge_mm = 2.0
2026-09-07 08:23:26,032 [DEBUG] core.settings: settings.set helper_marker_len_mm = 2.0
2026-09-07 08:23:26,032 [DEBUG] core.settings: settings.set helper_marker_per_patch = 3
2026-09-07 08:23:26,032 [DEBUG] core.settings: settings.set helper_markers_top_bottom = True
2026-09-07 08:23:26,032 [DEBUG] core.settings: settings.set helper_markers_sides = True
2026-09-07 08:23:27,005 [DEBUG] core.settings: settings.set helper_markers_show = False
2026-09-07 08:23:27,005 [DEBUG] core.settings: settings.set helper_marker_edge_mm = 2.0
2026-09-07 08:23:27,005 [DEBUG] core.settings: settings.set helper_marker_len_mm = 2.0
2026-09-07 08:23:27,005 [DEBUG] core.settings: settings.set helper_marker_per_patch = 3
2026-09-07 08:23:27,005 [DEBUG] core.settings: settings.set helper_markers_top_bottom = True
2026-09-07 08:23:27,005 [DEBUG] core.settings: settings.set helper_markers_sides = True
2026-09-07 08:23:27,203 [DEBUG] core.settings: settings.set helper_markers_show = False
2026-09-07 08:23:27,203 [DEBUG] core.settings: settings.set helper_marker_edge_mm = 2.0
2026-09-07 08:23:27,203 [DEBUG] core.settings: settings.set helper_marker_len_mm = 2.0
2026-09-07 08:23:27,203 [DEBUG] core.settings: settings.set helper_marker_per_patch = 3
2026-09-07 08:23:27,203 [DEBUG] core.settings: settings.set helper_markers_top_bottom = True
2026-09-07 08:23:27,203 [DEBUG] core.settings: settings.set helper_markers_sides = True
2026-09-07 08:23:27,940 [INFO] assess:   armed: dialog ~'quite fill' -> click 'OK' 
2026-09-07 08:23:27,941 [INFO] assess:   armed: dialog ~'already' -> click 'Continue this project' 
2026-09-07 08:23:27,941 [INFO] ui.tabs.tab_chart: chart build (Generate Chart) in manual: patch set targen | manual panel: A4, 0x0 grid, margins T38.0 R9.0 B19.0 L26.0
2026-09-07 08:23:27,945 [DEBUG] core.settings: settings.set session_ti3_path = ''
2026-09-07 08:23:27,945 [DEBUG] core.settings: settings.set session_icc_path = ''
2026-09-07 08:23:27,945 [DEBUG] core.settings: settings.set session_cal_ti3_path = ''
2026-09-07 08:23:27,946 [DEBUG] core.file_manager: Target name set to: A5-Furniture (root /Users/Basti/ChromIQ-assessment/A5-Furniture)
2026-09-07 08:23:27,948 [INFO] core.file_manager: opened the EXISTING project at /Users/Basti/ChromIQ-assessment/A5-Furniture (1 run(s) on disk)
2026-09-07 08:23:27,988 [INFO] workflow.chart_creator: Chart generation: 525 patches, instrument=i1 paper=A4 disable_lb=True
2026-09-07 08:23:27,988 [INFO] workflow.chart_creator: targen args: ['-v', '-d2', '-f525', '-e4', '-B4', '-G', '-g30', 'A5-Furniture']
2026-09-07 08:23:27,988 [INFO] core.argyll_runner: Run: /Applications/Argyll/bin/targen -v -d2 -f525 -e4 -B4 -G -g30 A5-Furniture  [cwd=/Users/Basti/ChromIQ-assessment/A5-Furniture/runs/run1]
2026-09-07 08:23:28,055 [DEBUG] core.argyll_runner: [argyll] iRGB test chart
2026-09-07 08:23:28,055 [DEBUG] core.argyll_runner: [argyll] White patches = 4
2026-09-07 08:23:28,055 [DEBUG] core.argyll_runner: [argyll] Black patches = 4
2026-09-07 08:23:28,055 [DEBUG] core.argyll_runner: [argyll] Composite Grey steps = 30
2026-09-07 08:23:28,055 [DEBUG] core.argyll_runner: [argyll] Full spread patches = 525
2026-09-07 08:23:28,056 [DEBUG] core.argyll_runner: [argyll] Degree of adaptation: 0.100
2026-09-07 08:23:28,056 [DEBUG] core.argyll_runner: [argyll] Adaptation weights: Device = 0.935, Perceptual = 0.065, Curvature = 0.010
2026-09-07 08:23:28,056 [DEBUG] core.argyll_runner: [argyll] Perceptual cache resolution = 9
2026-09-07 08:23:28,056 [DEBUG] core.argyll_runner: [argyll] Seeding cache...done
2026-09-07 08:23:28,056 [DEBUG] core.argyll_runner: [argyll] Acceleration grid res = 9
2026-09-07 08:23:28,057 [DEBUG] core.argyll_runner: [argyll] 
2026-09-07 08:23:28,057 [DEBUG] core.argyll_runner: [argyll] There are 30 unique fixed points to add (36 total fixed points)
2026-09-07 08:23:28,057 [DEBUG] core.argyll_runner: [argyll] There are 489 far spread points to add
2026-09-07 08:23:28,057 [DEBUG] core.argyll_runner: [argyll] 
2026-09-07 08:23:28,057 [DEBUG] core.argyll_runner: [argyll] Added 12/519
2026-09-07 08:23:28,057 [DEBUG] core.argyll_runner: [argyll] Added 23/519
2026-09-07 08:23:28,057 [DEBUG] core.argyll_runner: [argyll] Added 34/519
2026-09-07 08:23:28,058 [DEBUG] core.argyll_runner: [argyll] Added 45/519
2026-09-07 08:23:28,058 [DEBUG] core.argyll_runner: [argyll] Added 56/519
2026-09-07 08:23:28,058 [DEBUG] core.argyll_runner: [argyll] Added 67/519
2026-09-07 08:23:28,078 [DEBUG] core.argyll_runner: [argyll] 
2026-09-07 08:23:28,079 [DEBUG] core.argyll_runner: [argyll] Added 78/519
2026-09-07 08:23:28,079 [DEBUG] core.argyll_runner: [argyll] Added 89/519
2026-09-07 08:23:28,079 [DEBUG] core.argyll_runner: [argyll] Added 100/519
2026-09-07 08:23:28,079 [DEBUG] core.argyll_runner: [argyll] Added 111/519
2026-09-07 08:23:28,080 [DEBUG] core.argyll_runner: [argyll] Added 122/519
2026-09-07 08:23:28,081 [DEBUG] core.argyll_runner: [argyll] Added 133/519
2026-09-07 08:23:28,081 [DEBUG] core.argyll_runner: [argyll] Added 144/519
2026-09-07 08:23:28,082 [DEBUG] core.argyll_runner: [argyll] Added 155/519
2026-09-07 08:23:28,083 [DEBUG] core.argyll_runner: [argyll] Added 166/519
2026-09-07 08:23:28,084 [DEBUG] core.argyll_runner: [argyll] Added 177/519
2026-09-07 08:23:28,086 [DEBUG] core.argyll_runner: [argyll] Added 188/519
2026-09-07 08:23:28,087 [DEBUG] core.argyll_runner: [argyll] Added 199/519
2026-09-07 08:23:28,089 [DEBUG] core.argyll_runner: [argyll] Added 210/519
2026-09-07 08:23:28,090 [DEBUG] core.argyll_runner: [argyll] Added 221/519
2026-09-07 08:23:28,092 [DEBUG] core.argyll_runner: [argyll] Added 232/519
2026-09-07 08:23:28,094 [DEBUG] core.argyll_runner: [argyll] Added 243/519
2026-09-07 08:23:28,096 [DEBUG] core.argyll_runner: [argyll] Added 254/519
2026-09-07 08:23:28,098 [DEBUG] core.argyll_runner: [argyll] Added 265/519
2026-09-07 08:23:28,100 [DEBUG] core.argyll_runner: [argyll] Added 276/519
2026-09-07 08:23:28,103 [DEBUG] core.argyll_runner: [argyll] Added 287/519
2026-09-07 08:23:28,105 [DEBUG] core.argyll_runner: [argyll] Added 298/519
2026-09-07 08:23:28,108 [DEBUG] core.argyll_runner: [argyll] Added 309/519
2026-09-07 08:23:28,111 [DEBUG] core.argyll_runner: [argyll] Added 320/519
2026-09-07 08:23:28,114 [DEBUG] core.argyll_runner: [argyll] Added 331/519
2026-09-07 08:23:28,117 [DEBUG] core.argyll_runner: [argyll] Added 342/519
2026-09-07 08:23:28,120 [DEBUG] core.argyll_runner: [argyll] Added 353/519
2026-09-07 08:23:28,136 [DEBUG] core.argyll_runner: [argyll] 
2026-09-07 08:23:28,137 [DEBUG] core.argyll_runner: [argyll] Added 364/519
2026-09-07 08:23:28,137 [DEBUG] core.argyll_runner: [argyll] Added 375/519
2026-09-07 08:23:28,137 [DEBUG] core.argyll_runner: [argyll] Added 386/519
2026-09-07 08:23:28,138 [DEBUG] core.argyll_runner: [argyll] Added 397/519
2026-09-07 08:23:28,138 [DEBUG] core.argyll_runner: [argyll] Added 408/519
2026-09-07 08:23:28,139 [DEBUG] core.argyll_runner: [argyll] Added 419/519
2026-09-07 08:23:28,140 [DEBUG] core.argyll_runner: [argyll] Added 430/519
2026-09-07 08:23:28,141 [DEBUG] core.argyll_runner: [argyll] Added 441/519
2026-09-07 08:23:28,142 [DEBUG] core.argyll_runner: [argyll] Added 452/519
2026-09-07 08:23:28,143 [DEBUG] core.argyll_runner: [argyll] Added 463/519
2026-09-07 08:23:28,144 [DEBUG] core.argyll_runner: [argyll] Added 474/519
2026-09-07 08:23:28,145 [DEBUG] core.argyll_runner: [argyll] Added 485/519
2026-09-07 08:23:28,147 [DEBUG] core.argyll_runner: [argyll] Added 496/519
2026-09-07 08:23:28,149 [DEBUG] core.argyll_runner: [argyll] Added 507/519
2026-09-07 08:23:28,150 [DEBUG] core.argyll_runner: [argyll] Added 518/519
2026-09-07 08:23:28,152 [DEBUG] core.argyll_runner: [argyll] Added 519/519
2026-09-07 08:23:29,023 [DEBUG] core.argyll_runner: [argyll] 
2026-09-07 08:23:29,023 [DEBUG] core.argyll_runner: [argyll] After seeding points: MinPoint = 4.448, Min = 4.322, Avg. = 10.848, Max = 14.666, 0.1 secs
2026-09-07 08:23:29,024 [DEBUG] core.argyll_runner: [argyll] Re-seeding
2026-09-07 08:23:29,024 [DEBUG] core.argyll_runner: [argyll] It 1: Maxmv = 0.103363, MinPoint = 3.460, Min = 4.005, Avg. = 10.861, Max = 14.358, 0.0 secs.
2026-09-07 08:23:29,024 [DEBUG] core.argyll_runner: [argyll] Re-seeding
2026-09-07 08:23:29,024 [DEBUG] core.argyll_runner: [argyll] It 2: Maxmv = 0.084402, MinPoint = 5.380, Min = 5.280, Avg. = 10.758, Max = 13.964, 0.0 secs.
2026-09-07 08:23:29,025 [DEBUG] core.argyll_runner: [argyll] Re-seeding
2026-09-07 08:23:29,025 [DEBUG] core.argyll_runner: [argyll] It 3: Maxmv = 0.076162, MinPoint = 5.428, Min = 5.280, Avg. = 10.700, Max = 13.835, 0.0 secs.
2026-09-07 08:23:29,025 [DEBUG] core.argyll_runner: [argyll] Re-seeding
2026-09-07 08:23:29,026 [DEBUG] core.argyll_runner: [argyll] It 4: Maxmv = 0.072726, MinPoint = 5.743, Min = 5.280, Avg. = 10.603, Max = 14.075, 0.0 secs.
2026-09-07 08:23:29,026 [DEBUG] core.argyll_runner: [argyll] Re-seeding
2026-09-07 08:23:29,026 [DEBUG] core.argyll_runner: [argyll] It 5: Maxmv = 0.068513, MinPoint = 5.743, Min = 5.280, Avg. = 10.535, Max = 13.679, 0.0 secs.
2026-09-07 08:23:29,026 [DEBUG] core.argyll_runner: [argyll] Re-seeding
2026-09-07 08:23:29,027 [DEBUG] core.argyll_runner: [argyll] It 6: Maxmv = 0.056321, MinPoint = 5.743, Min = 5.280, Avg. = 10.518, Max = 13.779, 0.0 secs.
2026-09-07 08:23:29,027 [DEBUG] core.argyll_runner: [argyll] Re-seeding
2026-09-07 08:23:29,027 [DEBUG] core.argyll_runner: [argyll] It 7: Maxmv = 0.059854, MinPoint = 5.743, Min = 5.280, Avg. = 10.461, Max = 13.725, 0.0 secs.
2026-09-07 08:23:29,027 [DEBUG] core.argyll_runner: [argyll] Re-seeding
2026-09-07 08:23:29,028 [DEBUG] core.argyll_runner: [argyll] It 8: Maxmv = 0.051345, MinPoint = 5.743, Min = 5.280, Avg. = 10.437, Max = 13.448, 0.0 secs.
2026-09-07 08:23:29,028 [DEBUG] core.argyll_runner: [argyll] Re-seeding
2026-09-07 08:23:29,028 [DEBUG] core.argyll_runner: [argyll] It 9: Maxmv = 0.040554, MinPoint = 5.743, Min = 5.280, Avg. = 10.411, Max = 13.065, 0.0 secs.
2026-09-07 08:23:29,028 [DEBUG] core.argyll_runner: [argyll] Re-seeding
2026-09-07 08:23:29,029 [DEBUG] core.argyll_runner: [argyll] It 10: Maxmv = 0.030994, MinPoint = 5.743, Min = 5.280, Avg. = 10.383, Max = 12.735, 0.0 secs.
2026-09-07 08:23:29,029 [DEBUG] core.argyll_runner: [argyll] Re-seeding
2026-09-07 08:23:29,029 [DEBUG] core.argyll_runner: [argyll] It 11: Maxmv = 0.032989, MinPoint = 5.743, Min = 5.280, Avg. = 10.373, Max = 12.994, 0.0 secs.
2026-09-07 08:23:29,029 [DEBUG] core.argyll_runner: [argyll] Re-seeding
2026-09-07 08:23:29,030 [DEBUG] core.argyll_runner: [argyll] It 12: Maxmv = 0.030487, MinPoint = 5.743, Min = 5.280, Avg. = 10.349, Max = 12.936, 0.0 secs.
2026-09-07 08:23:29,030 [DEBUG] core.argyll_runner: [argyll] Re-seeding
2026-09-07 08:23:29,030 [DEBUG] core.argyll_runner: [argyll] It 13: Maxmv = 0.021481, MinPoint = 5.743, Min = 5.280, Avg. = 10.346, Max = 12.600, 0.0 secs.
2026-09-07 08:23:29,030 [DEBUG] core.argyll_runner: [argyll] Re-seeding
2026-09-07 08:23:29,031 [DEBUG] core.argyll_runner: [argyll] It 14: Maxmv = 0.016377, MinPoint = 5.743, Min = 5.280, Avg. = 10.329, Max = 12.441, 0.0 secs.
2026-09-07 08:23:29,031 [DEBUG] core.argyll_runner: [argyll] Re-seeding
2026-09-07 08:23:29,031 [DEBUG] core.argyll_runner: [argyll] It 15: Maxmv = 0.013408, MinPoint = 5.743, Min = 5.280, Avg. = 10.331, Max = 12.462, 0.0 secs.
2026-09-07 08:23:29,031 [DEBUG] core.argyll_runner: [argyll] Re-seeding
2026-09-07 08:23:29,032 [DEBUG] core.argyll_runner: [argyll] It 16: Maxmv = 0.011614, MinPoint = 5.743, Min = 5.280, Avg. = 10.321, Max = 12.261, 0.0 secs.
2026-09-07 08:23:29,032 [DEBUG] core.argyll_runner: [argyll] Re-seeding
2026-09-07 08:23:29,032 [DEBUG] core.argyll_runner: [argyll] It 17: Maxmv = 0.006463, MinPoint = 5.743, Min = 5.280, Avg. = 10.321, Max = 12.391, 0.0 secs.
2026-09-07 08:23:29,032 [DEBUG] core.argyll_runner: [argyll] Re-seeding
2026-09-07 08:23:29,033 [DEBUG] core.argyll_runner: [argyll] It 18: Maxmv = 0.005609, MinPoint = 5.743, Min = 5.280, Avg. = 10.319, Max = 12.293, 0.0 secs.
2026-09-07 08:23:29,033 [DEBUG] core.argyll_runner: [argyll] Re-seeding
2026-09-07 08:23:29,033 [DEBUG] core.argyll_runner: [argyll] It 19: Maxmv = 0.001380, MinPoint = 5.743, Min = 5.280, Avg. = 10.320, Max = 12.323, 0.0 secs.
2026-09-07 08:23:29,033 [DEBUG] core.argyll_runner: [argyll] Re-seeding
2026-09-07 08:23:29,034 [DEBUG] core.argyll_runner: [argyll] It 20: Maxmv = 0.001368, MinPoint = 5.743, Min = 5.280, Avg. = 10.321, Max = 12.343, 0.0 secs.
2026-09-07 08:23:29,034 [DEBUG] core.argyll_runner: [argyll] After optimization: MinPoint = 5.743, Min = 5.280, Avg. = 10.321, Max = 12.343
2026-09-07 08:23:29,034 [DEBUG] core.argyll_runner: [argyll] Total number of patches = 525
2026-09-07 08:23:29,034 [DEBUG] core.argyll_runner: [argyll] Execution time = 0.971352 seconds
2026-09-07 08:23:29,035 [INFO] core.argyll_runner: ArgyllRunner: finished with code 0
2026-09-07 08:23:29,429 [DEBUG] workflow.chart_creator: Wrote channel sidecar A5-Furniture.channels.json: ['r', 'g', 'b']
2026-09-07 08:23:29,480 [INFO] workflow.tiff_metadata: Right-edge stamp skipped (no usable right margin) for /Users/Basti/ChromIQ-assessment/A5-Furniture/runs/run1/A5-Furniture.tif
2026-09-07 08:23:29,482 [DEBUG] ui.tiff_preview: TiffPreview: loaded 1 page(s)
2026-09-07 08:23:29,482 [INFO] ui.tabs.tab_chart: Preview loaded: 1 TIFF(s)
2026-09-07 08:23:29,526 [DEBUG] ui.tiff_preview: TiffPreview: loaded 1 page(s)
2026-09-07 08:23:29,528 [DEBUG] ui.tiff_preview: TiffPreview: loaded 1 page(s)
2026-09-07 08:23:29,533 [DEBUG] ui.tabs.tab_chart: create-chart settings written for run1 (40 parameters + ui state)
2026-09-07 08:23:31,147 [INFO] assess:   shot Screenshots/A5-furniture/f16-offset-10-10-preview.png  (2232x1106)
2026-09-07 08:23:31,150 [INFO] assess:   json Test Runs/logs/d04_results.json
2026-09-07 08:23:31,150 [INFO] assess:     est=(525, 25, 21) act=(525, 25, 21) margins=mm | inch | min | Left (to first patch) | 36.0 | 1.417 | 26.0 | Right (to first patch) | 0.0 | 0.000 | 9.0 | Top (to first patch) | 49.0 | 1.930 | 38. notes='' files=['A5-Furniture.channels.json', 'A5-Furniture.ti1', 'A5-Furniture.ti2', 'A5-Furniture.tif', 'meta.json']
2026-09-07 08:23:31,150 [INFO] assess: --- f17-spacers-bw: spacers black & white
2026-09-07 08:23:33,023 [DEBUG] core.settings: settings.set helper_markers_show = False
2026-09-07 08:23:33,023 [DEBUG] core.settings: settings.set helper_marker_edge_mm = 2.0
2026-09-07 08:23:33,023 [DEBUG] core.settings: settings.set helper_marker_len_mm = 2.0
2026-09-07 08:23:33,023 [DEBUG] core.settings: settings.set helper_marker_per_patch = 3
2026-09-07 08:23:33,023 [DEBUG] core.settings: settings.set helper_markers_top_bottom = True
2026-09-07 08:23:33,023 [DEBUG] core.settings: settings.set helper_markers_sides = True
2026-09-07 08:23:33,222 [DEBUG] core.settings: settings.set helper_markers_show = False
2026-09-07 08:23:33,222 [DEBUG] core.settings: settings.set helper_marker_edge_mm = 2.0
2026-09-07 08:23:33,222 [DEBUG] core.settings: settings.set helper_marker_len_mm = 2.0
2026-09-07 08:23:33,222 [DEBUG] core.settings: settings.set helper_marker_per_patch = 3
2026-09-07 08:23:33,222 [DEBUG] core.settings: settings.set helper_markers_top_bottom = True
2026-09-07 08:23:33,222 [DEBUG] core.settings: settings.set helper_markers_sides = True
2026-09-07 08:23:33,903 [DEBUG] core.settings: settings.set helper_markers_show = False
2026-09-07 08:23:33,904 [DEBUG] core.settings: settings.set helper_marker_edge_mm = 2.0
2026-09-07 08:23:33,904 [DEBUG] core.settings: settings.set helper_marker_len_mm = 2.0
2026-09-07 08:23:33,904 [DEBUG] core.settings: settings.set helper_marker_per_patch = 3
2026-09-07 08:23:33,904 [DEBUG] core.settings: settings.set helper_markers_top_bottom = True
2026-09-07 08:23:33,904 [DEBUG] core.settings: settings.set helper_markers_sides = True
2026-09-07 08:23:34,676 [INFO] assess:   armed: dialog ~'quite fill' -> click 'OK' 
2026-09-07 08:23:34,676 [INFO] assess:   armed: dialog ~'already' -> click 'Continue this project' 
2026-09-07 08:23:34,677 [INFO] ui.tabs.tab_chart: chart build (Generate Chart) in manual: patch set targen | manual panel: A4, 0x0 grid, margins T38.0 R9.0 B19.0 L26.0
2026-09-07 08:23:34,680 [DEBUG] core.settings: settings.set session_ti3_path = ''
2026-09-07 08:23:34,681 [DEBUG] core.settings: settings.set session_icc_path = ''
2026-09-07 08:23:34,681 [DEBUG] core.settings: settings.set session_cal_ti3_path = ''
2026-09-07 08:23:34,683 [DEBUG] core.file_manager: Target name set to: A5-Furniture (root /Users/Basti/ChromIQ-assessment/A5-Furniture)
2026-09-07 08:23:34,683 [INFO] core.file_manager: opened the EXISTING project at /Users/Basti/ChromIQ-assessment/A5-Furniture (1 run(s) on disk)
2026-09-07 08:23:34,735 [INFO] workflow.chart_creator: Chart generation: 525 patches, instrument=i1 paper=A4 disable_lb=True
2026-09-07 08:23:34,735 [INFO] workflow.chart_creator: targen args: ['-v', '-d2', '-f525', '-e4', '-B4', '-G', '-g30', 'A5-Furniture']
2026-09-07 08:23:34,735 [INFO] core.argyll_runner: Run: /Applications/Argyll/bin/targen -v -d2 -f525 -e4 -B4 -G -g30 A5-Furniture  [cwd=/Users/Basti/ChromIQ-assessment/A5-Furniture/runs/run1]
2026-09-07 08:23:34,804 [DEBUG] core.argyll_runner: [argyll] iRGB test chart
2026-09-07 08:23:34,805 [DEBUG] core.argyll_runner: [argyll] White patches = 4
2026-09-07 08:23:34,805 [DEBUG] core.argyll_runner: [argyll] Black patches = 4
2026-09-07 08:23:34,805 [DEBUG] core.argyll_runner: [argyll] Composite Grey steps = 30
2026-09-07 08:23:34,805 [DEBUG] core.argyll_runner: [argyll] Full spread patches = 525
2026-09-07 08:23:34,805 [DEBUG] core.argyll_runner: [argyll] Degree of adaptation: 0.100
2026-09-07 08:23:34,806 [DEBUG] core.argyll_runner: [argyll] Adaptation weights: Device = 0.935, Perceptual = 0.065, Curvature = 0.010
2026-09-07 08:23:34,806 [DEBUG] core.argyll_runner: [argyll] Perceptual cache resolution = 9
2026-09-07 08:23:34,806 [DEBUG] core.argyll_runner: [argyll] Seeding cache...done
2026-09-07 08:23:34,806 [DEBUG] core.argyll_runner: [argyll] Acceleration grid res = 9
2026-09-07 08:23:34,806 [DEBUG] core.argyll_runner: [argyll] 
2026-09-07 08:23:34,806 [DEBUG] core.argyll_runner: [argyll] There are 30 unique fixed points to add (36 total fixed points)
2026-09-07 08:23:34,807 [DEBUG] core.argyll_runner: [argyll] There are 489 far spread points to add
2026-09-07 08:23:34,807 [DEBUG] core.argyll_runner: [argyll] 
2026-09-07 08:23:34,807 [DEBUG] core.argyll_runner: [argyll] Added 12/519
2026-09-07 08:23:34,807 [DEBUG] core.argyll_runner: [argyll] Added 23/519
2026-09-07 08:23:34,807 [DEBUG] core.argyll_runner: [argyll] Added 34/519
2026-09-07 08:23:34,808 [DEBUG] core.argyll_runner: [argyll] Added 45/519
2026-09-07 08:23:34,808 [DEBUG] core.argyll_runner: [argyll] Added 56/519
2026-09-07 08:23:34,808 [DEBUG] core.argyll_runner: [argyll] Added 67/519
2026-09-07 08:23:34,809 [DEBUG] core.argyll_runner: [argyll] Added 78/519
2026-09-07 08:23:34,810 [DEBUG] core.argyll_runner: [argyll] Added 89/519
2026-09-07 08:23:34,811 [DEBUG] core.argyll_runner: [argyll] Added 100/519
2026-09-07 08:23:34,811 [DEBUG] core.argyll_runner: [argyll] Added 111/519
2026-09-07 08:23:34,813 [DEBUG] core.argyll_runner: [argyll] Added 122/519
2026-09-07 08:23:34,814 [DEBUG] core.argyll_runner: [argyll] Added 133/519
2026-09-07 08:23:34,847 [DEBUG] core.argyll_runner: [argyll] 
2026-09-07 08:23:34,848 [DEBUG] core.argyll_runner: [argyll] Added 144/519
2026-09-07 08:23:34,848 [DEBUG] core.argyll_runner: [argyll] Added 155/519
2026-09-07 08:23:34,848 [DEBUG] core.argyll_runner: [argyll] Added 166/519
2026-09-07 08:23:34,848 [DEBUG] core.argyll_runner: [argyll] Added 177/519
2026-09-07 08:23:34,849 [DEBUG] core.argyll_runner: [argyll] Added 188/519
2026-09-07 08:23:34,850 [DEBUG] core.argyll_runner: [argyll] Added 199/519
2026-09-07 08:23:34,850 [DEBUG] core.argyll_runner: [argyll] Added 210/519
2026-09-07 08:23:34,851 [DEBUG] core.argyll_runner: [argyll] Added 221/519
2026-09-07 08:23:34,852 [DEBUG] core.argyll_runner: [argyll] Added 232/519
2026-09-07 08:23:34,853 [DEBUG] core.argyll_runner: [argyll] Added 243/519
2026-09-07 08:23:34,855 [DEBUG] core.argyll_runner: [argyll] Added 254/519
2026-09-07 08:23:34,856 [DEBUG] core.argyll_runner: [argyll] Added 265/519
2026-09-07 08:23:34,858 [DEBUG] core.argyll_runner: [argyll] Added 276/519
2026-09-07 08:23:34,859 [DEBUG] core.argyll_runner: [argyll] Added 287/519
2026-09-07 08:23:34,861 [DEBUG] core.argyll_runner: [argyll] Added 298/519
2026-09-07 08:23:34,863 [DEBUG] core.argyll_runner: [argyll] Added 309/519
2026-09-07 08:23:34,865 [DEBUG] core.argyll_runner: [argyll] Added 320/519
2026-09-07 08:23:34,867 [DEBUG] core.argyll_runner: [argyll] Added 331/519
2026-09-07 08:23:34,869 [DEBUG] core.argyll_runner: [argyll] Added 342/519
2026-09-07 08:23:34,872 [DEBUG] core.argyll_runner: [argyll] Added 353/519
2026-09-07 08:23:34,874 [DEBUG] core.argyll_runner: [argyll] Added 364/519
2026-09-07 08:23:34,877 [DEBUG] core.argyll_runner: [argyll] Added 375/519
2026-09-07 08:23:34,880 [DEBUG] core.argyll_runner: [argyll] Added 386/519
2026-09-07 08:23:34,883 [DEBUG] core.argyll_runner: [argyll] Added 397/519
2026-09-07 08:23:34,886 [DEBUG] core.argyll_runner: [argyll] Added 408/519
2026-09-07 08:23:34,889 [DEBUG] core.argyll_runner: [argyll] Added 419/519
2026-09-07 08:23:34,892 [DEBUG] core.argyll_runner: [argyll] Added 430/519
2026-09-07 08:23:34,896 [DEBUG] core.argyll_runner: [argyll] Added 441/519
2026-09-07 08:23:34,899 [DEBUG] core.argyll_runner: [argyll] Added 452/519
2026-09-07 08:23:34,903 [DEBUG] core.argyll_runner: [argyll] Added 463/519
2026-09-07 08:23:34,907 [DEBUG] core.argyll_runner: [argyll] Added 474/519
2026-09-07 08:23:34,911 [DEBUG] core.argyll_runner: [argyll] Added 485/519
2026-09-07 08:23:34,915 [DEBUG] core.argyll_runner: [argyll] Added 496/519
2026-09-07 08:23:34,919 [DEBUG] core.argyll_runner: [argyll] Added 507/519
2026-09-07 08:23:34,923 [DEBUG] core.argyll_runner: [argyll] Added 518/519
2026-09-07 08:23:34,928 [DEBUG] core.argyll_runner: [argyll] Added 519/519
2026-09-07 08:23:35,750 [DEBUG] core.argyll_runner: [argyll] 
2026-09-07 08:23:35,752 [DEBUG] core.argyll_runner: [argyll] After seeding points: MinPoint = 4.448, Min = 4.322, Avg. = 10.848, Max = 14.666, 0.1 secs
2026-09-07 08:23:35,752 [DEBUG] core.argyll_runner: [argyll] Re-seeding
2026-09-07 08:23:35,752 [DEBUG] core.argyll_runner: [argyll] It 1: Maxmv = 0.103363, MinPoint = 3.460, Min = 4.005, Avg. = 10.861, Max = 14.358, 0.0 secs.
2026-09-07 08:23:35,752 [DEBUG] core.argyll_runner: [argyll] Re-seeding
2026-09-07 08:23:35,753 [DEBUG] core.argyll_runner: [argyll] It 2: Maxmv = 0.084402, MinPoint = 5.380, Min = 5.280, Avg. = 10.758, Max = 13.964, 0.0 secs.
2026-09-07 08:23:35,753 [DEBUG] core.argyll_runner: [argyll] Re-seeding
2026-09-07 08:23:35,753 [DEBUG] core.argyll_runner: [argyll] It 3: Maxmv = 0.076162, MinPoint = 5.428, Min = 5.280, Avg. = 10.700, Max = 13.835, 0.0 secs.
2026-09-07 08:23:35,753 [DEBUG] core.argyll_runner: [argyll] Re-seeding
2026-09-07 08:23:35,753 [DEBUG] core.argyll_runner: [argyll] It 4: Maxmv = 0.072726, MinPoint = 5.743, Min = 5.280, Avg. = 10.603, Max = 14.075, 0.0 secs.
2026-09-07 08:23:35,754 [DEBUG] core.argyll_runner: [argyll] Re-seeding
2026-09-07 08:23:35,754 [DEBUG] core.argyll_runner: [argyll] It 5: Maxmv = 0.068513, MinPoint = 5.743, Min = 5.280, Avg. = 10.535, Max = 13.679, 0.0 secs.
2026-09-07 08:23:35,754 [DEBUG] core.argyll_runner: [argyll] Re-seeding
2026-09-07 08:23:35,754 [DEBUG] core.argyll_runner: [argyll] It 6: Maxmv = 0.056321, MinPoint = 5.743, Min = 5.280, Avg. = 10.518, Max = 13.779, 0.0 secs.
2026-09-07 08:23:35,755 [DEBUG] core.argyll_runner: [argyll] Re-seeding
2026-09-07 08:23:35,755 [DEBUG] core.argyll_runner: [argyll] It 7: Maxmv = 0.059854, MinPoint = 5.743, Min = 5.280, Avg. = 10.461, Max = 13.725, 0.0 secs.
2026-09-07 08:23:35,755 [DEBUG] core.argyll_runner: [argyll] Re-seeding
2026-09-07 08:23:35,755 [DEBUG] core.argyll_runner: [argyll] It 8: Maxmv = 0.051345, MinPoint = 5.743, Min = 5.280, Avg. = 10.437, Max = 13.448, 0.0 secs.
2026-09-07 08:23:35,756 [DEBUG] core.argyll_runner: [argyll] Re-seeding
2026-09-07 08:23:35,756 [DEBUG] core.argyll_runner: [argyll] It 9: Maxmv = 0.040554, MinPoint = 5.743, Min = 5.280, Avg. = 10.411, Max = 13.065, 0.0 secs.
2026-09-07 08:23:35,756 [DEBUG] core.argyll_runner: [argyll] Re-seeding
2026-09-07 08:23:35,756 [DEBUG] core.argyll_runner: [argyll] It 10: Maxmv = 0.030994, MinPoint = 5.743, Min = 5.280, Avg. = 10.383, Max = 12.735, 0.0 secs.
2026-09-07 08:23:35,756 [DEBUG] core.argyll_runner: [argyll] Re-seeding
2026-09-07 08:23:35,757 [DEBUG] core.argyll_runner: [argyll] It 11: Maxmv = 0.032989, MinPoint = 5.743, Min = 5.280, Avg. = 10.373, Max = 12.994, 0.0 secs.
2026-09-07 08:23:35,757 [DEBUG] core.argyll_runner: [argyll] Re-seeding
2026-09-07 08:23:35,757 [DEBUG] core.argyll_runner: [argyll] It 12: Maxmv = 0.030487, MinPoint = 5.743, Min = 5.280, Avg. = 10.349, Max = 12.936, 0.0 secs.
2026-09-07 08:23:35,757 [DEBUG] core.argyll_runner: [argyll] Re-seeding
2026-09-07 08:23:35,758 [DEBUG] core.argyll_runner: [argyll] It 13: Maxmv = 0.021481, MinPoint = 5.743, Min = 5.280, Avg. = 10.346, Max = 12.600, 0.0 secs.
2026-09-07 08:23:35,758 [DEBUG] core.argyll_runner: [argyll] Re-seeding
2026-09-07 08:23:35,758 [DEBUG] core.argyll_runner: [argyll] It 14: Maxmv = 0.016377, MinPoint = 5.743, Min = 5.280, Avg. = 10.329, Max = 12.441, 0.0 secs.
2026-09-07 08:23:35,758 [DEBUG] core.argyll_runner: [argyll] Re-seeding
2026-09-07 08:23:35,758 [DEBUG] core.argyll_runner: [argyll] It 15: Maxmv = 0.013408, MinPoint = 5.743, Min = 5.280, Avg. = 10.331, Max = 12.462, 0.0 secs.
2026-09-07 08:23:35,759 [DEBUG] core.argyll_runner: [argyll] Re-seeding
2026-09-07 08:23:35,759 [DEBUG] core.argyll_runner: [argyll] It 16: Maxmv = 0.011614, MinPoint = 5.743, Min = 5.280, Avg. = 10.321, Max = 12.261, 0.0 secs.
2026-09-07 08:23:35,759 [DEBUG] core.argyll_runner: [argyll] Re-seeding
2026-09-07 08:23:35,759 [DEBUG] core.argyll_runner: [argyll] It 17: Maxmv = 0.006463, MinPoint = 5.743, Min = 5.280, Avg. = 10.321, Max = 12.391, 0.0 secs.
2026-09-07 08:23:35,760 [DEBUG] core.argyll_runner: [argyll] Re-seeding
2026-09-07 08:23:35,760 [DEBUG] core.argyll_runner: [argyll] It 18: Maxmv = 0.005609, MinPoint = 5.743, Min = 5.280, Avg. = 10.319, Max = 12.293, 0.0 secs.
2026-09-07 08:23:35,760 [DEBUG] core.argyll_runner: [argyll] Re-seeding
2026-09-07 08:23:35,760 [DEBUG] core.argyll_runner: [argyll] It 19: Maxmv = 0.001380, MinPoint = 5.743, Min = 5.280, Avg. = 10.320, Max = 12.323, 0.0 secs.
2026-09-07 08:23:35,761 [DEBUG] core.argyll_runner: [argyll] Re-seeding
2026-09-07 08:23:35,761 [DEBUG] core.argyll_runner: [argyll] It 20: Maxmv = 0.001368, MinPoint = 5.743, Min = 5.280, Avg. = 10.321, Max = 12.343, 0.0 secs.
2026-09-07 08:23:35,761 [DEBUG] core.argyll_runner: [argyll] After optimization: MinPoint = 5.743, Min = 5.280, Avg. = 10.321, Max = 12.343
2026-09-07 08:23:35,761 [DEBUG] core.argyll_runner: [argyll] Total number of patches = 525
2026-09-07 08:23:35,762 [DEBUG] core.argyll_runner: [argyll] Execution time = 0.972710 seconds
2026-09-07 08:23:35,775 [INFO] core.argyll_runner: ArgyllRunner: finished with code 0
2026-09-07 08:23:36,169 [DEBUG] workflow.chart_creator: Wrote channel sidecar A5-Furniture.channels.json: ['r', 'g', 'b']
2026-09-07 08:23:36,249 [DEBUG] ui.tiff_preview: TiffPreview: loaded 1 page(s)
2026-09-07 08:23:36,249 [INFO] ui.tabs.tab_chart: Preview loaded: 1 TIFF(s)
2026-09-07 08:23:36,293 [DEBUG] ui.tiff_preview: TiffPreview: loaded 1 page(s)
2026-09-07 08:23:36,295 [DEBUG] ui.tiff_preview: TiffPreview: loaded 1 page(s)
2026-09-07 08:23:36,300 [DEBUG] ui.tabs.tab_chart: create-chart settings written for run1 (40 parameters + ui state)
2026-09-07 08:23:37,996 [INFO] assess:   shot Screenshots/A5-furniture/f17-spacers-bw-preview.png  (2232x1136)
2026-09-07 08:23:37,998 [INFO] assess:   json Test Runs/logs/d04_results.json
2026-09-07 08:23:37,998 [INFO] assess:     est=(525, 25, 21) act=(525, 25, 21) margins=mm | inch | min | Left (to first patch) | 26.0 | 1.023 | 26.0 | Right (to first patch) | 9.1 | 0.358 | 9.0 | Top (to first patch) | 39.0 | 1.537 | 38. notes='' files=['A5-Furniture.channels.json', 'A5-Furniture.ti1', 'A5-Furniture.ti2', 'A5-Furniture.tif', 'meta.json']
2026-09-07 08:23:37,998 [INFO] assess: --- f18-spacers-none: spacers none
2026-09-07 08:23:40,433 [DEBUG] core.settings: settings.set helper_markers_show = False
2026-09-07 08:23:40,433 [DEBUG] core.settings: settings.set helper_marker_edge_mm = 2.0
2026-09-07 08:23:40,433 [DEBUG] core.settings: settings.set helper_marker_len_mm = 2.0
2026-09-07 08:23:40,433 [DEBUG] core.settings: settings.set helper_marker_per_patch = 3
2026-09-07 08:23:40,433 [DEBUG] core.settings: settings.set helper_markers_top_bottom = True
2026-09-07 08:23:40,433 [DEBUG] core.settings: settings.set helper_markers_sides = True
2026-09-07 08:23:40,662 [DEBUG] core.settings: settings.set helper_markers_show = False
2026-09-07 08:23:40,662 [DEBUG] core.settings: settings.set helper_marker_edge_mm = 2.0
2026-09-07 08:23:40,662 [DEBUG] core.settings: settings.set helper_marker_len_mm = 2.0
2026-09-07 08:23:40,662 [DEBUG] core.settings: settings.set helper_marker_per_patch = 3
2026-09-07 08:23:40,662 [DEBUG] core.settings: settings.set helper_markers_top_bottom = True
2026-09-07 08:23:40,662 [DEBUG] core.settings: settings.set helper_markers_sides = True
2026-09-07 08:23:41,439 [INFO] assess:   armed: dialog ~'quite fill' -> click 'OK' 
2026-09-07 08:23:41,439 [INFO] assess:   armed: dialog ~'already' -> click 'Continue this project' 
2026-09-07 08:23:41,439 [INFO] ui.tabs.tab_chart: chart build (Generate Chart) in manual: patch set targen | manual panel: A4, 0x0 grid, margins T38.0 R9.0 B19.0 L26.0
2026-09-07 08:23:41,442 [DEBUG] core.settings: settings.set session_ti3_path = ''
2026-09-07 08:23:41,443 [DEBUG] core.settings: settings.set session_icc_path = ''
2026-09-07 08:23:41,443 [DEBUG] core.settings: settings.set session_cal_ti3_path = ''
2026-09-07 08:23:41,444 [DEBUG] core.file_manager: Target name set to: A5-Furniture (root /Users/Basti/ChromIQ-assessment/A5-Furniture)
2026-09-07 08:23:41,445 [INFO] core.file_manager: opened the EXISTING project at /Users/Basti/ChromIQ-assessment/A5-Furniture (1 run(s) on disk)
2026-09-07 08:23:41,494 [INFO] workflow.chart_creator: Chart generation: 588 patches, instrument=i1 paper=A4 disable_lb=True
2026-09-07 08:23:41,494 [INFO] workflow.chart_creator: targen args: ['-v', '-d2', '-f588', '-e4', '-B4', '-G', '-g34', 'A5-Furniture']
2026-09-07 08:23:41,494 [INFO] core.argyll_runner: Run: /Applications/Argyll/bin/targen -v -d2 -f588 -e4 -B4 -G -g34 A5-Furniture  [cwd=/Users/Basti/ChromIQ-assessment/A5-Furniture/runs/run1]
2026-09-07 08:23:41,564 [DEBUG] core.argyll_runner: [argyll] iRGB test chart
2026-09-07 08:23:41,564 [DEBUG] core.argyll_runner: [argyll] White patches = 4
2026-09-07 08:23:41,564 [DEBUG] core.argyll_runner: [argyll] Black patches = 4
2026-09-07 08:23:41,564 [DEBUG] core.argyll_runner: [argyll] Composite Grey steps = 34
2026-09-07 08:23:41,564 [DEBUG] core.argyll_runner: [argyll] Full spread patches = 588
2026-09-07 08:23:41,564 [DEBUG] core.argyll_runner: [argyll] Degree of adaptation: 0.100
2026-09-07 08:23:41,565 [DEBUG] core.argyll_runner: [argyll] Adaptation weights: Device = 0.935, Perceptual = 0.065, Curvature = 0.010
2026-09-07 08:23:41,565 [DEBUG] core.argyll_runner: [argyll] Perceptual cache resolution = 9
2026-09-07 08:23:41,565 [DEBUG] core.argyll_runner: [argyll] Seeding cache...done
2026-09-07 08:23:41,565 [DEBUG] core.argyll_runner: [argyll] Acceleration grid res = 9
2026-09-07 08:23:41,565 [DEBUG] core.argyll_runner: [argyll] 
2026-09-07 08:23:41,565 [DEBUG] core.argyll_runner: [argyll] There are 34 unique fixed points to add (40 total fixed points)
2026-09-07 08:23:41,566 [DEBUG] core.argyll_runner: [argyll] There are 548 far spread points to add
2026-09-07 08:23:41,566 [DEBUG] core.argyll_runner: [argyll] 
2026-09-07 08:23:41,566 [DEBUG] core.argyll_runner: [argyll] Added 12/582
2026-09-07 08:23:41,566 [DEBUG] core.argyll_runner: [argyll] Added 23/582
2026-09-07 08:23:41,566 [DEBUG] core.argyll_runner: [argyll] Added 34/582
2026-09-07 08:23:41,567 [DEBUG] core.argyll_runner: [argyll] Added 45/582
2026-09-07 08:23:41,567 [DEBUG] core.argyll_runner: [argyll] Added 56/582
2026-09-07 08:23:41,567 [DEBUG] core.argyll_runner: [argyll] Added 67/582
2026-09-07 08:23:41,568 [DEBUG] core.argyll_runner: [argyll] Added 78/582
2026-09-07 08:23:41,569 [DEBUG] core.argyll_runner: [argyll] Added 89/582
2026-09-07 08:23:41,569 [DEBUG] core.argyll_runner: [argyll] Added 100/582
2026-09-07 08:23:41,570 [DEBUG] core.argyll_runner: [argyll] Added 111/582
2026-09-07 08:23:41,571 [DEBUG] core.argyll_runner: [argyll] Added 122/582
2026-09-07 08:23:41,592 [DEBUG] core.argyll_runner: [argyll] 
2026-09-07 08:23:41,593 [DEBUG] core.argyll_runner: [argyll] Added 133/582
2026-09-07 08:23:41,593 [DEBUG] core.argyll_runner: [argyll] Added 144/582
2026-09-07 08:23:41,593 [DEBUG] core.argyll_runner: [argyll] Added 155/582
2026-09-07 08:23:41,593 [DEBUG] core.argyll_runner: [argyll] Added 166/582
2026-09-07 08:23:41,594 [DEBUG] core.argyll_runner: [argyll] Added 177/582
2026-09-07 08:23:41,594 [DEBUG] core.argyll_runner: [argyll] Added 188/582
2026-09-07 08:23:41,595 [DEBUG] core.argyll_runner: [argyll] Added 199/582
2026-09-07 08:23:41,596 [DEBUG] core.argyll_runner: [argyll] Added 210/582
2026-09-07 08:23:41,597 [DEBUG] core.argyll_runner: [argyll] Added 221/582
2026-09-07 08:23:41,598 [DEBUG] core.argyll_runner: [argyll] Added 232/582
2026-09-07 08:23:41,599 [DEBUG] core.argyll_runner: [argyll] Added 243/582
2026-09-07 08:23:41,601 [DEBUG] core.argyll_runner: [argyll] Added 254/582
2026-09-07 08:23:41,602 [DEBUG] core.argyll_runner: [argyll] Added 265/582
2026-09-07 08:23:41,604 [DEBUG] core.argyll_runner: [argyll] Added 276/582
2026-09-07 08:23:41,606 [DEBUG] core.argyll_runner: [argyll] Added 287/582
2026-09-07 08:23:41,608 [DEBUG] core.argyll_runner: [argyll] Added 298/582
2026-09-07 08:23:41,610 [DEBUG] core.argyll_runner: [argyll] Added 309/582
2026-09-07 08:23:41,612 [DEBUG] core.argyll_runner: [argyll] Added 320/582
2026-09-07 08:23:41,614 [DEBUG] core.argyll_runner: [argyll] Added 331/582
2026-09-07 08:23:41,617 [DEBUG] core.argyll_runner: [argyll] Added 342/582
2026-09-07 08:23:41,619 [DEBUG] core.argyll_runner: [argyll] Added 353/582
2026-09-07 08:23:41,622 [DEBUG] core.argyll_runner: [argyll] Added 364/582
2026-09-07 08:23:41,625 [DEBUG] core.argyll_runner: [argyll] Added 375/582
2026-09-07 08:23:41,628 [DEBUG] core.argyll_runner: [argyll] Added 386/582
2026-09-07 08:23:41,631 [DEBUG] core.argyll_runner: [argyll] Added 397/582
2026-09-07 08:23:41,634 [DEBUG] core.argyll_runner: [argyll] Added 408/582
2026-09-07 08:23:41,637 [DEBUG] core.argyll_runner: [argyll] Added 419/582
2026-09-07 08:23:41,641 [DEBUG] core.argyll_runner: [argyll] Added 430/582
2026-09-07 08:23:41,644 [DEBUG] core.argyll_runner: [argyll] Added 441/582
2026-09-07 08:23:41,648 [DEBUG] core.argyll_runner: [argyll] Added 452/582
2026-09-07 08:23:41,652 [DEBUG] core.argyll_runner: [argyll] Added 463/582
2026-09-07 08:23:41,669 [DEBUG] core.argyll_runner: [argyll] 
2026-09-07 08:23:41,670 [DEBUG] core.argyll_runner: [argyll] Added 474/582
2026-09-07 08:23:41,670 [DEBUG] core.argyll_runner: [argyll] Added 485/582
2026-09-07 08:23:41,670 [DEBUG] core.argyll_runner: [argyll] Added 496/582
2026-09-07 08:23:41,671 [DEBUG] core.argyll_runner: [argyll] Added 507/582
2026-09-07 08:23:41,671 [DEBUG] core.argyll_runner: [argyll] Added 518/582
2026-09-07 08:23:41,672 [DEBUG] core.argyll_runner: [argyll] Added 529/582
2026-09-07 08:23:41,673 [DEBUG] core.argyll_runner: [argyll] Added 540/582
2026-09-07 08:23:41,673 [DEBUG] core.argyll_runner: [argyll] Added 551/582
2026-09-07 08:23:41,674 [DEBUG] core.argyll_runner: [argyll] Added 562/582
2026-09-07 08:23:41,676 [DEBUG] core.argyll_runner: [argyll] Added 573/582
2026-09-07 08:23:41,677 [DEBUG] core.argyll_runner: [argyll] Added 582/582
2026-09-07 08:23:42,653 [DEBUG] core.argyll_runner: [argyll] 
2026-09-07 08:23:42,654 [DEBUG] core.argyll_runner: [argyll] After seeding points: MinPoint = 3.947, Min = 3.552, Avg. = 10.469, Max = 14.089, 0.1 secs
2026-09-07 08:23:42,654 [DEBUG] core.argyll_runner: [argyll] Re-seeding
2026-09-07 08:23:42,654 [DEBUG] core.argyll_runner: [argyll] It 1: Maxmv = 0.085665, MinPoint = 1.648, Min = 4.307, Avg. = 10.428, Max = 14.299, 0.1 secs.
2026-09-07 08:23:42,655 [DEBUG] core.argyll_runner: [argyll] Re-seeding
2026-09-07 08:23:42,655 [DEBUG] core.argyll_runner: [argyll] It 2: Maxmv = 0.109515, MinPoint = 4.119, Min = 4.640, Avg. = 10.299, Max = 13.334, 0.1 secs.
2026-09-07 08:23:42,655 [DEBUG] core.argyll_runner: [argyll] Re-seeding
2026-09-07 08:23:42,655 [DEBUG] core.argyll_runner: [argyll] It 3: Maxmv = 0.088054, MinPoint = 4.577, Min = 4.640, Avg. = 10.234, Max = 13.248, 0.1 secs.
2026-09-07 08:23:42,656 [DEBUG] core.argyll_runner: [argyll] Re-seeding
2026-09-07 08:23:42,656 [DEBUG] core.argyll_runner: [argyll] It 4: Maxmv = 0.078545, MinPoint = 5.047, Min = 4.640, Avg. = 10.200, Max = 13.147, 0.1 secs.
2026-09-07 08:23:42,656 [DEBUG] core.argyll_runner: [argyll] Re-seeding
2026-09-07 08:23:42,656 [DEBUG] core.argyll_runner: [argyll] It 5: Maxmv = 0.070726, MinPoint = 5.047, Min = 4.640, Avg. = 10.134, Max = 13.091, 0.1 secs.
2026-09-07 08:23:42,657 [DEBUG] core.argyll_runner: [argyll] Re-seeding
2026-09-07 08:23:42,657 [DEBUG] core.argyll_runner: [argyll] It 6: Maxmv = 0.058357, MinPoint = 5.047, Min = 4.640, Avg. = 10.139, Max = 13.233, 0.1 secs.
2026-09-07 08:23:42,657 [DEBUG] core.argyll_runner: [argyll] Re-seeding
2026-09-07 08:23:42,657 [DEBUG] core.argyll_runner: [argyll] It 7: Maxmv = 0.052252, MinPoint = 5.047, Min = 4.640, Avg. = 10.084, Max = 12.583, 0.1 secs.
2026-09-07 08:23:42,658 [DEBUG] core.argyll_runner: [argyll] Re-seeding
2026-09-07 08:23:42,658 [DEBUG] core.argyll_runner: [argyll] It 8: Maxmv = 0.039217, MinPoint = 5.047, Min = 4.640, Avg. = 10.036, Max = 12.746, 0.1 secs.
2026-09-07 08:23:42,658 [DEBUG] core.argyll_runner: [argyll] Re-seeding
2026-09-07 08:23:42,658 [DEBUG] core.argyll_runner: [argyll] It 9: Maxmv = 0.041063, MinPoint = 5.047, Min = 4.640, Avg. = 10.011, Max = 12.314, 0.1 secs.
2026-09-07 08:23:42,659 [DEBUG] core.argyll_runner: [argyll] Re-seeding
2026-09-07 08:23:42,659 [DEBUG] core.argyll_runner: [argyll] It 10: Maxmv = 0.030305, MinPoint = 5.047, Min = 4.640, Avg. = 9.981, Max = 12.292, 0.1 secs.
2026-09-07 08:23:42,659 [DEBUG] core.argyll_runner: [argyll] Re-seeding
2026-09-07 08:23:42,659 [DEBUG] core.argyll_runner: [argyll] It 11: Maxmv = 0.024848, MinPoint = 5.047, Min = 4.640, Avg. = 9.970, Max = 12.100, 0.1 secs.
2026-09-07 08:23:42,660 [DEBUG] core.argyll_runner: [argyll] Re-seeding
2026-09-07 08:23:42,660 [DEBUG] core.argyll_runner: [argyll] It 12: Maxmv = 0.024380, MinPoint = 5.047, Min = 4.640, Avg. = 9.959, Max = 11.992, 0.1 secs.
2026-09-07 08:23:42,660 [DEBUG] core.argyll_runner: [argyll] Re-seeding
2026-09-07 08:23:42,660 [DEBUG] core.argyll_runner: [argyll] It 13: Maxmv = 0.024029, MinPoint = 5.047, Min = 4.640, Avg. = 9.951, Max = 11.946, 0.1 secs.
2026-09-07 08:23:42,661 [DEBUG] core.argyll_runner: [argyll] Re-seeding
2026-09-07 08:23:42,661 [DEBUG] core.argyll_runner: [argyll] It 14: Maxmv = 0.019211, MinPoint = 5.047, Min = 4.640, Avg. = 9.946, Max = 11.772, 0.1 secs.
2026-09-07 08:23:42,661 [DEBUG] core.argyll_runner: [argyll] Re-seeding
2026-09-07 08:23:42,661 [DEBUG] core.argyll_runner: [argyll] It 15: Maxmv = 0.014532, MinPoint = 5.047, Min = 4.640, Avg. = 9.939, Max = 11.790, 0.1 secs.
2026-09-07 08:23:42,662 [DEBUG] core.argyll_runner: [argyll] Re-seeding
2026-09-07 08:23:42,662 [DEBUG] core.argyll_runner: [argyll] It 16: Maxmv = 0.011753, MinPoint = 5.047, Min = 4.640, Avg. = 9.930, Max = 11.656, 0.1 secs.
2026-09-07 08:23:42,662 [DEBUG] core.argyll_runner: [argyll] Re-seeding
2026-09-07 08:23:42,662 [DEBUG] core.argyll_runner: [argyll] It 17: Maxmv = 0.007633, MinPoint = 5.047, Min = 4.640, Avg. = 9.932, Max = 11.643, 0.1 secs.
2026-09-07 08:23:42,663 [DEBUG] core.argyll_runner: [argyll] Re-seeding
2026-09-07 08:23:42,663 [DEBUG] core.argyll_runner: [argyll] It 18: Maxmv = 0.004873, MinPoint = 5.047, Min = 4.640, Avg. = 9.931, Max = 11.668, 0.1 secs.
2026-09-07 08:23:42,663 [DEBUG] core.argyll_runner: [argyll] Re-seeding
2026-09-07 08:23:42,663 [DEBUG] core.argyll_runner: [argyll] It 19: Maxmv = 0.001503, MinPoint = 5.047, Min = 4.640, Avg. = 9.932, Max = 11.652, 0.1 secs.
2026-09-07 08:23:42,664 [DEBUG] core.argyll_runner: [argyll] Re-seeding
2026-09-07 08:23:42,664 [DEBUG] core.argyll_runner: [argyll] It 20: Maxmv = 0.001397, MinPoint = 5.047, Min = 4.640, Avg. = 9.931, Max = 11.662, 0.1 secs.
2026-09-07 08:23:42,664 [DEBUG] core.argyll_runner: [argyll] After optimization: MinPoint = 5.047, Min = 4.640, Avg. = 9.931, Max = 11.662
2026-09-07 08:23:42,665 [DEBUG] core.argyll_runner: [argyll] Total number of patches = 588
2026-09-07 08:23:42,665 [DEBUG] core.argyll_runner: [argyll] Execution time = 1.096263 seconds
2026-09-07 08:23:42,665 [INFO] core.argyll_runner: ArgyllRunner: finished with code 0
2026-09-07 08:23:43,058 [DEBUG] workflow.chart_creator: Wrote channel sidecar A5-Furniture.channels.json: ['r', 'g', 'b']
2026-09-07 08:23:43,136 [DEBUG] ui.tiff_preview: TiffPreview: loaded 1 page(s)
2026-09-07 08:23:43,136 [INFO] ui.tabs.tab_chart: Preview loaded: 1 TIFF(s)
2026-09-07 08:23:43,181 [DEBUG] ui.tiff_preview: TiffPreview: loaded 1 page(s)
2026-09-07 08:23:43,183 [DEBUG] ui.tiff_preview: TiffPreview: loaded 1 page(s)
2026-09-07 08:23:43,189 [DEBUG] ui.tabs.tab_chart: create-chart settings written for run1 (40 parameters + ui state)
2026-09-07 08:23:44,908 [INFO] assess:   shot Screenshots/A5-furniture/f18-spacers-none-preview.png  (2232x1136)
2026-09-07 08:23:44,910 [INFO] assess:   json Test Runs/logs/d04_results.json
2026-09-07 08:23:44,910 [INFO] assess:     est=(588, 28, 21) act=(588, 28, 21) margins=mm | inch | min | Left (to first patch) | 26.0 | 1.023 | 26.0 | Right (to first patch) | 9.1 | 0.358 | 9.0 | Top (to first patch) | 38.0 | 1.497 | 38. notes='' files=['A5-Furniture.channels.json', 'A5-Furniture.ti1', 'A5-Furniture.ti2', 'A5-Furniture.tif', 'meta.json']
2026-09-07 08:23:44,910 [INFO] assess: --- x01-export-pdf: also export a PDF
2026-09-07 08:23:47,343 [DEBUG] core.settings: settings.set helper_markers_show = False
2026-09-07 08:23:47,343 [DEBUG] core.settings: settings.set helper_marker_edge_mm = 2.0
2026-09-07 08:23:47,343 [DEBUG] core.settings: settings.set helper_marker_len_mm = 2.0
2026-09-07 08:23:47,343 [DEBUG] core.settings: settings.set helper_marker_per_patch = 3
2026-09-07 08:23:47,343 [DEBUG] core.settings: settings.set helper_markers_top_bottom = True
2026-09-07 08:23:47,343 [DEBUG] core.settings: settings.set helper_markers_sides = True
2026-09-07 08:23:47,574 [DEBUG] core.settings: settings.set helper_markers_show = False
2026-09-07 08:23:47,574 [DEBUG] core.settings: settings.set helper_marker_edge_mm = 2.0
2026-09-07 08:23:47,574 [DEBUG] core.settings: settings.set helper_marker_len_mm = 2.0
2026-09-07 08:23:47,574 [DEBUG] core.settings: settings.set helper_marker_per_patch = 3
2026-09-07 08:23:47,574 [DEBUG] core.settings: settings.set helper_markers_top_bottom = True
2026-09-07 08:23:47,574 [DEBUG] core.settings: settings.set helper_markers_sides = True
2026-09-07 08:23:48,344 [INFO] assess:   armed: dialog ~'quite fill' -> click 'OK' 
2026-09-07 08:23:48,344 [INFO] assess:   armed: dialog ~'already' -> click 'Continue this project' 
2026-09-07 08:23:48,345 [INFO] ui.tabs.tab_chart: chart build (Generate Chart) in manual: patch set targen | manual panel: A4, 0x0 grid, margins T38.0 R9.0 B19.0 L26.0
2026-09-07 08:23:48,348 [DEBUG] core.settings: settings.set session_ti3_path = ''
2026-09-07 08:23:48,348 [DEBUG] core.settings: settings.set session_icc_path = ''
2026-09-07 08:23:48,348 [DEBUG] core.settings: settings.set session_cal_ti3_path = ''
2026-09-07 08:23:48,350 [DEBUG] core.file_manager: Target name set to: A5-Furniture (root /Users/Basti/ChromIQ-assessment/A5-Furniture)
2026-09-07 08:23:48,351 [INFO] core.file_manager: opened the EXISTING project at /Users/Basti/ChromIQ-assessment/A5-Furniture (1 run(s) on disk)
2026-09-07 08:23:48,397 [INFO] workflow.chart_creator: Chart generation: 525 patches, instrument=i1 paper=A4 disable_lb=True
2026-09-07 08:23:48,397 [INFO] workflow.chart_creator: targen args: ['-v', '-d2', '-f525', '-e4', '-B4', '-G', '-g30', 'A5-Furniture']
2026-09-07 08:23:48,397 [INFO] core.argyll_runner: Run: /Applications/Argyll/bin/targen -v -d2 -f525 -e4 -B4 -G -g30 A5-Furniture  [cwd=/Users/Basti/ChromIQ-assessment/A5-Furniture/runs/run1]
2026-09-07 08:23:48,462 [DEBUG] core.argyll_runner: [argyll] iRGB test chart
2026-09-07 08:23:48,463 [DEBUG] core.argyll_runner: [argyll] White patches = 4
2026-09-07 08:23:48,463 [DEBUG] core.argyll_runner: [argyll] Black patches = 4
2026-09-07 08:23:48,463 [DEBUG] core.argyll_runner: [argyll] Composite Grey steps = 30
2026-09-07 08:23:48,463 [DEBUG] core.argyll_runner: [argyll] Full spread patches = 525
2026-09-07 08:23:48,463 [DEBUG] core.argyll_runner: [argyll] Degree of adaptation: 0.100
2026-09-07 08:23:48,463 [DEBUG] core.argyll_runner: [argyll] Adaptation weights: Device = 0.935, Perceptual = 0.065, Curvature = 0.010
2026-09-07 08:23:48,464 [DEBUG] core.argyll_runner: [argyll] Perceptual cache resolution = 9
2026-09-07 08:23:48,464 [DEBUG] core.argyll_runner: [argyll] Seeding cache...done
2026-09-07 08:23:48,464 [DEBUG] core.argyll_runner: [argyll] Acceleration grid res = 9
2026-09-07 08:23:48,464 [DEBUG] core.argyll_runner: [argyll] 
2026-09-07 08:23:48,464 [DEBUG] core.argyll_runner: [argyll] There are 30 unique fixed points to add (36 total fixed points)
2026-09-07 08:23:48,465 [DEBUG] core.argyll_runner: [argyll] There are 489 far spread points to add
2026-09-07 08:23:48,465 [DEBUG] core.argyll_runner: [argyll] 
2026-09-07 08:23:48,465 [DEBUG] core.argyll_runner: [argyll] Added 12/519
2026-09-07 08:23:48,465 [DEBUG] core.argyll_runner: [argyll] Added 23/519
2026-09-07 08:23:48,465 [DEBUG] core.argyll_runner: [argyll] Added 34/519
2026-09-07 08:23:48,465 [DEBUG] core.argyll_runner: [argyll] Added 45/519
2026-09-07 08:23:48,498 [DEBUG] core.argyll_runner: [argyll] 
2026-09-07 08:23:48,499 [DEBUG] core.argyll_runner: [argyll] Added 56/519
2026-09-07 08:23:48,499 [DEBUG] core.argyll_runner: [argyll] Added 67/519
2026-09-07 08:23:48,499 [DEBUG] core.argyll_runner: [argyll] Added 78/519
2026-09-07 08:23:48,499 [DEBUG] core.argyll_runner: [argyll] Added 89/519
2026-09-07 08:23:48,500 [DEBUG] core.argyll_runner: [argyll] Added 100/519
2026-09-07 08:23:48,501 [DEBUG] core.argyll_runner: [argyll] Added 111/519
2026-09-07 08:23:48,501 [DEBUG] core.argyll_runner: [argyll] Added 122/519
2026-09-07 08:23:48,502 [DEBUG] core.argyll_runner: [argyll] Added 133/519
2026-09-07 08:23:48,503 [DEBUG] core.argyll_runner: [argyll] Added 144/519
2026-09-07 08:23:48,504 [DEBUG] core.argyll_runner: [argyll] Added 155/519
2026-09-07 08:23:48,506 [DEBUG] core.argyll_runner: [argyll] Added 166/519
2026-09-07 08:23:48,507 [DEBUG] core.argyll_runner: [argyll] Added 177/519
2026-09-07 08:23:48,509 [DEBUG] core.argyll_runner: [argyll] Added 188/519
2026-09-07 08:23:48,510 [DEBUG] core.argyll_runner: [argyll] Added 199/519
2026-09-07 08:23:48,512 [DEBUG] core.argyll_runner: [argyll] Added 210/519
2026-09-07 08:23:48,514 [DEBUG] core.argyll_runner: [argyll] Added 221/519
2026-09-07 08:23:48,516 [DEBUG] core.argyll_runner: [argyll] Added 232/519
2026-09-07 08:23:48,518 [DEBUG] core.argyll_runner: [argyll] Added 243/519
2026-09-07 08:23:48,520 [DEBUG] core.argyll_runner: [argyll] Added 254/519
2026-09-07 08:23:48,523 [DEBUG] core.argyll_runner: [argyll] Added 265/519
2026-09-07 08:23:48,525 [DEBUG] core.argyll_runner: [argyll] Added 276/519
2026-09-07 08:23:48,528 [DEBUG] core.argyll_runner: [argyll] Added 287/519
2026-09-07 08:23:48,531 [DEBUG] core.argyll_runner: [argyll] Added 298/519
2026-09-07 08:23:48,534 [DEBUG] core.argyll_runner: [argyll] Added 309/519
2026-09-07 08:23:48,537 [DEBUG] core.argyll_runner: [argyll] Added 320/519
2026-09-07 08:23:48,540 [DEBUG] core.argyll_runner: [argyll] Added 331/519
2026-09-07 08:23:48,543 [DEBUG] core.argyll_runner: [argyll] Added 342/519
2026-09-07 08:23:48,547 [DEBUG] core.argyll_runner: [argyll] Added 353/519
2026-09-07 08:23:48,550 [DEBUG] core.argyll_runner: [argyll] Added 364/519
2026-09-07 08:23:48,554 [DEBUG] core.argyll_runner: [argyll] Added 375/519
2026-09-07 08:23:48,558 [DEBUG] core.argyll_runner: [argyll] Added 386/519
2026-09-07 08:23:48,562 [DEBUG] core.argyll_runner: [argyll] Added 397/519
2026-09-07 08:23:48,566 [DEBUG] core.argyll_runner: [argyll] Added 408/519
2026-09-07 08:23:48,570 [DEBUG] core.argyll_runner: [argyll] Added 419/519
2026-09-07 08:23:48,574 [DEBUG] core.argyll_runner: [argyll] Added 430/519
2026-09-07 08:23:48,579 [DEBUG] core.argyll_runner: [argyll] Added 441/519
2026-09-07 08:23:48,583 [DEBUG] core.argyll_runner: [argyll] Added 452/519
2026-09-07 08:23:48,588 [DEBUG] core.argyll_runner: [argyll] Added 463/519
2026-09-07 08:23:48,593 [DEBUG] core.argyll_runner: [argyll] Added 474/519
2026-09-07 08:23:48,618 [DEBUG] core.argyll_runner: [argyll] 
2026-09-07 08:23:48,619 [DEBUG] core.argyll_runner: [argyll] Added 485/519
2026-09-07 08:23:48,619 [DEBUG] core.argyll_runner: [argyll] Added 496/519
2026-09-07 08:23:48,619 [DEBUG] core.argyll_runner: [argyll] Added 507/519
2026-09-07 08:23:48,620 [DEBUG] core.argyll_runner: [argyll] Added 518/519
2026-09-07 08:23:48,620 [DEBUG] core.argyll_runner: [argyll] Added 519/519
2026-09-07 08:23:49,416 [DEBUG] core.argyll_runner: [argyll] 
2026-09-07 08:23:49,416 [DEBUG] core.argyll_runner: [argyll] After seeding points: MinPoint = 4.448, Min = 4.322, Avg. = 10.848, Max = 14.666, 0.1 secs
2026-09-07 08:23:49,417 [DEBUG] core.argyll_runner: [argyll] Re-seeding
2026-09-07 08:23:49,417 [DEBUG] core.argyll_runner: [argyll] It 1: Maxmv = 0.103363, MinPoint = 3.460, Min = 4.005, Avg. = 10.861, Max = 14.358, 0.0 secs.
2026-09-07 08:23:49,417 [DEBUG] core.argyll_runner: [argyll] Re-seeding
2026-09-07 08:23:49,418 [DEBUG] core.argyll_runner: [argyll] It 2: Maxmv = 0.084402, MinPoint = 5.380, Min = 5.280, Avg. = 10.758, Max = 13.964, 0.0 secs.
2026-09-07 08:23:49,418 [DEBUG] core.argyll_runner: [argyll] Re-seeding
2026-09-07 08:23:49,418 [DEBUG] core.argyll_runner: [argyll] It 3: Maxmv = 0.076162, MinPoint = 5.428, Min = 5.280, Avg. = 10.700, Max = 13.835, 0.0 secs.
2026-09-07 08:23:49,418 [DEBUG] core.argyll_runner: [argyll] Re-seeding
2026-09-07 08:23:49,419 [DEBUG] core.argyll_runner: [argyll] It 4: Maxmv = 0.072726, MinPoint = 5.743, Min = 5.280, Avg. = 10.603, Max = 14.075, 0.0 secs.
2026-09-07 08:23:49,419 [DEBUG] core.argyll_runner: [argyll] Re-seeding
2026-09-07 08:23:49,419 [DEBUG] core.argyll_runner: [argyll] It 5: Maxmv = 0.068513, MinPoint = 5.743, Min = 5.280, Avg. = 10.535, Max = 13.679, 0.0 secs.
2026-09-07 08:23:49,419 [DEBUG] core.argyll_runner: [argyll] Re-seeding
2026-09-07 08:23:49,419 [DEBUG] core.argyll_runner: [argyll] It 6: Maxmv = 0.056321, MinPoint = 5.743, Min = 5.280, Avg. = 10.518, Max = 13.779, 0.0 secs.
2026-09-07 08:23:49,420 [DEBUG] core.argyll_runner: [argyll] Re-seeding
2026-09-07 08:23:49,420 [DEBUG] core.argyll_runner: [argyll] It 7: Maxmv = 0.059854, MinPoint = 5.743, Min = 5.280, Avg. = 10.461, Max = 13.725, 0.0 secs.
2026-09-07 08:23:49,420 [DEBUG] core.argyll_runner: [argyll] Re-seeding
2026-09-07 08:23:49,420 [DEBUG] core.argyll_runner: [argyll] It 8: Maxmv = 0.051345, MinPoint = 5.743, Min = 5.280, Avg. = 10.437, Max = 13.448, 0.0 secs.
2026-09-07 08:23:49,421 [DEBUG] core.argyll_runner: [argyll] Re-seeding
2026-09-07 08:23:49,421 [DEBUG] core.argyll_runner: [argyll] It 9: Maxmv = 0.040554, MinPoint = 5.743, Min = 5.280, Avg. = 10.411, Max = 13.065, 0.0 secs.
2026-09-07 08:23:49,421 [DEBUG] core.argyll_runner: [argyll] Re-seeding
2026-09-07 08:23:49,421 [DEBUG] core.argyll_runner: [argyll] It 10: Maxmv = 0.030994, MinPoint = 5.743, Min = 5.280, Avg. = 10.383, Max = 12.735, 0.0 secs.
2026-09-07 08:23:49,422 [DEBUG] core.argyll_runner: [argyll] Re-seeding
2026-09-07 08:23:49,422 [DEBUG] core.argyll_runner: [argyll] It 11: Maxmv = 0.032989, MinPoint = 5.743, Min = 5.280, Avg. = 10.373, Max = 12.994, 0.0 secs.
2026-09-07 08:23:49,422 [DEBUG] core.argyll_runner: [argyll] Re-seeding
2026-09-07 08:23:49,422 [DEBUG] core.argyll_runner: [argyll] It 12: Maxmv = 0.030487, MinPoint = 5.743, Min = 5.280, Avg. = 10.349, Max = 12.936, 0.0 secs.
2026-09-07 08:23:49,423 [DEBUG] core.argyll_runner: [argyll] Re-seeding
2026-09-07 08:23:49,423 [DEBUG] core.argyll_runner: [argyll] It 13: Maxmv = 0.021481, MinPoint = 5.743, Min = 5.280, Avg. = 10.346, Max = 12.600, 0.0 secs.
2026-09-07 08:23:49,423 [DEBUG] core.argyll_runner: [argyll] Re-seeding
2026-09-07 08:23:49,423 [DEBUG] core.argyll_runner: [argyll] It 14: Maxmv = 0.016377, MinPoint = 5.743, Min = 5.280, Avg. = 10.329, Max = 12.441, 0.0 secs.
2026-09-07 08:23:49,424 [DEBUG] core.argyll_runner: [argyll] Re-seeding
2026-09-07 08:23:49,424 [DEBUG] core.argyll_runner: [argyll] It 15: Maxmv = 0.013408, MinPoint = 5.743, Min = 5.280, Avg. = 10.331, Max = 12.462, 0.0 secs.
2026-09-07 08:23:49,424 [DEBUG] core.argyll_runner: [argyll] Re-seeding
2026-09-07 08:23:49,424 [DEBUG] core.argyll_runner: [argyll] It 16: Maxmv = 0.011614, MinPoint = 5.743, Min = 5.280, Avg. = 10.321, Max = 12.261, 0.0 secs.
2026-09-07 08:23:49,425 [DEBUG] core.argyll_runner: [argyll] Re-seeding
2026-09-07 08:23:49,425 [DEBUG] core.argyll_runner: [argyll] It 17: Maxmv = 0.006463, MinPoint = 5.743, Min = 5.280, Avg. = 10.321, Max = 12.391, 0.0 secs.
2026-09-07 08:23:49,425 [DEBUG] core.argyll_runner: [argyll] Re-seeding
2026-09-07 08:23:49,425 [DEBUG] core.argyll_runner: [argyll] It 18: Maxmv = 0.005609, MinPoint = 5.743, Min = 5.280, Avg. = 10.319, Max = 12.293, 0.0 secs.
2026-09-07 08:23:49,425 [DEBUG] core.argyll_runner: [argyll] Re-seeding
2026-09-07 08:23:49,426 [DEBUG] core.argyll_runner: [argyll] It 19: Maxmv = 0.001380, MinPoint = 5.743, Min = 5.280, Avg. = 10.320, Max = 12.323, 0.0 secs.
2026-09-07 08:23:49,426 [DEBUG] core.argyll_runner: [argyll] Re-seeding
2026-09-07 08:23:49,426 [DEBUG] core.argyll_runner: [argyll] It 20: Maxmv = 0.001368, MinPoint = 5.743, Min = 5.280, Avg. = 10.321, Max = 12.343, 0.0 secs.
2026-09-07 08:23:49,426 [DEBUG] core.argyll_runner: [argyll] After optimization: MinPoint = 5.743, Min = 5.280, Avg. = 10.321, Max = 12.343
2026-09-07 08:23:49,427 [DEBUG] core.argyll_runner: [argyll] Total number of patches = 525
2026-09-07 08:23:49,427 [DEBUG] core.argyll_runner: [argyll] Execution time = 0.971514 seconds
2026-09-07 08:23:49,440 [INFO] core.argyll_runner: ArgyllRunner: finished with code 0
2026-09-07 08:23:49,867 [DEBUG] workflow.chart_creator: Wrote channel sidecar A5-Furniture.channels.json: ['r', 'g', 'b']
2026-09-07 08:23:49,947 [DEBUG] ui.tiff_preview: TiffPreview: loaded 1 page(s)
2026-09-07 08:23:49,947 [INFO] ui.tabs.tab_chart: Preview loaded: 1 TIFF(s)
2026-09-07 08:23:49,991 [DEBUG] ui.tiff_preview: TiffPreview: loaded 1 page(s)
2026-09-07 08:23:49,994 [DEBUG] ui.tiff_preview: TiffPreview: loaded 1 page(s)
2026-09-07 08:23:49,999 [DEBUG] ui.tabs.tab_chart: create-chart settings written for run1 (40 parameters + ui state)
2026-09-07 08:23:51,716 [INFO] assess:   shot Screenshots/A12-exports/x01-export-pdf-preview.png  (2232x1136)
2026-09-07 08:23:51,718 [INFO] assess:   json Test Runs/logs/d04_results.json
2026-09-07 08:23:51,718 [INFO] assess:     est=(525, 25, 21) act=(525, 25, 21) margins=mm | inch | min | Left (to first patch) | 26.0 | 1.023 | 26.0 | Right (to first patch) | 9.1 | 0.358 | 9.0 | Top (to first patch) | 39.0 | 1.537 | 38. notes='' files=['A5-Furniture.channels.json', 'A5-Furniture.pdf', 'A5-Furniture.ti1', 'A5-Furniture.ti2', 'A5-Furniture.tif', 'meta.json']
2026-09-07 08:23:51,718 [INFO] assess: --- x02-16bit-zlib: 16-bit zlib
2026-09-07 08:23:53,842 [DEBUG] core.settings: settings.set helper_markers_show = False
2026-09-07 08:23:53,842 [DEBUG] core.settings: settings.set helper_marker_edge_mm = 2.0
2026-09-07 08:23:53,842 [DEBUG] core.settings: settings.set helper_marker_len_mm = 2.0
2026-09-07 08:23:53,842 [DEBUG] core.settings: settings.set helper_marker_per_patch = 3
2026-09-07 08:23:53,842 [DEBUG] core.settings: settings.set helper_markers_top_bottom = True
2026-09-07 08:23:53,842 [DEBUG] core.settings: settings.set helper_markers_sides = True
2026-09-07 08:23:54,566 [DEBUG] core.settings: settings.set helper_markers_show = False
2026-09-07 08:23:54,567 [DEBUG] core.settings: settings.set helper_marker_edge_mm = 2.0
2026-09-07 08:23:54,567 [DEBUG] core.settings: settings.set helper_marker_len_mm = 2.0
2026-09-07 08:23:54,567 [DEBUG] core.settings: settings.set helper_marker_per_patch = 3
2026-09-07 08:23:54,567 [DEBUG] core.settings: settings.set helper_markers_top_bottom = True
2026-09-07 08:23:54,567 [DEBUG] core.settings: settings.set helper_markers_sides = True
2026-09-07 08:23:54,808 [DEBUG] core.settings: settings.set helper_markers_show = False
2026-09-07 08:23:54,808 [DEBUG] core.settings: settings.set helper_marker_edge_mm = 2.0
2026-09-07 08:23:54,808 [DEBUG] core.settings: settings.set helper_marker_len_mm = 2.0
2026-09-07 08:23:54,808 [DEBUG] core.settings: settings.set helper_marker_per_patch = 3
2026-09-07 08:23:54,808 [DEBUG] core.settings: settings.set helper_markers_top_bottom = True
2026-09-07 08:23:54,808 [DEBUG] core.settings: settings.set helper_markers_sides = True
2026-09-07 08:23:55,582 [INFO] assess:   armed: dialog ~'quite fill' -> click 'OK' 
2026-09-07 08:23:55,583 [INFO] assess:   armed: dialog ~'already' -> click 'Continue this project' 
2026-09-07 08:23:55,583 [INFO] ui.tabs.tab_chart: chart build (Generate Chart) in manual: patch set targen | manual panel: A4, 0x0 grid, margins T38.0 R9.0 B19.0 L26.0
2026-09-07 08:23:55,586 [DEBUG] core.settings: settings.set session_ti3_path = ''
2026-09-07 08:23:55,586 [DEBUG] core.settings: settings.set session_icc_path = ''
2026-09-07 08:23:55,586 [DEBUG] core.settings: settings.set session_cal_ti3_path = ''
2026-09-07 08:23:55,587 [DEBUG] core.file_manager: Target name set to: A5-Furniture (root /Users/Basti/ChromIQ-assessment/A5-Furniture)
2026-09-07 08:23:55,588 [INFO] core.file_manager: opened the EXISTING project at /Users/Basti/ChromIQ-assessment/A5-Furniture (1 run(s) on disk)
2026-09-07 08:23:55,631 [INFO] workflow.chart_creator: Chart generation: 525 patches, instrument=i1 paper=A4 disable_lb=True
2026-09-07 08:23:55,631 [INFO] workflow.chart_creator: targen args: ['-v', '-d2', '-f525', '-e4', '-B4', '-G', '-g30', 'A5-Furniture']
2026-09-07 08:23:55,631 [INFO] core.argyll_runner: Run: /Applications/Argyll/bin/targen -v -d2 -f525 -e4 -B4 -G -g30 A5-Furniture  [cwd=/Users/Basti/ChromIQ-assessment/A5-Furniture/runs/run1]
2026-09-07 08:23:55,698 [DEBUG] core.argyll_runner: [argyll] iRGB test chart
2026-09-07 08:23:55,698 [DEBUG] core.argyll_runner: [argyll] White patches = 4
2026-09-07 08:23:55,698 [DEBUG] core.argyll_runner: [argyll] Black patches = 4
2026-09-07 08:23:55,699 [DEBUG] core.argyll_runner: [argyll] Composite Grey steps = 30
2026-09-07 08:23:55,699 [DEBUG] core.argyll_runner: [argyll] Full spread patches = 525
2026-09-07 08:23:55,699 [DEBUG] core.argyll_runner: [argyll] Degree of adaptation: 0.100
2026-09-07 08:23:55,699 [DEBUG] core.argyll_runner: [argyll] Adaptation weights: Device = 0.935, Perceptual = 0.065, Curvature = 0.010
2026-09-07 08:23:55,699 [DEBUG] core.argyll_runner: [argyll] Perceptual cache resolution = 9
2026-09-07 08:23:55,699 [DEBUG] core.argyll_runner: [argyll] Seeding cache...done
2026-09-07 08:23:55,700 [DEBUG] core.argyll_runner: [argyll] Acceleration grid res = 9
2026-09-07 08:23:55,700 [DEBUG] core.argyll_runner: [argyll] 
2026-09-07 08:23:55,700 [DEBUG] core.argyll_runner: [argyll] There are 30 unique fixed points to add (36 total fixed points)
2026-09-07 08:23:55,700 [DEBUG] core.argyll_runner: [argyll] There are 489 far spread points to add
2026-09-07 08:23:55,700 [DEBUG] core.argyll_runner: [argyll] 
2026-09-07 08:23:55,700 [DEBUG] core.argyll_runner: [argyll] Added 12/519
2026-09-07 08:23:55,700 [DEBUG] core.argyll_runner: [argyll] Added 23/519
2026-09-07 08:23:55,701 [DEBUG] core.argyll_runner: [argyll] Added 34/519
2026-09-07 08:23:55,701 [DEBUG] core.argyll_runner: [argyll] Added 45/519
2026-09-07 08:23:55,720 [DEBUG] core.argyll_runner: [argyll] 
2026-09-07 08:23:55,720 [DEBUG] core.argyll_runner: [argyll] Added 56/519
2026-09-07 08:23:55,720 [DEBUG] core.argyll_runner: [argyll] Added 67/519
2026-09-07 08:23:55,721 [DEBUG] core.argyll_runner: [argyll] Added 78/519
2026-09-07 08:23:55,721 [DEBUG] core.argyll_runner: [argyll] Added 89/519
2026-09-07 08:23:55,721 [DEBUG] core.argyll_runner: [argyll] Added 100/519
2026-09-07 08:23:55,722 [DEBUG] core.argyll_runner: [argyll] Added 111/519
2026-09-07 08:23:55,723 [DEBUG] core.argyll_runner: [argyll] Added 122/519
2026-09-07 08:23:55,724 [DEBUG] core.argyll_runner: [argyll] Added 133/519
2026-09-07 08:23:55,725 [DEBUG] core.argyll_runner: [argyll] Added 144/519
2026-09-07 08:23:55,726 [DEBUG] core.argyll_runner: [argyll] Added 155/519
2026-09-07 08:23:55,727 [DEBUG] core.argyll_runner: [argyll] Added 166/519
2026-09-07 08:23:55,728 [DEBUG] core.argyll_runner: [argyll] Added 177/519
2026-09-07 08:23:55,730 [DEBUG] core.argyll_runner: [argyll] Added 188/519
2026-09-07 08:23:55,732 [DEBUG] core.argyll_runner: [argyll] Added 199/519
2026-09-07 08:23:55,733 [DEBUG] core.argyll_runner: [argyll] Added 210/519
2026-09-07 08:23:55,735 [DEBUG] core.argyll_runner: [argyll] Added 221/519
2026-09-07 08:23:55,737 [DEBUG] core.argyll_runner: [argyll] Added 232/519
2026-09-07 08:23:55,740 [DEBUG] core.argyll_runner: [argyll] Added 243/519
2026-09-07 08:23:55,742 [DEBUG] core.argyll_runner: [argyll] Added 254/519
2026-09-07 08:23:55,744 [DEBUG] core.argyll_runner: [argyll] Added 265/519
2026-09-07 08:23:55,747 [DEBUG] core.argyll_runner: [argyll] Added 276/519
2026-09-07 08:23:55,749 [DEBUG] core.argyll_runner: [argyll] Added 287/519
2026-09-07 08:23:55,752 [DEBUG] core.argyll_runner: [argyll] Added 298/519
2026-09-07 08:23:55,768 [DEBUG] core.argyll_runner: [argyll] 
2026-09-07 08:23:55,769 [DEBUG] core.argyll_runner: [argyll] Added 309/519
2026-09-07 08:23:55,769 [DEBUG] core.argyll_runner: [argyll] Added 320/519
2026-09-07 08:23:55,769 [DEBUG] core.argyll_runner: [argyll] Added 331/519
2026-09-07 08:23:55,770 [DEBUG] core.argyll_runner: [argyll] Added 342/519
2026-09-07 08:23:55,770 [DEBUG] core.argyll_runner: [argyll] Added 353/519
2026-09-07 08:23:55,771 [DEBUG] core.argyll_runner: [argyll] Added 364/519
2026-09-07 08:23:55,771 [DEBUG] core.argyll_runner: [argyll] Added 375/519
2026-09-07 08:23:55,772 [DEBUG] core.argyll_runner: [argyll] Added 386/519
2026-09-07 08:23:55,773 [DEBUG] core.argyll_runner: [argyll] Added 397/519
2026-09-07 08:23:55,774 [DEBUG] core.argyll_runner: [argyll] Added 408/519
2026-09-07 08:23:55,776 [DEBUG] core.argyll_runner: [argyll] Added 419/519
2026-09-07 08:23:55,777 [DEBUG] core.argyll_runner: [argyll] Added 430/519
2026-09-07 08:23:55,779 [DEBUG] core.argyll_runner: [argyll] Added 441/519
2026-09-07 08:23:55,780 [DEBUG] core.argyll_runner: [argyll] Added 452/519
2026-09-07 08:23:55,782 [DEBUG] core.argyll_runner: [argyll] Added 463/519
2026-09-07 08:23:55,784 [DEBUG] core.argyll_runner: [argyll] Added 474/519
2026-09-07 08:23:55,786 [DEBUG] core.argyll_runner: [argyll] Added 485/519
2026-09-07 08:23:55,788 [DEBUG] core.argyll_runner: [argyll] Added 496/519
2026-09-07 08:23:55,790 [DEBUG] core.argyll_runner: [argyll] Added 507/519
2026-09-07 08:23:55,793 [DEBUG] core.argyll_runner: [argyll] Added 518/519
2026-09-07 08:23:55,795 [DEBUG] core.argyll_runner: [argyll] Added 519/519
2026-09-07 08:23:56,666 [DEBUG] core.argyll_runner: [argyll] 
2026-09-07 08:23:56,667 [DEBUG] core.argyll_runner: [argyll] After seeding points: MinPoint = 4.448, Min = 4.322, Avg. = 10.848, Max = 14.666, 0.1 secs
2026-09-07 08:23:56,667 [DEBUG] core.argyll_runner: [argyll] Re-seeding
2026-09-07 08:23:56,667 [DEBUG] core.argyll_runner: [argyll] It 1: Maxmv = 0.103363, MinPoint = 3.460, Min = 4.005, Avg. = 10.861, Max = 14.358, 0.0 secs.
2026-09-07 08:23:56,668 [DEBUG] core.argyll_runner: [argyll] Re-seeding
2026-09-07 08:23:56,668 [DEBUG] core.argyll_runner: [argyll] It 2: Maxmv = 0.084402, MinPoint = 5.380, Min = 5.280, Avg. = 10.758, Max = 13.964, 0.0 secs.
2026-09-07 08:23:56,668 [DEBUG] core.argyll_runner: [argyll] Re-seeding
2026-09-07 08:23:56,668 [DEBUG] core.argyll_runner: [argyll] It 3: Maxmv = 0.076162, MinPoint = 5.428, Min = 5.280, Avg. = 10.700, Max = 13.835, 0.0 secs.
2026-09-07 08:23:56,669 [DEBUG] core.argyll_runner: [argyll] Re-seeding
2026-09-07 08:23:56,669 [DEBUG] core.argyll_runner: [argyll] It 4: Maxmv = 0.072726, MinPoint = 5.743, Min = 5.280, Avg. = 10.603, Max = 14.075, 0.0 secs.
2026-09-07 08:23:56,669 [DEBUG] core.argyll_runner: [argyll] Re-seeding
2026-09-07 08:23:56,669 [DEBUG] core.argyll_runner: [argyll] It 5: Maxmv = 0.068513, MinPoint = 5.743, Min = 5.280, Avg. = 10.535, Max = 13.679, 0.0 secs.
2026-09-07 08:23:56,670 [DEBUG] core.argyll_runner: [argyll] Re-seeding
2026-09-07 08:23:56,670 [DEBUG] core.argyll_runner: [argyll] It 6: Maxmv = 0.056321, MinPoint = 5.743, Min = 5.280, Avg. = 10.518, Max = 13.779, 0.0 secs.
2026-09-07 08:23:56,670 [DEBUG] core.argyll_runner: [argyll] Re-seeding
2026-09-07 08:23:56,670 [DEBUG] core.argyll_runner: [argyll] It 7: Maxmv = 0.059854, MinPoint = 5.743, Min = 5.280, Avg. = 10.461, Max = 13.725, 0.0 secs.
2026-09-07 08:23:56,671 [DEBUG] core.argyll_runner: [argyll] Re-seeding
2026-09-07 08:23:56,671 [DEBUG] core.argyll_runner: [argyll] It 8: Maxmv = 0.051345, MinPoint = 5.743, Min = 5.280, Avg. = 10.437, Max = 13.448, 0.0 secs.
2026-09-07 08:23:56,671 [DEBUG] core.argyll_runner: [argyll] Re-seeding
2026-09-07 08:23:56,671 [DEBUG] core.argyll_runner: [argyll] It 9: Maxmv = 0.040554, MinPoint = 5.743, Min = 5.280, Avg. = 10.411, Max = 13.065, 0.0 secs.
2026-09-07 08:23:56,672 [DEBUG] core.argyll_runner: [argyll] Re-seeding
2026-09-07 08:23:56,672 [DEBUG] core.argyll_runner: [argyll] It 10: Maxmv = 0.030994, MinPoint = 5.743, Min = 5.280, Avg. = 10.383, Max = 12.735, 0.0 secs.
2026-09-07 08:23:56,672 [DEBUG] core.argyll_runner: [argyll] Re-seeding
2026-09-07 08:23:56,672 [DEBUG] core.argyll_runner: [argyll] It 11: Maxmv = 0.032989, MinPoint = 5.743, Min = 5.280, Avg. = 10.373, Max = 12.994, 0.0 secs.
2026-09-07 08:23:56,673 [DEBUG] core.argyll_runner: [argyll] Re-seeding
2026-09-07 08:23:56,673 [DEBUG] core.argyll_runner: [argyll] It 12: Maxmv = 0.030487, MinPoint = 5.743, Min = 5.280, Avg. = 10.349, Max = 12.936, 0.0 secs.
2026-09-07 08:23:56,673 [DEBUG] core.argyll_runner: [argyll] Re-seeding
2026-09-07 08:23:56,674 [DEBUG] core.argyll_runner: [argyll] It 13: Maxmv = 0.021481, MinPoint = 5.743, Min = 5.280, Avg. = 10.346, Max = 12.600, 0.0 secs.
2026-09-07 08:23:56,674 [DEBUG] core.argyll_runner: [argyll] Re-seeding
2026-09-07 08:23:56,674 [DEBUG] core.argyll_runner: [argyll] It 14: Maxmv = 0.016377, MinPoint = 5.743, Min = 5.280, Avg. = 10.329, Max = 12.441, 0.0 secs.
2026-09-07 08:23:56,674 [DEBUG] core.argyll_runner: [argyll] Re-seeding
2026-09-07 08:23:56,675 [DEBUG] core.argyll_runner: [argyll] It 15: Maxmv = 0.013408, MinPoint = 5.743, Min = 5.280, Avg. = 10.331, Max = 12.462, 0.0 secs.
2026-09-07 08:23:56,675 [DEBUG] core.argyll_runner: [argyll] Re-seeding
2026-09-07 08:23:56,675 [DEBUG] core.argyll_runner: [argyll] It 16: Maxmv = 0.011614, MinPoint = 5.743, Min = 5.280, Avg. = 10.321, Max = 12.261, 0.0 secs.
2026-09-07 08:23:56,675 [DEBUG] core.argyll_runner: [argyll] Re-seeding
2026-09-07 08:23:56,676 [DEBUG] core.argyll_runner: [argyll] It 17: Maxmv = 0.006463, MinPoint = 5.743, Min = 5.280, Avg. = 10.321, Max = 12.391, 0.0 secs.
2026-09-07 08:23:56,676 [DEBUG] core.argyll_runner: [argyll] Re-seeding
2026-09-07 08:23:56,676 [DEBUG] core.argyll_runner: [argyll] It 18: Maxmv = 0.005609, MinPoint = 5.743, Min = 5.280, Avg. = 10.319, Max = 12.293, 0.0 secs.
2026-09-07 08:23:56,676 [DEBUG] core.argyll_runner: [argyll] Re-seeding
2026-09-07 08:23:56,677 [DEBUG] core.argyll_runner: [argyll] It 19: Maxmv = 0.001380, MinPoint = 5.743, Min = 5.280, Avg. = 10.320, Max = 12.323, 0.0 secs.
2026-09-07 08:23:56,677 [DEBUG] core.argyll_runner: [argyll] Re-seeding
2026-09-07 08:23:56,677 [DEBUG] core.argyll_runner: [argyll] It 20: Maxmv = 0.001368, MinPoint = 5.743, Min = 5.280, Avg. = 10.321, Max = 12.343, 0.0 secs.
2026-09-07 08:23:56,677 [DEBUG] core.argyll_runner: [argyll] After optimization: MinPoint = 5.743, Min = 5.280, Avg. = 10.321, Max = 12.343
2026-09-07 08:23:56,678 [DEBUG] core.argyll_runner: [argyll] Total number of patches = 525
2026-09-07 08:23:56,678 [DEBUG] core.argyll_runner: [argyll] Execution time = 0.966550 seconds
2026-09-07 08:23:56,678 [INFO] core.argyll_runner: ArgyllRunner: finished with code 0
2026-09-07 08:23:57,088 [DEBUG] workflow.chart_creator: Wrote channel sidecar A5-Furniture.channels.json: ['r', 'g', 'b']
2026-09-07 08:23:57,166 [DEBUG] ui.tiff_preview: TiffPreview: loaded 1 page(s)
2026-09-07 08:23:57,166 [INFO] ui.tabs.tab_chart: Preview loaded: 1 TIFF(s)
2026-09-07 08:23:57,209 [DEBUG] ui.tiff_preview: TiffPreview: loaded 1 page(s)
2026-09-07 08:23:57,211 [DEBUG] ui.tiff_preview: TiffPreview: loaded 1 page(s)
2026-09-07 08:23:57,216 [DEBUG] ui.tabs.tab_chart: create-chart settings written for run1 (40 parameters + ui state)
2026-09-07 08:23:58,818 [INFO] assess:   shot Screenshots/A12-exports/x02-16bit-zlib-preview.png  (2232x1136)
2026-09-07 08:23:58,821 [INFO] assess:   json Test Runs/logs/d04_results.json
2026-09-07 08:23:58,821 [INFO] assess:     est=(525, 25, 21) act=(525, 25, 21) margins=mm | inch | min | Left (to first patch) | 26.0 | 1.023 | 26.0 | Right (to first patch) | 9.1 | 0.358 | 9.0 | Top (to first patch) | 39.0 | 1.537 | 38. notes='' files=['A5-Furniture.channels.json', 'A5-Furniture.ti1', 'A5-Furniture.ti2', 'A5-Furniture.tif', 'meta.json']
2026-09-07 08:23:58,821 [INFO] assess: --- s01-seed-12345-a: fixed seed 12345, first
2026-09-07 08:24:00,924 [DEBUG] core.settings: settings.set helper_markers_show = False
2026-09-07 08:24:00,924 [DEBUG] core.settings: settings.set helper_marker_edge_mm = 2.0
2026-09-07 08:24:00,924 [DEBUG] core.settings: settings.set helper_marker_len_mm = 2.0
2026-09-07 08:24:00,924 [DEBUG] core.settings: settings.set helper_marker_per_patch = 3
2026-09-07 08:24:00,924 [DEBUG] core.settings: settings.set helper_markers_top_bottom = True
2026-09-07 08:24:00,924 [DEBUG] core.settings: settings.set helper_markers_sides = True
2026-09-07 08:24:01,154 [DEBUG] core.settings: settings.set helper_markers_show = False
2026-09-07 08:24:01,154 [DEBUG] core.settings: settings.set helper_marker_edge_mm = 2.0
2026-09-07 08:24:01,154 [DEBUG] core.settings: settings.set helper_marker_len_mm = 2.0
2026-09-07 08:24:01,154 [DEBUG] core.settings: settings.set helper_marker_per_patch = 3
2026-09-07 08:24:01,154 [DEBUG] core.settings: settings.set helper_markers_top_bottom = True
2026-09-07 08:24:01,154 [DEBUG] core.settings: settings.set helper_markers_sides = True
2026-09-07 08:24:01,556 [DEBUG] core.settings: settings.set helper_markers_show = False
2026-09-07 08:24:01,556 [DEBUG] core.settings: settings.set helper_marker_edge_mm = 2.0
2026-09-07 08:24:01,556 [DEBUG] core.settings: settings.set helper_marker_len_mm = 2.0
2026-09-07 08:24:01,556 [DEBUG] core.settings: settings.set helper_marker_per_patch = 3
2026-09-07 08:24:01,556 [DEBUG] core.settings: settings.set helper_markers_top_bottom = True
2026-09-07 08:24:01,556 [DEBUG] core.settings: settings.set helper_markers_sides = True
2026-09-07 08:24:01,785 [DEBUG] core.settings: settings.set helper_markers_show = False
2026-09-07 08:24:01,785 [DEBUG] core.settings: settings.set helper_marker_edge_mm = 2.0
2026-09-07 08:24:01,785 [DEBUG] core.settings: settings.set helper_marker_len_mm = 2.0
2026-09-07 08:24:01,785 [DEBUG] core.settings: settings.set helper_marker_per_patch = 3
2026-09-07 08:24:01,785 [DEBUG] core.settings: settings.set helper_markers_top_bottom = True
2026-09-07 08:24:01,785 [DEBUG] core.settings: settings.set helper_markers_sides = True
2026-09-07 08:24:02,521 [INFO] assess:   armed: dialog ~'quite fill' -> click 'OK' 
2026-09-07 08:24:02,521 [INFO] assess:   armed: dialog ~'already' -> click 'Continue this project' 
2026-09-07 08:24:02,521 [INFO] ui.tabs.tab_chart: chart build (Generate Chart) in manual: patch set targen | manual panel: A4, 0x0 grid, margins T38.0 R9.0 B19.0 L26.0
2026-09-07 08:24:02,524 [DEBUG] core.settings: settings.set session_ti3_path = ''
2026-09-07 08:24:02,524 [DEBUG] core.settings: settings.set session_icc_path = ''
2026-09-07 08:24:02,524 [DEBUG] core.settings: settings.set session_cal_ti3_path = ''
2026-09-07 08:24:02,525 [DEBUG] core.file_manager: Target name set to: A5-Furniture (root /Users/Basti/ChromIQ-assessment/A5-Furniture)
2026-09-07 08:24:02,526 [INFO] core.file_manager: opened the EXISTING project at /Users/Basti/ChromIQ-assessment/A5-Furniture (1 run(s) on disk)
2026-09-07 08:24:02,574 [INFO] workflow.chart_creator: Chart generation: 525 patches, instrument=i1 paper=A4 disable_lb=True
2026-09-07 08:24:02,575 [INFO] workflow.chart_creator: targen args: ['-v', '-d2', '-f525', '-e4', '-B4', '-G', '-g30', 'A5-Furniture']
2026-09-07 08:24:02,575 [INFO] core.argyll_runner: Run: /Applications/Argyll/bin/targen -v -d2 -f525 -e4 -B4 -G -g30 A5-Furniture  [cwd=/Users/Basti/ChromIQ-assessment/A5-Furniture/runs/run1]
2026-09-07 08:24:02,647 [DEBUG] core.argyll_runner: [argyll] iRGB test chart
2026-09-07 08:24:02,647 [DEBUG] core.argyll_runner: [argyll] White patches = 4
2026-09-07 08:24:02,647 [DEBUG] core.argyll_runner: [argyll] Black patches = 4
2026-09-07 08:24:02,647 [DEBUG] core.argyll_runner: [argyll] Composite Grey steps = 30
2026-09-07 08:24:02,648 [DEBUG] core.argyll_runner: [argyll] Full spread patches = 525
2026-09-07 08:24:02,648 [DEBUG] core.argyll_runner: [argyll] Degree of adaptation: 0.100
2026-09-07 08:24:02,648 [DEBUG] core.argyll_runner: [argyll] Adaptation weights: Device = 0.935, Perceptual = 0.065, Curvature = 0.010
2026-09-07 08:24:02,648 [DEBUG] core.argyll_runner: [argyll] Perceptual cache resolution = 9
2026-09-07 08:24:02,648 [DEBUG] core.argyll_runner: [argyll] Seeding cache...done
2026-09-07 08:24:02,648 [DEBUG] core.argyll_runner: [argyll] Acceleration grid res = 9
2026-09-07 08:24:02,649 [DEBUG] core.argyll_runner: [argyll] 
2026-09-07 08:24:02,649 [DEBUG] core.argyll_runner: [argyll] There are 30 unique fixed points to add (36 total fixed points)
2026-09-07 08:24:02,649 [DEBUG] core.argyll_runner: [argyll] There are 489 far spread points to add
2026-09-07 08:24:02,649 [DEBUG] core.argyll_runner: [argyll] 
2026-09-07 08:24:02,649 [DEBUG] core.argyll_runner: [argyll] Added 12/519
2026-09-07 08:24:02,649 [DEBUG] core.argyll_runner: [argyll] Added 23/519
2026-09-07 08:24:02,649 [DEBUG] core.argyll_runner: [argyll] Added 34/519
2026-09-07 08:24:02,650 [DEBUG] core.argyll_runner: [argyll] Added 45/519
2026-09-07 08:24:02,650 [DEBUG] core.argyll_runner: [argyll] Added 56/519
2026-09-07 08:24:02,651 [DEBUG] core.argyll_runner: [argyll] Added 67/519
2026-09-07 08:24:02,671 [DEBUG] core.argyll_runner: [argyll] 
2026-09-07 08:24:02,671 [DEBUG] core.argyll_runner: [argyll] Added 78/519
2026-09-07 08:24:02,671 [DEBUG] core.argyll_runner: [argyll] Added 89/519
2026-09-07 08:24:02,672 [DEBUG] core.argyll_runner: [argyll] Added 100/519
2026-09-07 08:24:02,672 [DEBUG] core.argyll_runner: [argyll] Added 111/519
2026-09-07 08:24:02,673 [DEBUG] core.argyll_runner: [argyll] Added 122/519
2026-09-07 08:24:02,673 [DEBUG] core.argyll_runner: [argyll] Added 133/519
2026-09-07 08:24:02,674 [DEBUG] core.argyll_runner: [argyll] Added 144/519
2026-09-07 08:24:02,675 [DEBUG] core.argyll_runner: [argyll] Added 155/519
2026-09-07 08:24:02,676 [DEBUG] core.argyll_runner: [argyll] Added 166/519
2026-09-07 08:24:02,677 [DEBUG] core.argyll_runner: [argyll] Added 177/519
2026-09-07 08:24:02,678 [DEBUG] core.argyll_runner: [argyll] Added 188/519
2026-09-07 08:24:02,680 [DEBUG] core.argyll_runner: [argyll] Added 199/519
2026-09-07 08:24:02,681 [DEBUG] core.argyll_runner: [argyll] Added 210/519
2026-09-07 08:24:02,683 [DEBUG] core.argyll_runner: [argyll] Added 221/519
2026-09-07 08:24:02,685 [DEBUG] core.argyll_runner: [argyll] Added 232/519
2026-09-07 08:24:02,687 [DEBUG] core.argyll_runner: [argyll] Added 243/519
2026-09-07 08:24:02,689 [DEBUG] core.argyll_runner: [argyll] Added 254/519
2026-09-07 08:24:02,691 [DEBUG] core.argyll_runner: [argyll] Added 265/519
2026-09-07 08:24:02,693 [DEBUG] core.argyll_runner: [argyll] Added 276/519
2026-09-07 08:24:02,696 [DEBUG] core.argyll_runner: [argyll] Added 287/519
2026-09-07 08:24:02,698 [DEBUG] core.argyll_runner: [argyll] Added 298/519
2026-09-07 08:24:02,701 [DEBUG] core.argyll_runner: [argyll] Added 309/519
2026-09-07 08:24:02,704 [DEBUG] core.argyll_runner: [argyll] Added 320/519
2026-09-07 08:24:02,707 [DEBUG] core.argyll_runner: [argyll] Added 331/519
2026-09-07 08:24:02,710 [DEBUG] core.argyll_runner: [argyll] Added 342/519
2026-09-07 08:24:02,713 [DEBUG] core.argyll_runner: [argyll] Added 353/519
2026-09-07 08:24:02,716 [DEBUG] core.argyll_runner: [argyll] Added 364/519
2026-09-07 08:24:02,733 [DEBUG] core.argyll_runner: [argyll] 
2026-09-07 08:24:02,734 [DEBUG] core.argyll_runner: [argyll] Added 375/519
2026-09-07 08:24:02,734 [DEBUG] core.argyll_runner: [argyll] Added 386/519
2026-09-07 08:24:02,734 [DEBUG] core.argyll_runner: [argyll] Added 397/519
2026-09-07 08:24:02,734 [DEBUG] core.argyll_runner: [argyll] Added 408/519
2026-09-07 08:24:02,735 [DEBUG] core.argyll_runner: [argyll] Added 419/519
2026-09-07 08:24:02,735 [DEBUG] core.argyll_runner: [argyll] Added 430/519
2026-09-07 08:24:02,736 [DEBUG] core.argyll_runner: [argyll] Added 441/519
2026-09-07 08:24:02,737 [DEBUG] core.argyll_runner: [argyll] Added 452/519
2026-09-07 08:24:02,738 [DEBUG] core.argyll_runner: [argyll] Added 463/519
2026-09-07 08:24:02,739 [DEBUG] core.argyll_runner: [argyll] Added 474/519
2026-09-07 08:24:02,741 [DEBUG] core.argyll_runner: [argyll] Added 485/519
2026-09-07 08:24:02,742 [DEBUG] core.argyll_runner: [argyll] Added 496/519
2026-09-07 08:24:02,743 [DEBUG] core.argyll_runner: [argyll] Added 507/519
2026-09-07 08:24:02,745 [DEBUG] core.argyll_runner: [argyll] Added 518/519
2026-09-07 08:24:02,747 [DEBUG] core.argyll_runner: [argyll] Added 519/519
2026-09-07 08:24:03,618 [DEBUG] core.argyll_runner: [argyll] 
2026-09-07 08:24:03,619 [DEBUG] core.argyll_runner: [argyll] After seeding points: MinPoint = 4.448, Min = 4.322, Avg. = 10.848, Max = 14.666, 0.1 secs
2026-09-07 08:24:03,619 [DEBUG] core.argyll_runner: [argyll] Re-seeding
2026-09-07 08:24:03,619 [DEBUG] core.argyll_runner: [argyll] It 1: Maxmv = 0.103363, MinPoint = 3.460, Min = 4.005, Avg. = 10.861, Max = 14.358, 0.0 secs.
2026-09-07 08:24:03,619 [DEBUG] core.argyll_runner: [argyll] Re-seeding
2026-09-07 08:24:03,620 [DEBUG] core.argyll_runner: [argyll] It 2: Maxmv = 0.084402, MinPoint = 5.380, Min = 5.280, Avg. = 10.758, Max = 13.964, 0.0 secs.
2026-09-07 08:24:03,620 [DEBUG] core.argyll_runner: [argyll] Re-seeding
2026-09-07 08:24:03,620 [DEBUG] core.argyll_runner: [argyll] It 3: Maxmv = 0.076162, MinPoint = 5.428, Min = 5.280, Avg. = 10.700, Max = 13.835, 0.0 secs.
2026-09-07 08:24:03,621 [DEBUG] core.argyll_runner: [argyll] Re-seeding
2026-09-07 08:24:03,621 [DEBUG] core.argyll_runner: [argyll] It 4: Maxmv = 0.072726, MinPoint = 5.743, Min = 5.280, Avg. = 10.603, Max = 14.075, 0.0 secs.
2026-09-07 08:24:03,621 [DEBUG] core.argyll_runner: [argyll] Re-seeding
2026-09-07 08:24:03,621 [DEBUG] core.argyll_runner: [argyll] It 5: Maxmv = 0.068513, MinPoint = 5.743, Min = 5.280, Avg. = 10.535, Max = 13.679, 0.0 secs.
2026-09-07 08:24:03,622 [DEBUG] core.argyll_runner: [argyll] Re-seeding
2026-09-07 08:24:03,622 [DEBUG] core.argyll_runner: [argyll] It 6: Maxmv = 0.056321, MinPoint = 5.743, Min = 5.280, Avg. = 10.518, Max = 13.779, 0.0 secs.
2026-09-07 08:24:03,622 [DEBUG] core.argyll_runner: [argyll] Re-seeding
2026-09-07 08:24:03,622 [DEBUG] core.argyll_runner: [argyll] It 7: Maxmv = 0.059854, MinPoint = 5.743, Min = 5.280, Avg. = 10.461, Max = 13.725, 0.0 secs.
2026-09-07 08:24:03,622 [DEBUG] core.argyll_runner: [argyll] Re-seeding
2026-09-07 08:24:03,623 [DEBUG] core.argyll_runner: [argyll] It 8: Maxmv = 0.051345, MinPoint = 5.743, Min = 5.280, Avg. = 10.437, Max = 13.448, 0.0 secs.
2026-09-07 08:24:03,623 [DEBUG] core.argyll_runner: [argyll] Re-seeding
2026-09-07 08:24:03,623 [DEBUG] core.argyll_runner: [argyll] It 9: Maxmv = 0.040554, MinPoint = 5.743, Min = 5.280, Avg. = 10.411, Max = 13.065, 0.0 secs.
2026-09-07 08:24:03,623 [DEBUG] core.argyll_runner: [argyll] Re-seeding
2026-09-07 08:24:03,624 [DEBUG] core.argyll_runner: [argyll] It 10: Maxmv = 0.030994, MinPoint = 5.743, Min = 5.280, Avg. = 10.383, Max = 12.735, 0.0 secs.
2026-09-07 08:24:03,624 [DEBUG] core.argyll_runner: [argyll] Re-seeding
2026-09-07 08:24:03,624 [DEBUG] core.argyll_runner: [argyll] It 11: Maxmv = 0.032989, MinPoint = 5.743, Min = 5.280, Avg. = 10.373, Max = 12.994, 0.0 secs.
2026-09-07 08:24:03,624 [DEBUG] core.argyll_runner: [argyll] Re-seeding
2026-09-07 08:24:03,625 [DEBUG] core.argyll_runner: [argyll] It 12: Maxmv = 0.030487, MinPoint = 5.743, Min = 5.280, Avg. = 10.349, Max = 12.936, 0.0 secs.
2026-09-07 08:24:03,625 [DEBUG] core.argyll_runner: [argyll] Re-seeding
2026-09-07 08:24:03,625 [DEBUG] core.argyll_runner: [argyll] It 13: Maxmv = 0.021481, MinPoint = 5.743, Min = 5.280, Avg. = 10.346, Max = 12.600, 0.0 secs.
2026-09-07 08:24:03,625 [DEBUG] core.argyll_runner: [argyll] Re-seeding
2026-09-07 08:24:03,626 [DEBUG] core.argyll_runner: [argyll] It 14: Maxmv = 0.016377, MinPoint = 5.743, Min = 5.280, Avg. = 10.329, Max = 12.441, 0.0 secs.
2026-09-07 08:24:03,626 [DEBUG] core.argyll_runner: [argyll] Re-seeding
2026-09-07 08:24:03,626 [DEBUG] core.argyll_runner: [argyll] It 15: Maxmv = 0.013408, MinPoint = 5.743, Min = 5.280, Avg. = 10.331, Max = 12.462, 0.0 secs.
2026-09-07 08:24:03,626 [DEBUG] core.argyll_runner: [argyll] Re-seeding
2026-09-07 08:24:03,627 [DEBUG] core.argyll_runner: [argyll] It 16: Maxmv = 0.011614, MinPoint = 5.743, Min = 5.280, Avg. = 10.321, Max = 12.261, 0.0 secs.
2026-09-07 08:24:03,627 [DEBUG] core.argyll_runner: [argyll] Re-seeding
2026-09-07 08:24:03,627 [DEBUG] core.argyll_runner: [argyll] It 17: Maxmv = 0.006463, MinPoint = 5.743, Min = 5.280, Avg. = 10.321, Max = 12.391, 0.0 secs.
2026-09-07 08:24:03,627 [DEBUG] core.argyll_runner: [argyll] Re-seeding
2026-09-07 08:24:03,628 [DEBUG] core.argyll_runner: [argyll] It 18: Maxmv = 0.005609, MinPoint = 5.743, Min = 5.280, Avg. = 10.319, Max = 12.293, 0.0 secs.
2026-09-07 08:24:03,628 [DEBUG] core.argyll_runner: [argyll] Re-seeding
2026-09-07 08:24:03,628 [DEBUG] core.argyll_runner: [argyll] It 19: Maxmv = 0.001380, MinPoint = 5.743, Min = 5.280, Avg. = 10.320, Max = 12.323, 0.0 secs.
2026-09-07 08:24:03,628 [DEBUG] core.argyll_runner: [argyll] Re-seeding
2026-09-07 08:24:03,629 [DEBUG] core.argyll_runner: [argyll] It 20: Maxmv = 0.001368, MinPoint = 5.743, Min = 5.280, Avg. = 10.321, Max = 12.343, 0.0 secs.
2026-09-07 08:24:03,629 [DEBUG] core.argyll_runner: [argyll] After optimization: MinPoint = 5.743, Min = 5.280, Avg. = 10.321, Max = 12.343
2026-09-07 08:24:03,629 [DEBUG] core.argyll_runner: [argyll] Total number of patches = 525
2026-09-07 08:24:03,629 [DEBUG] core.argyll_runner: [argyll] Execution time = 0.976628 seconds
2026-09-07 08:24:03,630 [INFO] core.argyll_runner: ArgyllRunner: finished with code 0
2026-09-07 08:24:04,023 [DEBUG] workflow.chart_creator: Wrote channel sidecar A5-Furniture.channels.json: ['r', 'g', 'b']
2026-09-07 08:24:04,103 [DEBUG] ui.tiff_preview: TiffPreview: loaded 1 page(s)
2026-09-07 08:24:04,103 [INFO] ui.tabs.tab_chart: Preview loaded: 1 TIFF(s)
2026-09-07 08:24:04,148 [DEBUG] ui.tiff_preview: TiffPreview: loaded 1 page(s)
2026-09-07 08:24:04,150 [DEBUG] ui.tiff_preview: TiffPreview: loaded 1 page(s)
2026-09-07 08:24:04,155 [DEBUG] ui.tabs.tab_chart: create-chart settings written for run1 (40 parameters + ui state)
2026-09-07 08:24:05,883 [INFO] assess:   shot Screenshots/A12-exports/s01-seed-12345-a-preview.png  (2232x1136)
2026-09-07 08:24:05,885 [INFO] assess:   json Test Runs/logs/d04_results.json
2026-09-07 08:24:05,885 [INFO] assess:     est=(525, 25, 21) act=(525, 25, 21) margins=mm | inch | min | Left (to first patch) | 26.0 | 1.023 | 26.0 | Right (to first patch) | 9.1 | 0.358 | 9.0 | Top (to first patch) | 39.0 | 1.537 | 38. notes='' files=['A5-Furniture.channels.json', 'A5-Furniture.ti1', 'A5-Furniture.ti2', 'A5-Furniture.tif', 'meta.json']
2026-09-07 08:24:05,886 [INFO] assess: --- s02-seed-12345-b: fixed seed 12345, second
2026-09-07 08:24:09,115 [INFO] assess:   armed: dialog ~'quite fill' -> click 'OK' 
2026-09-07 08:24:09,115 [INFO] assess:   armed: dialog ~'already' -> click 'Continue this project' 
2026-09-07 08:24:09,116 [INFO] ui.tabs.tab_chart: chart build (Generate Chart) in manual: patch set targen | manual panel: A4, 0x0 grid, margins T38.0 R9.0 B19.0 L26.0
2026-09-07 08:24:09,118 [DEBUG] core.settings: settings.set session_ti3_path = ''
2026-09-07 08:24:09,118 [DEBUG] core.settings: settings.set session_icc_path = ''
2026-09-07 08:24:09,118 [DEBUG] core.settings: settings.set session_cal_ti3_path = ''
2026-09-07 08:24:09,120 [DEBUG] core.file_manager: Target name set to: A5-Furniture (root /Users/Basti/ChromIQ-assessment/A5-Furniture)
2026-09-07 08:24:09,121 [INFO] core.file_manager: opened the EXISTING project at /Users/Basti/ChromIQ-assessment/A5-Furniture (1 run(s) on disk)
2026-09-07 08:24:09,173 [INFO] workflow.chart_creator: Chart generation: 525 patches, instrument=i1 paper=A4 disable_lb=True
2026-09-07 08:24:09,174 [INFO] workflow.chart_creator: targen args: ['-v', '-d2', '-f525', '-e4', '-B4', '-G', '-g30', 'A5-Furniture']
2026-09-07 08:24:09,174 [INFO] core.argyll_runner: Run: /Applications/Argyll/bin/targen -v -d2 -f525 -e4 -B4 -G -g30 A5-Furniture  [cwd=/Users/Basti/ChromIQ-assessment/A5-Furniture/runs/run1]
2026-09-07 08:24:09,244 [DEBUG] core.argyll_runner: [argyll] iRGB test chart
2026-09-07 08:24:09,245 [DEBUG] core.argyll_runner: [argyll] White patches = 4
2026-09-07 08:24:09,245 [DEBUG] core.argyll_runner: [argyll] Black patches = 4
2026-09-07 08:24:09,245 [DEBUG] core.argyll_runner: [argyll] Composite Grey steps = 30
2026-09-07 08:24:09,245 [DEBUG] core.argyll_runner: [argyll] Full spread patches = 525
2026-09-07 08:24:09,245 [DEBUG] core.argyll_runner: [argyll] Degree of adaptation: 0.100
2026-09-07 08:24:09,245 [DEBUG] core.argyll_runner: [argyll] Adaptation weights: Device = 0.935, Perceptual = 0.065, Curvature = 0.010
2026-09-07 08:24:09,246 [DEBUG] core.argyll_runner: [argyll] Perceptual cache resolution = 9
2026-09-07 08:24:09,246 [DEBUG] core.argyll_runner: [argyll] Seeding cache...done
2026-09-07 08:24:09,246 [DEBUG] core.argyll_runner: [argyll] Acceleration grid res = 9
2026-09-07 08:24:09,246 [DEBUG] core.argyll_runner: [argyll] 
2026-09-07 08:24:09,246 [DEBUG] core.argyll_runner: [argyll] There are 30 unique fixed points to add (36 total fixed points)
2026-09-07 08:24:09,247 [DEBUG] core.argyll_runner: [argyll] There are 489 far spread points to add
2026-09-07 08:24:09,247 [DEBUG] core.argyll_runner: [argyll] 
2026-09-07 08:24:09,247 [DEBUG] core.argyll_runner: [argyll] Added 12/519
2026-09-07 08:24:09,247 [DEBUG] core.argyll_runner: [argyll] Added 23/519
2026-09-07 08:24:09,247 [DEBUG] core.argyll_runner: [argyll] Added 34/519
2026-09-07 08:24:09,247 [DEBUG] core.argyll_runner: [argyll] Added 45/519
2026-09-07 08:24:09,248 [DEBUG] core.argyll_runner: [argyll] Added 56/519
2026-09-07 08:24:09,248 [DEBUG] core.argyll_runner: [argyll] Added 67/519
2026-09-07 08:24:09,249 [DEBUG] core.argyll_runner: [argyll] Added 78/519
2026-09-07 08:24:09,250 [DEBUG] core.argyll_runner: [argyll] Added 89/519
2026-09-07 08:24:09,250 [DEBUG] core.argyll_runner: [argyll] Added 100/519
2026-09-07 08:24:09,251 [DEBUG] core.argyll_runner: [argyll] Added 111/519
2026-09-07 08:24:09,252 [DEBUG] core.argyll_runner: [argyll] Added 122/519
2026-09-07 08:24:09,254 [DEBUG] core.argyll_runner: [argyll] Added 133/519
2026-09-07 08:24:09,255 [DEBUG] core.argyll_runner: [argyll] Added 144/519
2026-09-07 08:24:09,288 [DEBUG] core.argyll_runner: [argyll] 
2026-09-07 08:24:09,288 [DEBUG] core.argyll_runner: [argyll] Added 155/519
2026-09-07 08:24:09,289 [DEBUG] core.argyll_runner: [argyll] Added 166/519
2026-09-07 08:24:09,289 [DEBUG] core.argyll_runner: [argyll] Added 177/519
2026-09-07 08:24:09,289 [DEBUG] core.argyll_runner: [argyll] Added 188/519
2026-09-07 08:24:09,290 [DEBUG] core.argyll_runner: [argyll] Added 199/519
2026-09-07 08:24:09,290 [DEBUG] core.argyll_runner: [argyll] Added 210/519
2026-09-07 08:24:09,291 [DEBUG] core.argyll_runner: [argyll] Added 221/519
2026-09-07 08:24:09,292 [DEBUG] core.argyll_runner: [argyll] Added 232/519
2026-09-07 08:24:09,293 [DEBUG] core.argyll_runner: [argyll] Added 243/519
2026-09-07 08:24:09,294 [DEBUG] core.argyll_runner: [argyll] Added 254/519
2026-09-07 08:24:09,295 [DEBUG] core.argyll_runner: [argyll] Added 265/519
2026-09-07 08:24:09,297 [DEBUG] core.argyll_runner: [argyll] Added 276/519
2026-09-07 08:24:09,298 [DEBUG] core.argyll_runner: [argyll] Added 287/519
2026-09-07 08:24:09,300 [DEBUG] core.argyll_runner: [argyll] Added 298/519
2026-09-07 08:24:09,302 [DEBUG] core.argyll_runner: [argyll] Added 309/519
2026-09-07 08:24:09,304 [DEBUG] core.argyll_runner: [argyll] Added 320/519
2026-09-07 08:24:09,306 [DEBUG] core.argyll_runner: [argyll] Added 331/519
2026-09-07 08:24:09,308 [DEBUG] core.argyll_runner: [argyll] Added 342/519
2026-09-07 08:24:09,310 [DEBUG] core.argyll_runner: [argyll] Added 353/519
2026-09-07 08:24:09,312 [DEBUG] core.argyll_runner: [argyll] Added 364/519
2026-09-07 08:24:09,315 [DEBUG] core.argyll_runner: [argyll] Added 375/519
2026-09-07 08:24:09,318 [DEBUG] core.argyll_runner: [argyll] Added 386/519
2026-09-07 08:24:09,321 [DEBUG] core.argyll_runner: [argyll] Added 397/519
2026-09-07 08:24:09,323 [DEBUG] core.argyll_runner: [argyll] Added 408/519
2026-09-07 08:24:09,326 [DEBUG] core.argyll_runner: [argyll] Added 419/519
2026-09-07 08:24:09,330 [DEBUG] core.argyll_runner: [argyll] Added 430/519
2026-09-07 08:24:09,333 [DEBUG] core.argyll_runner: [argyll] Added 441/519
2026-09-07 08:24:09,336 [DEBUG] core.argyll_runner: [argyll] Added 452/519
2026-09-07 08:24:09,340 [DEBUG] core.argyll_runner: [argyll] Added 463/519
2026-09-07 08:24:09,344 [DEBUG] core.argyll_runner: [argyll] Added 474/519
2026-09-07 08:24:09,348 [DEBUG] core.argyll_runner: [argyll] Added 485/519
2026-09-07 08:24:09,352 [DEBUG] core.argyll_runner: [argyll] Added 496/519
2026-09-07 08:24:09,356 [DEBUG] core.argyll_runner: [argyll] Added 507/519
2026-09-07 08:24:09,360 [DEBUG] core.argyll_runner: [argyll] Added 518/519
2026-09-07 08:24:09,365 [DEBUG] core.argyll_runner: [argyll] Added 519/519
2026-09-07 08:24:10,212 [DEBUG] core.argyll_runner: [argyll] 
2026-09-07 08:24:10,213 [DEBUG] core.argyll_runner: [argyll] After seeding points: MinPoint = 4.448, Min = 4.322, Avg. = 10.848, Max = 14.666, 0.1 secs
2026-09-07 08:24:10,214 [DEBUG] core.argyll_runner: [argyll] Re-seeding
2026-09-07 08:24:10,214 [DEBUG] core.argyll_runner: [argyll] It 1: Maxmv = 0.103363, MinPoint = 3.460, Min = 4.005, Avg. = 10.861, Max = 14.358, 0.0 secs.
2026-09-07 08:24:10,214 [DEBUG] core.argyll_runner: [argyll] Re-seeding
2026-09-07 08:24:10,214 [DEBUG] core.argyll_runner: [argyll] It 2: Maxmv = 0.084402, MinPoint = 5.380, Min = 5.280, Avg. = 10.758, Max = 13.964, 0.0 secs.
2026-09-07 08:24:10,215 [DEBUG] core.argyll_runner: [argyll] Re-seeding
2026-09-07 08:24:10,215 [DEBUG] core.argyll_runner: [argyll] It 3: Maxmv = 0.076162, MinPoint = 5.428, Min = 5.280, Avg. = 10.700, Max = 13.835, 0.0 secs.
2026-09-07 08:24:10,215 [DEBUG] core.argyll_runner: [argyll] Re-seeding
2026-09-07 08:24:10,215 [DEBUG] core.argyll_runner: [argyll] It 4: Maxmv = 0.072726, MinPoint = 5.743, Min = 5.280, Avg. = 10.603, Max = 14.075, 0.0 secs.
2026-09-07 08:24:10,216 [DEBUG] core.argyll_runner: [argyll] Re-seeding
2026-09-07 08:24:10,216 [DEBUG] core.argyll_runner: [argyll] It 5: Maxmv = 0.068513, MinPoint = 5.743, Min = 5.280, Avg. = 10.535, Max = 13.679, 0.0 secs.
2026-09-07 08:24:10,216 [DEBUG] core.argyll_runner: [argyll] Re-seeding
2026-09-07 08:24:10,217 [DEBUG] core.argyll_runner: [argyll] It 6: Maxmv = 0.056321, MinPoint = 5.743, Min = 5.280, Avg. = 10.518, Max = 13.779, 0.0 secs.
2026-09-07 08:24:10,217 [DEBUG] core.argyll_runner: [argyll] Re-seeding
2026-09-07 08:24:10,217 [DEBUG] core.argyll_runner: [argyll] It 7: Maxmv = 0.059854, MinPoint = 5.743, Min = 5.280, Avg. = 10.461, Max = 13.725, 0.0 secs.
2026-09-07 08:24:10,217 [DEBUG] core.argyll_runner: [argyll] Re-seeding
2026-09-07 08:24:10,218 [DEBUG] core.argyll_runner: [argyll] It 8: Maxmv = 0.051345, MinPoint = 5.743, Min = 5.280, Avg. = 10.437, Max = 13.448, 0.0 secs.
2026-09-07 08:24:10,218 [DEBUG] core.argyll_runner: [argyll] Re-seeding
2026-09-07 08:24:10,218 [DEBUG] core.argyll_runner: [argyll] It 9: Maxmv = 0.040554, MinPoint = 5.743, Min = 5.280, Avg. = 10.411, Max = 13.065, 0.0 secs.
2026-09-07 08:24:10,218 [DEBUG] core.argyll_runner: [argyll] Re-seeding
2026-09-07 08:24:10,219 [DEBUG] core.argyll_runner: [argyll] It 10: Maxmv = 0.030994, MinPoint = 5.743, Min = 5.280, Avg. = 10.383, Max = 12.735, 0.0 secs.
2026-09-07 08:24:10,219 [DEBUG] core.argyll_runner: [argyll] Re-seeding
2026-09-07 08:24:10,219 [DEBUG] core.argyll_runner: [argyll] It 11: Maxmv = 0.032989, MinPoint = 5.743, Min = 5.280, Avg. = 10.373, Max = 12.994, 0.0 secs.
2026-09-07 08:24:10,219 [DEBUG] core.argyll_runner: [argyll] Re-seeding
2026-09-07 08:24:10,220 [DEBUG] core.argyll_runner: [argyll] It 12: Maxmv = 0.030487, MinPoint = 5.743, Min = 5.280, Avg. = 10.349, Max = 12.936, 0.0 secs.
2026-09-07 08:24:10,220 [DEBUG] core.argyll_runner: [argyll] Re-seeding
2026-09-07 08:24:10,220 [DEBUG] core.argyll_runner: [argyll] It 13: Maxmv = 0.021481, MinPoint = 5.743, Min = 5.280, Avg. = 10.346, Max = 12.600, 0.0 secs.
2026-09-07 08:24:10,220 [DEBUG] core.argyll_runner: [argyll] Re-seeding
2026-09-07 08:24:10,221 [DEBUG] core.argyll_runner: [argyll] It 14: Maxmv = 0.016377, MinPoint = 5.743, Min = 5.280, Avg. = 10.329, Max = 12.441, 0.0 secs.
2026-09-07 08:24:10,221 [DEBUG] core.argyll_runner: [argyll] Re-seeding
2026-09-07 08:24:10,221 [DEBUG] core.argyll_runner: [argyll] It 15: Maxmv = 0.013408, MinPoint = 5.743, Min = 5.280, Avg. = 10.331, Max = 12.462, 0.0 secs.
2026-09-07 08:24:10,221 [DEBUG] core.argyll_runner: [argyll] Re-seeding
2026-09-07 08:24:10,222 [DEBUG] core.argyll_runner: [argyll] It 16: Maxmv = 0.011614, MinPoint = 5.743, Min = 5.280, Avg. = 10.321, Max = 12.261, 0.0 secs.
2026-09-07 08:24:10,222 [DEBUG] core.argyll_runner: [argyll] Re-seeding
2026-09-07 08:24:10,222 [DEBUG] core.argyll_runner: [argyll] It 17: Maxmv = 0.006463, MinPoint = 5.743, Min = 5.280, Avg. = 10.321, Max = 12.391, 0.0 secs.
2026-09-07 08:24:10,222 [DEBUG] core.argyll_runner: [argyll] Re-seeding
2026-09-07 08:24:10,223 [DEBUG] core.argyll_runner: [argyll] It 18: Maxmv = 0.005609, MinPoint = 5.743, Min = 5.280, Avg. = 10.319, Max = 12.293, 0.0 secs.
2026-09-07 08:24:10,223 [DEBUG] core.argyll_runner: [argyll] Re-seeding
2026-09-07 08:24:10,223 [DEBUG] core.argyll_runner: [argyll] It 19: Maxmv = 0.001380, MinPoint = 5.743, Min = 5.280, Avg. = 10.320, Max = 12.323, 0.0 secs.
2026-09-07 08:24:10,223 [DEBUG] core.argyll_runner: [argyll] Re-seeding
2026-09-07 08:24:10,224 [DEBUG] core.argyll_runner: [argyll] It 20: Maxmv = 0.001368, MinPoint = 5.743, Min = 5.280, Avg. = 10.321, Max = 12.343, 0.0 secs.
2026-09-07 08:24:10,224 [DEBUG] core.argyll_runner: [argyll] After optimization: MinPoint = 5.743, Min = 5.280, Avg. = 10.321, Max = 12.343
2026-09-07 08:24:10,224 [DEBUG] core.argyll_runner: [argyll] Total number of patches = 525
2026-09-07 08:24:10,225 [DEBUG] core.argyll_runner: [argyll] Execution time = 0.977114 seconds
2026-09-07 08:24:10,225 [INFO] core.argyll_runner: ArgyllRunner: finished with code 0
2026-09-07 08:24:10,624 [DEBUG] workflow.chart_creator: Wrote channel sidecar A5-Furniture.channels.json: ['r', 'g', 'b']
2026-09-07 08:24:10,704 [DEBUG] ui.tiff_preview: TiffPreview: loaded 1 page(s)
2026-09-07 08:24:10,704 [INFO] ui.tabs.tab_chart: Preview loaded: 1 TIFF(s)
2026-09-07 08:24:10,748 [DEBUG] ui.tiff_preview: TiffPreview: loaded 1 page(s)
2026-09-07 08:24:10,751 [DEBUG] ui.tiff_preview: TiffPreview: loaded 1 page(s)
2026-09-07 08:24:12,480 [INFO] assess:   shot Screenshots/A12-exports/s02-seed-12345-b-preview.png  (2232x1136)
2026-09-07 08:24:12,482 [INFO] assess:   json Test Runs/logs/d04_results.json
2026-09-07 08:24:12,482 [INFO] assess:     est=(525, 25, 21) act=(525, 25, 21) margins=mm | inch | min | Left (to first patch) | 26.0 | 1.023 | 26.0 | Right (to first patch) | 9.1 | 0.358 | 9.0 | Top (to first patch) | 39.0 | 1.537 | 38. notes='' files=['A5-Furniture.channels.json', 'A5-Furniture.ti1', 'A5-Furniture.ti2', 'A5-Furniture.tif', 'meta.json']
2026-09-07 08:24:12,482 [INFO] assess:     seed reproducibility: identical bodies=True  seed shown=12345
2026-09-07 08:24:12,541 [DEBUG] core.settings: settings.set helper_markers_show = False
2026-09-07 08:24:12,541 [DEBUG] core.settings: settings.set helper_marker_edge_mm = 2.0
2026-09-07 08:24:12,541 [DEBUG] core.settings: settings.set helper_marker_len_mm = 2.0
2026-09-07 08:24:12,541 [DEBUG] core.settings: settings.set helper_marker_per_patch = 3
2026-09-07 08:24:12,541 [DEBUG] core.settings: settings.set helper_markers_top_bottom = True
2026-09-07 08:24:12,541 [DEBUG] core.settings: settings.set helper_markers_sides = True
2026-09-07 08:24:15,511 [INFO] assess: --- a00-auto-baseline: baseline before auto-update
2026-09-07 08:24:18,609 [INFO] assess:   armed: dialog ~'quite fill' -> click 'OK' 
2026-09-07 08:24:18,609 [INFO] assess:   armed: dialog ~'already' -> click 'Continue this project' 
2026-09-07 08:24:18,610 [INFO] ui.tabs.tab_chart: chart build (Generate Chart) in manual: patch set targen | manual panel: A4, 0x0 grid, margins T38.0 R9.0 B19.0 L26.0
2026-09-07 08:24:18,612 [DEBUG] core.settings: settings.set session_ti3_path = ''
2026-09-07 08:24:18,612 [DEBUG] core.settings: settings.set session_icc_path = ''
2026-09-07 08:24:18,612 [DEBUG] core.settings: settings.set session_cal_ti3_path = ''
2026-09-07 08:24:18,614 [DEBUG] core.file_manager: Target name set to: A5-Furniture (root /Users/Basti/ChromIQ-assessment/A5-Furniture)
2026-09-07 08:24:18,614 [INFO] core.file_manager: opened the EXISTING project at /Users/Basti/ChromIQ-assessment/A5-Furniture (1 run(s) on disk)
2026-09-07 08:24:18,664 [INFO] workflow.chart_creator: Chart generation: 525 patches, instrument=i1 paper=A4 disable_lb=True
2026-09-07 08:24:18,664 [INFO] workflow.chart_creator: targen args: ['-v', '-d2', '-f525', '-e4', '-B4', '-G', '-g30', 'A5-Furniture']
2026-09-07 08:24:18,664 [INFO] core.argyll_runner: Run: /Applications/Argyll/bin/targen -v -d2 -f525 -e4 -B4 -G -g30 A5-Furniture  [cwd=/Users/Basti/ChromIQ-assessment/A5-Furniture/runs/run1]
2026-09-07 08:24:18,732 [DEBUG] core.argyll_runner: [argyll] iRGB test chart
2026-09-07 08:24:18,732 [DEBUG] core.argyll_runner: [argyll] White patches = 4
2026-09-07 08:24:18,732 [DEBUG] core.argyll_runner: [argyll] Black patches = 4
2026-09-07 08:24:18,732 [DEBUG] core.argyll_runner: [argyll] Composite Grey steps = 30
2026-09-07 08:24:18,732 [DEBUG] core.argyll_runner: [argyll] Full spread patches = 525
2026-09-07 08:24:18,732 [DEBUG] core.argyll_runner: [argyll] Degree of adaptation: 0.100
2026-09-07 08:24:18,733 [DEBUG] core.argyll_runner: [argyll] Adaptation weights: Device = 0.935, Perceptual = 0.065, Curvature = 0.010
2026-09-07 08:24:18,733 [DEBUG] core.argyll_runner: [argyll] Perceptual cache resolution = 9
2026-09-07 08:24:18,733 [DEBUG] core.argyll_runner: [argyll] Seeding cache...done
2026-09-07 08:24:18,733 [DEBUG] core.argyll_runner: [argyll] Acceleration grid res = 9
2026-09-07 08:24:18,733 [DEBUG] core.argyll_runner: [argyll] 
2026-09-07 08:24:18,733 [DEBUG] core.argyll_runner: [argyll] There are 30 unique fixed points to add (36 total fixed points)
2026-09-07 08:24:18,734 [DEBUG] core.argyll_runner: [argyll] There are 489 far spread points to add
2026-09-07 08:24:18,734 [DEBUG] core.argyll_runner: [argyll] 
2026-09-07 08:24:18,734 [DEBUG] core.argyll_runner: [argyll] Added 12/519
2026-09-07 08:24:18,734 [DEBUG] core.argyll_runner: [argyll] Added 23/519
2026-09-07 08:24:18,734 [DEBUG] core.argyll_runner: [argyll] Added 34/519
2026-09-07 08:24:18,735 [DEBUG] core.argyll_runner: [argyll] Added 45/519
2026-09-07 08:24:18,735 [DEBUG] core.argyll_runner: [argyll] Added 56/519
2026-09-07 08:24:18,736 [DEBUG] core.argyll_runner: [argyll] Added 67/519
2026-09-07 08:24:18,768 [DEBUG] core.argyll_runner: [argyll] 
2026-09-07 08:24:18,768 [DEBUG] core.argyll_runner: [argyll] Added 78/519
2026-09-07 08:24:18,768 [DEBUG] core.argyll_runner: [argyll] Added 89/519
2026-09-07 08:24:18,768 [DEBUG] core.argyll_runner: [argyll] Added 100/519
2026-09-07 08:24:18,769 [DEBUG] core.argyll_runner: [argyll] Added 111/519
2026-09-07 08:24:18,769 [DEBUG] core.argyll_runner: [argyll] Added 122/519
2026-09-07 08:24:18,770 [DEBUG] core.argyll_runner: [argyll] Added 133/519
2026-09-07 08:24:18,771 [DEBUG] core.argyll_runner: [argyll] Added 144/519
2026-09-07 08:24:18,772 [DEBUG] core.argyll_runner: [argyll] Added 155/519
2026-09-07 08:24:18,773 [DEBUG] core.argyll_runner: [argyll] Added 166/519
2026-09-07 08:24:18,774 [DEBUG] core.argyll_runner: [argyll] Added 177/519
2026-09-07 08:24:18,775 [DEBUG] core.argyll_runner: [argyll] Added 188/519
2026-09-07 08:24:18,777 [DEBUG] core.argyll_runner: [argyll] Added 199/519
2026-09-07 08:24:18,778 [DEBUG] core.argyll_runner: [argyll] Added 210/519
2026-09-07 08:24:18,780 [DEBUG] core.argyll_runner: [argyll] Added 221/519
2026-09-07 08:24:18,782 [DEBUG] core.argyll_runner: [argyll] Added 232/519
2026-09-07 08:24:18,784 [DEBUG] core.argyll_runner: [argyll] Added 243/519
2026-09-07 08:24:18,786 [DEBUG] core.argyll_runner: [argyll] Added 254/519
2026-09-07 08:24:18,788 [DEBUG] core.argyll_runner: [argyll] Added 265/519
2026-09-07 08:24:18,790 [DEBUG] core.argyll_runner: [argyll] Added 276/519
2026-09-07 08:24:18,793 [DEBUG] core.argyll_runner: [argyll] Added 287/519
2026-09-07 08:24:18,795 [DEBUG] core.argyll_runner: [argyll] Added 298/519
2026-09-07 08:24:18,798 [DEBUG] core.argyll_runner: [argyll] Added 309/519
2026-09-07 08:24:18,801 [DEBUG] core.argyll_runner: [argyll] Added 320/519
2026-09-07 08:24:18,803 [DEBUG] core.argyll_runner: [argyll] Added 331/519
2026-09-07 08:24:18,807 [DEBUG] core.argyll_runner: [argyll] Added 342/519
2026-09-07 08:24:18,810 [DEBUG] core.argyll_runner: [argyll] Added 353/519
2026-09-07 08:24:18,813 [DEBUG] core.argyll_runner: [argyll] Added 364/519
2026-09-07 08:24:18,817 [DEBUG] core.argyll_runner: [argyll] Added 375/519
2026-09-07 08:24:18,820 [DEBUG] core.argyll_runner: [argyll] Added 386/519
2026-09-07 08:24:18,824 [DEBUG] core.argyll_runner: [argyll] Added 397/519
2026-09-07 08:24:18,828 [DEBUG] core.argyll_runner: [argyll] Added 408/519
2026-09-07 08:24:18,832 [DEBUG] core.argyll_runner: [argyll] Added 419/519
2026-09-07 08:24:18,836 [DEBUG] core.argyll_runner: [argyll] Added 430/519
2026-09-07 08:24:18,840 [DEBUG] core.argyll_runner: [argyll] Added 441/519
2026-09-07 08:24:18,845 [DEBUG] core.argyll_runner: [argyll] Added 452/519
2026-09-07 08:24:18,849 [DEBUG] core.argyll_runner: [argyll] Added 463/519
2026-09-07 08:24:18,854 [DEBUG] core.argyll_runner: [argyll] Added 474/519
2026-09-07 08:24:18,859 [DEBUG] core.argyll_runner: [argyll] Added 485/519
2026-09-07 08:24:18,864 [DEBUG] core.argyll_runner: [argyll] Added 496/519
2026-09-07 08:24:18,869 [DEBUG] core.argyll_runner: [argyll] Added 507/519
2026-09-07 08:24:18,874 [DEBUG] core.argyll_runner: [argyll] Added 518/519
2026-09-07 08:24:18,880 [DEBUG] core.argyll_runner: [argyll] Added 519/519
2026-09-07 08:24:19,684 [DEBUG] core.argyll_runner: [argyll] 
2026-09-07 08:24:19,686 [DEBUG] core.argyll_runner: [argyll] After seeding points: MinPoint = 4.448, Min = 4.322, Avg. = 10.848, Max = 14.666, 0.1 secs
2026-09-07 08:24:19,686 [DEBUG] core.argyll_runner: [argyll] Re-seeding
2026-09-07 08:24:19,686 [DEBUG] core.argyll_runner: [argyll] It 1: Maxmv = 0.103363, MinPoint = 3.460, Min = 4.005, Avg. = 10.861, Max = 14.358, 0.0 secs.
2026-09-07 08:24:19,687 [DEBUG] core.argyll_runner: [argyll] Re-seeding
2026-09-07 08:24:19,687 [DEBUG] core.argyll_runner: [argyll] It 2: Maxmv = 0.084402, MinPoint = 5.380, Min = 5.280, Avg. = 10.758, Max = 13.964, 0.0 secs.
2026-09-07 08:24:19,687 [DEBUG] core.argyll_runner: [argyll] Re-seeding
2026-09-07 08:24:19,687 [DEBUG] core.argyll_runner: [argyll] It 3: Maxmv = 0.076162, MinPoint = 5.428, Min = 5.280, Avg. = 10.700, Max = 13.835, 0.0 secs.
2026-09-07 08:24:19,688 [DEBUG] core.argyll_runner: [argyll] Re-seeding
2026-09-07 08:24:19,688 [DEBUG] core.argyll_runner: [argyll] It 4: Maxmv = 0.072726, MinPoint = 5.743, Min = 5.280, Avg. = 10.603, Max = 14.075, 0.0 secs.
2026-09-07 08:24:19,688 [DEBUG] core.argyll_runner: [argyll] Re-seeding
2026-09-07 08:24:19,688 [DEBUG] core.argyll_runner: [argyll] It 5: Maxmv = 0.068513, MinPoint = 5.743, Min = 5.280, Avg. = 10.535, Max = 13.679, 0.0 secs.
2026-09-07 08:24:19,689 [DEBUG] core.argyll_runner: [argyll] Re-seeding
2026-09-07 08:24:19,689 [DEBUG] core.argyll_runner: [argyll] It 6: Maxmv = 0.056321, MinPoint = 5.743, Min = 5.280, Avg. = 10.518, Max = 13.779, 0.0 secs.
2026-09-07 08:24:19,689 [DEBUG] core.argyll_runner: [argyll] Re-seeding
2026-09-07 08:24:19,689 [DEBUG] core.argyll_runner: [argyll] It 7: Maxmv = 0.059854, MinPoint = 5.743, Min = 5.280, Avg. = 10.461, Max = 13.725, 0.0 secs.
2026-09-07 08:24:19,689 [DEBUG] core.argyll_runner: [argyll] Re-seeding
2026-09-07 08:24:19,690 [DEBUG] core.argyll_runner: [argyll] It 8: Maxmv = 0.051345, MinPoint = 5.743, Min = 5.280, Avg. = 10.437, Max = 13.448, 0.0 secs.
2026-09-07 08:24:19,690 [DEBUG] core.argyll_runner: [argyll] Re-seeding
2026-09-07 08:24:19,690 [DEBUG] core.argyll_runner: [argyll] It 9: Maxmv = 0.040554, MinPoint = 5.743, Min = 5.280, Avg. = 10.411, Max = 13.065, 0.0 secs.
2026-09-07 08:24:19,690 [DEBUG] core.argyll_runner: [argyll] Re-seeding
2026-09-07 08:24:19,691 [DEBUG] core.argyll_runner: [argyll] It 10: Maxmv = 0.030994, MinPoint = 5.743, Min = 5.280, Avg. = 10.383, Max = 12.735, 0.0 secs.
2026-09-07 08:24:19,691 [DEBUG] core.argyll_runner: [argyll] Re-seeding
2026-09-07 08:24:19,691 [DEBUG] core.argyll_runner: [argyll] It 11: Maxmv = 0.032989, MinPoint = 5.743, Min = 5.280, Avg. = 10.373, Max = 12.994, 0.0 secs.
2026-09-07 08:24:19,691 [DEBUG] core.argyll_runner: [argyll] Re-seeding
2026-09-07 08:24:19,691 [DEBUG] core.argyll_runner: [argyll] It 12: Maxmv = 0.030487, MinPoint = 5.743, Min = 5.280, Avg. = 10.349, Max = 12.936, 0.0 secs.
2026-09-07 08:24:19,692 [DEBUG] core.argyll_runner: [argyll] Re-seeding
2026-09-07 08:24:19,692 [DEBUG] core.argyll_runner: [argyll] It 13: Maxmv = 0.021481, MinPoint = 5.743, Min = 5.280, Avg. = 10.346, Max = 12.600, 0.0 secs.
2026-09-07 08:24:19,692 [DEBUG] core.argyll_runner: [argyll] Re-seeding
2026-09-07 08:24:19,692 [DEBUG] core.argyll_runner: [argyll] It 14: Maxmv = 0.016377, MinPoint = 5.743, Min = 5.280, Avg. = 10.329, Max = 12.441, 0.0 secs.
2026-09-07 08:24:19,693 [DEBUG] core.argyll_runner: [argyll] Re-seeding
2026-09-07 08:24:19,693 [DEBUG] core.argyll_runner: [argyll] It 15: Maxmv = 0.013408, MinPoint = 5.743, Min = 5.280, Avg. = 10.331, Max = 12.462, 0.0 secs.
2026-09-07 08:24:19,693 [DEBUG] core.argyll_runner: [argyll] Re-seeding
2026-09-07 08:24:19,693 [DEBUG] core.argyll_runner: [argyll] It 16: Maxmv = 0.011614, MinPoint = 5.743, Min = 5.280, Avg. = 10.321, Max = 12.261, 0.0 secs.
2026-09-07 08:24:19,694 [DEBUG] core.argyll_runner: [argyll] Re-seeding
2026-09-07 08:24:19,694 [DEBUG] core.argyll_runner: [argyll] It 17: Maxmv = 0.006463, MinPoint = 5.743, Min = 5.280, Avg. = 10.321, Max = 12.391, 0.0 secs.
2026-09-07 08:24:19,694 [DEBUG] core.argyll_runner: [argyll] Re-seeding
2026-09-07 08:24:19,694 [DEBUG] core.argyll_runner: [argyll] It 18: Maxmv = 0.005609, MinPoint = 5.743, Min = 5.280, Avg. = 10.319, Max = 12.293, 0.0 secs.
2026-09-07 08:24:19,694 [DEBUG] core.argyll_runner: [argyll] Re-seeding
2026-09-07 08:24:19,695 [DEBUG] core.argyll_runner: [argyll] It 19: Maxmv = 0.001380, MinPoint = 5.743, Min = 5.280, Avg. = 10.320, Max = 12.323, 0.0 secs.
2026-09-07 08:24:19,695 [DEBUG] core.argyll_runner: [argyll] Re-seeding
2026-09-07 08:24:19,695 [DEBUG] core.argyll_runner: [argyll] It 20: Maxmv = 0.001368, MinPoint = 5.743, Min = 5.280, Avg. = 10.321, Max = 12.343, 0.0 secs.
2026-09-07 08:24:19,695 [DEBUG] core.argyll_runner: [argyll] After optimization: MinPoint = 5.743, Min = 5.280, Avg. = 10.321, Max = 12.343
2026-09-07 08:24:19,696 [DEBUG] core.argyll_runner: [argyll] Total number of patches = 525
2026-09-07 08:24:19,696 [DEBUG] core.argyll_runner: [argyll] Execution time = 0.973246 seconds
2026-09-07 08:24:19,709 [INFO] core.argyll_runner: ArgyllRunner: finished with code 0
2026-09-07 08:24:20,104 [DEBUG] workflow.chart_creator: Wrote channel sidecar A5-Furniture.channels.json: ['r', 'g', 'b']
2026-09-07 08:24:20,186 [DEBUG] ui.tiff_preview: TiffPreview: loaded 1 page(s)
2026-09-07 08:24:20,186 [INFO] ui.tabs.tab_chart: Preview loaded: 1 TIFF(s)
2026-09-07 08:24:20,231 [DEBUG] ui.tiff_preview: TiffPreview: loaded 1 page(s)
2026-09-07 08:24:20,233 [DEBUG] ui.tiff_preview: TiffPreview: loaded 1 page(s)
2026-09-07 08:24:20,239 [DEBUG] ui.tabs.tab_chart: create-chart settings written for run1 (40 parameters + ui state)
2026-09-07 08:24:21,967 [INFO] assess:   shot Screenshots/A7-auto-preview/a00-auto-baseline-preview.png  (2232x1136)
2026-09-07 08:24:21,969 [INFO] assess:   json Test Runs/logs/d04_results.json
2026-09-07 08:24:21,969 [INFO] assess:     est=(525, 25, 21) act=(525, 25, 21) margins=mm | inch | min | Left (to first patch) | 26.0 | 1.023 | 26.0 | Right (to first patch) | 9.1 | 0.358 | 9.0 | Top (to first patch) | 39.0 | 1.537 | 38. notes='' files=['A5-Furniture.channels.json', 'A5-Furniture.ti1', 'A5-Furniture.ti2', 'A5-Furniture.tif', 'meta.json']
2026-09-07 08:24:21,969 [INFO] assess: auto-update checkbox visible=True checked=False setting=False
2026-09-07 08:24:21,969 [DEBUG] core.settings: settings.set auto_update_preview = True
2026-09-07 08:24:21,992 [INFO] assess:   DIALOG UNEXPECTED [_InfoDialog] title='Auto-update preview is on' buttons=['Close'] text="Auto-update preview is on | From now on, the chart preview will refresh automatically whenever you change a layout setting — margins, patch size, columns, spacers, the clip border, and so on — once you've generated or loaded a chart.\n\nTo keep it quick, ChromIQ re-lays-out the patches already in your"
2026-09-07 08:24:22,005 [INFO] assess:     closed via clicked 'Close'
2026-09-07 08:24:22,161 [INFO] assess: after tick: setting=True
2026-09-07 08:24:22,161 [INFO] assess:   armed: dialog ~'quite fill' -> click 'OK' 
2026-09-07 08:24:22,241 [DEBUG] core.settings: settings.set helper_markers_show = False
2026-09-07 08:24:22,241 [DEBUG] core.settings: settings.set helper_marker_edge_mm = 2.0
2026-09-07 08:24:22,241 [DEBUG] core.settings: settings.set helper_marker_len_mm = 2.0
2026-09-07 08:24:22,241 [DEBUG] core.settings: settings.set helper_marker_per_patch = 3
2026-09-07 08:24:22,241 [DEBUG] core.settings: settings.set helper_markers_top_bottom = True
2026-09-07 08:24:22,241 [DEBUG] core.settings: settings.set helper_markers_sides = True
2026-09-07 08:24:22,452 [DEBUG] core.settings: settings.set helper_markers_show = False
2026-09-07 08:24:22,452 [DEBUG] core.settings: settings.set helper_marker_edge_mm = 2.0
2026-09-07 08:24:22,452 [DEBUG] core.settings: settings.set helper_marker_len_mm = 2.0
2026-09-07 08:24:22,452 [DEBUG] core.settings: settings.set helper_marker_per_patch = 3
2026-09-07 08:24:22,452 [DEBUG] core.settings: settings.set helper_markers_top_bottom = True
2026-09-07 08:24:22,452 [DEBUG] core.settings: settings.set helper_markers_sides = True
2026-09-07 08:24:22,907 [INFO] ui.tabs.tab_chart: chart build (live preview) in manual: patch set A5-Furniture.ti1 | manual panel: A4, 0x0 grid, margins T45.0 R9.0 B19.0 L26.0
2026-09-07 08:24:22,909 [DEBUG] core.settings: settings.set session_ti3_path = ''
2026-09-07 08:24:22,909 [DEBUG] core.settings: settings.set session_icc_path = ''
2026-09-07 08:24:22,909 [DEBUG] core.settings: settings.set session_cal_ti3_path = ''
2026-09-07 08:24:22,910 [DEBUG] core.file_manager: Target name set to: A5-Furniture (root /Users/Basti/ChromIQ-assessment/A5-Furniture)
2026-09-07 08:24:22,910 [INFO] core.file_manager: opened the EXISTING project at /Users/Basti/ChromIQ-assessment/A5-Furniture (1 run(s) on disk)
2026-09-07 08:24:23,316 [DEBUG] workflow.chart_creator: Wrote channel sidecar A5-Furniture.channels.json: ['r', 'g', 'b']
2026-09-07 08:24:23,470 [DEBUG] ui.tiff_preview: TiffPreview: loaded 2 page(s)
2026-09-07 08:24:23,470 [INFO] ui.tabs.tab_chart: Preview loaded: 2 TIFF(s)
2026-09-07 08:24:23,514 [DEBUG] ui.tiff_preview: TiffPreview: loaded 2 page(s)
2026-09-07 08:24:23,516 [DEBUG] ui.tiff_preview: TiffPreview: loaded 2 page(s)
2026-09-07 08:24:23,520 [DEBUG] ui.tabs.tab_chart: create-chart settings written for run1 (40 parameters + ui state)
2026-09-07 08:24:25,131 [INFO] assess: auto-update: fired=True after 1.37 s; build ok=True; files rewritten=['A5-Furniture.channels.json', 'A5-Furniture.ti1', 'A5-Furniture.ti2', 'A5-Furniture.tif', 'A5-Furniture_01.tif', 'A5-Furniture_02.tif', 'meta.json']; actual={'total': 540, 'fillup': 15, 'page_patches': 340, 'rows': 20, 'cols': 17, 'pages': 2, 'patch': (10.33, 10.67), 'pitch': None} est={'total': 340, 'fillup': 0, 'page_patches': 340, 'rows': 20, 'cols': 17, 'pages': 1, 'patch': (10.29, 10.6), 'pitch': None} log_tail=['[ChromIQ layout engine] 540 patches (20×10), 2 pages, random start 1725704721', '[ChromIQ layout engine] patch count: 525 designed + 15 paper-white fill-up patches completing the last strip = 540 total. Instruments read whole strips; the fill-up patches are measured like any others.', '[ChromIQ layout engine] note: low patch/spacer contrast in 1 strip']
2026-09-07 08:24:25,297 [INFO] assess:   shot Screenshots/A7-auto-preview/a01-after-auto-update.png  (3400x2100)
2026-09-07 08:24:25,298 [INFO] assess: auto-update on chart-notes edit: fired=True
2026-09-07 08:24:25,359 [DEBUG] core.settings: settings.set helper_markers_show = False
2026-09-07 08:24:25,359 [DEBUG] core.settings: settings.set helper_marker_edge_mm = 2.0
2026-09-07 08:24:25,359 [DEBUG] core.settings: settings.set helper_marker_len_mm = 2.0
2026-09-07 08:24:25,359 [DEBUG] core.settings: settings.set helper_marker_per_patch = 3
2026-09-07 08:24:25,359 [DEBUG] core.settings: settings.set helper_markers_top_bottom = True
2026-09-07 08:24:25,359 [DEBUG] core.settings: settings.set helper_markers_sides = True
2026-09-07 08:24:25,743 [DEBUG] core.settings: settings.set helper_markers_show = False
2026-09-07 08:24:25,743 [DEBUG] core.settings: settings.set helper_marker_edge_mm = 2.0
2026-09-07 08:24:25,743 [DEBUG] core.settings: settings.set helper_marker_len_mm = 2.0
2026-09-07 08:24:25,743 [DEBUG] core.settings: settings.set helper_marker_per_patch = 3
2026-09-07 08:24:25,743 [DEBUG] core.settings: settings.set helper_markers_top_bottom = True
2026-09-07 08:24:25,743 [DEBUG] core.settings: settings.set helper_markers_sides = True
2026-09-07 08:24:26,199 [INFO] ui.tabs.tab_chart: chart build (live preview) in manual: patch set A5-Furniture.ti1 | manual panel: A4, 0x0 grid, margins T45.0 R9.0 B19.0 L26.0
2026-09-07 08:24:26,202 [DEBUG] core.settings: settings.set session_ti3_path = ''
2026-09-07 08:24:26,202 [DEBUG] core.settings: settings.set session_icc_path = ''
2026-09-07 08:24:26,202 [DEBUG] core.settings: settings.set session_cal_ti3_path = ''
2026-09-07 08:24:26,203 [DEBUG] core.file_manager: Target name set to: A5-Furniture (root /Users/Basti/ChromIQ-assessment/A5-Furniture)
2026-09-07 08:24:26,203 [INFO] core.file_manager: opened the EXISTING project at /Users/Basti/ChromIQ-assessment/A5-Furniture (1 run(s) on disk)
2026-09-07 08:24:26,607 [DEBUG] workflow.chart_creator: Wrote channel sidecar A5-Furniture.channels.json: ['r', 'g', 'b']
2026-09-07 08:24:26,845 [DEBUG] ui.tiff_preview: TiffPreview: loaded 3 page(s)
2026-09-07 08:24:26,845 [INFO] ui.tabs.tab_chart: Preview loaded: 3 TIFF(s)
2026-09-07 08:24:26,891 [DEBUG] ui.tiff_preview: TiffPreview: loaded 3 page(s)
2026-09-07 08:24:26,893 [DEBUG] ui.tiff_preview: TiffPreview: loaded 3 page(s)
2026-09-07 08:24:26,898 [DEBUG] ui.tabs.tab_chart: create-chart settings written for run1 (40 parameters + ui state)
2026-09-07 08:24:30,027 [INFO] assess: two nudges 150 ms apart -> builds=0
2026-09-07 08:24:30,028 [DEBUG] core.settings: settings.set auto_update_preview = False
2026-09-07 08:24:30,186 [INFO] assess:   json Test Runs/logs/d04_results.json
2026-09-07 08:24:30,186 [INFO] assess: unexpected: [{'class': '_InfoDialog', 'title': 'Auto-update preview is on', 'text': "Auto-update preview is on | From now on, the chart preview will refresh automatically whenever you change a layout setting — margins, patch size, columns, spacers, the clip border, and so on — once you've generated or loaded a chart.\n\nTo keep it quick, ChromIQ re-lays-out the patches already in your chart; it does not pick new colours or re-run the patch generator. While this is on, the “there's a little room left on the last page” reminder is hidden so it doesn't interrupt you — you can still open the patch-set editor whenever you like to add or remove patches.\n\nTurn the option off any time t", 'buttons': ['Close'], 'answer': 'UNEXPECTED', 'closed_via': "clicked 'Close'"}] serious: []
2026-09-07 08:24:30,188 [DEBUG] core.settings: settings.set window_geometry = PyQt6.QtCore.QByteArray(b'\x01\xd9\xd0\xcb\x00\x03\x00\x00\x00\x00\x00\n\x00\x00\x00&\x00\x00\x06\xad\x00\x00\x04[\x00\x00\x00\n\x00\x00\x00B\x00\x00\x06\xad\x00\x00\x04[\x00\x00\x00\x00\x00\x00\x00\x00\x06\xc0\x00\x00\x00\n\x00\x00\x00B\x00\x00\x06\xad\x00\x00\x04[')
2026-09-07 08:24:30,188 [DEBUG] core.settings: settings.set window_maximized = False
2026-09-07 08:24:30,188 [DEBUG] core.settings: settings.set window_fullscreen = False
2026-09-07 08:24:30,409 [DEBUG] core.settings: settings.set active_tab = 0
2026-09-07 08:24:30,410 [DEBUG] core.settings: settings.set session_target_name = 'A5-Furniture'
2026-09-07 08:24:30,410 [DEBUG] core.settings: settings.set session_project_root = ''
2026-09-07 08:24:30,410 [INFO] core.argyll_runner: ArgyllRunner: cleanup complete
