2026-09-07 09:16:14,218 [WARNING] core.settings: Settings SANDBOXED to /Users/Basti/Desktop/Create Chart Assessment/Test Runs/sandbox/chromiq-assessment.ini (CHROMIQ_SETTINGS_FILE is set) — the real preferences are untouched
2026-09-07 09:16:14,218 [DEBUG] core.settings: Settings loaded from /Users/Basti/Desktop/Create Chart Assessment/Test Runs/sandbox/chromiq-assessment.ini
2026-09-07 09:16:14,218 [DEBUG] ui.theme: Appearance applied: setting=neutral mode=neutral
2026-09-07 09:16:14,218 [INFO] assess: app built: v4.2.0 appearance=neutral lang=en settings=/Users/Basti/Desktop/Create Chart Assessment/Test Runs/sandbox/chromiq-assessment.ini
2026-09-07 09:16:14,655 [DEBUG] ui.dialogs.layout_options_panel: layout panel set_recipe: spacer=colored/True gaps=0.0/0.0  [_refresh_manual_command_preview:5501  ←  _init_manual_layout_panel:5630  ←  _set_engine_recipe:17986]
2026-09-07 09:16:14,657 [DEBUG] core.settings: settings.set helper_markers_show = False
2026-09-07 09:16:14,657 [DEBUG] core.settings: settings.set helper_marker_edge_mm = 2.0
2026-09-07 09:16:14,657 [DEBUG] core.settings: settings.set helper_marker_len_mm = 2.0
2026-09-07 09:16:14,657 [DEBUG] core.settings: settings.set helper_marker_per_patch = 3
2026-09-07 09:16:14,657 [DEBUG] core.settings: settings.set helper_markers_top_bottom = True
2026-09-07 09:16:14,657 [DEBUG] core.settings: settings.set helper_markers_sides = True
2026-09-07 09:16:14,676 [DEBUG] core.settings: settings.set helper_markers_show = False
2026-09-07 09:16:14,677 [DEBUG] core.settings: settings.set helper_marker_edge_mm = 2.0
2026-09-07 09:16:14,677 [DEBUG] core.settings: settings.set helper_marker_len_mm = 2.0
2026-09-07 09:16:14,677 [DEBUG] core.settings: settings.set helper_marker_per_patch = 3
2026-09-07 09:16:14,677 [DEBUG] core.settings: settings.set helper_markers_top_bottom = True
2026-09-07 09:16:14,677 [DEBUG] core.settings: settings.set helper_markers_sides = True
2026-09-07 09:16:14,693 [DEBUG] core.settings: settings.set helper_markers_show = False
2026-09-07 09:16:14,693 [DEBUG] core.settings: settings.set helper_marker_edge_mm = 2.0
2026-09-07 09:16:14,693 [DEBUG] core.settings: settings.set helper_marker_len_mm = 2.0
2026-09-07 09:16:14,693 [DEBUG] core.settings: settings.set helper_marker_per_patch = 3
2026-09-07 09:16:14,693 [DEBUG] core.settings: settings.set helper_markers_top_bottom = True
2026-09-07 09:16:14,693 [DEBUG] core.settings: settings.set helper_markers_sides = True
2026-09-07 09:16:16,037 [INFO] ui.main_window: MainWindow initialised
2026-09-07 09:16:16,546 [INFO] ui.main_window: ---- Tab → 1. Create Chart ----
2026-09-07 09:16:16,560 [DEBUG] ui.theme: Appearance applied: setting=neutral mode=neutral
2026-09-07 09:16:16,702 [INFO] ui.main_window: ---- Tab → 1. Create Chart ----
2026-09-07 09:16:18,814 [DEBUG] core.settings: settings.set session_target_name = 'A10-Extremes'
2026-09-07 09:16:18,814 [DEBUG] core.settings: settings.set session_project_root = ''
2026-09-07 09:16:18,815 [DEBUG] core.file_manager: Target name set to: A10-Extremes (root /Users/Basti/ChromIQ-assessment/A10-Extremes)
2026-09-07 09:16:18,819 [INFO] core.file_manager: opened the EXISTING project at /Users/Basti/ChromIQ-assessment/A10-Extremes (1 run(s) on disk)
2026-09-07 09:16:18,831 [DEBUG] core.settings: settings.set use_chromiq_layout_engine = True
2026-09-07 09:16:18,832 [DEBUG] ui.dialogs.layout_options_panel: layout panel set_recipe: spacer=none/False gaps=0.0/0.0  [load_target_settings:14638  ←  _apply_ui_state:14991  ←  _set_engine_recipe:17986]
2026-09-07 09:16:18,833 [DEBUG] core.settings: settings.set helper_markers_show = True
2026-09-07 09:16:18,833 [DEBUG] core.settings: settings.set helper_marker_edge_mm = 2.0
2026-09-07 09:16:18,833 [DEBUG] core.settings: settings.set helper_marker_len_mm = 2.0
2026-09-07 09:16:18,833 [DEBUG] core.settings: settings.set helper_marker_per_patch = 3
2026-09-07 09:16:18,833 [DEBUG] core.settings: settings.set helper_markers_top_bottom = True
2026-09-07 09:16:18,833 [DEBUG] core.settings: settings.set helper_markers_sides = True
2026-09-07 09:16:18,862 [DEBUG] core.settings: settings.set helper_markers_show = True
2026-09-07 09:16:18,862 [DEBUG] core.settings: settings.set helper_marker_edge_mm = 2.0
2026-09-07 09:16:18,862 [DEBUG] core.settings: settings.set helper_marker_len_mm = 2.0
2026-09-07 09:16:18,862 [DEBUG] core.settings: settings.set helper_marker_per_patch = 3
2026-09-07 09:16:18,862 [DEBUG] core.settings: settings.set helper_markers_top_bottom = True
2026-09-07 09:16:18,862 [DEBUG] core.settings: settings.set helper_markers_sides = True
2026-09-07 09:16:18,864 [DEBUG] core.settings: settings.set helper_markers_show = True
2026-09-07 09:16:18,864 [DEBUG] core.settings: settings.set helper_marker_edge_mm = 2.0
2026-09-07 09:16:18,864 [DEBUG] core.settings: settings.set helper_marker_len_mm = 2.0
2026-09-07 09:16:18,864 [DEBUG] core.settings: settings.set helper_marker_per_patch = 3
2026-09-07 09:16:18,864 [DEBUG] core.settings: settings.set helper_markers_top_bottom = True
2026-09-07 09:16:18,864 [DEBUG] core.settings: settings.set helper_markers_sides = True
2026-09-07 09:16:18,893 [DEBUG] core.settings: settings.set use_chromiq_layout_engine = True
2026-09-07 09:16:18,893 [DEBUG] ui.dialogs.layout_options_panel: layout panel set_recipe: spacer=none/False gaps=0.0/0.0  [load_target_settings:14638  ←  _apply_ui_state:14991  ←  _set_engine_recipe:17986]
2026-09-07 09:16:18,898 [DEBUG] core.settings: settings.set helper_markers_show = True
2026-09-07 09:16:18,898 [DEBUG] core.settings: settings.set helper_marker_edge_mm = 2.0
2026-09-07 09:16:18,898 [DEBUG] core.settings: settings.set helper_marker_len_mm = 2.0
2026-09-07 09:16:18,898 [DEBUG] core.settings: settings.set helper_marker_per_patch = 3
2026-09-07 09:16:18,898 [DEBUG] core.settings: settings.set helper_markers_top_bottom = True
2026-09-07 09:16:18,898 [DEBUG] core.settings: settings.set helper_markers_sides = True
2026-09-07 09:16:18,900 [DEBUG] core.settings: settings.set helper_markers_show = True
2026-09-07 09:16:18,900 [DEBUG] core.settings: settings.set helper_marker_edge_mm = 2.0
2026-09-07 09:16:18,900 [DEBUG] core.settings: settings.set helper_marker_len_mm = 2.0
2026-09-07 09:16:18,900 [DEBUG] core.settings: settings.set helper_marker_per_patch = 3
2026-09-07 09:16:18,900 [DEBUG] core.settings: settings.set helper_markers_top_bottom = True
2026-09-07 09:16:18,900 [DEBUG] core.settings: settings.set helper_markers_sides = True
2026-09-07 09:16:18,912 [DEBUG] core.settings: settings.set use_chromiq_layout_engine = True
2026-09-07 09:16:18,913 [DEBUG] ui.dialogs.layout_options_panel: layout panel set_recipe: spacer=none/False gaps=0.0/0.0  [load_target_settings:14638  ←  _apply_ui_state:14991  ←  _set_engine_recipe:17986]
2026-09-07 09:16:18,917 [DEBUG] core.settings: settings.set helper_markers_show = True
2026-09-07 09:16:18,917 [DEBUG] core.settings: settings.set helper_marker_edge_mm = 2.0
2026-09-07 09:16:18,917 [DEBUG] core.settings: settings.set helper_marker_len_mm = 2.0
2026-09-07 09:16:18,917 [DEBUG] core.settings: settings.set helper_marker_per_patch = 3
2026-09-07 09:16:18,917 [DEBUG] core.settings: settings.set helper_markers_top_bottom = True
2026-09-07 09:16:18,917 [DEBUG] core.settings: settings.set helper_markers_sides = True
2026-09-07 09:16:18,919 [DEBUG] core.settings: settings.set helper_markers_show = True
2026-09-07 09:16:18,919 [DEBUG] core.settings: settings.set helper_marker_edge_mm = 2.0
2026-09-07 09:16:18,919 [DEBUG] core.settings: settings.set helper_marker_len_mm = 2.0
2026-09-07 09:16:18,919 [DEBUG] core.settings: settings.set helper_marker_per_patch = 3
2026-09-07 09:16:18,919 [DEBUG] core.settings: settings.set helper_markers_top_bottom = True
2026-09-07 09:16:18,919 [DEBUG] core.settings: settings.set helper_markers_sides = True
2026-09-07 09:16:18,929 [DEBUG] core.settings: settings.set use_chromiq_layout_engine = True
2026-09-07 09:16:18,929 [DEBUG] ui.dialogs.layout_options_panel: layout panel set_recipe: spacer=none/False gaps=0.0/0.0  [load_target_settings:14638  ←  _apply_ui_state:14991  ←  _set_engine_recipe:17986]
2026-09-07 09:16:18,933 [DEBUG] core.settings: settings.set helper_markers_show = True
2026-09-07 09:16:18,933 [DEBUG] core.settings: settings.set helper_marker_edge_mm = 2.0
2026-09-07 09:16:18,933 [DEBUG] core.settings: settings.set helper_marker_len_mm = 2.0
2026-09-07 09:16:18,933 [DEBUG] core.settings: settings.set helper_marker_per_patch = 3
2026-09-07 09:16:18,933 [DEBUG] core.settings: settings.set helper_markers_top_bottom = True
2026-09-07 09:16:18,933 [DEBUG] core.settings: settings.set helper_markers_sides = True
2026-09-07 09:16:18,935 [DEBUG] core.settings: settings.set helper_markers_show = True
2026-09-07 09:16:18,935 [DEBUG] core.settings: settings.set helper_marker_edge_mm = 2.0
2026-09-07 09:16:18,935 [DEBUG] core.settings: settings.set helper_marker_len_mm = 2.0
2026-09-07 09:16:18,935 [DEBUG] core.settings: settings.set helper_marker_per_patch = 3
2026-09-07 09:16:18,935 [DEBUG] core.settings: settings.set helper_markers_top_bottom = True
2026-09-07 09:16:18,935 [DEBUG] core.settings: settings.set helper_markers_sides = True
2026-09-07 09:16:18,961 [DEBUG] ui.tiff_preview: TiffPreview: loaded 36 page(s)
2026-09-07 09:16:19,006 [DEBUG] ui.dialogs.layout_options_panel: layout panel set_recipe: spacer=none/False gaps=0.0/0.0  [_display_run_chart:6588  ←  _restore_chart_settings:11047  ←  _set_engine_recipe:17986]
2026-09-07 09:16:19,012 [DEBUG] core.settings: settings.set helper_markers_show = True
2026-09-07 09:16:19,012 [DEBUG] core.settings: settings.set helper_marker_edge_mm = 2.0
2026-09-07 09:16:19,012 [DEBUG] core.settings: settings.set helper_marker_len_mm = 2.0
2026-09-07 09:16:19,012 [DEBUG] core.settings: settings.set helper_marker_per_patch = 3
2026-09-07 09:16:19,012 [DEBUG] core.settings: settings.set helper_markers_top_bottom = True
2026-09-07 09:16:19,012 [DEBUG] core.settings: settings.set helper_markers_sides = True
2026-09-07 09:16:19,020 [DEBUG] core.settings: settings.set helper_markers_show = True
2026-09-07 09:16:19,021 [DEBUG] core.settings: settings.set helper_marker_edge_mm = 2.0
2026-09-07 09:16:19,021 [DEBUG] core.settings: settings.set helper_marker_len_mm = 2.0
2026-09-07 09:16:19,021 [DEBUG] core.settings: settings.set helper_marker_per_patch = 3
2026-09-07 09:16:19,021 [DEBUG] core.settings: settings.set helper_markers_top_bottom = True
2026-09-07 09:16:19,021 [DEBUG] core.settings: settings.set helper_markers_sides = True
2026-09-07 09:16:19,040 [INFO] ui.tabs.tab_chart: chart loaded: 36 page(s) counted from the page images (field was 20, now 36)
2026-09-07 09:16:19,051 [DEBUG] ui.tiff_preview: TiffPreview: loaded 36 page(s)
2026-09-07 09:16:19,077 [DEBUG] ui.tiff_preview: TiffPreview: loaded 36 page(s)
2026-09-07 09:16:19,114 [DEBUG] ui.tabs.tab_chart: the chart sidecar moved 1 parameters and 2 ui values away from the target's own
2026-09-07 09:16:19,139 [DEBUG] ui.tiff_preview: TiffPreview: loaded 36 page(s)
2026-09-07 09:16:19,185 [DEBUG] ui.tiff_preview: TiffPreview: loaded 36 page(s)
2026-09-07 09:16:19,185 [INFO] ui.main_window: Session restored: target=A10-Extremes run=run1
2026-09-07 09:16:20,398 [INFO] assess: open_project('A10-Extremes') -> run bar reads 'Run 1 (overwrite)' ok=True
2026-09-07 09:16:23,133 [DEBUG] core.settings: settings.set helper_markers_show = True
2026-09-07 09:16:23,133 [DEBUG] core.settings: settings.set helper_marker_edge_mm = 2.0
2026-09-07 09:16:23,133 [DEBUG] core.settings: settings.set helper_marker_len_mm = 2.0
2026-09-07 09:16:23,133 [DEBUG] core.settings: settings.set helper_marker_per_patch = 3
2026-09-07 09:16:23,133 [DEBUG] core.settings: settings.set helper_markers_top_bottom = True
2026-09-07 09:16:23,133 [DEBUG] core.settings: settings.set helper_markers_sides = True
2026-09-07 09:16:23,367 [DEBUG] core.settings: settings.set helper_markers_show = True
2026-09-07 09:16:23,367 [DEBUG] core.settings: settings.set helper_marker_edge_mm = 2.0
2026-09-07 09:16:23,367 [DEBUG] core.settings: settings.set helper_marker_len_mm = 2.0
2026-09-07 09:16:23,367 [DEBUG] core.settings: settings.set helper_marker_per_patch = 3
2026-09-07 09:16:23,367 [DEBUG] core.settings: settings.set helper_markers_top_bottom = True
2026-09-07 09:16:23,367 [DEBUG] core.settings: settings.set helper_markers_sides = True
2026-09-07 09:16:23,592 [DEBUG] core.settings: settings.set helper_markers_show = True
2026-09-07 09:16:23,592 [DEBUG] core.settings: settings.set helper_marker_edge_mm = 2.0
2026-09-07 09:16:23,592 [DEBUG] core.settings: settings.set helper_marker_len_mm = 2.0
2026-09-07 09:16:23,592 [DEBUG] core.settings: settings.set helper_marker_per_patch = 3
2026-09-07 09:16:23,592 [DEBUG] core.settings: settings.set helper_markers_top_bottom = True
2026-09-07 09:16:23,592 [DEBUG] core.settings: settings.set helper_markers_sides = True
2026-09-07 09:16:23,780 [DEBUG] core.settings: settings.set helper_markers_show = True
2026-09-07 09:16:23,781 [DEBUG] core.settings: settings.set helper_marker_edge_mm = 2.0
2026-09-07 09:16:23,781 [DEBUG] core.settings: settings.set helper_marker_len_mm = 2.0
2026-09-07 09:16:23,781 [DEBUG] core.settings: settings.set helper_marker_per_patch = 3
2026-09-07 09:16:23,781 [DEBUG] core.settings: settings.set helper_markers_top_bottom = True
2026-09-07 09:16:23,781 [DEBUG] core.settings: settings.set helper_markers_sides = True
2026-09-07 09:16:23,951 [DEBUG] core.settings: settings.set helper_markers_show = True
2026-09-07 09:16:23,951 [DEBUG] core.settings: settings.set helper_marker_edge_mm = 2.0
2026-09-07 09:16:23,951 [DEBUG] core.settings: settings.set helper_marker_len_mm = 2.0
2026-09-07 09:16:23,951 [DEBUG] core.settings: settings.set helper_marker_per_patch = 3
2026-09-07 09:16:23,951 [DEBUG] core.settings: settings.set helper_markers_top_bottom = True
2026-09-07 09:16:23,951 [DEBUG] core.settings: settings.set helper_markers_sides = True
2026-09-07 09:16:24,116 [DEBUG] core.settings: settings.set helper_markers_show = True
2026-09-07 09:16:24,116 [DEBUG] core.settings: settings.set helper_marker_edge_mm = 2.0
2026-09-07 09:16:24,116 [DEBUG] core.settings: settings.set helper_marker_len_mm = 2.0
2026-09-07 09:16:24,116 [DEBUG] core.settings: settings.set helper_marker_per_patch = 3
2026-09-07 09:16:24,116 [DEBUG] core.settings: settings.set helper_markers_top_bottom = True
2026-09-07 09:16:24,116 [DEBUG] core.settings: settings.set helper_markers_sides = True
2026-09-07 09:16:24,327 [DEBUG] core.settings: settings.set helper_markers_show = True
2026-09-07 09:16:24,327 [DEBUG] core.settings: settings.set helper_marker_edge_mm = 2.0
2026-09-07 09:16:24,327 [DEBUG] core.settings: settings.set helper_marker_len_mm = 2.0
2026-09-07 09:16:24,327 [DEBUG] core.settings: settings.set helper_marker_per_patch = 3
2026-09-07 09:16:24,327 [DEBUG] core.settings: settings.set helper_markers_top_bottom = True
2026-09-07 09:16:24,327 [DEBUG] core.settings: settings.set helper_markers_sides = True
2026-09-07 09:16:24,491 [DEBUG] core.settings: settings.set helper_markers_show = True
2026-09-07 09:16:24,491 [DEBUG] core.settings: settings.set helper_marker_edge_mm = 2.0
2026-09-07 09:16:24,491 [DEBUG] core.settings: settings.set helper_marker_len_mm = 2.0
2026-09-07 09:16:24,491 [DEBUG] core.settings: settings.set helper_marker_per_patch = 3
2026-09-07 09:16:24,491 [DEBUG] core.settings: settings.set helper_markers_top_bottom = True
2026-09-07 09:16:24,491 [DEBUG] core.settings: settings.set helper_markers_sides = True
2026-09-07 09:16:25,233 [INFO] assess:   armed: dialog ~'quite fill' -> click 'OK' 
2026-09-07 09:16:25,233 [INFO] assess:   armed: dialog ~'already' -> click 'Continue this project' 
2026-09-07 09:16:25,234 [INFO] ui.tabs.tab_chart: chart build (Generate Chart) in manual: patch set targen | manual panel: 20x20, 0x0 grid, margins T6.0 R6.0 B6.0 L26.0
2026-09-07 09:16:25,240 [DEBUG] core.settings: settings.set session_ti3_path = ''
2026-09-07 09:16:25,240 [DEBUG] core.settings: settings.set session_icc_path = ''
2026-09-07 09:16:25,240 [DEBUG] core.settings: settings.set session_cal_ti3_path = ''
2026-09-07 09:16:25,241 [DEBUG] core.file_manager: Target name set to: A10-Extremes (root /Users/Basti/ChromIQ-assessment/A10-Extremes)
2026-09-07 09:16:25,242 [INFO] core.file_manager: opened the EXISTING project at /Users/Basti/ChromIQ-assessment/A10-Extremes (1 run(s) on disk)
2026-09-07 09:16:25,262 [WARNING] workflow.chart_creator: engine patch estimate failed: paper too short: a single pass of patches does not fit (8.0 mm available)
2026-09-07 09:16:27,231 [WARNING] workflow.chart_creator: _binary_search found no valid capacity in [200, 1000]; falling back to scaled estimate 400
2026-09-07 09:16:27,234 [INFO] workflow.chart_creator: Chart generation: 400 patches, instrument=i1 paper=20x20 disable_lb=True
2026-09-07 09:16:27,234 [INFO] workflow.chart_creator: targen args: ['-v', '-d2', '-f400', '-e3', '-B3', '-G', '-g23', 'A10-Extremes']
2026-09-07 09:16:27,235 [INFO] core.argyll_runner: Run: /Applications/Argyll/bin/targen -v -d2 -f400 -e3 -B3 -G -g23 A10-Extremes  [cwd=/Users/Basti/ChromIQ-assessment/A10-Extremes/runs/run1]
2026-09-07 09:16:27,297 [DEBUG] core.argyll_runner: [argyll] iRGB test chart
2026-09-07 09:16:27,297 [DEBUG] core.argyll_runner: [argyll] White patches = 3
2026-09-07 09:16:27,297 [DEBUG] core.argyll_runner: [argyll] Black patches = 3
2026-09-07 09:16:27,297 [DEBUG] core.argyll_runner: [argyll] Composite Grey steps = 23
2026-09-07 09:16:27,298 [DEBUG] core.argyll_runner: [argyll] Full spread patches = 400
2026-09-07 09:16:27,298 [DEBUG] core.argyll_runner: [argyll] Degree of adaptation: 0.100
2026-09-07 09:16:27,298 [DEBUG] core.argyll_runner: [argyll] Adaptation weights: Device = 0.935, Perceptual = 0.065, Curvature = 0.010
2026-09-07 09:16:27,298 [DEBUG] core.argyll_runner: [argyll] Perceptual cache resolution = 9
2026-09-07 09:16:27,298 [DEBUG] core.argyll_runner: [argyll] Seeding cache...done
2026-09-07 09:16:27,298 [DEBUG] core.argyll_runner: [argyll] Acceleration grid res = 8
2026-09-07 09:16:27,299 [DEBUG] core.argyll_runner: [argyll] 
2026-09-07 09:16:27,299 [DEBUG] core.argyll_runner: [argyll] There are 23 unique fixed points to add (27 total fixed points)
2026-09-07 09:16:27,299 [DEBUG] core.argyll_runner: [argyll] There are 373 far spread points to add
2026-09-07 09:16:27,299 [DEBUG] core.argyll_runner: [argyll] 
2026-09-07 09:16:27,299 [DEBUG] core.argyll_runner: [argyll] Added 12/396
2026-09-07 09:16:27,299 [DEBUG] core.argyll_runner: [argyll] Added 23/396
2026-09-07 09:16:27,299 [DEBUG] core.argyll_runner: [argyll] Added 34/396
2026-09-07 09:16:27,299 [DEBUG] core.argyll_runner: [argyll] Added 45/396
2026-09-07 09:16:27,300 [DEBUG] core.argyll_runner: [argyll] Added 56/396
2026-09-07 09:16:27,300 [DEBUG] core.argyll_runner: [argyll] Added 67/396
2026-09-07 09:16:27,300 [DEBUG] core.argyll_runner: [argyll] Added 78/396
2026-09-07 09:16:27,300 [DEBUG] core.argyll_runner: [argyll] Added 89/396
2026-09-07 09:16:27,300 [DEBUG] core.argyll_runner: [argyll] Added 100/396
2026-09-07 09:16:27,300 [DEBUG] core.argyll_runner: [argyll] Added 111/396
2026-09-07 09:16:27,300 [DEBUG] core.argyll_runner: [argyll] Added 122/396
2026-09-07 09:16:27,300 [DEBUG] core.argyll_runner: [argyll] Added 133/396
2026-09-07 09:16:27,300 [DEBUG] core.argyll_runner: [argyll] Added 144/396
2026-09-07 09:16:27,300 [DEBUG] core.argyll_runner: [argyll] Added 155/396
2026-09-07 09:16:27,327 [DEBUG] core.argyll_runner: [argyll] 
2026-09-07 09:16:27,328 [DEBUG] core.argyll_runner: [argyll] Added 166/396
2026-09-07 09:16:27,328 [DEBUG] core.argyll_runner: [argyll] Added 177/396
2026-09-07 09:16:27,328 [DEBUG] core.argyll_runner: [argyll] Added 188/396
2026-09-07 09:16:27,328 [DEBUG] core.argyll_runner: [argyll] Added 199/396
2026-09-07 09:16:27,328 [DEBUG] core.argyll_runner: [argyll] Added 210/396
2026-09-07 09:16:27,328 [DEBUG] core.argyll_runner: [argyll] Added 221/396
2026-09-07 09:16:27,328 [DEBUG] core.argyll_runner: [argyll] Added 232/396
2026-09-07 09:16:27,328 [DEBUG] core.argyll_runner: [argyll] Added 243/396
2026-09-07 09:16:27,328 [DEBUG] core.argyll_runner: [argyll] Added 254/396
2026-09-07 09:16:27,328 [DEBUG] core.argyll_runner: [argyll] Added 265/396
2026-09-07 09:16:27,328 [DEBUG] core.argyll_runner: [argyll] Added 276/396
2026-09-07 09:16:27,329 [DEBUG] core.argyll_runner: [argyll] Added 287/396
2026-09-07 09:16:27,329 [DEBUG] core.argyll_runner: [argyll] Added 298/396
2026-09-07 09:16:27,329 [DEBUG] core.argyll_runner: [argyll] Added 309/396
2026-09-07 09:16:27,329 [DEBUG] core.argyll_runner: [argyll] Added 320/396
2026-09-07 09:16:27,329 [DEBUG] core.argyll_runner: [argyll] Added 331/396
2026-09-07 09:16:27,329 [DEBUG] core.argyll_runner: [argyll] Added 342/396
2026-09-07 09:16:27,329 [DEBUG] core.argyll_runner: [argyll] Added 353/396
2026-09-07 09:16:27,329 [DEBUG] core.argyll_runner: [argyll] Added 364/396
2026-09-07 09:16:27,329 [DEBUG] core.argyll_runner: [argyll] Added 375/396
2026-09-07 09:16:27,329 [DEBUG] core.argyll_runner: [argyll] Added 386/396
2026-09-07 09:16:27,330 [DEBUG] core.argyll_runner: [argyll] Added 396/396
2026-09-07 09:16:27,974 [DEBUG] core.argyll_runner: [argyll] 
2026-09-07 09:16:27,974 [DEBUG] core.argyll_runner: [argyll] After seeding points: MinPoint = 5.993, Min = 4.800, Avg. = 11.935, Max = 15.686, 0.0 secs
2026-09-07 09:16:27,974 [DEBUG] core.argyll_runner: [argyll] Re-seeding
2026-09-07 09:16:27,975 [DEBUG] core.argyll_runner: [argyll] It 1: Maxmv = 0.100761, MinPoint = 3.268, Min = 3.715, Avg. = 11.873, Max = 15.971, 0.0 secs.
2026-09-07 09:16:27,975 [DEBUG] core.argyll_runner: [argyll] Re-seeding
2026-09-07 09:16:27,975 [DEBUG] core.argyll_runner: [argyll] It 2: Maxmv = 0.102174, MinPoint = 4.726, Min = 5.929, Avg. = 11.823, Max = 15.050, 0.0 secs.
2026-09-07 09:16:27,975 [DEBUG] core.argyll_runner: [argyll] Re-seeding
2026-09-07 09:16:27,976 [DEBUG] core.argyll_runner: [argyll] It 3: Maxmv = 0.084379, MinPoint = 5.717, Min = 5.494, Avg. = 11.784, Max = 15.467, 0.0 secs.
2026-09-07 09:16:27,976 [DEBUG] core.argyll_runner: [argyll] Re-seeding
2026-09-07 09:16:27,976 [DEBUG] core.argyll_runner: [argyll] It 4: Maxmv = 0.076331, MinPoint = 6.700, Min = 6.852, Avg. = 11.689, Max = 14.503, 0.0 secs.
2026-09-07 09:16:27,976 [DEBUG] core.argyll_runner: [argyll] Re-seeding
2026-09-07 09:16:27,976 [DEBUG] core.argyll_runner: [argyll] It 5: Maxmv = 0.065671, MinPoint = 7.570, Min = 6.319, Avg. = 11.672, Max = 15.483, 0.0 secs.
2026-09-07 09:16:27,977 [DEBUG] core.argyll_runner: [argyll] Re-seeding
2026-09-07 09:16:27,977 [DEBUG] core.argyll_runner: [argyll] It 6: Maxmv = 0.055767, MinPoint = 7.570, Min = 5.746, Avg. = 11.629, Max = 15.267, 0.0 secs.
2026-09-07 09:16:27,977 [DEBUG] core.argyll_runner: [argyll] Re-seeding
2026-09-07 09:16:27,977 [DEBUG] core.argyll_runner: [argyll] It 7: Maxmv = 0.061237, MinPoint = 7.570, Min = 6.960, Avg. = 11.577, Max = 14.788, 0.0 secs.
2026-09-07 09:16:27,978 [DEBUG] core.argyll_runner: [argyll] Re-seeding
2026-09-07 09:16:27,978 [DEBUG] core.argyll_runner: [argyll] It 8: Maxmv = 0.060963, MinPoint = 7.570, Min = 6.960, Avg. = 11.541, Max = 14.174, 0.0 secs.
2026-09-07 09:16:27,978 [DEBUG] core.argyll_runner: [argyll] Re-seeding
2026-09-07 09:16:27,978 [DEBUG] core.argyll_runner: [argyll] It 9: Maxmv = 0.046047, MinPoint = 7.570, Min = 6.960, Avg. = 11.492, Max = 14.168, 0.0 secs.
2026-09-07 09:16:27,978 [DEBUG] core.argyll_runner: [argyll] Re-seeding
2026-09-07 09:16:27,979 [DEBUG] core.argyll_runner: [argyll] It 10: Maxmv = 0.038290, MinPoint = 7.570, Min = 6.960, Avg. = 11.467, Max = 14.240, 0.0 secs.
2026-09-07 09:16:27,979 [DEBUG] core.argyll_runner: [argyll] Re-seeding
2026-09-07 09:16:27,979 [DEBUG] core.argyll_runner: [argyll] It 11: Maxmv = 0.036328, MinPoint = 7.570, Min = 6.960, Avg. = 11.445, Max = 14.048, 0.0 secs.
2026-09-07 09:16:27,979 [DEBUG] core.argyll_runner: [argyll] Re-seeding
2026-09-07 09:16:27,980 [DEBUG] core.argyll_runner: [argyll] It 12: Maxmv = 0.026130, MinPoint = 7.570, Min = 6.960, Avg. = 11.446, Max = 13.807, 0.0 secs.
2026-09-07 09:16:27,980 [DEBUG] core.argyll_runner: [argyll] Re-seeding
2026-09-07 09:16:27,980 [DEBUG] core.argyll_runner: [argyll] It 13: Maxmv = 0.021336, MinPoint = 7.570, Min = 6.960, Avg. = 11.423, Max = 13.621, 0.0 secs.
2026-09-07 09:16:27,980 [DEBUG] core.argyll_runner: [argyll] Re-seeding
2026-09-07 09:16:27,980 [DEBUG] core.argyll_runner: [argyll] It 14: Maxmv = 0.021763, MinPoint = 7.570, Min = 6.960, Avg. = 11.414, Max = 13.710, 0.0 secs.
2026-09-07 09:16:27,981 [DEBUG] core.argyll_runner: [argyll] Re-seeding
2026-09-07 09:16:27,981 [DEBUG] core.argyll_runner: [argyll] It 15: Maxmv = 0.017561, MinPoint = 7.570, Min = 6.960, Avg. = 11.413, Max = 13.642, 0.0 secs.
2026-09-07 09:16:27,981 [DEBUG] core.argyll_runner: [argyll] Re-seeding
2026-09-07 09:16:27,981 [DEBUG] core.argyll_runner: [argyll] It 16: Maxmv = 0.011767, MinPoint = 7.570, Min = 6.960, Avg. = 11.407, Max = 13.551, 0.0 secs.
2026-09-07 09:16:27,982 [DEBUG] core.argyll_runner: [argyll] Re-seeding
2026-09-07 09:16:27,982 [DEBUG] core.argyll_runner: [argyll] It 17: Maxmv = 0.009420, MinPoint = 7.570, Min = 6.960, Avg. = 11.414, Max = 13.519, 0.0 secs.
2026-09-07 09:16:27,982 [DEBUG] core.argyll_runner: [argyll] Re-seeding
2026-09-07 09:16:27,982 [DEBUG] core.argyll_runner: [argyll] It 18: Maxmv = 0.005286, MinPoint = 7.570, Min = 6.960, Avg. = 11.412, Max = 13.537, 0.0 secs.
2026-09-07 09:16:27,982 [DEBUG] core.argyll_runner: [argyll] Re-seeding
2026-09-07 09:16:27,983 [DEBUG] core.argyll_runner: [argyll] It 19: Maxmv = 0.001856, MinPoint = 7.570, Min = 6.960, Avg. = 11.414, Max = 13.538, 0.0 secs.
2026-09-07 09:16:27,983 [DEBUG] core.argyll_runner: [argyll] Re-seeding
2026-09-07 09:16:27,983 [DEBUG] core.argyll_runner: [argyll] It 20: Maxmv = 0.001769, MinPoint = 7.570, Min = 6.960, Avg. = 11.414, Max = 13.530, 0.0 secs.
2026-09-07 09:16:27,983 [DEBUG] core.argyll_runner: [argyll] After optimization: MinPoint = 7.570, Min = 6.960, Avg. = 11.414, Max = 13.530
2026-09-07 09:16:27,984 [DEBUG] core.argyll_runner: [argyll] Total number of patches = 400
2026-09-07 09:16:27,984 [DEBUG] core.argyll_runner: [argyll] Execution time = 0.704259 seconds
2026-09-07 09:16:27,997 [INFO] core.argyll_runner: ArgyllRunner: finished with code 0
2026-09-07 09:16:28,001 [ERROR] workflow.chart_creator: ChromIQ layout engine failed
Traceback (most recent call last):
  File "/Users/Basti/develop/ChromIQ/workflow/chart_creator.py", line 1446, in _run_engine
    result = le_chart.build_chart(
        ti1, work_dir / stem, **engine_kwargs)
  File "/Users/Basti/develop/ChromIQ/workflow/layout_engine/chart.py", line 246, in build_chart
    layout = geometry.compute(geom, w_mm, h_mm, len(target.patches))
  File "/Users/Basti/develop/ChromIQ/workflow/layout_engine/geometry.py", line 111, in compute
    raise LayoutError(
    ...<2 lines>...
    )
workflow.layout_engine.geometry.LayoutError: paper too short: a single pass of patches does not fit (8.0 mm available)
2026-09-07 09:16:28,003 [DEBUG] core.file_manager: preset undo: discarding A10-Extremes.ti1 left by the unfinished build
2026-09-07 09:16:28,004 [INFO] core.file_manager: Chart build did not finish — the previous chart was put back in /Users/Basti/ChromIQ-assessment/A10-Extremes/runs/run1
2026-09-07 09:16:28,007 [DEBUG] ui.tabs.tab_chart: create-chart settings written for run1 (40 parameters + ui state)
2026-09-07 09:16:29,492 [INFO] assess: 60 mm patch on 20x20: {'estimate': None, 'info': 'rgen -d2 -f0 -e4 -B4 -G -g8 chart\nChromIQ layout engine · i1 · 20x20 · 300 dpi · margins 6/6/6/26 mm · patch 60×60 mm · clip border on · align center-left\nLayout preset: i1 · 20x20 · clip   ● modified', 'generate_enabled': True, 'ok': True, 'stopped': False, 'secs': 4.3, 'actual': None, 'status': '', 'notes': '', 'margin_text': 'Generate a preview to measure its margins.', 'dialogs': [], 'serious': ['[ERROR] workflow.chart_creator: ChromIQ layout engine failed'], 'errors': ['[ERROR] ChromIQ layout engine: paper too short: a single pass of patches does not fit (8.0 mm available)', '[ERROR] Chart generation failed.'], 'engine': ['[ChromIQ layout engine] building chart from the targen .ti1…', '[ChromIQ layout engine] Drawing the pages. This part runs in one go and cannot be stopped, so the window will not respond until it is finished.']}
2026-09-07 09:16:29,680 [INFO] assess:   shot Screenshots/A10-extremes/x03-patch-bigger-than-page.png  (3400x2100)
2026-09-07 09:16:29,680 [INFO] assess:   json Test Runs/logs/d07b_results.json
2026-09-07 09:16:29,695 [DEBUG] core.settings: settings.set helper_markers_show = True
2026-09-07 09:16:29,695 [DEBUG] core.settings: settings.set helper_marker_edge_mm = 2.0
2026-09-07 09:16:29,695 [DEBUG] core.settings: settings.set helper_marker_len_mm = 2.0
2026-09-07 09:16:29,695 [DEBUG] core.settings: settings.set helper_marker_per_patch = 3
2026-09-07 09:16:29,695 [DEBUG] core.settings: settings.set helper_markers_top_bottom = True
2026-09-07 09:16:29,695 [DEBUG] core.settings: settings.set helper_markers_sides = True
2026-09-07 09:16:29,703 [INFO] ui.main_window: Chart-build lock released by watchdog — no chart_finished arrived after the last tool ended
2026-09-07 09:16:29,837 [DEBUG] core.settings: settings.set helper_markers_show = True
2026-09-07 09:16:29,837 [DEBUG] core.settings: settings.set helper_marker_edge_mm = 2.0
2026-09-07 09:16:29,837 [DEBUG] core.settings: settings.set helper_marker_len_mm = 2.0
2026-09-07 09:16:29,838 [DEBUG] core.settings: settings.set helper_marker_per_patch = 3
2026-09-07 09:16:29,838 [DEBUG] core.settings: settings.set helper_markers_top_bottom = True
2026-09-07 09:16:29,838 [DEBUG] core.settings: settings.set helper_markers_sides = True
2026-09-07 09:16:29,984 [DEBUG] core.settings: settings.set helper_markers_show = True
2026-09-07 09:16:29,984 [DEBUG] core.settings: settings.set helper_marker_edge_mm = 2.0
2026-09-07 09:16:29,984 [DEBUG] core.settings: settings.set helper_marker_len_mm = 2.0
2026-09-07 09:16:29,984 [DEBUG] core.settings: settings.set helper_marker_per_patch = 3
2026-09-07 09:16:29,984 [DEBUG] core.settings: settings.set helper_markers_top_bottom = True
2026-09-07 09:16:29,984 [DEBUG] core.settings: settings.set helper_markers_sides = True
2026-09-07 09:16:30,131 [DEBUG] core.settings: settings.set helper_markers_show = True
2026-09-07 09:16:30,131 [DEBUG] core.settings: settings.set helper_marker_edge_mm = 2.0
2026-09-07 09:16:30,131 [DEBUG] core.settings: settings.set helper_marker_len_mm = 2.0
2026-09-07 09:16:30,131 [DEBUG] core.settings: settings.set helper_marker_per_patch = 3
2026-09-07 09:16:30,131 [DEBUG] core.settings: settings.set helper_markers_top_bottom = True
2026-09-07 09:16:30,131 [DEBUG] core.settings: settings.set helper_markers_sides = True
2026-09-07 09:16:30,277 [DEBUG] core.settings: settings.set helper_markers_show = True
2026-09-07 09:16:30,277 [DEBUG] core.settings: settings.set helper_marker_edge_mm = 2.0
2026-09-07 09:16:30,277 [DEBUG] core.settings: settings.set helper_marker_len_mm = 2.0
2026-09-07 09:16:30,277 [DEBUG] core.settings: settings.set helper_marker_per_patch = 3
2026-09-07 09:16:30,277 [DEBUG] core.settings: settings.set helper_markers_top_bottom = True
2026-09-07 09:16:30,277 [DEBUG] core.settings: settings.set helper_markers_sides = True
2026-09-07 09:16:30,454 [DEBUG] core.settings: settings.set helper_markers_show = True
2026-09-07 09:16:30,454 [DEBUG] core.settings: settings.set helper_marker_edge_mm = 2.0
2026-09-07 09:16:30,454 [DEBUG] core.settings: settings.set helper_marker_len_mm = 2.0
2026-09-07 09:16:30,454 [DEBUG] core.settings: settings.set helper_marker_per_patch = 3
2026-09-07 09:16:30,454 [DEBUG] core.settings: settings.set helper_markers_top_bottom = True
2026-09-07 09:16:30,454 [DEBUG] core.settings: settings.set helper_markers_sides = True
2026-09-07 09:16:30,606 [DEBUG] core.settings: settings.set helper_markers_show = True
2026-09-07 09:16:30,606 [DEBUG] core.settings: settings.set helper_marker_edge_mm = 2.0
2026-09-07 09:16:30,606 [DEBUG] core.settings: settings.set helper_marker_len_mm = 2.0
2026-09-07 09:16:30,606 [DEBUG] core.settings: settings.set helper_marker_per_patch = 3
2026-09-07 09:16:30,606 [DEBUG] core.settings: settings.set helper_markers_top_bottom = True
2026-09-07 09:16:30,606 [DEBUG] core.settings: settings.set helper_markers_sides = True
2026-09-07 09:16:30,756 [DEBUG] core.settings: settings.set helper_markers_show = True
2026-09-07 09:16:30,757 [DEBUG] core.settings: settings.set helper_marker_edge_mm = 2.0
2026-09-07 09:16:30,757 [DEBUG] core.settings: settings.set helper_marker_len_mm = 2.0
2026-09-07 09:16:30,757 [DEBUG] core.settings: settings.set helper_marker_per_patch = 3
2026-09-07 09:16:30,757 [DEBUG] core.settings: settings.set helper_markers_top_bottom = True
2026-09-07 09:16:30,757 [DEBUG] core.settings: settings.set helper_markers_sides = True
2026-09-07 09:16:30,898 [DEBUG] core.settings: settings.set helper_markers_show = True
2026-09-07 09:16:30,898 [DEBUG] core.settings: settings.set helper_marker_edge_mm = 2.0
2026-09-07 09:16:30,898 [DEBUG] core.settings: settings.set helper_marker_len_mm = 2.0
2026-09-07 09:16:30,898 [DEBUG] core.settings: settings.set helper_marker_per_patch = 3
2026-09-07 09:16:30,898 [DEBUG] core.settings: settings.set helper_markers_top_bottom = True
2026-09-07 09:16:30,898 [DEBUG] core.settings: settings.set helper_markers_sides = True
2026-09-07 09:16:31,631 [INFO] assess:   armed: dialog ~'quite fill' -> click 'OK' 
2026-09-07 09:16:31,632 [INFO] assess:   armed: dialog ~'already' -> click 'Continue this project' 
2026-09-07 09:16:31,632 [INFO] ui.tabs.tab_chart: chart build (Generate Chart) in manual: patch set targen | manual panel: 100x100, 0x0 grid, margins T50.0 R50.0 B50.0 L50.0
2026-09-07 09:16:31,635 [DEBUG] core.settings: settings.set session_ti3_path = ''
2026-09-07 09:16:31,635 [DEBUG] core.settings: settings.set session_icc_path = ''
2026-09-07 09:16:31,635 [DEBUG] core.settings: settings.set session_cal_ti3_path = ''
2026-09-07 09:16:31,637 [DEBUG] core.file_manager: Target name set to: A10-Extremes (root /Users/Basti/ChromIQ-assessment/A10-Extremes)
2026-09-07 09:16:31,638 [INFO] core.file_manager: opened the EXISTING project at /Users/Basti/ChromIQ-assessment/A10-Extremes (1 run(s) on disk)
2026-09-07 09:16:31,652 [WARNING] workflow.chart_creator: engine patch estimate failed: paper too short: a single pass of patches does not fit (-11.1 mm available)
2026-09-07 09:16:36,030 [WARNING] workflow.chart_creator: _binary_search found no valid capacity in [200, 1000]; falling back to scaled estimate 400
2026-09-07 09:16:36,033 [INFO] workflow.chart_creator: Chart generation: 400 patches, instrument=i1 paper=100x100 disable_lb=True
2026-09-07 09:16:36,033 [INFO] workflow.chart_creator: targen args: ['-v', '-d2', '-f400', '-e3', '-B3', '-G', '-g23', 'A10-Extremes']
2026-09-07 09:16:36,033 [INFO] core.argyll_runner: Run: /Applications/Argyll/bin/targen -v -d2 -f400 -e3 -B3 -G -g23 A10-Extremes  [cwd=/Users/Basti/ChromIQ-assessment/A10-Extremes/runs/run1]
2026-09-07 09:16:36,095 [DEBUG] core.argyll_runner: [argyll] iRGB test chart
2026-09-07 09:16:36,096 [DEBUG] core.argyll_runner: [argyll] White patches = 3
2026-09-07 09:16:36,096 [DEBUG] core.argyll_runner: [argyll] Black patches = 3
2026-09-07 09:16:36,096 [DEBUG] core.argyll_runner: [argyll] Composite Grey steps = 23
2026-09-07 09:16:36,096 [DEBUG] core.argyll_runner: [argyll] Full spread patches = 400
2026-09-07 09:16:36,096 [DEBUG] core.argyll_runner: [argyll] Degree of adaptation: 0.100
2026-09-07 09:16:36,096 [DEBUG] core.argyll_runner: [argyll] Adaptation weights: Device = 0.935, Perceptual = 0.065, Curvature = 0.010
2026-09-07 09:16:36,097 [DEBUG] core.argyll_runner: [argyll] Perceptual cache resolution = 9
2026-09-07 09:16:36,097 [DEBUG] core.argyll_runner: [argyll] Seeding cache...done
2026-09-07 09:16:36,097 [DEBUG] core.argyll_runner: [argyll] Acceleration grid res = 8
2026-09-07 09:16:36,097 [DEBUG] core.argyll_runner: [argyll] 
2026-09-07 09:16:36,097 [DEBUG] core.argyll_runner: [argyll] There are 23 unique fixed points to add (27 total fixed points)
2026-09-07 09:16:36,097 [DEBUG] core.argyll_runner: [argyll] There are 373 far spread points to add
2026-09-07 09:16:36,098 [DEBUG] core.argyll_runner: [argyll] 
2026-09-07 09:16:36,098 [DEBUG] core.argyll_runner: [argyll] Added 12/396
2026-09-07 09:16:36,098 [DEBUG] core.argyll_runner: [argyll] Added 23/396
2026-09-07 09:16:36,098 [DEBUG] core.argyll_runner: [argyll] Added 34/396
2026-09-07 09:16:36,098 [DEBUG] core.argyll_runner: [argyll] Added 45/396
2026-09-07 09:16:36,099 [DEBUG] core.argyll_runner: [argyll] Added 56/396
2026-09-07 09:16:36,099 [DEBUG] core.argyll_runner: [argyll] Added 67/396
2026-09-07 09:16:36,100 [DEBUG] core.argyll_runner: [argyll] Added 78/396
2026-09-07 09:16:36,100 [DEBUG] core.argyll_runner: [argyll] Added 89/396
2026-09-07 09:16:36,101 [DEBUG] core.argyll_runner: [argyll] Added 100/396
2026-09-07 09:16:36,102 [DEBUG] core.argyll_runner: [argyll] Added 111/396
2026-09-07 09:16:36,103 [DEBUG] core.argyll_runner: [argyll] Added 122/396
2026-09-07 09:16:36,105 [DEBUG] core.argyll_runner: [argyll] Added 133/396
2026-09-07 09:16:36,106 [DEBUG] core.argyll_runner: [argyll] Added 144/396
2026-09-07 09:16:36,135 [DEBUG] core.argyll_runner: [argyll] 
2026-09-07 09:16:36,136 [DEBUG] core.argyll_runner: [argyll] Added 155/396
2026-09-07 09:16:36,136 [DEBUG] core.argyll_runner: [argyll] Added 166/396
2026-09-07 09:16:36,136 [DEBUG] core.argyll_runner: [argyll] Added 177/396
2026-09-07 09:16:36,137 [DEBUG] core.argyll_runner: [argyll] Added 188/396
2026-09-07 09:16:36,137 [DEBUG] core.argyll_runner: [argyll] Added 199/396
2026-09-07 09:16:36,138 [DEBUG] core.argyll_runner: [argyll] Added 210/396
2026-09-07 09:16:36,138 [DEBUG] core.argyll_runner: [argyll] Added 221/396
2026-09-07 09:16:36,139 [DEBUG] core.argyll_runner: [argyll] Added 232/396
2026-09-07 09:16:36,140 [DEBUG] core.argyll_runner: [argyll] Added 243/396
2026-09-07 09:16:36,142 [DEBUG] core.argyll_runner: [argyll] Added 254/396
2026-09-07 09:16:36,143 [DEBUG] core.argyll_runner: [argyll] Added 265/396
2026-09-07 09:16:36,144 [DEBUG] core.argyll_runner: [argyll] Added 276/396
2026-09-07 09:16:36,146 [DEBUG] core.argyll_runner: [argyll] Added 287/396
2026-09-07 09:16:36,147 [DEBUG] core.argyll_runner: [argyll] Added 298/396
2026-09-07 09:16:36,149 [DEBUG] core.argyll_runner: [argyll] Added 309/396
2026-09-07 09:16:36,151 [DEBUG] core.argyll_runner: [argyll] Added 320/396
2026-09-07 09:16:36,153 [DEBUG] core.argyll_runner: [argyll] Added 331/396
2026-09-07 09:16:36,155 [DEBUG] core.argyll_runner: [argyll] Added 342/396
2026-09-07 09:16:36,157 [DEBUG] core.argyll_runner: [argyll] Added 353/396
2026-09-07 09:16:36,160 [DEBUG] core.argyll_runner: [argyll] Added 364/396
2026-09-07 09:16:36,162 [DEBUG] core.argyll_runner: [argyll] Added 375/396
2026-09-07 09:16:36,165 [DEBUG] core.argyll_runner: [argyll] Added 386/396
2026-09-07 09:16:36,168 [DEBUG] core.argyll_runner: [argyll] Added 396/396
2026-09-07 09:16:36,769 [DEBUG] core.argyll_runner: [argyll] 
2026-09-07 09:16:36,770 [DEBUG] core.argyll_runner: [argyll] After seeding points: MinPoint = 5.993, Min = 4.800, Avg. = 11.935, Max = 15.686, 0.0 secs
2026-09-07 09:16:36,770 [DEBUG] core.argyll_runner: [argyll] Re-seeding
2026-09-07 09:16:36,770 [DEBUG] core.argyll_runner: [argyll] It 1: Maxmv = 0.100761, MinPoint = 3.268, Min = 3.715, Avg. = 11.873, Max = 15.971, 0.0 secs.
2026-09-07 09:16:36,771 [DEBUG] core.argyll_runner: [argyll] Re-seeding
2026-09-07 09:16:36,771 [DEBUG] core.argyll_runner: [argyll] It 2: Maxmv = 0.102174, MinPoint = 4.726, Min = 5.929, Avg. = 11.823, Max = 15.050, 0.0 secs.
2026-09-07 09:16:36,771 [DEBUG] core.argyll_runner: [argyll] Re-seeding
2026-09-07 09:16:36,771 [DEBUG] core.argyll_runner: [argyll] It 3: Maxmv = 0.084379, MinPoint = 5.717, Min = 5.494, Avg. = 11.784, Max = 15.467, 0.0 secs.
2026-09-07 09:16:36,772 [DEBUG] core.argyll_runner: [argyll] Re-seeding
2026-09-07 09:16:36,772 [DEBUG] core.argyll_runner: [argyll] It 4: Maxmv = 0.076331, MinPoint = 6.700, Min = 6.852, Avg. = 11.689, Max = 14.503, 0.0 secs.
2026-09-07 09:16:36,772 [DEBUG] core.argyll_runner: [argyll] Re-seeding
2026-09-07 09:16:36,772 [DEBUG] core.argyll_runner: [argyll] It 5: Maxmv = 0.065671, MinPoint = 7.570, Min = 6.319, Avg. = 11.672, Max = 15.483, 0.0 secs.
2026-09-07 09:16:36,772 [DEBUG] core.argyll_runner: [argyll] Re-seeding
2026-09-07 09:16:36,773 [DEBUG] core.argyll_runner: [argyll] It 6: Maxmv = 0.055767, MinPoint = 7.570, Min = 5.746, Avg. = 11.629, Max = 15.267, 0.0 secs.
2026-09-07 09:16:36,773 [DEBUG] core.argyll_runner: [argyll] Re-seeding
2026-09-07 09:16:36,773 [DEBUG] core.argyll_runner: [argyll] It 7: Maxmv = 0.061237, MinPoint = 7.570, Min = 6.960, Avg. = 11.577, Max = 14.788, 0.0 secs.
2026-09-07 09:16:36,773 [DEBUG] core.argyll_runner: [argyll] Re-seeding
2026-09-07 09:16:36,774 [DEBUG] core.argyll_runner: [argyll] It 8: Maxmv = 0.060963, MinPoint = 7.570, Min = 6.960, Avg. = 11.541, Max = 14.174, 0.0 secs.
2026-09-07 09:16:36,774 [DEBUG] core.argyll_runner: [argyll] Re-seeding
2026-09-07 09:16:36,774 [DEBUG] core.argyll_runner: [argyll] It 9: Maxmv = 0.046047, MinPoint = 7.570, Min = 6.960, Avg. = 11.492, Max = 14.168, 0.0 secs.
2026-09-07 09:16:36,774 [DEBUG] core.argyll_runner: [argyll] Re-seeding
2026-09-07 09:16:36,774 [DEBUG] core.argyll_runner: [argyll] It 10: Maxmv = 0.038290, MinPoint = 7.570, Min = 6.960, Avg. = 11.467, Max = 14.240, 0.0 secs.
2026-09-07 09:16:36,775 [DEBUG] core.argyll_runner: [argyll] Re-seeding
2026-09-07 09:16:36,775 [DEBUG] core.argyll_runner: [argyll] It 11: Maxmv = 0.036328, MinPoint = 7.570, Min = 6.960, Avg. = 11.445, Max = 14.048, 0.0 secs.
2026-09-07 09:16:36,775 [DEBUG] core.argyll_runner: [argyll] Re-seeding
2026-09-07 09:16:36,775 [DEBUG] core.argyll_runner: [argyll] It 12: Maxmv = 0.026130, MinPoint = 7.570, Min = 6.960, Avg. = 11.446, Max = 13.807, 0.0 secs.
2026-09-07 09:16:36,776 [DEBUG] core.argyll_runner: [argyll] Re-seeding
2026-09-07 09:16:36,776 [DEBUG] core.argyll_runner: [argyll] It 13: Maxmv = 0.021336, MinPoint = 7.570, Min = 6.960, Avg. = 11.423, Max = 13.621, 0.0 secs.
2026-09-07 09:16:36,776 [DEBUG] core.argyll_runner: [argyll] Re-seeding
2026-09-07 09:16:36,776 [DEBUG] core.argyll_runner: [argyll] It 14: Maxmv = 0.021763, MinPoint = 7.570, Min = 6.960, Avg. = 11.414, Max = 13.710, 0.0 secs.
2026-09-07 09:16:36,777 [DEBUG] core.argyll_runner: [argyll] Re-seeding
2026-09-07 09:16:36,777 [DEBUG] core.argyll_runner: [argyll] It 15: Maxmv = 0.017561, MinPoint = 7.570, Min = 6.960, Avg. = 11.413, Max = 13.642, 0.0 secs.
2026-09-07 09:16:36,777 [DEBUG] core.argyll_runner: [argyll] Re-seeding
2026-09-07 09:16:36,777 [DEBUG] core.argyll_runner: [argyll] It 16: Maxmv = 0.011767, MinPoint = 7.570, Min = 6.960, Avg. = 11.407, Max = 13.551, 0.0 secs.
2026-09-07 09:16:36,777 [DEBUG] core.argyll_runner: [argyll] Re-seeding
2026-09-07 09:16:36,778 [DEBUG] core.argyll_runner: [argyll] It 17: Maxmv = 0.009420, MinPoint = 7.570, Min = 6.960, Avg. = 11.414, Max = 13.519, 0.0 secs.
2026-09-07 09:16:36,778 [DEBUG] core.argyll_runner: [argyll] Re-seeding
2026-09-07 09:16:36,778 [DEBUG] core.argyll_runner: [argyll] It 18: Maxmv = 0.005286, MinPoint = 7.570, Min = 6.960, Avg. = 11.412, Max = 13.537, 0.0 secs.
2026-09-07 09:16:36,778 [DEBUG] core.argyll_runner: [argyll] Re-seeding
2026-09-07 09:16:36,779 [DEBUG] core.argyll_runner: [argyll] It 19: Maxmv = 0.001856, MinPoint = 7.570, Min = 6.960, Avg. = 11.414, Max = 13.538, 0.0 secs.
2026-09-07 09:16:36,779 [DEBUG] core.argyll_runner: [argyll] Re-seeding
2026-09-07 09:16:36,779 [DEBUG] core.argyll_runner: [argyll] It 20: Maxmv = 0.001769, MinPoint = 7.570, Min = 6.960, Avg. = 11.414, Max = 13.530, 0.0 secs.
2026-09-07 09:16:36,779 [DEBUG] core.argyll_runner: [argyll] After optimization: MinPoint = 7.570, Min = 6.960, Avg. = 11.414, Max = 13.530
2026-09-07 09:16:36,780 [DEBUG] core.argyll_runner: [argyll] Total number of patches = 400
2026-09-07 09:16:36,780 [DEBUG] core.argyll_runner: [argyll] Execution time = 0.700891 seconds
2026-09-07 09:16:36,793 [INFO] core.argyll_runner: ArgyllRunner: finished with code 0
2026-09-07 09:16:36,796 [ERROR] workflow.chart_creator: ChromIQ layout engine failed
Traceback (most recent call last):
  File "/Users/Basti/develop/ChromIQ/workflow/chart_creator.py", line 1446, in _run_engine
    result = le_chart.build_chart(
        ti1, work_dir / stem, **engine_kwargs)
  File "/Users/Basti/develop/ChromIQ/workflow/layout_engine/chart.py", line 246, in build_chart
    layout = geometry.compute(geom, w_mm, h_mm, len(target.patches))
  File "/Users/Basti/develop/ChromIQ/workflow/layout_engine/geometry.py", line 111, in compute
    raise LayoutError(
    ...<2 lines>...
    )
workflow.layout_engine.geometry.LayoutError: paper too short: a single pass of patches does not fit (-11.1 mm available)
2026-09-07 09:16:36,797 [DEBUG] core.file_manager: preset undo: discarding A10-Extremes.ti1 left by the unfinished build
2026-09-07 09:16:36,799 [INFO] core.file_manager: Chart build did not finish — the previous chart was put back in /Users/Basti/ChromIQ-assessment/A10-Extremes/runs/run1
2026-09-07 09:16:36,801 [DEBUG] ui.tabs.tab_chart: create-chart settings written for run1 (40 parameters + ui state)
2026-09-07 09:16:38,273 [INFO] assess: margins 50 on 100x100: {'estimate': None, 'info': 'rey/white/black):\ntargen -d2 -f0 -e4 -B4 -G -g8 chart\nChromIQ layout engine · i1 · 100x100 · 300 dpi · margin 50 mm · clip border on · align center-left\nLayout preset: i1 · 100x100 · clip   ● modified', 'ok': True, 'stopped': False, 'secs': 6.6, 'actual': None, 'status': '', 'notes': '', 'margin_text': 'Generate a preview to measure its margins.', 'dialogs': [], 'serious': ['[ERROR] workflow.chart_creator: ChromIQ layout engine failed'], 'errors': ['[ERROR] ChromIQ layout engine: paper too short: a single pass of patches does not fit (-11.1 mm available)', '[ERROR] Chart generation failed.'], 'engine': ['[ChromIQ layout engine] building chart from the targen .ti1…', '[ChromIQ layout engine] Drawing the pages. This part runs in one go and cannot be stopped, so the window will not respond until it is finished.']}
2026-09-07 09:16:38,422 [INFO] assess:   shot Screenshots/A10-extremes/x04-margins-no-room.png  (3400x2100)
2026-09-07 09:16:38,422 [INFO] assess:   json Test Runs/logs/d07b_results.json
2026-09-07 09:16:38,434 [DEBUG] core.settings: settings.set helper_markers_show = True
2026-09-07 09:16:38,434 [DEBUG] core.settings: settings.set helper_marker_edge_mm = 2.0
2026-09-07 09:16:38,434 [DEBUG] core.settings: settings.set helper_marker_len_mm = 2.0
2026-09-07 09:16:38,434 [DEBUG] core.settings: settings.set helper_marker_per_patch = 3
2026-09-07 09:16:38,434 [DEBUG] core.settings: settings.set helper_markers_top_bottom = True
2026-09-07 09:16:38,434 [DEBUG] core.settings: settings.set helper_markers_sides = True
2026-09-07 09:16:38,437 [INFO] ui.main_window: Chart-build lock released by watchdog — no chart_finished arrived after the last tool ended
2026-09-07 09:16:38,582 [DEBUG] core.settings: settings.set helper_markers_show = True
2026-09-07 09:16:38,583 [DEBUG] core.settings: settings.set helper_marker_edge_mm = 2.0
2026-09-07 09:16:38,583 [DEBUG] core.settings: settings.set helper_marker_len_mm = 2.0
2026-09-07 09:16:38,583 [DEBUG] core.settings: settings.set helper_marker_per_patch = 3
2026-09-07 09:16:38,583 [DEBUG] core.settings: settings.set helper_markers_top_bottom = True
2026-09-07 09:16:38,583 [DEBUG] core.settings: settings.set helper_markers_sides = True
2026-09-07 09:16:38,728 [DEBUG] core.settings: settings.set helper_markers_show = True
2026-09-07 09:16:38,728 [DEBUG] core.settings: settings.set helper_marker_edge_mm = 2.0
2026-09-07 09:16:38,728 [DEBUG] core.settings: settings.set helper_marker_len_mm = 2.0
2026-09-07 09:16:38,728 [DEBUG] core.settings: settings.set helper_marker_per_patch = 3
2026-09-07 09:16:38,729 [DEBUG] core.settings: settings.set helper_markers_top_bottom = True
2026-09-07 09:16:38,729 [DEBUG] core.settings: settings.set helper_markers_sides = True
2026-09-07 09:16:38,876 [DEBUG] core.settings: settings.set helper_markers_show = True
2026-09-07 09:16:38,876 [DEBUG] core.settings: settings.set helper_marker_edge_mm = 2.0
2026-09-07 09:16:38,876 [DEBUG] core.settings: settings.set helper_marker_len_mm = 2.0
2026-09-07 09:16:38,876 [DEBUG] core.settings: settings.set helper_marker_per_patch = 3
2026-09-07 09:16:38,876 [DEBUG] core.settings: settings.set helper_markers_top_bottom = True
2026-09-07 09:16:38,876 [DEBUG] core.settings: settings.set helper_markers_sides = True
2026-09-07 09:16:39,027 [DEBUG] core.settings: settings.set helper_markers_show = True
2026-09-07 09:16:39,027 [DEBUG] core.settings: settings.set helper_marker_edge_mm = 2.0
2026-09-07 09:16:39,027 [DEBUG] core.settings: settings.set helper_marker_len_mm = 2.0
2026-09-07 09:16:39,027 [DEBUG] core.settings: settings.set helper_marker_per_patch = 3
2026-09-07 09:16:39,027 [DEBUG] core.settings: settings.set helper_markers_top_bottom = True
2026-09-07 09:16:39,027 [DEBUG] core.settings: settings.set helper_markers_sides = True
2026-09-07 09:16:39,274 [DEBUG] core.settings: settings.set helper_markers_show = True
2026-09-07 09:16:39,274 [DEBUG] core.settings: settings.set helper_marker_edge_mm = 2.0
2026-09-07 09:16:39,274 [DEBUG] core.settings: settings.set helper_marker_len_mm = 2.0
2026-09-07 09:16:39,274 [DEBUG] core.settings: settings.set helper_marker_per_patch = 3
2026-09-07 09:16:39,274 [DEBUG] core.settings: settings.set helper_markers_top_bottom = True
2026-09-07 09:16:39,274 [DEBUG] core.settings: settings.set helper_markers_sides = True
2026-09-07 09:16:39,629 [DEBUG] core.settings: settings.set helper_markers_show = True
2026-09-07 09:16:39,629 [DEBUG] core.settings: settings.set helper_marker_edge_mm = 2.0
2026-09-07 09:16:39,629 [DEBUG] core.settings: settings.set helper_marker_len_mm = 2.0
2026-09-07 09:16:39,629 [DEBUG] core.settings: settings.set helper_marker_per_patch = 3
2026-09-07 09:16:39,629 [DEBUG] core.settings: settings.set helper_markers_top_bottom = True
2026-09-07 09:16:39,629 [DEBUG] core.settings: settings.set helper_markers_sides = True
2026-09-07 09:16:39,780 [DEBUG] core.settings: settings.set helper_markers_show = True
2026-09-07 09:16:39,780 [DEBUG] core.settings: settings.set helper_marker_edge_mm = 2.0
2026-09-07 09:16:39,780 [DEBUG] core.settings: settings.set helper_marker_len_mm = 2.0
2026-09-07 09:16:39,780 [DEBUG] core.settings: settings.set helper_marker_per_patch = 3
2026-09-07 09:16:39,780 [DEBUG] core.settings: settings.set helper_markers_top_bottom = True
2026-09-07 09:16:39,780 [DEBUG] core.settings: settings.set helper_markers_sides = True
2026-09-07 09:16:40,510 [INFO] assess:   armed: dialog ~'quite fill' -> click 'OK' 
2026-09-07 09:16:40,511 [INFO] assess:   armed: dialog ~'already' -> click 'Continue this project' 
2026-09-07 09:16:40,512 [INFO] ui.tabs.tab_chart: chart build (Generate Chart) in manual: patch set targen | manual panel: A4, 200x500 grid, margins T6.0 R6.0 B6.0 L6.0
2026-09-07 09:16:40,515 [DEBUG] core.settings: settings.set session_ti3_path = ''
2026-09-07 09:16:40,515 [DEBUG] core.settings: settings.set session_icc_path = ''
2026-09-07 09:16:40,515 [DEBUG] core.settings: settings.set session_cal_ti3_path = ''
2026-09-07 09:16:40,517 [DEBUG] core.file_manager: Target name set to: A10-Extremes (root /Users/Basti/ChromIQ-assessment/A10-Extremes)
2026-09-07 09:16:40,518 [INFO] core.file_manager: opened the EXISTING project at /Users/Basti/ChromIQ-assessment/A10-Extremes (1 run(s) on disk)
2026-09-07 09:16:40,534 [INFO] workflow.chart_creator: Chart generation: 49590 patches, instrument=i1 paper=A4 disable_lb=True
2026-09-07 09:16:40,534 [INFO] workflow.chart_creator: targen args: ['-v', '-d2', '-f49590', '-e8', '-B8', '-G', '-g128', 'A10-Extremes']
2026-09-07 09:16:40,534 [INFO] core.argyll_runner: Run: /Applications/Argyll/bin/targen -v -d2 -f49590 -e8 -B8 -G -g128 A10-Extremes  [cwd=/Users/Basti/ChromIQ-assessment/A10-Extremes/runs/run1]
2026-09-07 09:16:40,606 [DEBUG] core.argyll_runner: [argyll] iRGB test chart
2026-09-07 09:16:40,607 [DEBUG] core.argyll_runner: [argyll] White patches = 8
2026-09-07 09:16:40,607 [DEBUG] core.argyll_runner: [argyll] Black patches = 8
2026-09-07 09:16:40,607 [DEBUG] core.argyll_runner: [argyll] Composite Grey steps = 128
2026-09-07 09:16:40,607 [DEBUG] core.argyll_runner: [argyll] Full spread patches = 49590
2026-09-07 09:16:40,607 [DEBUG] core.argyll_runner: [argyll] Degree of adaptation: 0.100
2026-09-07 09:16:40,608 [DEBUG] core.argyll_runner: [argyll] Adaptation weights: Device = 0.935, Perceptual = 0.065, Curvature = 0.010
2026-09-07 09:16:40,608 [DEBUG] core.argyll_runner: [argyll] Perceptual cache resolution = 23
2026-09-07 09:16:40,608 [DEBUG] core.argyll_runner: [argyll] Seeding cache...
2026-09-07 09:16:40,741 [DEBUG] core.argyll_runner: [argyll] done
2026-09-07 09:16:40,741 [DEBUG] core.argyll_runner: [argyll] Acceleration grid res = 23
2026-09-07 09:16:40,741 [DEBUG] core.argyll_runner: [argyll] 
2026-09-07 09:16:40,741 [DEBUG] core.argyll_runner: [argyll] There are 128 unique fixed points to add (142 total fixed points)
2026-09-07 09:16:40,741 [DEBUG] core.argyll_runner: [argyll] There are 49448 far spread points to add
2026-09-07 09:16:40,741 [DEBUG] core.argyll_runner: [argyll] 
2026-09-07 09:16:40,741 [DEBUG] core.argyll_runner: [argyll] Added 12/49576
2026-09-07 09:16:40,742 [DEBUG] core.argyll_runner: [argyll] Added 23/49576
2026-09-07 09:16:40,742 [DEBUG] core.argyll_runner: [argyll] Added 34/49576
2026-09-07 09:16:40,742 [DEBUG] core.argyll_runner: [argyll] Added 45/49576
2026-09-07 09:16:40,742 [DEBUG] core.argyll_runner: [argyll] Added 56/49576
2026-09-07 09:16:40,743 [DEBUG] core.argyll_runner: [argyll] Added 67/49576
2026-09-07 09:16:40,756 [DEBUG] core.argyll_runner: [argyll] 
2026-09-07 09:16:40,756 [DEBUG] core.argyll_runner: [argyll] Added 78/49576
2026-09-07 09:16:40,756 [DEBUG] core.argyll_runner: [argyll] Added 89/49576
2026-09-07 09:16:40,756 [DEBUG] core.argyll_runner: [argyll] Added 100/49576
2026-09-07 09:16:40,756 [DEBUG] core.argyll_runner: [argyll] Added 111/49576
2026-09-07 09:16:40,757 [DEBUG] core.argyll_runner: [argyll] Added 122/49576
2026-09-07 09:16:40,757 [DEBUG] core.argyll_runner: [argyll] Added 133/49576
2026-09-07 09:16:40,758 [DEBUG] core.argyll_runner: [argyll] Added 144/49576
2026-09-07 09:16:40,758 [DEBUG] core.argyll_runner: [argyll] Added 155/49576
2026-09-07 09:16:40,759 [DEBUG] core.argyll_runner: [argyll] Added 166/49576
2026-09-07 09:16:40,760 [DEBUG] core.argyll_runner: [argyll] Added 177/49576
2026-09-07 09:16:40,761 [DEBUG] core.argyll_runner: [argyll] Added 188/49576
2026-09-07 09:16:40,774 [DEBUG] core.argyll_runner: [argyll] 
2026-09-07 09:16:40,774 [DEBUG] core.argyll_runner: [argyll] Added 199/49576
2026-09-07 09:16:40,774 [DEBUG] core.argyll_runner: [argyll] Added 210/49576
2026-09-07 09:16:40,775 [DEBUG] core.argyll_runner: [argyll] Added 221/49576
2026-09-07 09:16:40,775 [DEBUG] core.argyll_runner: [argyll] Added 232/49576
2026-09-07 09:16:40,775 [DEBUG] core.argyll_runner: [argyll] Added 243/49576
2026-09-07 09:16:40,776 [DEBUG] core.argyll_runner: [argyll] Added 254/49576
2026-09-07 09:16:40,776 [DEBUG] core.argyll_runner: [argyll] Added 265/49576
2026-09-07 09:16:40,777 [DEBUG] core.argyll_runner: [argyll] Added 276/49576
2026-09-07 09:16:40,777 [DEBUG] core.argyll_runner: [argyll] Added 287/49576
2026-09-07 09:16:40,790 [DEBUG] core.argyll_runner: [argyll] 
2026-09-07 09:16:40,791 [DEBUG] core.argyll_runner: [argyll] Added 298/49576
2026-09-07 09:16:40,791 [DEBUG] core.argyll_runner: [argyll] Added 309/49576
2026-09-07 09:16:40,791 [DEBUG] core.argyll_runner: [argyll] Added 320/49576
2026-09-07 09:16:40,791 [DEBUG] core.argyll_runner: [argyll] Added 331/49576
2026-09-07 09:16:40,792 [DEBUG] core.argyll_runner: [argyll] Added 342/49576
2026-09-07 09:16:40,792 [DEBUG] core.argyll_runner: [argyll] Added 353/49576
2026-09-07 09:16:40,792 [DEBUG] core.argyll_runner: [argyll] Added 364/49576
2026-09-07 09:16:40,793 [DEBUG] core.argyll_runner: [argyll] Added 375/49576
2026-09-07 09:16:40,794 [DEBUG] core.argyll_runner: [argyll] Added 386/49576
2026-09-07 09:16:40,795 [DEBUG] core.argyll_runner: [argyll] Added 397/49576
2026-09-07 09:16:40,795 [DEBUG] core.argyll_runner: [argyll] Added 408/49576
2026-09-07 09:16:40,809 [DEBUG] core.argyll_runner: [argyll] 
2026-09-07 09:16:40,809 [DEBUG] core.argyll_runner: [argyll] Added 419/49576
2026-09-07 09:16:40,809 [DEBUG] core.argyll_runner: [argyll] Added 430/49576
2026-09-07 09:16:40,809 [DEBUG] core.argyll_runner: [argyll] Added 441/49576
2026-09-07 09:16:40,810 [DEBUG] core.argyll_runner: [argyll] Added 452/49576
2026-09-07 09:16:40,810 [DEBUG] core.argyll_runner: [argyll] Added 463/49576
2026-09-07 09:16:40,810 [DEBUG] core.argyll_runner: [argyll] Added 474/49576
2026-09-07 09:16:40,811 [DEBUG] core.argyll_runner: [argyll] Added 485/49576
2026-09-07 09:16:40,811 [DEBUG] core.argyll_runner: [argyll] Added 496/49576
2026-09-07 09:16:40,812 [DEBUG] core.argyll_runner: [argyll] Added 507/49576
2026-09-07 09:16:40,813 [DEBUG] core.argyll_runner: [argyll] Added 518/49576
2026-09-07 09:16:40,814 [DEBUG] core.argyll_runner: [argyll] Added 529/49576
2026-09-07 09:16:40,815 [DEBUG] core.argyll_runner: [argyll] Added 540/49576
2026-09-07 09:16:40,816 [DEBUG] core.argyll_runner: [argyll] Added 551/49576
2026-09-07 09:16:40,817 [DEBUG] core.argyll_runner: [argyll] Added 562/49576
2026-09-07 09:16:40,818 [DEBUG] core.argyll_runner: [argyll] Added 573/49576
2026-09-07 09:16:40,819 [DEBUG] core.argyll_runner: [argyll] Added 584/49576
2026-09-07 09:16:40,821 [DEBUG] core.argyll_runner: [argyll] Added 595/49576
2026-09-07 09:16:40,834 [DEBUG] core.argyll_runner: [argyll] 
2026-09-07 09:16:40,835 [DEBUG] core.argyll_runner: [argyll] Added 606/49576
2026-09-07 09:16:40,835 [DEBUG] core.argyll_runner: [argyll] Added 617/49576
2026-09-07 09:16:40,835 [DEBUG] core.argyll_runner: [argyll] Added 628/49576
2026-09-07 09:16:40,835 [DEBUG] core.argyll_runner: [argyll] Added 639/49576
2026-09-07 09:16:40,836 [DEBUG] core.argyll_runner: [argyll] Added 650/49576
2026-09-07 09:16:40,836 [DEBUG] core.argyll_runner: [argyll] Added 661/49576
2026-09-07 09:16:40,837 [DEBUG] core.argyll_runner: [argyll] Added 672/49576
2026-09-07 09:16:40,837 [DEBUG] core.argyll_runner: [argyll] Added 683/49576
2026-09-07 09:16:40,838 [DEBUG] core.argyll_runner: [argyll] Added 694/49576
2026-09-07 09:16:40,839 [DEBUG] core.argyll_runner: [argyll] Added 705/49576
2026-09-07 09:16:40,840 [DEBUG] core.argyll_runner: [argyll] Added 716/49576
2026-09-07 09:16:40,841 [DEBUG] core.argyll_runner: [argyll] Added 727/49576
2026-09-07 09:16:40,842 [DEBUG] core.argyll_runner: [argyll] Added 738/49576
2026-09-07 09:16:40,843 [DEBUG] core.argyll_runner: [argyll] Added 749/49576
2026-09-07 09:16:40,844 [DEBUG] core.argyll_runner: [argyll] Added 760/49576
2026-09-07 09:16:40,845 [DEBUG] core.argyll_runner: [argyll] Added 771/49576
2026-09-07 09:16:40,846 [DEBUG] core.argyll_runner: [argyll] Added 782/49576
2026-09-07 09:16:40,848 [DEBUG] core.argyll_runner: [argyll] Added 793/49576
2026-09-07 09:16:40,849 [DEBUG] core.argyll_runner: [argyll] Added 804/49576
2026-09-07 09:16:40,851 [DEBUG] core.argyll_runner: [argyll] Added 815/49576
2026-09-07 09:16:40,852 [DEBUG] core.argyll_runner: [argyll] Added 826/49576
2026-09-07 09:16:40,854 [DEBUG] core.argyll_runner: [argyll] Added 837/49576
2026-09-07 09:16:40,856 [DEBUG] core.argyll_runner: [argyll] Added 848/49576
2026-09-07 09:16:40,870 [DEBUG] core.argyll_runner: [argyll] 
2026-09-07 09:16:40,871 [DEBUG] core.argyll_runner: [argyll] Added 859/49576
2026-09-07 09:16:40,871 [DEBUG] core.argyll_runner: [argyll] Added 870/49576
2026-09-07 09:16:40,871 [DEBUG] core.argyll_runner: [argyll] Added 881/49576
2026-09-07 09:16:40,872 [DEBUG] core.argyll_runner: [argyll] Added 892/49576
2026-09-07 09:16:40,872 [DEBUG] core.argyll_runner: [argyll] Added 903/49576
2026-09-07 09:16:40,872 [DEBUG] core.argyll_runner: [argyll] Added 914/49576
2026-09-07 09:16:40,873 [DEBUG] core.argyll_runner: [argyll] Added 925/49576
2026-09-07 09:16:40,873 [DEBUG] core.argyll_runner: [argyll] Added 936/49576
2026-09-07 09:16:40,874 [DEBUG] core.argyll_runner: [argyll] Added 947/49576
2026-09-07 09:16:40,875 [DEBUG] core.argyll_runner: [argyll] Added 958/49576
2026-09-07 09:16:40,876 [DEBUG] core.argyll_runner: [argyll] Added 969/49576
2026-09-07 09:16:40,877 [DEBUG] core.argyll_runner: [argyll] Added 980/49576
2026-09-07 09:16:40,878 [DEBUG] core.argyll_runner: [argyll] Added 991/49576
2026-09-07 09:16:40,879 [DEBUG] core.argyll_runner: [argyll] Added 1002/49576
2026-09-07 09:16:40,880 [DEBUG] core.argyll_runner: [argyll] Added 1013/49576
2026-09-07 09:16:40,881 [DEBUG] core.argyll_runner: [argyll] Added 1024/49576
2026-09-07 09:16:40,883 [DEBUG] core.argyll_runner: [argyll] Added 1035/49576
2026-09-07 09:16:40,884 [DEBUG] core.argyll_runner: [argyll] Added 1046/49576
2026-09-07 09:16:40,885 [DEBUG] core.argyll_runner: [argyll] Added 1057/49576
2026-09-07 09:16:40,887 [DEBUG] core.argyll_runner: [argyll] Added 1068/49576
2026-09-07 09:16:40,889 [DEBUG] core.argyll_runner: [argyll] Added 1079/49576
2026-09-07 09:16:40,890 [DEBUG] core.argyll_runner: [argyll] Added 1090/49576
2026-09-07 09:16:40,892 [DEBUG] core.argyll_runner: [argyll] Added 1101/49576
2026-09-07 09:16:40,894 [DEBUG] core.argyll_runner: [argyll] Added 1112/49576
2026-09-07 09:16:40,896 [DEBUG] core.argyll_runner: [argyll] Added 1123/49576
2026-09-07 09:16:40,898 [DEBUG] core.argyll_runner: [argyll] Added 1134/49576
2026-09-07 09:16:40,900 [DEBUG] core.argyll_runner: [argyll] Added 1145/49576
2026-09-07 09:16:40,903 [DEBUG] core.argyll_runner: [argyll] Added 1156/49576
2026-09-07 09:16:40,905 [DEBUG] core.argyll_runner: [argyll] Added 1167/49576
2026-09-07 09:16:40,907 [DEBUG] core.argyll_runner: [argyll] Added 1178/49576
2026-09-07 09:16:40,910 [DEBUG] core.argyll_runner: [argyll] Added 1189/49576
2026-09-07 09:16:40,912 [DEBUG] core.argyll_runner: [argyll] Added 1200/49576
2026-09-07 09:16:40,915 [DEBUG] core.argyll_runner: [argyll] Added 1211/49576
2026-09-07 09:16:40,918 [DEBUG] core.argyll_runner: [argyll] Added 1222/49576
2026-09-07 09:16:40,920 [DEBUG] core.argyll_runner: [argyll] Added 1233/49576
2026-09-07 09:16:40,923 [DEBUG] core.argyll_runner: [argyll] Added 1244/49576
2026-09-07 09:16:40,926 [DEBUG] core.argyll_runner: [argyll] Added 1255/49576
2026-09-07 09:16:40,942 [DEBUG] core.argyll_runner: [argyll] 
2026-09-07 09:16:40,943 [DEBUG] core.argyll_runner: [argyll] Added 1266/49576
2026-09-07 09:16:40,943 [DEBUG] core.argyll_runner: [argyll] Added 1277/49576
2026-09-07 09:16:40,944 [DEBUG] core.argyll_runner: [argyll] Added 1288/49576
2026-09-07 09:16:40,944 [DEBUG] core.argyll_runner: [argyll] Added 1299/49576
2026-09-07 09:16:40,944 [DEBUG] core.argyll_runner: [argyll] Added 1310/49576
2026-09-07 09:16:40,945 [DEBUG] core.argyll_runner: [argyll] Added 1321/49576
2026-09-07 09:16:40,945 [DEBUG] core.argyll_runner: [argyll] Added 1332/49576
2026-09-07 09:16:40,946 [DEBUG] core.argyll_runner: [argyll] Added 1343/49576
2026-09-07 09:16:40,946 [DEBUG] core.argyll_runner: [argyll] Added 1354/49576
2026-09-07 09:16:40,947 [DEBUG] core.argyll_runner: [argyll] Added 1365/49576
2026-09-07 09:16:40,948 [DEBUG] core.argyll_runner: [argyll] Added 1376/49576
2026-09-07 09:16:40,949 [DEBUG] core.argyll_runner: [argyll] Added 1387/49576
2026-09-07 09:16:40,950 [DEBUG] core.argyll_runner: [argyll] Added 1398/49576
2026-09-07 09:16:40,951 [DEBUG] core.argyll_runner: [argyll] Added 1409/49576
2026-09-07 09:16:40,952 [DEBUG] core.argyll_runner: [argyll] Added 1420/49576
2026-09-07 09:16:40,954 [DEBUG] core.argyll_runner: [argyll] Added 1431/49576
2026-09-07 09:16:40,955 [DEBUG] core.argyll_runner: [argyll] Added 1442/49576
2026-09-07 09:16:40,956 [DEBUG] core.argyll_runner: [argyll] Added 1453/49576
2026-09-07 09:16:40,958 [DEBUG] core.argyll_runner: [argyll] Added 1464/49576
2026-09-07 09:16:40,959 [DEBUG] core.argyll_runner: [argyll] Added 1475/49576
2026-09-07 09:16:40,961 [DEBUG] core.argyll_runner: [argyll] Added 1486/49576
2026-09-07 09:16:40,963 [DEBUG] core.argyll_runner: [argyll] Added 1497/49576
2026-09-07 09:16:40,965 [DEBUG] core.argyll_runner: [argyll] Added 1508/49576
2026-09-07 09:16:40,966 [DEBUG] core.argyll_runner: [argyll] Added 1519/49576
2026-09-07 09:16:40,968 [DEBUG] core.argyll_runner: [argyll] Added 1530/49576
2026-09-07 09:16:40,971 [DEBUG] core.argyll_runner: [argyll] Added 1541/49576
2026-09-07 09:16:40,973 [DEBUG] core.argyll_runner: [argyll] Added 1552/49576
2026-09-07 09:16:40,975 [DEBUG] core.argyll_runner: [argyll] Added 1563/49576
2026-09-07 09:16:40,977 [DEBUG] core.argyll_runner: [argyll] Added 1574/49576
2026-09-07 09:16:40,980 [DEBUG] core.argyll_runner: [argyll] Added 1585/49576
2026-09-07 09:16:40,982 [DEBUG] core.argyll_runner: [argyll] Added 1596/49576
2026-09-07 09:16:40,985 [DEBUG] core.argyll_runner: [argyll] Added 1607/49576
2026-09-07 09:16:40,988 [DEBUG] core.argyll_runner: [argyll] Added 1618/49576
2026-09-07 09:16:40,990 [DEBUG] core.argyll_runner: [argyll] Added 1629/49576
2026-09-07 09:16:40,993 [DEBUG] core.argyll_runner: [argyll] Added 1640/49576
2026-09-07 09:16:40,996 [DEBUG] core.argyll_runner: [argyll] Added 1651/49576
2026-09-07 09:16:40,999 [DEBUG] core.argyll_runner: [argyll] Added 1662/49576
2026-09-07 09:16:41,002 [DEBUG] core.argyll_runner: [argyll] Added 1673/49576
2026-09-07 09:16:41,005 [DEBUG] core.argyll_runner: [argyll] Added 1684/49576
2026-09-07 09:16:41,009 [DEBUG] core.argyll_runner: [argyll] Added 1695/49576
2026-09-07 09:16:41,012 [DEBUG] core.argyll_runner: [argyll] Added 1706/49576
2026-09-07 09:16:41,016 [DEBUG] core.argyll_runner: [argyll] Added 1717/49576
2026-09-07 09:16:41,019 [DEBUG] core.argyll_runner: [argyll] Added 1728/49576
2026-09-07 09:16:41,023 [DEBUG] core.argyll_runner: [argyll] Added 1739/49576
2026-09-07 09:16:41,026 [DEBUG] core.argyll_runner: [argyll] Added 1750/49576
2026-09-07 09:16:41,030 [DEBUG] core.argyll_runner: [argyll] Added 1761/49576
2026-09-07 09:16:41,034 [DEBUG] core.argyll_runner: [argyll] Added 1772/49576
2026-09-07 09:16:41,038 [DEBUG] core.argyll_runner: [argyll] Added 1783/49576
2026-09-07 09:16:41,042 [DEBUG] core.argyll_runner: [argyll] Added 1794/49576
2026-09-07 09:16:41,046 [DEBUG] core.argyll_runner: [argyll] Added 1805/49576
2026-09-07 09:16:41,050 [DEBUG] core.argyll_runner: [argyll] Added 1816/49576
2026-09-07 09:16:41,055 [DEBUG] core.argyll_runner: [argyll] Added 1827/49576
2026-09-07 09:16:41,059 [DEBUG] core.argyll_runner: [argyll] Added 1838/49576
2026-09-07 09:16:41,064 [DEBUG] core.argyll_runner: [argyll] Added 1849/49576
2026-09-07 09:16:41,068 [DEBUG] core.argyll_runner: [argyll] Added 1860/49576
2026-09-07 09:16:41,073 [DEBUG] core.argyll_runner: [argyll] Added 1871/49576
2026-09-07 09:16:41,078 [DEBUG] core.argyll_runner: [argyll] Added 1882/49576
2026-09-07 09:16:41,082 [DEBUG] core.argyll_runner: [argyll] Added 1893/49576
2026-09-07 09:16:41,087 [DEBUG] core.argyll_runner: [argyll] Added 1904/49576
2026-09-07 09:16:41,092 [DEBUG] core.argyll_runner: [argyll] Added 1915/49576
2026-09-07 09:16:41,097 [DEBUG] core.argyll_runner: [argyll] Added 1926/49576
2026-09-07 09:16:41,103 [DEBUG] core.argyll_runner: [argyll] Added 1937/49576
2026-09-07 09:16:41,108 [DEBUG] core.argyll_runner: [argyll] Added 1948/49576
2026-09-07 09:16:41,113 [DEBUG] core.argyll_runner: [argyll] Added 1959/49576
2026-09-07 09:16:41,119 [DEBUG] core.argyll_runner: [argyll] Added 1970/49576
2026-09-07 09:16:41,125 [DEBUG] core.argyll_runner: [argyll] Added 1981/49576
2026-09-07 09:16:41,131 [DEBUG] core.argyll_runner: [argyll] Added 1992/49576
2026-09-07 09:16:41,137 [DEBUG] core.argyll_runner: [argyll] Added 2003/49576
2026-09-07 09:16:41,142 [DEBUG] core.argyll_runner: [argyll] Added 2014/49576
2026-09-07 09:16:41,162 [DEBUG] core.argyll_runner: [argyll] 
2026-09-07 09:16:41,164 [DEBUG] core.argyll_runner: [argyll] Added 2025/49576
2026-09-07 09:16:41,164 [DEBUG] core.argyll_runner: [argyll] Added 2036/49576
2026-09-07 09:16:41,164 [DEBUG] core.argyll_runner: [argyll] Added 2047/49576
2026-09-07 09:16:41,165 [DEBUG] core.argyll_runner: [argyll] Added 2058/49576
2026-09-07 09:16:41,165 [DEBUG] core.argyll_runner: [argyll] Added 2069/49576
2026-09-07 09:16:41,165 [DEBUG] core.argyll_runner: [argyll] Added 2080/49576
2026-09-07 09:16:41,166 [DEBUG] core.argyll_runner: [argyll] Added 2091/49576
2026-09-07 09:16:41,167 [DEBUG] core.argyll_runner: [argyll] Added 2102/49576
2026-09-07 09:16:41,167 [DEBUG] core.argyll_runner: [argyll] Added 2113/49576
2026-09-07 09:16:41,168 [DEBUG] core.argyll_runner: [argyll] Added 2124/49576
2026-09-07 09:16:41,169 [DEBUG] core.argyll_runner: [argyll] Added 2135/49576
2026-09-07 09:16:41,170 [DEBUG] core.argyll_runner: [argyll] Added 2146/49576
2026-09-07 09:16:41,171 [DEBUG] core.argyll_runner: [argyll] Added 2157/49576
2026-09-07 09:16:41,172 [DEBUG] core.argyll_runner: [argyll] Added 2168/49576
2026-09-07 09:16:41,173 [DEBUG] core.argyll_runner: [argyll] Added 2179/49576
2026-09-07 09:16:41,175 [DEBUG] core.argyll_runner: [argyll] Added 2190/49576
2026-09-07 09:16:41,176 [DEBUG] core.argyll_runner: [argyll] Added 2201/49576
2026-09-07 09:16:41,177 [DEBUG] core.argyll_runner: [argyll] Added 2212/49576
2026-09-07 09:16:41,179 [DEBUG] core.argyll_runner: [argyll] Added 2223/49576
2026-09-07 09:16:41,181 [DEBUG] core.argyll_runner: [argyll] Added 2234/49576
2026-09-07 09:16:41,182 [DEBUG] core.argyll_runner: [argyll] Added 2245/49576
2026-09-07 09:16:41,184 [DEBUG] core.argyll_runner: [argyll] Added 2256/49576
2026-09-07 09:16:41,186 [DEBUG] core.argyll_runner: [argyll] Added 2267/49576
2026-09-07 09:16:41,188 [DEBUG] core.argyll_runner: [argyll] Added 2278/49576
2026-09-07 09:16:41,190 [DEBUG] core.argyll_runner: [argyll] Added 2289/49576
2026-09-07 09:16:41,192 [DEBUG] core.argyll_runner: [argyll] Added 2300/49576
2026-09-07 09:16:41,195 [DEBUG] core.argyll_runner: [argyll] Added 2311/49576
2026-09-07 09:16:41,197 [DEBUG] core.argyll_runner: [argyll] Added 2322/49576
2026-09-07 09:16:41,199 [DEBUG] core.argyll_runner: [argyll] Added 2333/49576
2026-09-07 09:16:41,202 [DEBUG] core.argyll_runner: [argyll] Added 2344/49576
2026-09-07 09:16:41,204 [DEBUG] core.argyll_runner: [argyll] Added 2355/49576
2026-09-07 09:16:41,207 [DEBUG] core.argyll_runner: [argyll] Added 2366/49576
2026-09-07 09:16:41,210 [DEBUG] core.argyll_runner: [argyll] Added 2377/49576
2026-09-07 09:16:41,213 [DEBUG] core.argyll_runner: [argyll] Added 2388/49576
2026-09-07 09:16:41,216 [DEBUG] core.argyll_runner: [argyll] Added 2399/49576
2026-09-07 09:16:41,219 [DEBUG] core.argyll_runner: [argyll] Added 2410/49576
2026-09-07 09:16:41,222 [DEBUG] core.argyll_runner: [argyll] Added 2421/49576
2026-09-07 09:16:41,225 [DEBUG] core.argyll_runner: [argyll] Added 2432/49576
2026-09-07 09:16:41,228 [DEBUG] core.argyll_runner: [argyll] Added 2443/49576
2026-09-07 09:16:41,232 [DEBUG] core.argyll_runner: [argyll] Added 2454/49576
2026-09-07 09:16:41,235 [DEBUG] core.argyll_runner: [argyll] Added 2465/49576
2026-09-07 09:16:41,239 [DEBUG] core.argyll_runner: [argyll] Added 2476/49576
2026-09-07 09:16:41,243 [DEBUG] core.argyll_runner: [argyll] Added 2487/49576
2026-09-07 09:16:41,246 [DEBUG] core.argyll_runner: [argyll] Added 2498/49576
2026-09-07 09:16:41,250 [DEBUG] core.argyll_runner: [argyll] Added 2509/49576
2026-09-07 09:16:41,254 [DEBUG] core.argyll_runner: [argyll] Added 2520/49576
2026-09-07 09:16:41,258 [DEBUG] core.argyll_runner: [argyll] Added 2531/49576
2026-09-07 09:16:41,262 [DEBUG] core.argyll_runner: [argyll] Added 2542/49576
2026-09-07 09:16:41,267 [DEBUG] core.argyll_runner: [argyll] Added 2553/49576
2026-09-07 09:16:41,271 [DEBUG] core.argyll_runner: [argyll] Added 2564/49576
2026-09-07 09:16:41,275 [DEBUG] core.argyll_runner: [argyll] Added 2575/49576
2026-09-07 09:16:41,280 [DEBUG] core.argyll_runner: [argyll] Added 2586/49576
2026-09-07 09:16:41,284 [DEBUG] core.argyll_runner: [argyll] Added 2597/49576
2026-09-07 09:16:41,289 [DEBUG] core.argyll_runner: [argyll] Added 2608/49576
2026-09-07 09:16:41,294 [DEBUG] core.argyll_runner: [argyll] Added 2619/49576
2026-09-07 09:16:41,298 [DEBUG] core.argyll_runner: [argyll] Added 2630/49576
2026-09-07 09:16:41,304 [DEBUG] core.argyll_runner: [argyll] Added 2641/49576
2026-09-07 09:16:41,308 [DEBUG] core.argyll_runner: [argyll] Added 2652/49576
2026-09-07 09:16:41,314 [DEBUG] core.argyll_runner: [argyll] Added 2663/49576
2026-09-07 09:16:41,319 [DEBUG] core.argyll_runner: [argyll] Added 2674/49576
2026-09-07 09:16:41,324 [DEBUG] core.argyll_runner: [argyll] Added 2685/49576
2026-09-07 09:16:41,329 [DEBUG] core.argyll_runner: [argyll] Added 2696/49576
2026-09-07 09:16:41,335 [DEBUG] core.argyll_runner: [argyll] Added 2707/49576
2026-09-07 09:16:41,341 [DEBUG] core.argyll_runner: [argyll] Added 2718/49576
2026-09-07 09:16:41,346 [DEBUG] core.argyll_runner: [argyll] Added 2729/49576
2026-09-07 09:16:41,352 [DEBUG] core.argyll_runner: [argyll] Added 2740/49576
2026-09-07 09:16:41,358 [DEBUG] core.argyll_runner: [argyll] Added 2751/49576
2026-09-07 09:16:41,364 [DEBUG] core.argyll_runner: [argyll] Added 2762/49576
2026-09-07 09:16:41,370 [DEBUG] core.argyll_runner: [argyll] Added 2773/49576
2026-09-07 09:16:41,376 [DEBUG] core.argyll_runner: [argyll] Added 2784/49576
2026-09-07 09:16:41,382 [DEBUG] core.argyll_runner: [argyll] Added 2795/49576
2026-09-07 09:16:41,389 [DEBUG] core.argyll_runner: [argyll] Added 2806/49576
2026-09-07 09:16:41,395 [DEBUG] core.argyll_runner: [argyll] Added 2817/49576
2026-09-07 09:16:41,402 [DEBUG] core.argyll_runner: [argyll] Added 2828/49576
2026-09-07 09:16:41,408 [DEBUG] core.argyll_runner: [argyll] Added 2839/49576
2026-09-07 09:16:41,415 [DEBUG] core.argyll_runner: [argyll] Added 2850/49576
2026-09-07 09:16:41,422 [DEBUG] core.argyll_runner: [argyll] Added 2861/49576
2026-09-07 09:16:41,429 [DEBUG] core.argyll_runner: [argyll] Added 2872/49576
2026-09-07 09:16:41,436 [DEBUG] core.argyll_runner: [argyll] Added 2883/49576
2026-09-07 09:16:41,443 [DEBUG] core.argyll_runner: [argyll] Added 2894/49576
2026-09-07 09:16:41,450 [DEBUG] core.argyll_runner: [argyll] Added 2905/49576
2026-09-07 09:16:41,458 [DEBUG] core.argyll_runner: [argyll] Added 2916/49576
2026-09-07 09:16:41,465 [DEBUG] core.argyll_runner: [argyll] Added 2927/49576
2026-09-07 09:16:41,473 [DEBUG] core.argyll_runner: [argyll] Added 2938/49576
2026-09-07 09:16:41,480 [DEBUG] core.argyll_runner: [argyll] Added 2949/49576
2026-09-07 09:16:41,488 [DEBUG] core.argyll_runner: [argyll] Added 2960/49576
2026-09-07 09:16:41,496 [DEBUG] core.argyll_runner: [argyll] Added 2971/49576
2026-09-07 09:16:41,504 [DEBUG] core.argyll_runner: [argyll] Added 2982/49576
2026-09-07 09:16:41,512 [DEBUG] core.argyll_runner: [argyll] Added 2993/49576
2026-09-07 09:16:41,520 [DEBUG] core.argyll_runner: [argyll] Added 3004/49576
2026-09-07 09:16:41,528 [DEBUG] core.argyll_runner: [argyll] Added 3015/49576
2026-09-07 09:16:41,536 [DEBUG] core.argyll_runner: [argyll] Added 3026/49576
2026-09-07 09:16:41,545 [DEBUG] core.argyll_runner: [argyll] Added 3037/49576
2026-09-07 09:16:41,553 [DEBUG] core.argyll_runner: [argyll] Added 3048/49576
2026-09-07 09:16:41,562 [DEBUG] core.argyll_runner: [argyll] Added 3059/49576
2026-09-07 09:16:41,570 [DEBUG] core.argyll_runner: [argyll] Added 3070/49576
2026-09-07 09:16:41,579 [DEBUG] core.argyll_runner: [argyll] Added 3081/49576
2026-09-07 09:16:41,587 [DEBUG] core.argyll_runner: [argyll] Added 3092/49576
2026-09-07 09:16:41,596 [DEBUG] core.argyll_runner: [argyll] Added 3103/49576
2026-09-07 09:16:41,605 [DEBUG] core.argyll_runner: [argyll] Added 3114/49576
2026-09-07 09:16:41,614 [DEBUG] core.argyll_runner: [argyll] Added 3125/49576
2026-09-07 09:16:41,623 [DEBUG] core.argyll_runner: [argyll] Added 3136/49576
2026-09-07 09:16:41,633 [DEBUG] core.argyll_runner: [argyll] Added 3147/49576
2026-09-07 09:16:41,642 [DEBUG] core.argyll_runner: [argyll] Added 3158/49576
2026-09-07 09:16:41,651 [DEBUG] core.argyll_runner: [argyll] Added 3169/49576
2026-09-07 09:16:41,661 [DEBUG] core.argyll_runner: [argyll] Added 3180/49576
2026-09-07 09:16:41,670 [DEBUG] core.argyll_runner: [argyll] Added 3191/49576
2026-09-07 09:16:41,680 [DEBUG] core.argyll_runner: [argyll] Added 3202/49576
2026-09-07 09:16:41,690 [DEBUG] core.argyll_runner: [argyll] Added 3213/49576
2026-09-07 09:16:41,699 [DEBUG] core.argyll_runner: [argyll] Added 3224/49576
2026-09-07 09:16:41,709 [DEBUG] core.argyll_runner: [argyll] Added 3235/49576
2026-09-07 09:16:41,719 [DEBUG] core.argyll_runner: [argyll] Added 3246/49576
2026-09-07 09:16:41,729 [DEBUG] core.argyll_runner: [argyll] Added 3257/49576
2026-09-07 09:16:41,740 [DEBUG] core.argyll_runner: [argyll] Added 3268/49576
2026-09-07 09:16:41,750 [DEBUG] core.argyll_runner: [argyll] Added 3279/49576
2026-09-07 09:16:41,760 [DEBUG] core.argyll_runner: [argyll] Added 3290/49576
2026-09-07 09:16:41,771 [DEBUG] core.argyll_runner: [argyll] Added 3301/49576
2026-09-07 09:16:41,781 [DEBUG] core.argyll_runner: [argyll] Added 3312/49576
2026-09-07 09:16:41,792 [DEBUG] core.argyll_runner: [argyll] Added 3323/49576
2026-09-07 09:16:41,802 [DEBUG] core.argyll_runner: [argyll] Added 3334/49576
2026-09-07 09:16:41,813 [DEBUG] core.argyll_runner: [argyll] Added 3345/49576
2026-09-07 09:16:41,824 [DEBUG] core.argyll_runner: [argyll] Added 3356/49576
2026-09-07 09:16:41,835 [DEBUG] core.argyll_runner: [argyll] Added 3367/49576
2026-09-07 09:16:41,846 [DEBUG] core.argyll_runner: [argyll] Added 3378/49576
2026-09-07 09:16:41,857 [DEBUG] core.argyll_runner: [argyll] Added 3389/49576
2026-09-07 09:16:41,869 [DEBUG] core.argyll_runner: [argyll] Added 3400/49576
2026-09-07 09:16:41,880 [DEBUG] core.argyll_runner: [argyll] Added 3411/49576
2026-09-07 09:16:41,892 [DEBUG] core.argyll_runner: [argyll] Added 3422/49576
2026-09-07 09:16:41,903 [DEBUG] core.argyll_runner: [argyll] Added 3433/49576
2026-09-07 09:16:41,915 [DEBUG] core.argyll_runner: [argyll] Added 3444/49576
2026-09-07 09:16:41,926 [DEBUG] core.argyll_runner: [argyll] Added 3455/49576
2026-09-07 09:16:41,938 [DEBUG] core.argyll_runner: [argyll] Added 3466/49576
2026-09-07 09:16:41,950 [DEBUG] core.argyll_runner: [argyll] Added 3477/49576
2026-09-07 09:16:41,962 [DEBUG] core.argyll_runner: [argyll] Added 3488/49576
2026-09-07 09:16:41,974 [DEBUG] core.argyll_runner: [argyll] Added 3499/49576
2026-09-07 09:16:41,986 [DEBUG] core.argyll_runner: [argyll] Added 3510/49576
2026-09-07 09:16:41,998 [DEBUG] core.argyll_runner: [argyll] Added 3521/49576
2026-09-07 09:16:42,010 [DEBUG] core.argyll_runner: [argyll] Added 3532/49576
2026-09-07 09:16:42,023 [DEBUG] core.argyll_runner: [argyll] Added 3543/49576
2026-09-07 09:16:42,035 [DEBUG] core.argyll_runner: [argyll] Added 3554/49576
2026-09-07 09:16:42,048 [DEBUG] core.argyll_runner: [argyll] Added 3565/49576
2026-09-07 09:16:42,060 [DEBUG] core.argyll_runner: [argyll] Added 3576/49576
2026-09-07 09:16:42,073 [DEBUG] core.argyll_runner: [argyll] Added 3587/49576
2026-09-07 09:16:42,086 [DEBUG] core.argyll_runner: [argyll] Added 3598/49576
2026-09-07 09:16:42,099 [DEBUG] core.argyll_runner: [argyll] Added 3609/49576
2026-09-07 09:16:42,112 [DEBUG] core.argyll_runner: [argyll] Added 3620/49576
2026-09-07 09:16:42,125 [DEBUG] core.argyll_runner: [argyll] Added 3631/49576
2026-09-07 09:16:42,138 [DEBUG] core.argyll_runner: [argyll] Added 3642/49576
2026-09-07 09:16:42,151 [DEBUG] core.argyll_runner: [argyll] Added 3653/49576
2026-09-07 09:16:42,164 [DEBUG] core.argyll_runner: [argyll] Added 3664/49576
2026-09-07 09:16:42,177 [DEBUG] core.argyll_runner: [argyll] Added 3675/49576
2026-09-07 09:16:42,191 [DEBUG] core.argyll_runner: [argyll] Added 3686/49576
2026-09-07 09:16:42,204 [DEBUG] core.argyll_runner: [argyll] Added 3697/49576
2026-09-07 09:16:42,218 [DEBUG] core.argyll_runner: [argyll] Added 3708/49576
2026-09-07 09:16:42,232 [DEBUG] core.argyll_runner: [argyll] Added 3719/49576
2026-09-07 09:16:42,246 [DEBUG] core.argyll_runner: [argyll] Added 3730/49576
2026-09-07 09:16:42,260 [DEBUG] core.argyll_runner: [argyll] Added 3741/49576
2026-09-07 09:16:42,274 [DEBUG] core.argyll_runner: [argyll] Added 3752/49576
2026-09-07 09:16:42,288 [DEBUG] core.argyll_runner: [argyll] Added 3763/49576
2026-09-07 09:16:42,302 [DEBUG] core.argyll_runner: [argyll] Added 3774/49576
2026-09-07 09:16:42,316 [DEBUG] core.argyll_runner: [argyll] Added 3785/49576
2026-09-07 09:16:42,331 [DEBUG] core.argyll_runner: [argyll] Added 3796/49576
2026-09-07 09:16:42,345 [DEBUG] core.argyll_runner: [argyll] Added 3807/49576
2026-09-07 09:16:42,360 [DEBUG] core.argyll_runner: [argyll] Added 3818/49576
2026-09-07 09:16:42,374 [DEBUG] core.argyll_runner: [argyll] Added 3829/49576
2026-09-07 09:16:42,389 [DEBUG] core.argyll_runner: [argyll] Added 3840/49576
2026-09-07 09:16:42,404 [DEBUG] core.argyll_runner: [argyll] Added 3851/49576
2026-09-07 09:16:42,419 [DEBUG] core.argyll_runner: [argyll] Added 3862/49576
2026-09-07 09:16:42,433 [DEBUG] core.argyll_runner: [argyll] Added 3873/49576
2026-09-07 09:16:42,448 [DEBUG] core.argyll_runner: [argyll] Added 3884/49576
2026-09-07 09:16:42,464 [DEBUG] core.argyll_runner: [argyll] Added 3895/49576
2026-09-07 09:16:42,479 [DEBUG] core.argyll_runner: [argyll] Added 3906/49576
2026-09-07 09:16:42,494 [DEBUG] core.argyll_runner: [argyll] Added 3917/49576
2026-09-07 09:16:42,510 [DEBUG] core.argyll_runner: [argyll] Added 3928/49576
2026-09-07 09:16:42,525 [DEBUG] core.argyll_runner: [argyll] Added 3939/49576
2026-09-07 09:16:42,540 [DEBUG] core.argyll_runner: [argyll] Added 3950/49576
2026-09-07 09:16:42,556 [DEBUG] core.argyll_runner: [argyll] Added 3961/49576
2026-09-07 09:16:42,572 [DEBUG] core.argyll_runner: [argyll] Added 3972/49576
2026-09-07 09:16:42,587 [DEBUG] core.argyll_runner: [argyll] Added 3983/49576
2026-09-07 09:16:42,604 [DEBUG] core.argyll_runner: [argyll] Added 3994/49576
2026-09-07 09:16:42,619 [DEBUG] core.argyll_runner: [argyll] Added 4005/49576
2026-09-07 09:16:42,636 [DEBUG] core.argyll_runner: [argyll] Added 4016/49576
2026-09-07 09:16:42,652 [DEBUG] core.argyll_runner: [argyll] Added 4027/49576
2026-09-07 09:16:42,668 [DEBUG] core.argyll_runner: [argyll] Added 4038/49576
2026-09-07 09:16:42,684 [DEBUG] core.argyll_runner: [argyll] Added 4049/49576
2026-09-07 09:16:42,701 [DEBUG] core.argyll_runner: [argyll] Added 4060/49576
2026-09-07 09:16:42,717 [DEBUG] core.argyll_runner: [argyll] Added 4071/49576
2026-09-07 09:16:42,734 [DEBUG] core.argyll_runner: [argyll] Added 4082/49576
2026-09-07 09:16:42,750 [DEBUG] core.argyll_runner: [argyll] Added 4093/49576
2026-09-07 09:16:42,767 [DEBUG] core.argyll_runner: [argyll] Added 4104/49576
2026-09-07 09:16:42,784 [DEBUG] core.argyll_runner: [argyll] Added 4115/49576
2026-09-07 09:16:42,801 [DEBUG] core.argyll_runner: [argyll] Added 4126/49576
2026-09-07 09:16:42,818 [DEBUG] core.argyll_runner: [argyll] Added 4137/49576
2026-09-07 09:16:42,835 [DEBUG] core.argyll_runner: [argyll] Added 4148/49576
2026-09-07 09:16:42,852 [DEBUG] core.argyll_runner: [argyll] Added 4159/49576
2026-09-07 09:16:42,870 [DEBUG] core.argyll_runner: [argyll] Added 4170/49576
2026-09-07 09:16:42,887 [DEBUG] core.argyll_runner: [argyll] Added 4181/49576
2026-09-07 09:16:42,904 [DEBUG] core.argyll_runner: [argyll] Added 4192/49576
2026-09-07 09:16:42,921 [DEBUG] core.argyll_runner: [argyll] Added 4203/49576
2026-09-07 09:16:42,939 [DEBUG] core.argyll_runner: [argyll] Added 4214/49576
2026-09-07 09:16:42,957 [DEBUG] core.argyll_runner: [argyll] Added 4225/49576
2026-09-07 09:16:42,975 [DEBUG] core.argyll_runner: [argyll] Added 4236/49576
2026-09-07 09:16:42,993 [DEBUG] core.argyll_runner: [argyll] Added 4247/49576
2026-09-07 09:16:43,011 [DEBUG] core.argyll_runner: [argyll] Added 4258/49576
2026-09-07 09:16:43,029 [DEBUG] core.argyll_runner: [argyll] Added 4269/49576
2026-09-07 09:16:43,047 [DEBUG] core.argyll_runner: [argyll] Added 4280/49576
2026-09-07 09:16:43,066 [DEBUG] core.argyll_runner: [argyll] Added 4291/49576
2026-09-07 09:16:43,084 [DEBUG] core.argyll_runner: [argyll] Added 4302/49576
2026-09-07 09:16:43,103 [DEBUG] core.argyll_runner: [argyll] Added 4313/49576
2026-09-07 09:16:43,121 [DEBUG] core.argyll_runner: [argyll] Added 4324/49576
2026-09-07 09:16:43,140 [DEBUG] core.argyll_runner: [argyll] Added 4335/49576
2026-09-07 09:16:43,159 [DEBUG] core.argyll_runner: [argyll] Added 4346/49576
2026-09-07 09:16:43,178 [DEBUG] core.argyll_runner: [argyll] Added 4357/49576
2026-09-07 09:16:43,197 [DEBUG] core.argyll_runner: [argyll] Added 4368/49576
2026-09-07 09:16:43,216 [DEBUG] core.argyll_runner: [argyll] Added 4379/49576
2026-09-07 09:16:43,254 [DEBUG] core.argyll_runner: [argyll] 
2026-09-07 09:16:43,260 [DEBUG] core.argyll_runner: [argyll] Added 4390/49576
2026-09-07 09:16:43,260 [DEBUG] core.argyll_runner: [argyll] Added 4401/49576
2026-09-07 09:16:43,260 [DEBUG] core.argyll_runner: [argyll] Added 4412/49576
2026-09-07 09:16:43,260 [DEBUG] core.argyll_runner: [argyll] Added 4423/49576
2026-09-07 09:16:43,261 [DEBUG] core.argyll_runner: [argyll] Added 4434/49576
2026-09-07 09:16:43,261 [DEBUG] core.argyll_runner: [argyll] Added 4445/49576
2026-09-07 09:16:43,262 [DEBUG] core.argyll_runner: [argyll] Added 4456/49576
2026-09-07 09:16:43,262 [DEBUG] core.argyll_runner: [argyll] Added 4467/49576
2026-09-07 09:16:43,263 [DEBUG] core.argyll_runner: [argyll] Added 4478/49576
2026-09-07 09:16:43,264 [DEBUG] core.argyll_runner: [argyll] Added 4489/49576
2026-09-07 09:16:43,265 [DEBUG] core.argyll_runner: [argyll] Added 4500/49576
2026-09-07 09:16:43,266 [DEBUG] core.argyll_runner: [argyll] Added 4511/49576
2026-09-07 09:16:43,267 [DEBUG] core.argyll_runner: [argyll] Added 4522/49576
2026-09-07 09:16:43,268 [DEBUG] core.argyll_runner: [argyll] Added 4533/49576
2026-09-07 09:16:43,269 [DEBUG] core.argyll_runner: [argyll] Added 4544/49576
2026-09-07 09:16:43,271 [DEBUG] core.argyll_runner: [argyll] Added 4555/49576
2026-09-07 09:16:43,272 [DEBUG] core.argyll_runner: [argyll] Added 4566/49576
2026-09-07 09:16:43,273 [DEBUG] core.argyll_runner: [argyll] Added 4577/49576
2026-09-07 09:16:43,275 [DEBUG] core.argyll_runner: [argyll] Added 4588/49576
2026-09-07 09:16:43,277 [DEBUG] core.argyll_runner: [argyll] Added 4599/49576
2026-09-07 09:16:43,278 [DEBUG] core.argyll_runner: [argyll] Added 4610/49576
2026-09-07 09:16:43,280 [DEBUG] core.argyll_runner: [argyll] Added 4621/49576
2026-09-07 09:16:43,282 [DEBUG] core.argyll_runner: [argyll] Added 4632/49576
2026-09-07 09:16:43,284 [DEBUG] core.argyll_runner: [argyll] Added 4643/49576
2026-09-07 09:16:43,286 [DEBUG] core.argyll_runner: [argyll] Added 4654/49576
2026-09-07 09:16:43,288 [DEBUG] core.argyll_runner: [argyll] Added 4665/49576
2026-09-07 09:16:43,291 [DEBUG] core.argyll_runner: [argyll] Added 4676/49576
2026-09-07 09:16:43,293 [DEBUG] core.argyll_runner: [argyll] Added 4687/49576
2026-09-07 09:16:43,296 [DEBUG] core.argyll_runner: [argyll] Added 4698/49576
2026-09-07 09:16:43,298 [DEBUG] core.argyll_runner: [argyll] Added 4709/49576
2026-09-07 09:16:43,301 [DEBUG] core.argyll_runner: [argyll] Added 4720/49576
2026-09-07 09:16:43,303 [DEBUG] core.argyll_runner: [argyll] Added 4731/49576
2026-09-07 09:16:43,306 [DEBUG] core.argyll_runner: [argyll] Added 4742/49576
2026-09-07 09:16:43,309 [DEBUG] core.argyll_runner: [argyll] Added 4753/49576
2026-09-07 09:16:43,312 [DEBUG] core.argyll_runner: [argyll] Added 4764/49576
2026-09-07 09:16:43,315 [DEBUG] core.argyll_runner: [argyll] Added 4775/49576
2026-09-07 09:16:43,318 [DEBUG] core.argyll_runner: [argyll] Added 4786/49576
2026-09-07 09:16:43,322 [DEBUG] core.argyll_runner: [argyll] Added 4797/49576
2026-09-07 09:16:43,325 [DEBUG] core.argyll_runner: [argyll] Added 4808/49576
2026-09-07 09:16:43,328 [DEBUG] core.argyll_runner: [argyll] Added 4819/49576
2026-09-07 09:16:43,332 [DEBUG] core.argyll_runner: [argyll] Added 4830/49576
2026-09-07 09:16:43,335 [DEBUG] core.argyll_runner: [argyll] Added 4841/49576
2026-09-07 09:16:43,339 [DEBUG] core.argyll_runner: [argyll] Added 4852/49576
2026-09-07 09:16:43,343 [DEBUG] core.argyll_runner: [argyll] Added 4863/49576
2026-09-07 09:16:43,347 [DEBUG] core.argyll_runner: [argyll] Added 4874/49576
2026-09-07 09:16:43,350 [DEBUG] core.argyll_runner: [argyll] Added 4885/49576
2026-09-07 09:16:43,354 [DEBUG] core.argyll_runner: [argyll] Added 4896/49576
2026-09-07 09:16:43,359 [DEBUG] core.argyll_runner: [argyll] Added 4907/49576
2026-09-07 09:16:43,363 [DEBUG] core.argyll_runner: [argyll] Added 4918/49576
2026-09-07 09:16:43,367 [DEBUG] core.argyll_runner: [argyll] Added 4929/49576
2026-09-07 09:16:43,371 [DEBUG] core.argyll_runner: [argyll] Added 4940/49576
2026-09-07 09:16:43,376 [DEBUG] core.argyll_runner: [argyll] Added 4951/49576
2026-09-07 09:16:43,380 [DEBUG] core.argyll_runner: [argyll] Added 4962/49576
2026-09-07 09:16:43,385 [DEBUG] core.argyll_runner: [argyll] Added 4973/49576
2026-09-07 09:16:43,390 [DEBUG] core.argyll_runner: [argyll] Added 4984/49576
2026-09-07 09:16:43,395 [DEBUG] core.argyll_runner: [argyll] Added 4995/49576
2026-09-07 09:16:43,400 [DEBUG] core.argyll_runner: [argyll] Added 5006/49576
2026-09-07 09:16:43,405 [DEBUG] core.argyll_runner: [argyll] Added 5017/49576
2026-09-07 09:16:43,410 [DEBUG] core.argyll_runner: [argyll] Added 5028/49576
2026-09-07 09:16:43,416 [DEBUG] core.argyll_runner: [argyll] Added 5039/49576
2026-09-07 09:16:43,421 [DEBUG] core.argyll_runner: [argyll] Added 5050/49576
2026-09-07 09:16:43,427 [DEBUG] core.argyll_runner: [argyll] Added 5061/49576
2026-09-07 09:16:43,433 [DEBUG] core.argyll_runner: [argyll] Added 5072/49576
2026-09-07 09:16:43,439 [DEBUG] core.argyll_runner: [argyll] Added 5083/49576
2026-09-07 09:16:43,446 [DEBUG] core.argyll_runner: [argyll] Added 5094/49576
2026-09-07 09:16:43,452 [DEBUG] core.argyll_runner: [argyll] Added 5105/49576
2026-09-07 09:16:43,459 [DEBUG] core.argyll_runner: [argyll] Added 5116/49576
2026-09-07 09:16:43,465 [DEBUG] core.argyll_runner: [argyll] Added 5127/49576
2026-09-07 09:16:43,472 [DEBUG] core.argyll_runner: [argyll] Added 5138/49576
2026-09-07 09:16:43,479 [DEBUG] core.argyll_runner: [argyll] Added 5149/49576
2026-09-07 09:16:43,486 [DEBUG] core.argyll_runner: [argyll] Added 5160/49576
2026-09-07 09:16:43,493 [DEBUG] core.argyll_runner: [argyll] Added 5171/49576
2026-09-07 09:16:43,501 [DEBUG] core.argyll_runner: [argyll] Added 5182/49576
2026-09-07 09:16:43,508 [DEBUG] core.argyll_runner: [argyll] Added 5193/49576
2026-09-07 09:16:43,516 [DEBUG] core.argyll_runner: [argyll] Added 5204/49576
2026-09-07 09:16:43,524 [DEBUG] core.argyll_runner: [argyll] Added 5215/49576
2026-09-07 09:16:43,532 [DEBUG] core.argyll_runner: [argyll] Added 5226/49576
2026-09-07 09:16:43,540 [DEBUG] core.argyll_runner: [argyll] Added 5237/49576
2026-09-07 09:16:43,548 [DEBUG] core.argyll_runner: [argyll] Added 5248/49576
2026-09-07 09:16:43,556 [DEBUG] core.argyll_runner: [argyll] Added 5259/49576
2026-09-07 09:16:43,565 [DEBUG] core.argyll_runner: [argyll] Added 5270/49576
2026-09-07 09:16:43,574 [DEBUG] core.argyll_runner: [argyll] Added 5281/49576
2026-09-07 09:16:43,582 [DEBUG] core.argyll_runner: [argyll] Added 5292/49576
2026-09-07 09:16:43,591 [DEBUG] core.argyll_runner: [argyll] Added 5303/49576
2026-09-07 09:16:43,600 [DEBUG] core.argyll_runner: [argyll] Added 5314/49576
2026-09-07 09:16:43,609 [DEBUG] core.argyll_runner: [argyll] Added 5325/49576
2026-09-07 09:16:43,619 [DEBUG] core.argyll_runner: [argyll] Added 5336/49576
2026-09-07 09:16:43,629 [DEBUG] core.argyll_runner: [argyll] Added 5347/49576
2026-09-07 09:16:43,639 [DEBUG] core.argyll_runner: [argyll] Added 5358/49576
2026-09-07 09:16:43,648 [DEBUG] core.argyll_runner: [argyll] Added 5369/49576
2026-09-07 09:16:43,658 [DEBUG] core.argyll_runner: [argyll] Added 5380/49576
2026-09-07 09:16:43,669 [DEBUG] core.argyll_runner: [argyll] Added 5391/49576
2026-09-07 09:16:43,679 [DEBUG] core.argyll_runner: [argyll] Added 5402/49576
2026-09-07 09:16:43,689 [DEBUG] core.argyll_runner: [argyll] Added 5413/49576
2026-09-07 09:16:43,700 [DEBUG] core.argyll_runner: [argyll] Added 5424/49576
2026-09-07 09:16:43,711 [DEBUG] core.argyll_runner: [argyll] Added 5435/49576
2026-09-07 09:16:43,722 [DEBUG] core.argyll_runner: [argyll] Added 5446/49576
2026-09-07 09:16:43,733 [DEBUG] core.argyll_runner: [argyll] Added 5457/49576
2026-09-07 09:16:43,744 [DEBUG] core.argyll_runner: [argyll] Added 5468/49576
2026-09-07 09:16:43,755 [DEBUG] core.argyll_runner: [argyll] Added 5479/49576
2026-09-07 09:16:43,766 [DEBUG] core.argyll_runner: [argyll] Added 5490/49576
2026-09-07 09:16:43,778 [DEBUG] core.argyll_runner: [argyll] Added 5501/49576
2026-09-07 09:16:43,789 [DEBUG] core.argyll_runner: [argyll] Added 5512/49576
2026-09-07 09:16:43,801 [DEBUG] core.argyll_runner: [argyll] Added 5523/49576
2026-09-07 09:16:43,812 [DEBUG] core.argyll_runner: [argyll] Added 5534/49576
2026-09-07 09:16:43,824 [DEBUG] core.argyll_runner: [argyll] Added 5545/49576
2026-09-07 09:16:43,836 [DEBUG] core.argyll_runner: [argyll] Added 5556/49576
2026-09-07 09:16:43,849 [DEBUG] core.argyll_runner: [argyll] Added 5567/49576
2026-09-07 09:16:43,861 [DEBUG] core.argyll_runner: [argyll] Added 5578/49576
2026-09-07 09:16:43,874 [DEBUG] core.argyll_runner: [argyll] Added 5589/49576
2026-09-07 09:16:43,886 [DEBUG] core.argyll_runner: [argyll] Added 5600/49576
2026-09-07 09:16:43,899 [DEBUG] core.argyll_runner: [argyll] Added 5611/49576
2026-09-07 09:16:43,912 [DEBUG] core.argyll_runner: [argyll] Added 5622/49576
2026-09-07 09:16:43,926 [DEBUG] core.argyll_runner: [argyll] Added 5633/49576
2026-09-07 09:16:43,939 [DEBUG] core.argyll_runner: [argyll] Added 5644/49576
2026-09-07 09:16:43,952 [DEBUG] core.argyll_runner: [argyll] Added 5655/49576
2026-09-07 09:16:43,965 [DEBUG] core.argyll_runner: [argyll] Added 5666/49576
2026-09-07 09:16:43,979 [DEBUG] core.argyll_runner: [argyll] Added 5677/49576
2026-09-07 09:16:43,993 [DEBUG] core.argyll_runner: [argyll] Added 5688/49576
2026-09-07 09:16:44,007 [DEBUG] core.argyll_runner: [argyll] Added 5699/49576
2026-09-07 09:16:44,021 [DEBUG] core.argyll_runner: [argyll] Added 5710/49576
2026-09-07 09:16:44,035 [DEBUG] core.argyll_runner: [argyll] Added 5721/49576
2026-09-07 09:16:44,050 [DEBUG] core.argyll_runner: [argyll] Added 5732/49576
2026-09-07 09:16:44,064 [DEBUG] core.argyll_runner: [argyll] Added 5743/49576
2026-09-07 09:16:44,079 [DEBUG] core.argyll_runner: [argyll] Added 5754/49576
2026-09-07 09:16:44,094 [DEBUG] core.argyll_runner: [argyll] Added 5765/49576
2026-09-07 09:16:44,109 [DEBUG] core.argyll_runner: [argyll] Added 5776/49576
2026-09-07 09:16:44,124 [DEBUG] core.argyll_runner: [argyll] Added 5787/49576
2026-09-07 09:16:44,139 [DEBUG] core.argyll_runner: [argyll] Added 5798/49576
2026-09-07 09:16:44,154 [DEBUG] core.argyll_runner: [argyll] Added 5809/49576
2026-09-07 09:16:44,169 [DEBUG] core.argyll_runner: [argyll] Added 5820/49576
2026-09-07 09:16:44,185 [DEBUG] core.argyll_runner: [argyll] Added 5831/49576
2026-09-07 09:16:44,201 [DEBUG] core.argyll_runner: [argyll] Added 5842/49576
2026-09-07 09:16:44,216 [DEBUG] core.argyll_runner: [argyll] Added 5853/49576
2026-09-07 09:16:44,232 [DEBUG] core.argyll_runner: [argyll] Added 5864/49576
2026-09-07 09:16:44,249 [DEBUG] core.argyll_runner: [argyll] Added 5875/49576
2026-09-07 09:16:44,265 [DEBUG] core.argyll_runner: [argyll] Added 5886/49576
2026-09-07 09:16:44,281 [DEBUG] core.argyll_runner: [argyll] Added 5897/49576
2026-09-07 09:16:44,298 [DEBUG] core.argyll_runner: [argyll] Added 5908/49576
2026-09-07 09:16:44,314 [DEBUG] core.argyll_runner: [argyll] Added 5919/49576
2026-09-07 09:16:44,331 [DEBUG] core.argyll_runner: [argyll] Added 5930/49576
2026-09-07 09:16:44,348 [DEBUG] core.argyll_runner: [argyll] Added 5941/49576
2026-09-07 09:16:44,365 [DEBUG] core.argyll_runner: [argyll] Added 5952/49576
2026-09-07 09:16:44,383 [DEBUG] core.argyll_runner: [argyll] Added 5963/49576
2026-09-07 09:16:44,400 [DEBUG] core.argyll_runner: [argyll] Added 5974/49576
2026-09-07 09:16:44,418 [DEBUG] core.argyll_runner: [argyll] Added 5985/49576
2026-09-07 09:16:44,436 [DEBUG] core.argyll_runner: [argyll] Added 5996/49576
2026-09-07 09:16:44,454 [DEBUG] core.argyll_runner: [argyll] Added 6007/49576
2026-09-07 09:16:44,472 [DEBUG] core.argyll_runner: [argyll] Added 6018/49576
2026-09-07 09:16:44,490 [DEBUG] core.argyll_runner: [argyll] Added 6029/49576
2026-09-07 09:16:44,508 [DEBUG] core.argyll_runner: [argyll] Added 6040/49576
2026-09-07 09:16:44,526 [DEBUG] core.argyll_runner: [argyll] Added 6051/49576
2026-09-07 09:16:44,545 [DEBUG] core.argyll_runner: [argyll] Added 6062/49576
2026-09-07 09:16:44,563 [DEBUG] core.argyll_runner: [argyll] Added 6073/49576
2026-09-07 09:16:44,582 [DEBUG] core.argyll_runner: [argyll] Added 6084/49576
2026-09-07 09:16:44,601 [DEBUG] core.argyll_runner: [argyll] Added 6095/49576
2026-09-07 09:16:44,622 [DEBUG] core.argyll_runner: [argyll] Added 6106/49576
2026-09-07 09:16:44,642 [DEBUG] core.argyll_runner: [argyll] Added 6117/49576
2026-09-07 09:16:44,663 [DEBUG] core.argyll_runner: [argyll] Added 6128/49576
2026-09-07 09:16:44,684 [DEBUG] core.argyll_runner: [argyll] Added 6139/49576
2026-09-07 09:16:44,705 [DEBUG] core.argyll_runner: [argyll] Added 6150/49576
2026-09-07 09:16:44,726 [DEBUG] core.argyll_runner: [argyll] Added 6161/49576
2026-09-07 09:16:44,748 [DEBUG] core.argyll_runner: [argyll] Added 6172/49576
2026-09-07 09:16:44,768 [DEBUG] core.argyll_runner: [argyll] Added 6183/49576
2026-09-07 09:16:44,788 [DEBUG] core.argyll_runner: [argyll] Added 6194/49576
2026-09-07 09:16:44,808 [DEBUG] core.argyll_runner: [argyll] Added 6205/49576
2026-09-07 09:16:44,829 [DEBUG] core.argyll_runner: [argyll] Added 6216/49576
2026-09-07 09:16:44,849 [DEBUG] core.argyll_runner: [argyll] Added 6227/49576
2026-09-07 09:16:44,870 [DEBUG] core.argyll_runner: [argyll] Added 6238/49576
2026-09-07 09:16:44,891 [DEBUG] core.argyll_runner: [argyll] Added 6249/49576
2026-09-07 09:16:44,913 [DEBUG] core.argyll_runner: [argyll] Added 6260/49576
2026-09-07 09:16:44,934 [DEBUG] core.argyll_runner: [argyll] Added 6271/49576
2026-09-07 09:16:44,955 [DEBUG] core.argyll_runner: [argyll] Added 6282/49576
2026-09-07 09:16:44,977 [DEBUG] core.argyll_runner: [argyll] Added 6293/49576
2026-09-07 09:16:44,998 [DEBUG] core.argyll_runner: [argyll] Added 6304/49576
2026-09-07 09:16:45,020 [DEBUG] core.argyll_runner: [argyll] Added 6315/49576
2026-09-07 09:16:45,037 [DEBUG] core.argyll_runner: [argyll] Added 6326/49576
2026-09-07 09:16:45,050 [DEBUG] core.argyll_runner: [argyll] Added 6337/49576
2026-09-07 09:16:45,062 [DEBUG] core.argyll_runner: [argyll] Added 6348/49576
2026-09-07 09:16:45,075 [DEBUG] core.argyll_runner: [argyll] Added 6359/49576
2026-09-07 09:16:45,088 [DEBUG] core.argyll_runner: [argyll] Added 6370/49576
2026-09-07 09:16:45,101 [DEBUG] core.argyll_runner: [argyll] Added 6381/49576
2026-09-07 09:16:45,114 [DEBUG] core.argyll_runner: [argyll] Added 6392/49576
2026-09-07 09:16:45,127 [DEBUG] core.argyll_runner: [argyll] Added 6403/49576
2026-09-07 09:16:45,140 [DEBUG] core.argyll_runner: [argyll] Added 6414/49576
2026-09-07 09:16:45,154 [DEBUG] core.argyll_runner: [argyll] Added 6425/49576
2026-09-07 09:16:45,168 [DEBUG] core.argyll_runner: [argyll] Added 6436/49576
2026-09-07 09:16:45,181 [DEBUG] core.argyll_runner: [argyll] Added 6447/49576
2026-09-07 09:16:45,195 [DEBUG] core.argyll_runner: [argyll] Added 6458/49576
2026-09-07 09:16:45,209 [DEBUG] core.argyll_runner: [argyll] Added 6469/49576
2026-09-07 09:16:45,223 [DEBUG] core.argyll_runner: [argyll] Added 6480/49576
2026-09-07 09:16:45,238 [DEBUG] core.argyll_runner: [argyll] Added 6491/49576
2026-09-07 09:16:45,252 [DEBUG] core.argyll_runner: [argyll] Added 6502/49576
2026-09-07 09:16:45,267 [DEBUG] core.argyll_runner: [argyll] Added 6513/49576
2026-09-07 09:16:45,282 [DEBUG] core.argyll_runner: [argyll] Added 6524/49576
2026-09-07 09:16:45,297 [DEBUG] core.argyll_runner: [argyll] Added 6535/49576
2026-09-07 09:16:45,312 [DEBUG] core.argyll_runner: [argyll] Added 6546/49576
2026-09-07 09:16:45,327 [DEBUG] core.argyll_runner: [argyll] Added 6557/49576
2026-09-07 09:16:45,343 [DEBUG] core.argyll_runner: [argyll] Added 6568/49576
2026-09-07 09:16:45,358 [DEBUG] core.argyll_runner: [argyll] Added 6579/49576
2026-09-07 09:16:45,374 [DEBUG] core.argyll_runner: [argyll] Added 6590/49576
2026-09-07 09:16:45,390 [DEBUG] core.argyll_runner: [argyll] Added 6601/49576
2026-09-07 09:16:45,406 [DEBUG] core.argyll_runner: [argyll] Added 6612/49576
2026-09-07 09:16:45,422 [DEBUG] core.argyll_runner: [argyll] Added 6623/49576
2026-09-07 09:16:45,438 [DEBUG] core.argyll_runner: [argyll] Added 6634/49576
2026-09-07 09:16:45,454 [DEBUG] core.argyll_runner: [argyll] Added 6645/49576
2026-09-07 09:16:45,471 [DEBUG] core.argyll_runner: [argyll] Added 6656/49576
2026-09-07 09:16:45,488 [DEBUG] core.argyll_runner: [argyll] Added 6667/49576
2026-09-07 09:16:45,504 [DEBUG] core.argyll_runner: [argyll] Added 6678/49576
2026-09-07 09:16:45,521 [DEBUG] core.argyll_runner: [argyll] Added 6689/49576
2026-09-07 09:16:45,538 [DEBUG] core.argyll_runner: [argyll] Added 6700/49576
2026-09-07 09:16:45,556 [DEBUG] core.argyll_runner: [argyll] Added 6711/49576
2026-09-07 09:16:45,573 [DEBUG] core.argyll_runner: [argyll] Added 6722/49576
2026-09-07 09:16:45,590 [DEBUG] core.argyll_runner: [argyll] Added 6733/49576
2026-09-07 09:16:45,608 [DEBUG] core.argyll_runner: [argyll] Added 6744/49576
2026-09-07 09:16:45,626 [DEBUG] core.argyll_runner: [argyll] Added 6755/49576
2026-09-07 09:16:45,643 [DEBUG] core.argyll_runner: [argyll] Added 6766/49576
2026-09-07 09:16:45,662 [DEBUG] core.argyll_runner: [argyll] Added 6777/49576
2026-09-07 09:16:45,680 [DEBUG] core.argyll_runner: [argyll] Added 6788/49576
2026-09-07 09:16:45,698 [DEBUG] core.argyll_runner: [argyll] Added 6799/49576
2026-09-07 09:16:45,716 [DEBUG] core.argyll_runner: [argyll] Added 6810/49576
2026-09-07 09:16:45,735 [DEBUG] core.argyll_runner: [argyll] Added 6821/49576
2026-09-07 09:16:45,753 [DEBUG] core.argyll_runner: [argyll] Added 6832/49576
2026-09-07 09:16:45,772 [DEBUG] core.argyll_runner: [argyll] Added 6843/49576
2026-09-07 09:16:45,791 [DEBUG] core.argyll_runner: [argyll] Added 6854/49576
2026-09-07 09:16:45,810 [DEBUG] core.argyll_runner: [argyll] Added 6865/49576
2026-09-07 09:16:45,829 [DEBUG] core.argyll_runner: [argyll] Added 6876/49576
2026-09-07 09:16:45,848 [DEBUG] core.argyll_runner: [argyll] Added 6887/49576
2026-09-07 09:16:45,867 [DEBUG] core.argyll_runner: [argyll] Added 6898/49576
2026-09-07 09:16:45,887 [DEBUG] core.argyll_runner: [argyll] Added 6909/49576
2026-09-07 09:16:45,908 [DEBUG] core.argyll_runner: [argyll] Added 6920/49576
2026-09-07 09:16:45,927 [DEBUG] core.argyll_runner: [argyll] Added 6931/49576
2026-09-07 09:16:45,947 [DEBUG] core.argyll_runner: [argyll] Added 6942/49576
2026-09-07 09:16:45,967 [DEBUG] core.argyll_runner: [argyll] Added 6953/49576
2026-09-07 09:16:45,987 [DEBUG] core.argyll_runner: [argyll] Added 6964/49576
2026-09-07 09:16:46,007 [DEBUG] core.argyll_runner: [argyll] Added 6975/49576
2026-09-07 09:16:46,027 [DEBUG] core.argyll_runner: [argyll] Added 6986/49576
2026-09-07 09:16:46,048 [DEBUG] core.argyll_runner: [argyll] Added 6997/49576
2026-09-07 09:16:46,069 [DEBUG] core.argyll_runner: [argyll] Added 7008/49576
2026-09-07 09:16:46,090 [DEBUG] core.argyll_runner: [argyll] Added 7019/49576
2026-09-07 09:16:46,111 [DEBUG] core.argyll_runner: [argyll] Added 7030/49576
2026-09-07 09:16:46,132 [DEBUG] core.argyll_runner: [argyll] Added 7041/49576
2026-09-07 09:16:46,153 [DEBUG] core.argyll_runner: [argyll] Added 7052/49576
2026-09-07 09:16:46,174 [DEBUG] core.argyll_runner: [argyll] Added 7063/49576
2026-09-07 09:16:46,196 [DEBUG] core.argyll_runner: [argyll] Added 7074/49576
2026-09-07 09:16:46,217 [DEBUG] core.argyll_runner: [argyll] Added 7085/49576
2026-09-07 09:16:46,239 [DEBUG] core.argyll_runner: [argyll] Added 7096/49576
2026-09-07 09:16:46,261 [DEBUG] core.argyll_runner: [argyll] Added 7107/49576
2026-09-07 09:16:46,283 [DEBUG] core.argyll_runner: [argyll] Added 7118/49576
2026-09-07 09:16:46,306 [DEBUG] core.argyll_runner: [argyll] Added 7129/49576
2026-09-07 09:16:46,328 [DEBUG] core.argyll_runner: [argyll] Added 7140/49576
2026-09-07 09:16:46,351 [DEBUG] core.argyll_runner: [argyll] Added 7151/49576
2026-09-07 09:16:46,373 [DEBUG] core.argyll_runner: [argyll] Added 7162/49576
2026-09-07 09:16:46,396 [DEBUG] core.argyll_runner: [argyll] Added 7173/49576
2026-09-07 09:16:46,419 [DEBUG] core.argyll_runner: [argyll] Added 7184/49576
2026-09-07 09:16:46,442 [DEBUG] core.argyll_runner: [argyll] Added 7195/49576
2026-09-07 09:16:46,465 [DEBUG] core.argyll_runner: [argyll] Added 7206/49576
2026-09-07 09:16:46,489 [DEBUG] core.argyll_runner: [argyll] Added 7217/49576
2026-09-07 09:16:46,512 [DEBUG] core.argyll_runner: [argyll] Added 7228/49576
2026-09-07 09:16:46,536 [DEBUG] core.argyll_runner: [argyll] Added 7239/49576
2026-09-07 09:16:46,560 [DEBUG] core.argyll_runner: [argyll] Added 7250/49576
2026-09-07 09:16:46,584 [DEBUG] core.argyll_runner: [argyll] Added 7261/49576
2026-09-07 09:16:46,608 [DEBUG] core.argyll_runner: [argyll] Added 7272/49576
2026-09-07 09:16:46,632 [DEBUG] core.argyll_runner: [argyll] Added 7283/49576
2026-09-07 09:16:46,656 [DEBUG] core.argyll_runner: [argyll] Added 7294/49576
2026-09-07 09:16:46,681 [DEBUG] core.argyll_runner: [argyll] Added 7305/49576
2026-09-07 09:16:46,706 [DEBUG] core.argyll_runner: [argyll] Added 7316/49576
2026-09-07 09:16:46,730 [DEBUG] core.argyll_runner: [argyll] Added 7327/49576
2026-09-07 09:16:46,756 [DEBUG] core.argyll_runner: [argyll] Added 7338/49576
2026-09-07 09:16:46,781 [DEBUG] core.argyll_runner: [argyll] Added 7349/49576
2026-09-07 09:16:46,806 [DEBUG] core.argyll_runner: [argyll] Added 7360/49576
2026-09-07 09:16:46,831 [DEBUG] core.argyll_runner: [argyll] Added 7371/49576
2026-09-07 09:16:46,856 [DEBUG] core.argyll_runner: [argyll] Added 7382/49576
2026-09-07 09:16:46,882 [DEBUG] core.argyll_runner: [argyll] Added 7393/49576
2026-09-07 09:16:46,908 [DEBUG] core.argyll_runner: [argyll] Added 7404/49576
2026-09-07 09:16:46,933 [DEBUG] core.argyll_runner: [argyll] Added 7415/49576
2026-09-07 09:16:46,959 [DEBUG] core.argyll_runner: [argyll] Added 7426/49576
2026-09-07 09:16:46,985 [DEBUG] core.argyll_runner: [argyll] Added 7437/49576
2026-09-07 09:16:47,012 [DEBUG] core.argyll_runner: [argyll] Added 7448/49576
2026-09-07 09:16:47,038 [DEBUG] core.argyll_runner: [argyll] Added 7459/49576
2026-09-07 09:16:47,065 [DEBUG] core.argyll_runner: [argyll] Added 7470/49576
2026-09-07 09:16:47,092 [DEBUG] core.argyll_runner: [argyll] Added 7481/49576
2026-09-07 09:16:47,119 [DEBUG] core.argyll_runner: [argyll] Added 7492/49576
2026-09-07 09:16:47,147 [DEBUG] core.argyll_runner: [argyll] Added 7503/49576
2026-09-07 09:16:47,175 [DEBUG] core.argyll_runner: [argyll] Added 7514/49576
2026-09-07 09:16:47,202 [DEBUG] core.argyll_runner: [argyll] Added 7525/49576
2026-09-07 09:16:47,230 [DEBUG] core.argyll_runner: [argyll] Added 7536/49576
2026-09-07 09:16:47,258 [DEBUG] core.argyll_runner: [argyll] Added 7547/49576
2026-09-07 09:16:47,287 [DEBUG] core.argyll_runner: [argyll] Added 7558/49576
2026-09-07 09:16:47,315 [DEBUG] core.argyll_runner: [argyll] Added 7569/49576
2026-09-07 09:16:47,344 [DEBUG] core.argyll_runner: [argyll] Added 7580/49576
2026-09-07 09:16:47,372 [DEBUG] core.argyll_runner: [argyll] Added 7591/49576
2026-09-07 09:16:47,401 [DEBUG] core.argyll_runner: [argyll] Added 7602/49576
2026-09-07 09:16:47,430 [DEBUG] core.argyll_runner: [argyll] Added 7613/49576
2026-09-07 09:16:47,459 [DEBUG] core.argyll_runner: [argyll] Added 7624/49576
2026-09-07 09:16:47,488 [DEBUG] core.argyll_runner: [argyll] Added 7635/49576
2026-09-07 09:16:47,518 [DEBUG] core.argyll_runner: [argyll] Added 7646/49576
2026-09-07 09:16:47,547 [DEBUG] core.argyll_runner: [argyll] Added 7657/49576
2026-09-07 09:16:47,577 [DEBUG] core.argyll_runner: [argyll] Added 7668/49576
2026-09-07 09:16:47,606 [DEBUG] core.argyll_runner: [argyll] Added 7679/49576
2026-09-07 09:16:47,636 [DEBUG] core.argyll_runner: [argyll] Added 7690/49576
2026-09-07 09:16:47,666 [DEBUG] core.argyll_runner: [argyll] Added 7701/49576
2026-09-07 09:16:47,696 [DEBUG] core.argyll_runner: [argyll] Added 7712/49576
2026-09-07 09:16:47,726 [DEBUG] core.argyll_runner: [argyll] Added 7723/49576
2026-09-07 09:16:47,756 [DEBUG] core.argyll_runner: [argyll] Added 7734/49576
2026-09-07 09:16:47,786 [DEBUG] core.argyll_runner: [argyll] Added 7745/49576
2026-09-07 09:16:47,816 [DEBUG] core.argyll_runner: [argyll] Added 7756/49576
2026-09-07 09:16:47,847 [DEBUG] core.argyll_runner: [argyll] Added 7767/49576
2026-09-07 09:16:47,877 [DEBUG] core.argyll_runner: [argyll] Added 7778/49576
2026-09-07 09:16:47,908 [DEBUG] core.argyll_runner: [argyll] Added 7789/49576
2026-09-07 09:16:47,939 [DEBUG] core.argyll_runner: [argyll] Added 7800/49576
2026-09-07 09:16:47,969 [DEBUG] core.argyll_runner: [argyll] Added 7811/49576
2026-09-07 09:16:48,000 [DEBUG] core.argyll_runner: [argyll] Added 7822/49576
2026-09-07 09:16:48,031 [DEBUG] core.argyll_runner: [argyll] Added 7833/49576
2026-09-07 09:16:48,062 [DEBUG] core.argyll_runner: [argyll] Added 7844/49576
2026-09-07 09:16:48,094 [DEBUG] core.argyll_runner: [argyll] Added 7855/49576
2026-09-07 09:16:48,127 [DEBUG] core.argyll_runner: [argyll] Added 7866/49576
2026-09-07 09:16:48,159 [DEBUG] core.argyll_runner: [argyll] Added 7877/49576
2026-09-07 09:16:48,192 [DEBUG] core.argyll_runner: [argyll] Added 7888/49576
2026-09-07 09:16:48,225 [DEBUG] core.argyll_runner: [argyll] Added 7899/49576
2026-09-07 09:16:48,258 [DEBUG] core.argyll_runner: [argyll] Added 7910/49576
2026-09-07 09:16:48,291 [DEBUG] core.argyll_runner: [argyll] Added 7921/49576
2026-09-07 09:16:48,324 [DEBUG] core.argyll_runner: [argyll] Added 7932/49576
2026-09-07 09:16:48,357 [DEBUG] core.argyll_runner: [argyll] Added 7943/49576
2026-09-07 09:16:48,390 [DEBUG] core.argyll_runner: [argyll] Added 7954/49576
2026-09-07 09:16:48,423 [DEBUG] core.argyll_runner: [argyll] Added 7965/49576
2026-09-07 09:16:48,456 [DEBUG] core.argyll_runner: [argyll] Added 7976/49576
2026-09-07 09:16:48,490 [DEBUG] core.argyll_runner: [argyll] Added 7987/49576
2026-09-07 09:16:48,524 [DEBUG] core.argyll_runner: [argyll] Added 7998/49576
2026-09-07 09:16:48,557 [DEBUG] core.argyll_runner: [argyll] Added 8009/49576
2026-09-07 09:16:48,591 [DEBUG] core.argyll_runner: [argyll] Added 8020/49576
2026-09-07 09:16:48,625 [DEBUG] core.argyll_runner: [argyll] Added 8031/49576
2026-09-07 09:16:48,659 [DEBUG] core.argyll_runner: [argyll] Added 8042/49576
2026-09-07 09:16:48,693 [DEBUG] core.argyll_runner: [argyll] Added 8053/49576
2026-09-07 09:16:48,723 [DEBUG] core.argyll_runner: [argyll] Added 8064/49576
2026-09-07 09:16:48,748 [DEBUG] core.argyll_runner: [argyll] Added 8075/49576
2026-09-07 09:16:48,772 [DEBUG] core.argyll_runner: [argyll] Added 8086/49576
2026-09-07 09:16:48,798 [DEBUG] core.argyll_runner: [argyll] Added 8097/49576
2026-09-07 09:16:48,823 [DEBUG] core.argyll_runner: [argyll] Added 8108/49576
2026-09-07 09:16:48,849 [DEBUG] core.argyll_runner: [argyll] Added 8119/49576
2026-09-07 09:16:48,874 [DEBUG] core.argyll_runner: [argyll] Added 8130/49576
2026-09-07 09:16:48,900 [DEBUG] core.argyll_runner: [argyll] Added 8141/49576
2026-09-07 09:16:48,925 [DEBUG] core.argyll_runner: [argyll] Added 8152/49576
2026-09-07 09:16:48,951 [DEBUG] core.argyll_runner: [argyll] Added 8163/49576
2026-09-07 09:16:48,978 [DEBUG] core.argyll_runner: [argyll] Added 8174/49576
2026-09-07 09:16:49,004 [DEBUG] core.argyll_runner: [argyll] Added 8185/49576
2026-09-07 09:16:49,031 [DEBUG] core.argyll_runner: [argyll] Added 8196/49576
2026-09-07 09:16:49,058 [DEBUG] core.argyll_runner: [argyll] Added 8207/49576
2026-09-07 09:16:49,085 [DEBUG] core.argyll_runner: [argyll] Added 8218/49576
2026-09-07 09:16:49,112 [DEBUG] core.argyll_runner: [argyll] Added 8229/49576
2026-09-07 09:16:49,139 [DEBUG] core.argyll_runner: [argyll] Added 8240/49576
2026-09-07 09:16:49,166 [DEBUG] core.argyll_runner: [argyll] Added 8251/49576
2026-09-07 09:16:49,194 [DEBUG] core.argyll_runner: [argyll] Added 8262/49576
2026-09-07 09:16:49,221 [DEBUG] core.argyll_runner: [argyll] Added 8273/49576
2026-09-07 09:16:49,249 [DEBUG] core.argyll_runner: [argyll] Added 8284/49576
2026-09-07 09:16:49,277 [DEBUG] core.argyll_runner: [argyll] Added 8295/49576
2026-09-07 09:16:49,305 [DEBUG] core.argyll_runner: [argyll] Added 8306/49576
2026-09-07 09:16:49,333 [DEBUG] core.argyll_runner: [argyll] Added 8317/49576
2026-09-07 09:16:49,361 [DEBUG] core.argyll_runner: [argyll] Added 8328/49576
2026-09-07 09:16:49,390 [DEBUG] core.argyll_runner: [argyll] Added 8339/49576
2026-09-07 09:16:49,418 [DEBUG] core.argyll_runner: [argyll] Added 8350/49576
2026-09-07 09:16:49,447 [DEBUG] core.argyll_runner: [argyll] Added 8361/49576
2026-09-07 09:16:49,476 [DEBUG] core.argyll_runner: [argyll] Added 8372/49576
2026-09-07 09:16:49,505 [DEBUG] core.argyll_runner: [argyll] Added 8383/49576
2026-09-07 09:16:49,534 [DEBUG] core.argyll_runner: [argyll] Added 8394/49576
2026-09-07 09:16:49,564 [DEBUG] core.argyll_runner: [argyll] Added 8405/49576
2026-09-07 09:16:49,594 [DEBUG] core.argyll_runner: [argyll] Added 8416/49576
2026-09-07 09:16:49,623 [DEBUG] core.argyll_runner: [argyll] Added 8427/49576
2026-09-07 09:16:49,653 [DEBUG] core.argyll_runner: [argyll] Added 8438/49576
2026-09-07 09:16:49,683 [DEBUG] core.argyll_runner: [argyll] Added 8449/49576
2026-09-07 09:16:49,713 [DEBUG] core.argyll_runner: [argyll] Added 8460/49576
2026-09-07 09:16:49,743 [DEBUG] core.argyll_runner: [argyll] Added 8471/49576
2026-09-07 09:16:49,773 [DEBUG] core.argyll_runner: [argyll] Added 8482/49576
2026-09-07 09:16:49,804 [DEBUG] core.argyll_runner: [argyll] Added 8493/49576
2026-09-07 09:16:49,834 [DEBUG] core.argyll_runner: [argyll] Added 8504/49576
2026-09-07 09:16:49,865 [DEBUG] core.argyll_runner: [argyll] Added 8515/49576
2026-09-07 09:16:49,895 [DEBUG] core.argyll_runner: [argyll] Added 8526/49576
2026-09-07 09:16:49,926 [DEBUG] core.argyll_runner: [argyll] Added 8537/49576
2026-09-07 09:16:49,957 [DEBUG] core.argyll_runner: [argyll] Added 8548/49576
2026-09-07 09:16:49,988 [DEBUG] core.argyll_runner: [argyll] Added 8559/49576
2026-09-07 09:16:50,019 [DEBUG] core.argyll_runner: [argyll] Added 8570/49576
2026-09-07 09:16:50,051 [DEBUG] core.argyll_runner: [argyll] Added 8581/49576
2026-09-07 09:16:50,082 [DEBUG] core.argyll_runner: [argyll] Added 8592/49576
2026-09-07 09:16:50,114 [DEBUG] core.argyll_runner: [argyll] Added 8603/49576
2026-09-07 09:16:50,146 [DEBUG] core.argyll_runner: [argyll] Added 8614/49576
2026-09-07 09:16:50,178 [DEBUG] core.argyll_runner: [argyll] Added 8625/49576
2026-09-07 09:16:50,211 [DEBUG] core.argyll_runner: [argyll] Added 8636/49576
2026-09-07 09:16:50,243 [DEBUG] core.argyll_runner: [argyll] Added 8647/49576
2026-09-07 09:16:50,275 [DEBUG] core.argyll_runner: [argyll] Added 8658/49576
2026-09-07 09:16:50,308 [DEBUG] core.argyll_runner: [argyll] Added 8669/49576
2026-09-07 09:16:50,341 [DEBUG] core.argyll_runner: [argyll] Added 8680/49576
2026-09-07 09:16:50,374 [DEBUG] core.argyll_runner: [argyll] Added 8691/49576
2026-09-07 09:16:50,407 [DEBUG] core.argyll_runner: [argyll] Added 8702/49576
2026-09-07 09:16:50,440 [DEBUG] core.argyll_runner: [argyll] Added 8713/49576
2026-09-07 09:16:50,473 [DEBUG] core.argyll_runner: [argyll] Added 8724/49576
2026-09-07 09:16:50,507 [DEBUG] core.argyll_runner: [argyll] Added 8735/49576
2026-09-07 09:16:50,541 [DEBUG] core.argyll_runner: [argyll] Added 8746/49576
2026-09-07 09:16:50,575 [DEBUG] core.argyll_runner: [argyll] Added 8757/49576
2026-09-07 09:16:50,609 [DEBUG] core.argyll_runner: [argyll] Added 8768/49576
2026-09-07 09:16:50,643 [DEBUG] core.argyll_runner: [argyll] Added 8779/49576
2026-09-07 09:16:50,677 [DEBUG] core.argyll_runner: [argyll] Added 8790/49576
2026-09-07 09:16:50,712 [DEBUG] core.argyll_runner: [argyll] Added 8801/49576
2026-09-07 09:16:50,746 [DEBUG] core.argyll_runner: [argyll] Added 8812/49576
2026-09-07 09:16:50,780 [DEBUG] core.argyll_runner: [argyll] Added 8823/49576
2026-09-07 09:16:50,815 [DEBUG] core.argyll_runner: [argyll] Added 8834/49576
2026-09-07 09:16:50,850 [DEBUG] core.argyll_runner: [argyll] Added 8845/49576
2026-09-07 09:16:50,885 [DEBUG] core.argyll_runner: [argyll] Added 8856/49576
2026-09-07 09:16:50,921 [DEBUG] core.argyll_runner: [argyll] Added 8867/49576
2026-09-07 09:16:50,956 [DEBUG] core.argyll_runner: [argyll] Added 8878/49576
2026-09-07 09:16:50,992 [DEBUG] core.argyll_runner: [argyll] Added 8889/49576
2026-09-07 09:16:51,027 [DEBUG] core.argyll_runner: [argyll] Added 8900/49576
2026-09-07 09:16:51,063 [DEBUG] core.argyll_runner: [argyll] Added 8911/49576
2026-09-07 09:16:51,099 [DEBUG] core.argyll_runner: [argyll] Added 8922/49576
2026-09-07 09:16:51,135 [DEBUG] core.argyll_runner: [argyll] Added 8933/49576
2026-09-07 09:16:51,171 [DEBUG] core.argyll_runner: [argyll] Added 8944/49576
2026-09-07 09:16:51,207 [DEBUG] core.argyll_runner: [argyll] Added 8955/49576
2026-09-07 09:16:51,244 [DEBUG] core.argyll_runner: [argyll] Added 8966/49576
2026-09-07 09:16:51,280 [DEBUG] core.argyll_runner: [argyll] Added 8977/49576
2026-09-07 09:16:51,317 [DEBUG] core.argyll_runner: [argyll] Added 8988/49576
2026-09-07 09:16:51,353 [DEBUG] core.argyll_runner: [argyll] Added 8999/49576
2026-09-07 09:16:51,391 [DEBUG] core.argyll_runner: [argyll] Added 9010/49576
2026-09-07 09:16:51,428 [DEBUG] core.argyll_runner: [argyll] Added 9021/49576
2026-09-07 09:16:51,464 [DEBUG] core.argyll_runner: [argyll] Added 9032/49576
2026-09-07 09:16:51,502 [DEBUG] core.argyll_runner: [argyll] Added 9043/49576
2026-09-07 09:16:51,539 [DEBUG] core.argyll_runner: [argyll] Added 9054/49576
2026-09-07 09:16:51,577 [DEBUG] core.argyll_runner: [argyll] Added 9065/49576
2026-09-07 09:16:51,614 [DEBUG] core.argyll_runner: [argyll] Added 9076/49576
2026-09-07 09:16:51,651 [DEBUG] core.argyll_runner: [argyll] Added 9087/49576
2026-09-07 09:16:51,689 [DEBUG] core.argyll_runner: [argyll] Added 9098/49576
2026-09-07 09:16:51,727 [DEBUG] core.argyll_runner: [argyll] Added 9109/49576
2026-09-07 09:16:51,766 [DEBUG] core.argyll_runner: [argyll] Added 9120/49576
2026-09-07 09:16:51,805 [DEBUG] core.argyll_runner: [argyll] Added 9131/49576
2026-09-07 09:16:51,844 [DEBUG] core.argyll_runner: [argyll] Added 9142/49576
2026-09-07 09:16:51,883 [DEBUG] core.argyll_runner: [argyll] Added 9153/49576
2026-09-07 09:16:51,921 [DEBUG] core.argyll_runner: [argyll] Added 9164/49576
2026-09-07 09:16:51,960 [DEBUG] core.argyll_runner: [argyll] Added 9175/49576
2026-09-07 09:16:51,999 [DEBUG] core.argyll_runner: [argyll] Added 9186/49576
2026-09-07 09:16:52,038 [DEBUG] core.argyll_runner: [argyll] Added 9197/49576
2026-09-07 09:16:52,078 [DEBUG] core.argyll_runner: [argyll] Added 9208/49576
2026-09-07 09:16:52,118 [DEBUG] core.argyll_runner: [argyll] Added 9219/49576
2026-09-07 09:16:52,157 [DEBUG] core.argyll_runner: [argyll] Added 9230/49576
2026-09-07 09:16:52,198 [DEBUG] core.argyll_runner: [argyll] Added 9241/49576
2026-09-07 09:16:52,238 [DEBUG] core.argyll_runner: [argyll] Added 9252/49576
2026-09-07 09:16:52,278 [DEBUG] core.argyll_runner: [argyll] Added 9263/49576
2026-09-07 09:16:52,317 [DEBUG] core.argyll_runner: [argyll] Added 9274/49576
2026-09-07 09:16:52,356 [DEBUG] core.argyll_runner: [argyll] Added 9285/49576
2026-09-07 09:16:52,393 [DEBUG] core.argyll_runner: [argyll] Added 9296/49576
2026-09-07 09:16:52,432 [DEBUG] core.argyll_runner: [argyll] Added 9307/49576
2026-09-07 09:16:52,471 [DEBUG] core.argyll_runner: [argyll] Added 9318/49576
2026-09-07 09:16:52,510 [DEBUG] core.argyll_runner: [argyll] Added 9329/49576
2026-09-07 09:16:52,551 [DEBUG] core.argyll_runner: [argyll] Added 9340/49576
2026-09-07 09:16:52,591 [DEBUG] core.argyll_runner: [argyll] Added 9351/49576
2026-09-07 09:16:52,633 [DEBUG] core.argyll_runner: [argyll] Added 9362/49576
2026-09-07 09:16:52,674 [DEBUG] core.argyll_runner: [argyll] Added 9373/49576
2026-09-07 09:16:52,716 [DEBUG] core.argyll_runner: [argyll] Added 9384/49576
2026-09-07 09:16:52,758 [DEBUG] core.argyll_runner: [argyll] Added 9395/49576
2026-09-07 09:16:52,800 [DEBUG] core.argyll_runner: [argyll] Added 9406/49576
2026-09-07 09:16:52,842 [DEBUG] core.argyll_runner: [argyll] Added 9417/49576
2026-09-07 09:16:52,884 [DEBUG] core.argyll_runner: [argyll] Added 9428/49576
2026-09-07 09:16:52,926 [DEBUG] core.argyll_runner: [argyll] Added 9439/49576
2026-09-07 09:16:52,969 [DEBUG] core.argyll_runner: [argyll] Added 9450/49576
2026-09-07 09:16:53,012 [DEBUG] core.argyll_runner: [argyll] Added 9461/49576
2026-09-07 09:16:53,055 [DEBUG] core.argyll_runner: [argyll] Added 9472/49576
2026-09-07 09:16:53,099 [DEBUG] core.argyll_runner: [argyll] Added 9483/49576
2026-09-07 09:16:53,142 [DEBUG] core.argyll_runner: [argyll] Added 9494/49576
2026-09-07 09:16:53,185 [DEBUG] core.argyll_runner: [argyll] Added 9505/49576
2026-09-07 09:16:53,229 [DEBUG] core.argyll_runner: [argyll] Added 9516/49576
2026-09-07 09:16:53,273 [DEBUG] core.argyll_runner: [argyll] Added 9527/49576
2026-09-07 09:16:53,317 [DEBUG] core.argyll_runner: [argyll] Added 9538/49576
2026-09-07 09:16:53,361 [DEBUG] core.argyll_runner: [argyll] Added 9549/49576
2026-09-07 09:16:53,405 [DEBUG] core.argyll_runner: [argyll] Added 9560/49576
2026-09-07 09:16:53,449 [DEBUG] core.argyll_runner: [argyll] Added 9571/49576
2026-09-07 09:16:53,494 [DEBUG] core.argyll_runner: [argyll] Added 9582/49576
2026-09-07 09:16:53,538 [DEBUG] core.argyll_runner: [argyll] Added 9593/49576
2026-09-07 09:16:53,583 [DEBUG] core.argyll_runner: [argyll] Added 9604/49576
2026-09-07 09:16:53,628 [DEBUG] core.argyll_runner: [argyll] Added 9615/49576
2026-09-07 09:16:53,673 [DEBUG] core.argyll_runner: [argyll] Added 9626/49576
2026-09-07 09:16:53,718 [DEBUG] core.argyll_runner: [argyll] Added 9637/49576
2026-09-07 09:16:53,763 [DEBUG] core.argyll_runner: [argyll] Added 9648/49576
2026-09-07 09:16:53,809 [DEBUG] core.argyll_runner: [argyll] Added 9659/49576
2026-09-07 09:16:53,855 [DEBUG] core.argyll_runner: [argyll] Added 9670/49576
2026-09-07 09:16:53,901 [DEBUG] core.argyll_runner: [argyll] Added 9681/49576
2026-09-07 09:16:53,947 [DEBUG] core.argyll_runner: [argyll] Added 9692/49576
2026-09-07 09:16:53,993 [DEBUG] core.argyll_runner: [argyll] Added 9703/49576
2026-09-07 09:16:54,039 [DEBUG] core.argyll_runner: [argyll] Added 9714/49576
2026-09-07 09:16:54,085 [DEBUG] core.argyll_runner: [argyll] Added 9725/49576
2026-09-07 09:16:54,131 [DEBUG] core.argyll_runner: [argyll] Added 9736/49576
2026-09-07 09:16:54,178 [DEBUG] core.argyll_runner: [argyll] Added 9747/49576
2026-09-07 09:16:54,224 [DEBUG] core.argyll_runner: [argyll] Added 9758/49576
2026-09-07 09:16:54,271 [DEBUG] core.argyll_runner: [argyll] Added 9769/49576
2026-09-07 09:16:54,318 [DEBUG] core.argyll_runner: [argyll] Added 9780/49576
2026-09-07 09:16:54,360 [DEBUG] core.argyll_runner: [argyll] Added 9791/49576
2026-09-07 09:16:54,398 [DEBUG] core.argyll_runner: [argyll] Added 9802/49576
2026-09-07 09:16:54,436 [DEBUG] core.argyll_runner: [argyll] Added 9813/49576
2026-09-07 09:16:54,474 [DEBUG] core.argyll_runner: [argyll] Added 9824/49576
2026-09-07 09:16:54,512 [DEBUG] core.argyll_runner: [argyll] Added 9835/49576
2026-09-07 09:16:54,550 [DEBUG] core.argyll_runner: [argyll] Added 9846/49576
2026-09-07 09:16:54,589 [DEBUG] core.argyll_runner: [argyll] Added 9857/49576
2026-09-07 09:16:54,627 [DEBUG] core.argyll_runner: [argyll] Added 9868/49576
2026-09-07 09:16:54,665 [DEBUG] core.argyll_runner: [argyll] Added 9879/49576
2026-09-07 09:16:54,704 [DEBUG] core.argyll_runner: [argyll] Added 9890/49576
2026-09-07 09:16:54,743 [DEBUG] core.argyll_runner: [argyll] Added 9901/49576
2026-09-07 09:16:54,782 [DEBUG] core.argyll_runner: [argyll] Added 9912/49576
2026-09-07 09:16:54,822 [DEBUG] core.argyll_runner: [argyll] Added 9923/49576
2026-09-07 09:16:54,861 [DEBUG] core.argyll_runner: [argyll] Added 9934/49576
2026-09-07 09:16:54,900 [DEBUG] core.argyll_runner: [argyll] Added 9945/49576
2026-09-07 09:16:54,940 [DEBUG] core.argyll_runner: [argyll] Added 9956/49576
2026-09-07 09:16:54,980 [DEBUG] core.argyll_runner: [argyll] Added 9967/49576
2026-09-07 09:16:55,019 [DEBUG] core.argyll_runner: [argyll] Added 9978/49576
2026-09-07 09:16:55,060 [DEBUG] core.argyll_runner: [argyll] Added 9989/49576
2026-09-07 09:16:55,100 [DEBUG] core.argyll_runner: [argyll] Added 10000/49576
2026-09-07 09:16:55,140 [DEBUG] core.argyll_runner: [argyll] Added 10011/49576
2026-09-07 09:16:55,180 [DEBUG] core.argyll_runner: [argyll] Added 10022/49576
2026-09-07 09:16:55,220 [DEBUG] core.argyll_runner: [argyll] Added 10033/49576
2026-09-07 09:16:55,260 [DEBUG] core.argyll_runner: [argyll] Added 10044/49576
2026-09-07 09:16:55,301 [DEBUG] core.argyll_runner: [argyll] Added 10055/49576
2026-09-07 09:16:55,342 [DEBUG] core.argyll_runner: [argyll] Added 10066/49576
2026-09-07 09:16:55,382 [DEBUG] core.argyll_runner: [argyll] Added 10077/49576
2026-09-07 09:16:55,423 [DEBUG] core.argyll_runner: [argyll] Added 10088/49576
2026-09-07 09:16:55,464 [DEBUG] core.argyll_runner: [argyll] Added 10099/49576
2026-09-07 09:16:55,505 [DEBUG] core.argyll_runner: [argyll] Added 10110/49576
2026-09-07 09:16:55,546 [DEBUG] core.argyll_runner: [argyll] Added 10121/49576
2026-09-07 09:16:55,588 [DEBUG] core.argyll_runner: [argyll] Added 10132/49576
2026-09-07 09:16:55,629 [DEBUG] core.argyll_runner: [argyll] Added 10143/49576
2026-09-07 09:16:55,671 [DEBUG] core.argyll_runner: [argyll] Added 10154/49576
2026-09-07 09:16:55,713 [DEBUG] core.argyll_runner: [argyll] Added 10165/49576
2026-09-07 09:16:55,755 [DEBUG] core.argyll_runner: [argyll] Added 10176/49576
2026-09-07 09:16:55,797 [DEBUG] core.argyll_runner: [argyll] Added 10187/49576
2026-09-07 09:16:55,839 [DEBUG] core.argyll_runner: [argyll] Added 10198/49576
2026-09-07 09:16:55,882 [DEBUG] core.argyll_runner: [argyll] Added 10209/49576
2026-09-07 09:16:55,925 [DEBUG] core.argyll_runner: [argyll] Added 10220/49576
2026-09-07 09:16:55,967 [DEBUG] core.argyll_runner: [argyll] Added 10231/49576
2026-09-07 09:16:56,010 [DEBUG] core.argyll_runner: [argyll] Added 10242/49576
2026-09-07 09:16:56,053 [DEBUG] core.argyll_runner: [argyll] Added 10253/49576
2026-09-07 09:16:56,097 [DEBUG] core.argyll_runner: [argyll] Added 10264/49576
2026-09-07 09:16:56,141 [DEBUG] core.argyll_runner: [argyll] Added 10275/49576
2026-09-07 09:16:56,184 [DEBUG] core.argyll_runner: [argyll] Added 10286/49576
2026-09-07 09:16:56,228 [DEBUG] core.argyll_runner: [argyll] Added 10297/49576
2026-09-07 09:16:56,272 [DEBUG] core.argyll_runner: [argyll] Added 10308/49576
2026-09-07 09:16:56,317 [DEBUG] core.argyll_runner: [argyll] Added 10319/49576
2026-09-07 09:16:56,361 [DEBUG] core.argyll_runner: [argyll] Added 10330/49576
2026-09-07 09:16:56,405 [DEBUG] core.argyll_runner: [argyll] Added 10341/49576
2026-09-07 09:16:56,450 [DEBUG] core.argyll_runner: [argyll] Added 10352/49576
2026-09-07 09:16:56,494 [DEBUG] core.argyll_runner: [argyll] Added 10363/49576
2026-09-07 09:16:56,539 [DEBUG] core.argyll_runner: [argyll] Added 10374/49576
2026-09-07 09:16:56,583 [DEBUG] core.argyll_runner: [argyll] Added 10385/49576
2026-09-07 09:16:56,628 [DEBUG] core.argyll_runner: [argyll] Added 10396/49576
2026-09-07 09:16:56,673 [DEBUG] core.argyll_runner: [argyll] Added 10407/49576
2026-09-07 09:16:56,718 [DEBUG] core.argyll_runner: [argyll] Added 10418/49576
2026-09-07 09:16:56,763 [DEBUG] core.argyll_runner: [argyll] Added 10429/49576
2026-09-07 09:16:56,809 [DEBUG] core.argyll_runner: [argyll] Added 10440/49576
2026-09-07 09:16:56,855 [DEBUG] core.argyll_runner: [argyll] Added 10451/49576
2026-09-07 09:16:56,901 [DEBUG] core.argyll_runner: [argyll] Added 10462/49576
2026-09-07 09:16:56,947 [DEBUG] core.argyll_runner: [argyll] Added 10473/49576
2026-09-07 09:16:56,993 [DEBUG] core.argyll_runner: [argyll] Added 10484/49576
2026-09-07 09:16:57,039 [DEBUG] core.argyll_runner: [argyll] Added 10495/49576
2026-09-07 09:16:57,086 [DEBUG] core.argyll_runner: [argyll] Added 10506/49576
2026-09-07 09:16:57,132 [DEBUG] core.argyll_runner: [argyll] Added 10517/49576
2026-09-07 09:16:57,179 [DEBUG] core.argyll_runner: [argyll] Added 10528/49576
2026-09-07 09:16:57,226 [DEBUG] core.argyll_runner: [argyll] Added 10539/49576
2026-09-07 09:16:57,273 [DEBUG] core.argyll_runner: [argyll] Added 10550/49576
2026-09-07 09:16:57,320 [DEBUG] core.argyll_runner: [argyll] Added 10561/49576
2026-09-07 09:16:57,367 [DEBUG] core.argyll_runner: [argyll] Added 10572/49576
2026-09-07 09:16:57,414 [DEBUG] core.argyll_runner: [argyll] Added 10583/49576
2026-09-07 09:16:57,461 [DEBUG] core.argyll_runner: [argyll] Added 10594/49576
2026-09-07 09:16:57,510 [DEBUG] core.argyll_runner: [argyll] Added 10605/49576
2026-09-07 09:16:57,558 [DEBUG] core.argyll_runner: [argyll] Added 10616/49576
2026-09-07 09:16:57,607 [DEBUG] core.argyll_runner: [argyll] Added 10627/49576
2026-09-07 09:16:57,655 [DEBUG] core.argyll_runner: [argyll] Added 10638/49576
2026-09-07 09:16:57,704 [DEBUG] core.argyll_runner: [argyll] Added 10649/49576
2026-09-07 09:16:57,753 [DEBUG] core.argyll_runner: [argyll] Added 10660/49576
2026-09-07 09:16:57,803 [DEBUG] core.argyll_runner: [argyll] Added 10671/49576
2026-09-07 09:16:57,852 [DEBUG] core.argyll_runner: [argyll] Added 10682/49576
2026-09-07 09:16:57,901 [DEBUG] core.argyll_runner: [argyll] Added 10693/49576
2026-09-07 09:16:57,950 [DEBUG] core.argyll_runner: [argyll] Added 10704/49576
2026-09-07 09:16:58,000 [DEBUG] core.argyll_runner: [argyll] Added 10715/49576
2026-09-07 09:16:58,050 [DEBUG] core.argyll_runner: [argyll] Added 10726/49576
2026-09-07 09:16:58,100 [DEBUG] core.argyll_runner: [argyll] Added 10737/49576
2026-09-07 09:16:58,150 [DEBUG] core.argyll_runner: [argyll] Added 10748/49576
2026-09-07 09:16:58,200 [DEBUG] core.argyll_runner: [argyll] Added 10759/49576
2026-09-07 09:16:58,251 [DEBUG] core.argyll_runner: [argyll] Added 10770/49576
2026-09-07 09:16:58,301 [DEBUG] core.argyll_runner: [argyll] Added 10781/49576
2026-09-07 09:16:58,351 [DEBUG] core.argyll_runner: [argyll] Added 10792/49576
2026-09-07 09:16:58,402 [DEBUG] core.argyll_runner: [argyll] Added 10803/49576
2026-09-07 09:16:58,453 [DEBUG] core.argyll_runner: [argyll] Added 10814/49576
2026-09-07 09:16:58,504 [DEBUG] core.argyll_runner: [argyll] Added 10825/49576
2026-09-07 09:16:58,555 [DEBUG] core.argyll_runner: [argyll] Added 10836/49576
2026-09-07 09:16:58,606 [DEBUG] core.argyll_runner: [argyll] Added 10847/49576
2026-09-07 09:16:58,658 [DEBUG] core.argyll_runner: [argyll] Added 10858/49576
2026-09-07 09:16:58,709 [DEBUG] core.argyll_runner: [argyll] Added 10869/49576
2026-09-07 09:16:58,761 [DEBUG] core.argyll_runner: [argyll] Added 10880/49576
2026-09-07 09:16:58,813 [DEBUG] core.argyll_runner: [argyll] Added 10891/49576
2026-09-07 09:16:58,865 [DEBUG] core.argyll_runner: [argyll] Added 10902/49576
2026-09-07 09:16:58,917 [DEBUG] core.argyll_runner: [argyll] Added 10913/49576
2026-09-07 09:16:58,970 [DEBUG] core.argyll_runner: [argyll] Added 10924/49576
2026-09-07 09:16:59,022 [DEBUG] core.argyll_runner: [argyll] Added 10935/49576
2026-09-07 09:16:59,075 [DEBUG] core.argyll_runner: [argyll] Added 10946/49576
2026-09-07 09:16:59,128 [DEBUG] core.argyll_runner: [argyll] Added 10957/49576
2026-09-07 09:16:59,181 [DEBUG] core.argyll_runner: [argyll] Added 10968/49576
2026-09-07 09:16:59,234 [DEBUG] core.argyll_runner: [argyll] Added 10979/49576
2026-09-07 09:16:59,287 [DEBUG] core.argyll_runner: [argyll] Added 10990/49576
2026-09-07 09:16:59,340 [DEBUG] core.argyll_runner: [argyll] Added 11001/49576
2026-09-07 09:16:59,394 [DEBUG] core.argyll_runner: [argyll] Added 11012/49576
2026-09-07 09:16:59,447 [DEBUG] core.argyll_runner: [argyll] Added 11023/49576
2026-09-07 09:16:59,501 [DEBUG] core.argyll_runner: [argyll] Added 11034/49576
2026-09-07 09:16:59,555 [DEBUG] core.argyll_runner: [argyll] Added 11045/49576
2026-09-07 09:16:59,609 [DEBUG] core.argyll_runner: [argyll] Added 11056/49576
2026-09-07 09:16:59,663 [DEBUG] core.argyll_runner: [argyll] Added 11067/49576
2026-09-07 09:16:59,718 [DEBUG] core.argyll_runner: [argyll] Added 11078/49576
2026-09-07 09:16:59,773 [DEBUG] core.argyll_runner: [argyll] Added 11089/49576
2026-09-07 09:16:59,827 [DEBUG] core.argyll_runner: [argyll] Added 11100/49576
2026-09-07 09:16:59,883 [DEBUG] core.argyll_runner: [argyll] Added 11111/49576
2026-09-07 09:16:59,938 [DEBUG] core.argyll_runner: [argyll] Added 11122/49576
2026-09-07 09:16:59,993 [DEBUG] core.argyll_runner: [argyll] Added 11133/49576
2026-09-07 09:17:00,048 [DEBUG] core.argyll_runner: [argyll] Added 11144/49576
2026-09-07 09:17:00,104 [DEBUG] core.argyll_runner: [argyll] Added 11155/49576
2026-09-07 09:17:00,160 [DEBUG] core.argyll_runner: [argyll] Added 11166/49576
2026-09-07 09:17:00,216 [DEBUG] core.argyll_runner: [argyll] Added 11177/49576
2026-09-07 09:17:00,272 [DEBUG] core.argyll_runner: [argyll] Added 11188/49576
2026-09-07 09:17:00,328 [DEBUG] core.argyll_runner: [argyll] Added 11199/49576
2026-09-07 09:17:00,384 [DEBUG] core.argyll_runner: [argyll] Added 11210/49576
2026-09-07 09:17:00,441 [DEBUG] core.argyll_runner: [argyll] Added 11221/49576
2026-09-07 09:17:00,497 [DEBUG] core.argyll_runner: [argyll] Added 11232/49576
2026-09-07 09:17:00,554 [DEBUG] core.argyll_runner: [argyll] Added 11243/49576
2026-09-07 09:17:00,610 [DEBUG] core.argyll_runner: [argyll] Added 11254/49576
2026-09-07 09:17:00,667 [DEBUG] core.argyll_runner: [argyll] Added 11265/49576
2026-09-07 09:17:00,725 [DEBUG] core.argyll_runner: [argyll] Added 11276/49576
2026-09-07 09:17:00,782 [DEBUG] core.argyll_runner: [argyll] Added 11287/49576
2026-09-07 09:17:00,839 [DEBUG] core.argyll_runner: [argyll] Added 11298/49576
2026-09-07 09:17:00,896 [DEBUG] core.argyll_runner: [argyll] Added 11309/49576
2026-09-07 09:17:00,954 [DEBUG] core.argyll_runner: [argyll] Added 11320/49576
2026-09-07 09:17:01,012 [DEBUG] core.argyll_runner: [argyll] Added 11331/49576
2026-09-07 09:17:01,070 [DEBUG] core.argyll_runner: [argyll] Added 11342/49576
2026-09-07 09:17:01,129 [DEBUG] core.argyll_runner: [argyll] Added 11353/49576
2026-09-07 09:17:01,187 [DEBUG] core.argyll_runner: [argyll] Added 11364/49576
2026-09-07 09:17:01,245 [DEBUG] core.argyll_runner: [argyll] Added 11375/49576
2026-09-07 09:17:01,304 [DEBUG] core.argyll_runner: [argyll] Added 11386/49576
2026-09-07 09:17:01,363 [DEBUG] core.argyll_runner: [argyll] Added 11397/49576
2026-09-07 09:17:01,421 [DEBUG] core.argyll_runner: [argyll] Added 11408/49576
2026-09-07 09:17:01,480 [DEBUG] core.argyll_runner: [argyll] Added 11419/49576
2026-09-07 09:17:01,540 [DEBUG] core.argyll_runner: [argyll] Added 11430/49576
2026-09-07 09:17:01,599 [DEBUG] core.argyll_runner: [argyll] Added 11441/49576
2026-09-07 09:17:01,658 [DEBUG] core.argyll_runner: [argyll] Added 11452/49576
2026-09-07 09:17:01,717 [DEBUG] core.argyll_runner: [argyll] Added 11463/49576
2026-09-07 09:17:01,778 [DEBUG] core.argyll_runner: [argyll] Added 11474/49576
2026-09-07 09:17:01,837 [DEBUG] core.argyll_runner: [argyll] Added 11485/49576
2026-09-07 09:17:01,897 [DEBUG] core.argyll_runner: [argyll] Added 11496/49576
2026-09-07 09:17:01,957 [DEBUG] core.argyll_runner: [argyll] Added 11507/49576
2026-09-07 09:17:02,018 [DEBUG] core.argyll_runner: [argyll] Added 11518/49576
2026-09-07 09:17:02,073 [DEBUG] core.argyll_runner: [argyll] Added 11529/49576
2026-09-07 09:17:02,125 [DEBUG] core.argyll_runner: [argyll] Added 11540/49576
2026-09-07 09:17:02,175 [DEBUG] core.argyll_runner: [argyll] Added 11551/49576
2026-09-07 09:17:02,226 [DEBUG] core.argyll_runner: [argyll] Added 11562/49576
2026-09-07 09:17:02,277 [DEBUG] core.argyll_runner: [argyll] Added 11573/49576
2026-09-07 09:17:02,328 [DEBUG] core.argyll_runner: [argyll] Added 11584/49576
2026-09-07 09:17:02,380 [DEBUG] core.argyll_runner: [argyll] Added 11595/49576
2026-09-07 09:17:02,432 [DEBUG] core.argyll_runner: [argyll] Added 11606/49576
2026-09-07 09:17:02,484 [DEBUG] core.argyll_runner: [argyll] Added 11617/49576
2026-09-07 09:17:02,536 [DEBUG] core.argyll_runner: [argyll] Added 11628/49576
2026-09-07 09:17:02,588 [DEBUG] core.argyll_runner: [argyll] Added 11639/49576
2026-09-07 09:17:02,639 [DEBUG] core.argyll_runner: [argyll] Added 11650/49576
2026-09-07 09:17:02,692 [DEBUG] core.argyll_runner: [argyll] Added 11661/49576
2026-09-07 09:17:02,744 [DEBUG] core.argyll_runner: [argyll] Added 11672/49576
2026-09-07 09:17:02,797 [DEBUG] core.argyll_runner: [argyll] Added 11683/49576
2026-09-07 09:17:02,849 [DEBUG] core.argyll_runner: [argyll] Added 11694/49576
2026-09-07 09:17:02,902 [DEBUG] core.argyll_runner: [argyll] Added 11705/49576
2026-09-07 09:17:02,955 [DEBUG] core.argyll_runner: [argyll] Added 11716/49576
2026-09-07 09:17:03,008 [DEBUG] core.argyll_runner: [argyll] Added 11727/49576
2026-09-07 09:17:03,061 [DEBUG] core.argyll_runner: [argyll] Added 11738/49576
2026-09-07 09:17:03,115 [DEBUG] core.argyll_runner: [argyll] Added 11749/49576
2026-09-07 09:17:03,169 [DEBUG] core.argyll_runner: [argyll] Added 11760/49576
2026-09-07 09:17:03,222 [DEBUG] core.argyll_runner: [argyll] Added 11771/49576
2026-09-07 09:17:03,275 [DEBUG] core.argyll_runner: [argyll] Added 11782/49576
2026-09-07 09:17:03,329 [DEBUG] core.argyll_runner: [argyll] Added 11793/49576
2026-09-07 09:17:03,383 [DEBUG] core.argyll_runner: [argyll] Added 11804/49576
2026-09-07 09:17:03,437 [DEBUG] core.argyll_runner: [argyll] Added 11815/49576
2026-09-07 09:17:03,492 [DEBUG] core.argyll_runner: [argyll] Added 11826/49576
2026-09-07 09:17:03,546 [DEBUG] core.argyll_runner: [argyll] Added 11837/49576
2026-09-07 09:17:03,601 [DEBUG] core.argyll_runner: [argyll] Added 11848/49576
2026-09-07 09:17:03,655 [DEBUG] core.argyll_runner: [argyll] Added 11859/49576
2026-09-07 09:17:03,710 [DEBUG] core.argyll_runner: [argyll] Added 11870/49576
2026-09-07 09:17:03,765 [DEBUG] core.argyll_runner: [argyll] Added 11881/49576
2026-09-07 09:17:03,820 [DEBUG] core.argyll_runner: [argyll] Added 11892/49576
2026-09-07 09:17:03,875 [DEBUG] core.argyll_runner: [argyll] Added 11903/49576
2026-09-07 09:17:03,930 [DEBUG] core.argyll_runner: [argyll] Added 11914/49576
2026-09-07 09:17:03,985 [DEBUG] core.argyll_runner: [argyll] Added 11925/49576
2026-09-07 09:17:04,040 [DEBUG] core.argyll_runner: [argyll] Added 11936/49576
2026-09-07 09:17:04,096 [DEBUG] core.argyll_runner: [argyll] Added 11947/49576
2026-09-07 09:17:04,151 [DEBUG] core.argyll_runner: [argyll] Added 11958/49576
2026-09-07 09:17:04,206 [DEBUG] core.argyll_runner: [argyll] Added 11969/49576
2026-09-07 09:17:04,262 [DEBUG] core.argyll_runner: [argyll] Added 11980/49576
2026-09-07 09:17:04,318 [DEBUG] core.argyll_runner: [argyll] Added 11991/49576
2026-09-07 09:17:04,375 [DEBUG] core.argyll_runner: [argyll] Added 12002/49576
2026-09-07 09:17:04,432 [DEBUG] core.argyll_runner: [argyll] Added 12013/49576
2026-09-07 09:17:04,489 [DEBUG] core.argyll_runner: [argyll] Added 12024/49576
2026-09-07 09:17:04,546 [DEBUG] core.argyll_runner: [argyll] Added 12035/49576
2026-09-07 09:17:04,603 [DEBUG] core.argyll_runner: [argyll] Added 12046/49576
2026-09-07 09:17:04,660 [DEBUG] core.argyll_runner: [argyll] Added 12057/49576
2026-09-07 09:17:04,718 [DEBUG] core.argyll_runner: [argyll] Added 12068/49576
2026-09-07 09:17:04,776 [DEBUG] core.argyll_runner: [argyll] Added 12079/49576
2026-09-07 09:17:04,834 [DEBUG] core.argyll_runner: [argyll] Added 12090/49576
2026-09-07 09:17:04,892 [DEBUG] core.argyll_runner: [argyll] Added 12101/49576
2026-09-07 09:17:04,950 [DEBUG] core.argyll_runner: [argyll] Added 12112/49576
2026-09-07 09:17:05,007 [DEBUG] core.argyll_runner: [argyll] Added 12123/49576
2026-09-07 09:17:05,066 [DEBUG] core.argyll_runner: [argyll] Added 12134/49576
2026-09-07 09:17:05,125 [DEBUG] core.argyll_runner: [argyll] Added 12145/49576
2026-09-07 09:17:05,183 [DEBUG] core.argyll_runner: [argyll] Added 12156/49576
2026-09-07 09:17:05,237 [DEBUG] core.argyll_runner: [argyll] Added 12167/49576
2026-09-07 09:17:05,292 [DEBUG] core.argyll_runner: [argyll] Added 12178/49576
2026-09-07 09:17:05,348 [DEBUG] core.argyll_runner: [argyll] Added 12189/49576
2026-09-07 09:17:05,405 [DEBUG] core.argyll_runner: [argyll] Added 12200/49576
2026-09-07 09:17:05,462 [DEBUG] core.argyll_runner: [argyll] Added 12211/49576
2026-09-07 09:17:05,520 [DEBUG] core.argyll_runner: [argyll] Added 12222/49576
2026-09-07 09:17:05,579 [DEBUG] core.argyll_runner: [argyll] Added 12233/49576
2026-09-07 09:17:05,638 [DEBUG] core.argyll_runner: [argyll] Added 12244/49576
2026-09-07 09:17:05,697 [DEBUG] core.argyll_runner: [argyll] Added 12255/49576
2026-09-07 09:17:05,757 [DEBUG] core.argyll_runner: [argyll] Added 12266/49576
2026-09-07 09:17:05,817 [DEBUG] core.argyll_runner: [argyll] Added 12277/49576
2026-09-07 09:17:05,877 [DEBUG] core.argyll_runner: [argyll] Added 12288/49576
2026-09-07 09:17:05,937 [DEBUG] core.argyll_runner: [argyll] Added 12299/49576
2026-09-07 09:17:05,997 [DEBUG] core.argyll_runner: [argyll] Added 12310/49576
2026-09-07 09:17:06,058 [DEBUG] core.argyll_runner: [argyll] Added 12321/49576
2026-09-07 09:17:06,118 [DEBUG] core.argyll_runner: [argyll] Added 12332/49576
2026-09-07 09:17:06,179 [DEBUG] core.argyll_runner: [argyll] Added 12343/49576
2026-09-07 09:17:06,240 [DEBUG] core.argyll_runner: [argyll] Added 12354/49576
2026-09-07 09:17:06,301 [DEBUG] core.argyll_runner: [argyll] Added 12365/49576
2026-09-07 09:17:06,362 [DEBUG] core.argyll_runner: [argyll] Added 12376/49576
2026-09-07 09:17:06,424 [DEBUG] core.argyll_runner: [argyll] Added 12387/49576
2026-09-07 09:17:06,486 [DEBUG] core.argyll_runner: [argyll] Added 12398/49576
2026-09-07 09:17:06,547 [DEBUG] core.argyll_runner: [argyll] Added 12409/49576
2026-09-07 09:17:06,609 [DEBUG] core.argyll_runner: [argyll] Added 12420/49576
2026-09-07 09:17:06,671 [DEBUG] core.argyll_runner: [argyll] Added 12431/49576
2026-09-07 09:17:06,733 [DEBUG] core.argyll_runner: [argyll] Added 12442/49576
2026-09-07 09:17:06,795 [DEBUG] core.argyll_runner: [argyll] Added 12453/49576
2026-09-07 09:17:06,857 [DEBUG] core.argyll_runner: [argyll] Added 12464/49576
2026-09-07 09:17:06,920 [DEBUG] core.argyll_runner: [argyll] Added 12475/49576
2026-09-07 09:17:06,983 [DEBUG] core.argyll_runner: [argyll] Added 12486/49576
2026-09-07 09:17:07,046 [DEBUG] core.argyll_runner: [argyll] Added 12497/49576
2026-09-07 09:17:07,108 [DEBUG] core.argyll_runner: [argyll] Added 12508/49576
2026-09-07 09:17:07,171 [DEBUG] core.argyll_runner: [argyll] Added 12519/49576
2026-09-07 09:17:07,234 [DEBUG] core.argyll_runner: [argyll] Added 12530/49576
2026-09-07 09:17:07,297 [DEBUG] core.argyll_runner: [argyll] Added 12541/49576
2026-09-07 09:17:07,360 [DEBUG] core.argyll_runner: [argyll] Added 12552/49576
2026-09-07 09:17:07,424 [DEBUG] core.argyll_runner: [argyll] Added 12563/49576
2026-09-07 09:17:07,487 [DEBUG] core.argyll_runner: [argyll] Added 12574/49576
2026-09-07 09:17:07,550 [DEBUG] core.argyll_runner: [argyll] Added 12585/49576
2026-09-07 09:17:07,613 [DEBUG] core.argyll_runner: [argyll] Added 12596/49576
2026-09-07 09:17:07,677 [DEBUG] core.argyll_runner: [argyll] Added 12607/49576
2026-09-07 09:17:07,741 [DEBUG] core.argyll_runner: [argyll] Added 12618/49576
2026-09-07 09:17:07,806 [DEBUG] core.argyll_runner: [argyll] Added 12629/49576
2026-09-07 09:17:07,871 [DEBUG] core.argyll_runner: [argyll] Added 12640/49576
2026-09-07 09:17:07,938 [DEBUG] core.argyll_runner: [argyll] Added 12651/49576
2026-09-07 09:17:08,007 [DEBUG] core.argyll_runner: [argyll] Added 12662/49576
2026-09-07 09:17:08,075 [DEBUG] core.argyll_runner: [argyll] Added 12673/49576
2026-09-07 09:17:08,144 [DEBUG] core.argyll_runner: [argyll] Added 12684/49576
2026-09-07 09:17:08,213 [DEBUG] core.argyll_runner: [argyll] Added 12695/49576
2026-09-07 09:17:08,282 [DEBUG] core.argyll_runner: [argyll] Added 12706/49576
2026-09-07 09:17:08,352 [DEBUG] core.argyll_runner: [argyll] Added 12717/49576
2026-09-07 09:17:08,421 [DEBUG] core.argyll_runner: [argyll] Added 12728/49576
2026-09-07 09:17:08,491 [DEBUG] core.argyll_runner: [argyll] Added 12739/49576
2026-09-07 09:17:08,560 [DEBUG] core.argyll_runner: [argyll] Added 12750/49576
2026-09-07 09:17:08,630 [DEBUG] core.argyll_runner: [argyll] Added 12761/49576
2026-09-07 09:17:08,699 [DEBUG] core.argyll_runner: [argyll] Added 12772/49576
2026-09-07 09:17:08,769 [DEBUG] core.argyll_runner: [argyll] Added 12783/49576
2026-09-07 09:17:08,839 [DEBUG] core.argyll_runner: [argyll] Added 12794/49576
2026-09-07 09:17:08,909 [DEBUG] core.argyll_runner: [argyll] Added 12805/49576
2026-09-07 09:17:08,979 [DEBUG] core.argyll_runner: [argyll] Added 12816/49576
2026-09-07 09:17:09,050 [DEBUG] core.argyll_runner: [argyll] Added 12827/49576
2026-09-07 09:17:09,120 [DEBUG] core.argyll_runner: [argyll] Added 12838/49576
2026-09-07 09:17:09,190 [DEBUG] core.argyll_runner: [argyll] Added 12849/49576
2026-09-07 09:17:09,261 [DEBUG] core.argyll_runner: [argyll] Added 12860/49576
2026-09-07 09:17:09,332 [DEBUG] core.argyll_runner: [argyll] Added 12871/49576
2026-09-07 09:17:09,403 [DEBUG] core.argyll_runner: [argyll] Added 12882/49576
2026-09-07 09:17:09,475 [DEBUG] core.argyll_runner: [argyll] Added 12893/49576
2026-09-07 09:17:09,546 [DEBUG] core.argyll_runner: [argyll] Added 12904/49576
2026-09-07 09:17:09,618 [DEBUG] core.argyll_runner: [argyll] Added 12915/49576
2026-09-07 09:17:09,689 [DEBUG] core.argyll_runner: [argyll] Added 12926/49576
2026-09-07 09:17:09,761 [DEBUG] core.argyll_runner: [argyll] Added 12937/49576
2026-09-07 09:17:09,833 [DEBUG] core.argyll_runner: [argyll] Added 12948/49576
2026-09-07 09:17:09,905 [DEBUG] core.argyll_runner: [argyll] Added 12959/49576
2026-09-07 09:17:09,977 [DEBUG] core.argyll_runner: [argyll] Added 12970/49576
2026-09-07 09:17:10,049 [DEBUG] core.argyll_runner: [argyll] Added 12981/49576
2026-09-07 09:17:10,122 [DEBUG] core.argyll_runner: [argyll] Added 12992/49576
2026-09-07 09:17:10,195 [DEBUG] core.argyll_runner: [argyll] Added 13003/49576
2026-09-07 09:17:10,268 [DEBUG] core.argyll_runner: [argyll] Added 13014/49576
2026-09-07 09:17:10,341 [DEBUG] core.argyll_runner: [argyll] Added 13025/49576
2026-09-07 09:17:10,414 [DEBUG] core.argyll_runner: [argyll] Added 13036/49576
2026-09-07 09:17:10,487 [DEBUG] core.argyll_runner: [argyll] Added 13047/49576
2026-09-07 09:17:10,560 [DEBUG] core.argyll_runner: [argyll] Added 13058/49576
2026-09-07 09:17:10,634 [DEBUG] core.argyll_runner: [argyll] Added 13069/49576
2026-09-07 09:17:10,708 [DEBUG] core.argyll_runner: [argyll] Added 13080/49576
2026-09-07 09:17:10,781 [DEBUG] core.argyll_runner: [argyll] Added 13091/49576
2026-09-07 09:17:10,855 [DEBUG] core.argyll_runner: [argyll] Added 13102/49576
2026-09-07 09:17:10,930 [DEBUG] core.argyll_runner: [argyll] Added 13113/49576
2026-09-07 09:17:11,004 [DEBUG] core.argyll_runner: [argyll] Added 13124/49576
2026-09-07 09:17:11,078 [DEBUG] core.argyll_runner: [argyll] Added 13135/49576
2026-09-07 09:17:11,153 [DEBUG] core.argyll_runner: [argyll] Added 13146/49576
2026-09-07 09:17:11,228 [DEBUG] core.argyll_runner: [argyll] Added 13157/49576
2026-09-07 09:17:11,303 [DEBUG] core.argyll_runner: [argyll] Added 13168/49576
2026-09-07 09:17:11,375 [DEBUG] core.argyll_runner: [argyll] Added 13179/49576
2026-09-07 09:17:11,448 [DEBUG] core.argyll_runner: [argyll] Added 13190/49576
2026-09-07 09:17:11,520 [DEBUG] core.argyll_runner: [argyll] Added 13201/49576
2026-09-07 09:17:11,594 [DEBUG] core.argyll_runner: [argyll] Added 13212/49576
2026-09-07 09:17:11,667 [DEBUG] core.argyll_runner: [argyll] Added 13223/49576
2026-09-07 09:17:11,740 [DEBUG] core.argyll_runner: [argyll] Added 13234/49576
2026-09-07 09:17:11,814 [DEBUG] core.argyll_runner: [argyll] Added 13245/49576
2026-09-07 09:17:11,883 [DEBUG] core.argyll_runner: [argyll] Added 13256/49576
2026-09-07 09:17:11,952 [DEBUG] core.argyll_runner: [argyll] Added 13267/49576
2026-09-07 09:17:12,015 [DEBUG] core.argyll_runner: [argyll] Added 13278/49576
2026-09-07 09:17:12,079 [DEBUG] core.argyll_runner: [argyll] Added 13289/49576
2026-09-07 09:17:12,143 [DEBUG] core.argyll_runner: [argyll] Added 13300/49576
2026-09-07 09:17:12,208 [DEBUG] core.argyll_runner: [argyll] Added 13311/49576
2026-09-07 09:17:12,272 [DEBUG] core.argyll_runner: [argyll] Added 13322/49576
2026-09-07 09:17:12,337 [DEBUG] core.argyll_runner: [argyll] Added 13333/49576
2026-09-07 09:17:12,402 [DEBUG] core.argyll_runner: [argyll] Added 13344/49576
2026-09-07 09:17:12,466 [DEBUG] core.argyll_runner: [argyll] Added 13355/49576
2026-09-07 09:17:12,531 [DEBUG] core.argyll_runner: [argyll] Added 13366/49576
2026-09-07 09:17:12,597 [DEBUG] core.argyll_runner: [argyll] Added 13377/49576
2026-09-07 09:17:12,662 [DEBUG] core.argyll_runner: [argyll] Added 13388/49576
2026-09-07 09:17:12,727 [DEBUG] core.argyll_runner: [argyll] Added 13399/49576
2026-09-07 09:17:12,793 [DEBUG] core.argyll_runner: [argyll] Added 13410/49576
2026-09-07 09:17:12,858 [DEBUG] core.argyll_runner: [argyll] Added 13421/49576
2026-09-07 09:17:12,924 [DEBUG] core.argyll_runner: [argyll] Added 13432/49576
2026-09-07 09:17:12,990 [DEBUG] core.argyll_runner: [argyll] Added 13443/49576
2026-09-07 09:17:13,057 [DEBUG] core.argyll_runner: [argyll] Added 13454/49576
2026-09-07 09:17:13,124 [DEBUG] core.argyll_runner: [argyll] Added 13465/49576
2026-09-07 09:17:13,191 [DEBUG] core.argyll_runner: [argyll] Added 13476/49576
2026-09-07 09:17:13,259 [DEBUG] core.argyll_runner: [argyll] Added 13487/49576
2026-09-07 09:17:13,327 [DEBUG] core.argyll_runner: [argyll] Added 13498/49576
2026-09-07 09:17:13,394 [DEBUG] core.argyll_runner: [argyll] Added 13509/49576
2026-09-07 09:17:13,462 [DEBUG] core.argyll_runner: [argyll] Added 13520/49576
2026-09-07 09:17:13,530 [DEBUG] core.argyll_runner: [argyll] Added 13531/49576
2026-09-07 09:17:13,599 [DEBUG] core.argyll_runner: [argyll] Added 13542/49576
2026-09-07 09:17:13,667 [DEBUG] core.argyll_runner: [argyll] Added 13553/49576
2026-09-07 09:17:13,735 [DEBUG] core.argyll_runner: [argyll] Added 13564/49576
2026-09-07 09:17:13,804 [DEBUG] core.argyll_runner: [argyll] Added 13575/49576
2026-09-07 09:17:13,872 [DEBUG] core.argyll_runner: [argyll] Added 13586/49576
2026-09-07 09:17:13,941 [DEBUG] core.argyll_runner: [argyll] Added 13597/49576
2026-09-07 09:17:14,010 [DEBUG] core.argyll_runner: [argyll] Added 13608/49576
2026-09-07 09:17:14,079 [DEBUG] core.argyll_runner: [argyll] Added 13619/49576
2026-09-07 09:17:14,148 [DEBUG] core.argyll_runner: [argyll] Added 13630/49576
2026-09-07 09:17:14,217 [DEBUG] core.argyll_runner: [argyll] Added 13641/49576
2026-09-07 09:17:14,286 [DEBUG] core.argyll_runner: [argyll] Added 13652/49576
2026-09-07 09:17:14,356 [DEBUG] core.argyll_runner: [argyll] Added 13663/49576
2026-09-07 09:17:14,425 [DEBUG] core.argyll_runner: [argyll] Added 13674/49576
2026-09-07 09:17:14,495 [DEBUG] core.argyll_runner: [argyll] Added 13685/49576
2026-09-07 09:17:14,565 [DEBUG] core.argyll_runner: [argyll] Added 13696/49576
2026-09-07 09:17:14,635 [DEBUG] core.argyll_runner: [argyll] Added 13707/49576
2026-09-07 09:17:14,706 [DEBUG] core.argyll_runner: [argyll] Added 13718/49576
2026-09-07 09:17:14,776 [DEBUG] core.argyll_runner: [argyll] Added 13729/49576
2026-09-07 09:17:14,847 [DEBUG] core.argyll_runner: [argyll] Added 13740/49576
2026-09-07 09:17:14,920 [DEBUG] core.argyll_runner: [argyll] Added 13751/49576
2026-09-07 09:17:14,992 [DEBUG] core.argyll_runner: [argyll] Added 13762/49576
2026-09-07 09:17:15,065 [DEBUG] core.argyll_runner: [argyll] Added 13773/49576
2026-09-07 09:17:15,138 [DEBUG] core.argyll_runner: [argyll] Added 13784/49576
2026-09-07 09:17:15,211 [DEBUG] core.argyll_runner: [argyll] Added 13795/49576
2026-09-07 09:17:15,285 [DEBUG] core.argyll_runner: [argyll] Added 13806/49576
2026-09-07 09:17:15,358 [DEBUG] core.argyll_runner: [argyll] Added 13817/49576
2026-09-07 09:17:15,432 [DEBUG] core.argyll_runner: [argyll] Added 13828/49576
2026-09-07 09:17:15,505 [DEBUG] core.argyll_runner: [argyll] Added 13839/49576
2026-09-07 09:17:15,580 [DEBUG] core.argyll_runner: [argyll] Added 13850/49576
2026-09-07 09:17:15,654 [DEBUG] core.argyll_runner: [argyll] Added 13861/49576
2026-09-07 09:17:15,728 [DEBUG] core.argyll_runner: [argyll] Added 13872/49576
2026-09-07 09:17:15,802 [DEBUG] core.argyll_runner: [argyll] Added 13883/49576
2026-09-07 09:17:15,877 [DEBUG] core.argyll_runner: [argyll] Added 13894/49576
2026-09-07 09:17:15,952 [DEBUG] core.argyll_runner: [argyll] Added 13905/49576
2026-09-07 09:17:16,026 [DEBUG] core.argyll_runner: [argyll] Added 13916/49576
2026-09-07 09:17:16,102 [DEBUG] core.argyll_runner: [argyll] Added 13927/49576
2026-09-07 09:17:16,177 [DEBUG] core.argyll_runner: [argyll] Added 13938/49576
2026-09-07 09:17:16,252 [DEBUG] core.argyll_runner: [argyll] Added 13949/49576
2026-09-07 09:17:16,327 [DEBUG] core.argyll_runner: [argyll] Added 13960/49576
2026-09-07 09:17:16,403 [DEBUG] core.argyll_runner: [argyll] Added 13971/49576
2026-09-07 09:17:16,479 [DEBUG] core.argyll_runner: [argyll] Added 13982/49576
2026-09-07 09:17:16,555 [DEBUG] core.argyll_runner: [argyll] Added 13993/49576
2026-09-07 09:17:16,631 [DEBUG] core.argyll_runner: [argyll] Added 14004/49576
2026-09-07 09:17:16,707 [DEBUG] core.argyll_runner: [argyll] Added 14015/49576
2026-09-07 09:17:16,783 [DEBUG] core.argyll_runner: [argyll] Added 14026/49576
2026-09-07 09:17:16,859 [DEBUG] core.argyll_runner: [argyll] Added 14037/49576
2026-09-07 09:17:16,935 [DEBUG] core.argyll_runner: [argyll] Added 14048/49576
2026-09-07 09:17:17,011 [DEBUG] core.argyll_runner: [argyll] Added 14059/49576
2026-09-07 09:17:17,087 [DEBUG] core.argyll_runner: [argyll] Added 14070/49576
2026-09-07 09:17:17,162 [DEBUG] core.argyll_runner: [argyll] Added 14081/49576
2026-09-07 09:17:17,238 [DEBUG] core.argyll_runner: [argyll] Added 14092/49576
2026-09-07 09:17:17,314 [DEBUG] core.argyll_runner: [argyll] Added 14103/49576
2026-09-07 09:17:17,390 [DEBUG] core.argyll_runner: [argyll] Added 14114/49576
2026-09-07 09:17:17,467 [DEBUG] core.argyll_runner: [argyll] Added 14125/49576
2026-09-07 09:17:17,543 [DEBUG] core.argyll_runner: [argyll] Added 14136/49576
2026-09-07 09:17:17,620 [DEBUG] core.argyll_runner: [argyll] Added 14147/49576
2026-09-07 09:17:17,698 [DEBUG] core.argyll_runner: [argyll] Added 14158/49576
2026-09-07 09:17:17,775 [DEBUG] core.argyll_runner: [argyll] Added 14169/49576
2026-09-07 09:17:17,852 [DEBUG] core.argyll_runner: [argyll] Added 14180/49576
2026-09-07 09:17:17,930 [DEBUG] core.argyll_runner: [argyll] Added 14191/49576
2026-09-07 09:17:18,009 [DEBUG] core.argyll_runner: [argyll] Added 14202/49576
2026-09-07 09:17:18,087 [DEBUG] core.argyll_runner: [argyll] Added 14213/49576
2026-09-07 09:17:18,165 [DEBUG] core.argyll_runner: [argyll] Added 14224/49576
2026-09-07 09:17:18,243 [DEBUG] core.argyll_runner: [argyll] Added 14235/49576
2026-09-07 09:17:18,318 [DEBUG] core.argyll_runner: [argyll] Added 14246/49576
2026-09-07 09:17:18,395 [DEBUG] core.argyll_runner: [argyll] Added 14257/49576
2026-09-07 09:17:18,471 [DEBUG] core.argyll_runner: [argyll] Added 14268/49576
2026-09-07 09:17:18,545 [DEBUG] core.argyll_runner: [argyll] Added 14279/49576
2026-09-07 09:17:18,618 [DEBUG] core.argyll_runner: [argyll] Added 14290/49576
2026-09-07 09:17:18,693 [DEBUG] core.argyll_runner: [argyll] Added 14301/49576
2026-09-07 09:17:18,768 [DEBUG] core.argyll_runner: [argyll] Added 14312/49576
2026-09-07 09:17:18,845 [DEBUG] core.argyll_runner: [argyll] Added 14323/49576
2026-09-07 09:17:18,921 [DEBUG] core.argyll_runner: [argyll] Added 14334/49576
2026-09-07 09:17:18,999 [DEBUG] core.argyll_runner: [argyll] Added 14345/49576
2026-09-07 09:17:19,077 [DEBUG] core.argyll_runner: [argyll] Added 14356/49576
2026-09-07 09:17:19,155 [DEBUG] core.argyll_runner: [argyll] Added 14367/49576
2026-09-07 09:17:19,233 [DEBUG] core.argyll_runner: [argyll] Added 14378/49576
2026-09-07 09:17:19,311 [DEBUG] core.argyll_runner: [argyll] Added 14389/49576
2026-09-07 09:17:19,389 [DEBUG] core.argyll_runner: [argyll] Added 14400/49576
2026-09-07 09:17:19,468 [DEBUG] core.argyll_runner: [argyll] Added 14411/49576
2026-09-07 09:17:19,547 [DEBUG] core.argyll_runner: [argyll] Added 14422/49576
2026-09-07 09:17:19,626 [DEBUG] core.argyll_runner: [argyll] Added 14433/49576
2026-09-07 09:17:19,705 [DEBUG] core.argyll_runner: [argyll] Added 14444/49576
2026-09-07 09:17:19,784 [DEBUG] core.argyll_runner: [argyll] Added 14455/49576
2026-09-07 09:17:19,863 [DEBUG] core.argyll_runner: [argyll] Added 14466/49576
2026-09-07 09:17:19,943 [DEBUG] core.argyll_runner: [argyll] Added 14477/49576
2026-09-07 09:17:20,023 [DEBUG] core.argyll_runner: [argyll] Added 14488/49576
2026-09-07 09:17:20,103 [DEBUG] core.argyll_runner: [argyll] Added 14499/49576
2026-09-07 09:17:20,183 [DEBUG] core.argyll_runner: [argyll] Added 14510/49576
2026-09-07 09:17:20,263 [DEBUG] core.argyll_runner: [argyll] Added 14521/49576
2026-09-07 09:17:20,343 [DEBUG] core.argyll_runner: [argyll] Added 14532/49576
2026-09-07 09:17:20,424 [DEBUG] core.argyll_runner: [argyll] Added 14543/49576
2026-09-07 09:17:20,504 [DEBUG] core.argyll_runner: [argyll] Added 14554/49576
2026-09-07 09:17:20,585 [DEBUG] core.argyll_runner: [argyll] Added 14565/49576
2026-09-07 09:17:20,666 [DEBUG] core.argyll_runner: [argyll] Added 14576/49576
2026-09-07 09:17:20,747 [DEBUG] core.argyll_runner: [argyll] Added 14587/49576
2026-09-07 09:17:20,828 [DEBUG] core.argyll_runner: [argyll] Added 14598/49576
2026-09-07 09:17:20,910 [DEBUG] core.argyll_runner: [argyll] Added 14609/49576
2026-09-07 09:17:20,991 [DEBUG] core.argyll_runner: [argyll] Added 14620/49576
2026-09-07 09:17:21,073 [DEBUG] core.argyll_runner: [argyll] Added 14631/49576
2026-09-07 09:17:21,155 [DEBUG] core.argyll_runner: [argyll] Added 14642/49576
2026-09-07 09:17:21,236 [DEBUG] core.argyll_runner: [argyll] Added 14653/49576
2026-09-07 09:17:21,318 [DEBUG] core.argyll_runner: [argyll] Added 14664/49576
2026-09-07 09:17:21,401 [DEBUG] core.argyll_runner: [argyll] Added 14675/49576
2026-09-07 09:17:21,483 [DEBUG] core.argyll_runner: [argyll] Added 14686/49576
2026-09-07 09:17:21,566 [DEBUG] core.argyll_runner: [argyll] Added 14697/49576
2026-09-07 09:17:21,649 [DEBUG] core.argyll_runner: [argyll] Added 14708/49576
2026-09-07 09:17:21,731 [DEBUG] core.argyll_runner: [argyll] Added 14719/49576
2026-09-07 09:17:21,818 [DEBUG] core.argyll_runner: [argyll] Added 14730/49576
2026-09-07 09:17:21,906 [DEBUG] core.argyll_runner: [argyll] Added 14741/49576
2026-09-07 09:17:21,993 [DEBUG] core.argyll_runner: [argyll] Added 14752/49576
2026-09-07 09:17:22,079 [DEBUG] core.argyll_runner: [argyll] Added 14763/49576
2026-09-07 09:17:22,165 [DEBUG] core.argyll_runner: [argyll] Added 14774/49576
2026-09-07 09:17:22,251 [DEBUG] core.argyll_runner: [argyll] Added 14785/49576
2026-09-07 09:17:22,337 [DEBUG] core.argyll_runner: [argyll] Added 14796/49576
2026-09-07 09:17:22,424 [DEBUG] core.argyll_runner: [argyll] Added 14807/49576
2026-09-07 09:17:22,511 [DEBUG] core.argyll_runner: [argyll] Added 14818/49576
2026-09-07 09:17:22,597 [DEBUG] core.argyll_runner: [argyll] Added 14829/49576
2026-09-07 09:17:22,684 [DEBUG] core.argyll_runner: [argyll] Added 14840/49576
2026-09-07 09:17:22,772 [DEBUG] core.argyll_runner: [argyll] Added 14851/49576
2026-09-07 09:17:22,859 [DEBUG] core.argyll_runner: [argyll] Added 14862/49576
2026-09-07 09:17:22,946 [DEBUG] core.argyll_runner: [argyll] Added 14873/49576
2026-09-07 09:17:23,034 [DEBUG] core.argyll_runner: [argyll] Added 14884/49576
2026-09-07 09:17:23,122 [DEBUG] core.argyll_runner: [argyll] Added 14895/49576
2026-09-07 09:17:23,210 [DEBUG] core.argyll_runner: [argyll] Added 14906/49576
2026-09-07 09:17:23,298 [DEBUG] core.argyll_runner: [argyll] Added 14917/49576
2026-09-07 09:17:23,386 [DEBUG] core.argyll_runner: [argyll] Added 14928/49576
2026-09-07 09:17:23,475 [DEBUG] core.argyll_runner: [argyll] Added 14939/49576
2026-09-07 09:17:23,563 [DEBUG] core.argyll_runner: [argyll] Added 14950/49576
2026-09-07 09:17:23,652 [DEBUG] core.argyll_runner: [argyll] Added 14961/49576
2026-09-07 09:17:23,740 [DEBUG] core.argyll_runner: [argyll] Added 14972/49576
2026-09-07 09:17:23,829 [DEBUG] core.argyll_runner: [argyll] Added 14983/49576
2026-09-07 09:17:23,913 [DEBUG] core.argyll_runner: [argyll] Added 14994/49576
2026-09-07 09:17:23,992 [DEBUG] core.argyll_runner: [argyll] Added 15005/49576
2026-09-07 09:17:24,071 [DEBUG] core.argyll_runner: [argyll] Added 15016/49576
2026-09-07 09:17:24,150 [DEBUG] core.argyll_runner: [argyll] Added 15027/49576
2026-09-07 09:17:24,230 [DEBUG] core.argyll_runner: [argyll] Added 15038/49576
2026-09-07 09:17:24,309 [DEBUG] core.argyll_runner: [argyll] Added 15049/49576
2026-09-07 09:17:24,389 [DEBUG] core.argyll_runner: [argyll] Added 15060/49576
2026-09-07 09:17:24,469 [DEBUG] core.argyll_runner: [argyll] Added 15071/49576
2026-09-07 09:17:24,549 [DEBUG] core.argyll_runner: [argyll] Added 15082/49576
2026-09-07 09:17:24,630 [DEBUG] core.argyll_runner: [argyll] Added 15093/49576
2026-09-07 09:17:24,710 [DEBUG] core.argyll_runner: [argyll] Added 15104/49576
2026-09-07 09:17:24,790 [DEBUG] core.argyll_runner: [argyll] Added 15115/49576
2026-09-07 09:17:24,871 [DEBUG] core.argyll_runner: [argyll] Added 15126/49576
2026-09-07 09:17:24,952 [DEBUG] core.argyll_runner: [argyll] Added 15137/49576
2026-09-07 09:17:25,033 [DEBUG] core.argyll_runner: [argyll] Added 15148/49576
2026-09-07 09:17:25,114 [DEBUG] core.argyll_runner: [argyll] Added 15159/49576
2026-09-07 09:17:25,195 [DEBUG] core.argyll_runner: [argyll] Added 15170/49576
2026-09-07 09:17:25,273 [DEBUG] core.argyll_runner: [argyll] Added 15181/49576
2026-09-07 09:17:25,352 [DEBUG] core.argyll_runner: [argyll] Added 15192/49576
2026-09-07 09:17:25,432 [DEBUG] core.argyll_runner: [argyll] Added 15203/49576
2026-09-07 09:17:25,512 [DEBUG] core.argyll_runner: [argyll] Added 15214/49576
2026-09-07 09:17:25,592 [DEBUG] core.argyll_runner: [argyll] Added 15225/49576
2026-09-07 09:17:25,672 [DEBUG] core.argyll_runner: [argyll] Added 15236/49576
2026-09-07 09:17:25,752 [DEBUG] core.argyll_runner: [argyll] Added 15247/49576
2026-09-07 09:17:25,832 [DEBUG] core.argyll_runner: [argyll] Added 15258/49576
2026-09-07 09:17:25,912 [DEBUG] core.argyll_runner: [argyll] Added 15269/49576
2026-09-07 09:17:25,992 [DEBUG] core.argyll_runner: [argyll] Added 15280/49576
2026-09-07 09:17:26,073 [DEBUG] core.argyll_runner: [argyll] Added 15291/49576
2026-09-07 09:17:26,154 [DEBUG] core.argyll_runner: [argyll] Added 15302/49576
2026-09-07 09:17:26,235 [DEBUG] core.argyll_runner: [argyll] Added 15313/49576
2026-09-07 09:17:26,316 [DEBUG] core.argyll_runner: [argyll] Added 15324/49576
2026-09-07 09:17:26,397 [DEBUG] core.argyll_runner: [argyll] Added 15335/49576
2026-09-07 09:17:26,479 [DEBUG] core.argyll_runner: [argyll] Added 15346/49576
2026-09-07 09:17:26,560 [DEBUG] core.argyll_runner: [argyll] Added 15357/49576
2026-09-07 09:17:26,642 [DEBUG] core.argyll_runner: [argyll] Added 15368/49576
2026-09-07 09:17:26,724 [DEBUG] core.argyll_runner: [argyll] Added 15379/49576
2026-09-07 09:17:26,806 [DEBUG] core.argyll_runner: [argyll] Added 15390/49576
2026-09-07 09:17:26,888 [DEBUG] core.argyll_runner: [argyll] Added 15401/49576
2026-09-07 09:17:26,971 [DEBUG] core.argyll_runner: [argyll] Added 15412/49576
2026-09-07 09:17:27,052 [DEBUG] core.argyll_runner: [argyll] Added 15423/49576
2026-09-07 09:17:27,135 [DEBUG] core.argyll_runner: [argyll] Added 15434/49576
2026-09-07 09:17:27,218 [DEBUG] core.argyll_runner: [argyll] Added 15445/49576
2026-09-07 09:17:27,302 [DEBUG] core.argyll_runner: [argyll] Added 15456/49576
2026-09-07 09:17:27,385 [DEBUG] core.argyll_runner: [argyll] Added 15467/49576
2026-09-07 09:17:27,468 [DEBUG] core.argyll_runner: [argyll] Added 15478/49576
2026-09-07 09:17:27,552 [DEBUG] core.argyll_runner: [argyll] Added 15489/49576
2026-09-07 09:17:27,636 [DEBUG] core.argyll_runner: [argyll] Added 15500/49576
2026-09-07 09:17:27,720 [DEBUG] core.argyll_runner: [argyll] Added 15511/49576
2026-09-07 09:17:27,804 [DEBUG] core.argyll_runner: [argyll] Added 15522/49576
2026-09-07 09:17:27,888 [DEBUG] core.argyll_runner: [argyll] Added 15533/49576
2026-09-07 09:17:27,972 [DEBUG] core.argyll_runner: [argyll] Added 15544/49576
2026-09-07 09:17:28,056 [DEBUG] core.argyll_runner: [argyll] Added 15555/49576
2026-09-07 09:17:28,141 [DEBUG] core.argyll_runner: [argyll] Added 15566/49576
2026-09-07 09:17:28,225 [DEBUG] core.argyll_runner: [argyll] Added 15577/49576
2026-09-07 09:17:28,310 [DEBUG] core.argyll_runner: [argyll] Added 15588/49576
2026-09-07 09:17:28,394 [DEBUG] core.argyll_runner: [argyll] Added 15599/49576
2026-09-07 09:17:28,480 [DEBUG] core.argyll_runner: [argyll] Added 15610/49576
2026-09-07 09:17:28,565 [DEBUG] core.argyll_runner: [argyll] Added 15621/49576
2026-09-07 09:17:28,650 [DEBUG] core.argyll_runner: [argyll] Added 15632/49576
2026-09-07 09:17:28,737 [DEBUG] core.argyll_runner: [argyll] Added 15643/49576
2026-09-07 09:17:28,826 [DEBUG] core.argyll_runner: [argyll] Added 15654/49576
2026-09-07 09:17:28,914 [DEBUG] core.argyll_runner: [argyll] Added 15665/49576
2026-09-07 09:17:29,003 [DEBUG] core.argyll_runner: [argyll] Added 15676/49576
2026-09-07 09:17:29,092 [DEBUG] core.argyll_runner: [argyll] Added 15687/49576
2026-09-07 09:17:29,181 [DEBUG] core.argyll_runner: [argyll] Added 15698/49576
2026-09-07 09:17:29,270 [DEBUG] core.argyll_runner: [argyll] Added 15709/49576
2026-09-07 09:17:29,359 [DEBUG] core.argyll_runner: [argyll] Added 15720/49576
2026-09-07 09:17:29,449 [DEBUG] core.argyll_runner: [argyll] Added 15731/49576
2026-09-07 09:17:29,538 [DEBUG] core.argyll_runner: [argyll] Added 15742/49576
2026-09-07 09:17:29,628 [DEBUG] core.argyll_runner: [argyll] Added 15753/49576
2026-09-07 09:17:29,718 [DEBUG] core.argyll_runner: [argyll] Added 15764/49576
2026-09-07 09:17:29,807 [DEBUG] core.argyll_runner: [argyll] Added 15775/49576
2026-09-07 09:17:29,898 [DEBUG] core.argyll_runner: [argyll] Added 15786/49576
2026-09-07 09:17:29,988 [DEBUG] core.argyll_runner: [argyll] Added 15797/49576
2026-09-07 09:17:30,078 [DEBUG] core.argyll_runner: [argyll] Added 15808/49576
2026-09-07 09:17:30,169 [DEBUG] core.argyll_runner: [argyll] Added 15819/49576
2026-09-07 09:17:30,260 [DEBUG] core.argyll_runner: [argyll] Added 15830/49576
2026-09-07 09:17:30,351 [DEBUG] core.argyll_runner: [argyll] Added 15841/49576
2026-09-07 09:17:30,442 [DEBUG] core.argyll_runner: [argyll] Added 15852/49576
2026-09-07 09:17:30,532 [DEBUG] core.argyll_runner: [argyll] Added 15863/49576
2026-09-07 09:17:30,623 [DEBUG] core.argyll_runner: [argyll] Added 15874/49576
2026-09-07 09:17:30,715 [DEBUG] core.argyll_runner: [argyll] Added 15885/49576
2026-09-07 09:17:30,806 [DEBUG] core.argyll_runner: [argyll] Added 15896/49576
2026-09-07 09:17:30,897 [DEBUG] core.argyll_runner: [argyll] Added 15907/49576
2026-09-07 09:17:30,989 [DEBUG] core.argyll_runner: [argyll] Added 15918/49576
2026-09-07 09:17:31,080 [DEBUG] core.argyll_runner: [argyll] Added 15929/49576
2026-09-07 09:17:31,172 [DEBUG] core.argyll_runner: [argyll] Added 15940/49576
2026-09-07 09:17:31,264 [DEBUG] core.argyll_runner: [argyll] Added 15951/49576
2026-09-07 09:17:31,356 [DEBUG] core.argyll_runner: [argyll] Added 15962/49576
2026-09-07 09:17:31,449 [DEBUG] core.argyll_runner: [argyll] Added 15973/49576
2026-09-07 09:17:31,543 [DEBUG] core.argyll_runner: [argyll] Added 15984/49576
2026-09-07 09:17:31,636 [DEBUG] core.argyll_runner: [argyll] Added 15995/49576
2026-09-07 09:17:31,729 [DEBUG] core.argyll_runner: [argyll] Added 16006/49576
2026-09-07 09:17:31,822 [DEBUG] core.argyll_runner: [argyll] Added 16017/49576
2026-09-07 09:17:31,915 [DEBUG] core.argyll_runner: [argyll] Added 16028/49576
2026-09-07 09:17:32,009 [DEBUG] core.argyll_runner: [argyll] Added 16039/49576
2026-09-07 09:17:32,098 [DEBUG] core.argyll_runner: [argyll] Added 16050/49576
2026-09-07 09:17:32,187 [DEBUG] core.argyll_runner: [argyll] Added 16061/49576
2026-09-07 09:17:32,278 [DEBUG] core.argyll_runner: [argyll] Added 16072/49576
2026-09-07 09:17:32,371 [DEBUG] core.argyll_runner: [argyll] Added 16083/49576
2026-09-07 09:17:32,464 [DEBUG] core.argyll_runner: [argyll] Added 16094/49576
2026-09-07 09:17:32,558 [DEBUG] core.argyll_runner: [argyll] Added 16105/49576
2026-09-07 09:17:32,652 [DEBUG] core.argyll_runner: [argyll] Added 16116/49576
2026-09-07 09:17:32,746 [DEBUG] core.argyll_runner: [argyll] Added 16127/49576
2026-09-07 09:17:32,840 [DEBUG] core.argyll_runner: [argyll] Added 16138/49576
2026-09-07 09:17:32,935 [DEBUG] core.argyll_runner: [argyll] Added 16149/49576
2026-09-07 09:17:33,030 [DEBUG] core.argyll_runner: [argyll] Added 16160/49576
2026-09-07 09:17:33,125 [DEBUG] core.argyll_runner: [argyll] Added 16171/49576
2026-09-07 09:17:33,220 [DEBUG] core.argyll_runner: [argyll] Added 16182/49576
2026-09-07 09:17:33,315 [DEBUG] core.argyll_runner: [argyll] Added 16193/49576
2026-09-07 09:17:33,410 [DEBUG] core.argyll_runner: [argyll] Added 16204/49576
2026-09-07 09:17:33,505 [DEBUG] core.argyll_runner: [argyll] Added 16215/49576
2026-09-07 09:17:33,601 [DEBUG] core.argyll_runner: [argyll] Added 16226/49576
2026-09-07 09:17:33,696 [DEBUG] core.argyll_runner: [argyll] Added 16237/49576
2026-09-07 09:17:33,792 [DEBUG] core.argyll_runner: [argyll] Added 16248/49576
2026-09-07 09:17:33,887 [DEBUG] core.argyll_runner: [argyll] Added 16259/49576
2026-09-07 09:17:33,983 [DEBUG] core.argyll_runner: [argyll] Added 16270/49576
2026-09-07 09:17:34,080 [DEBUG] core.argyll_runner: [argyll] Added 16281/49576
2026-09-07 09:17:34,176 [DEBUG] core.argyll_runner: [argyll] Added 16292/49576
2026-09-07 09:17:34,272 [DEBUG] core.argyll_runner: [argyll] Added 16303/49576
2026-09-07 09:17:34,369 [DEBUG] core.argyll_runner: [argyll] Added 16314/49576
2026-09-07 09:17:34,465 [DEBUG] core.argyll_runner: [argyll] Added 16325/49576
2026-09-07 09:17:34,562 [DEBUG] core.argyll_runner: [argyll] Added 16336/49576
2026-09-07 09:17:34,659 [DEBUG] core.argyll_runner: [argyll] Added 16347/49576
2026-09-07 09:17:34,756 [DEBUG] core.argyll_runner: [argyll] Added 16358/49576
2026-09-07 09:17:34,853 [DEBUG] core.argyll_runner: [argyll] Added 16369/49576
2026-09-07 09:17:34,951 [DEBUG] core.argyll_runner: [argyll] Added 16380/49576
2026-09-07 09:17:35,049 [DEBUG] core.argyll_runner: [argyll] Added 16391/49576
2026-09-07 09:17:35,146 [DEBUG] core.argyll_runner: [argyll] Added 16402/49576
2026-09-07 09:17:35,244 [DEBUG] core.argyll_runner: [argyll] Added 16413/49576
2026-09-07 09:17:35,342 [DEBUG] core.argyll_runner: [argyll] Added 16424/49576
2026-09-07 09:17:35,440 [DEBUG] core.argyll_runner: [argyll] Added 16435/49576
2026-09-07 09:17:35,539 [DEBUG] core.argyll_runner: [argyll] Added 16446/49576
2026-09-07 09:17:35,635 [DEBUG] core.argyll_runner: [argyll] Added 16457/49576
2026-09-07 09:17:35,733 [DEBUG] core.argyll_runner: [argyll] Added 16468/49576
2026-09-07 09:17:35,832 [DEBUG] core.argyll_runner: [argyll] Added 16479/49576
2026-09-07 09:17:35,930 [DEBUG] core.argyll_runner: [argyll] Added 16490/49576
2026-09-07 09:17:36,028 [DEBUG] core.argyll_runner: [argyll] Added 16501/49576
2026-09-07 09:17:36,127 [DEBUG] core.argyll_runner: [argyll] Added 16512/49576
2026-09-07 09:17:36,225 [DEBUG] core.argyll_runner: [argyll] Added 16523/49576
2026-09-07 09:17:36,323 [DEBUG] core.argyll_runner: [argyll] Added 16534/49576
2026-09-07 09:17:36,422 [DEBUG] core.argyll_runner: [argyll] Added 16545/49576
2026-09-07 09:17:36,522 [DEBUG] core.argyll_runner: [argyll] Added 16556/49576
2026-09-07 09:17:36,621 [DEBUG] core.argyll_runner: [argyll] Added 16567/49576
2026-09-07 09:17:36,721 [DEBUG] core.argyll_runner: [argyll] Added 16578/49576
2026-09-07 09:17:36,820 [DEBUG] core.argyll_runner: [argyll] Added 16589/49576
2026-09-07 09:17:36,920 [DEBUG] core.argyll_runner: [argyll] Added 16600/49576
2026-09-07 09:17:37,020 [DEBUG] core.argyll_runner: [argyll] Added 16611/49576
2026-09-07 09:17:37,120 [DEBUG] core.argyll_runner: [argyll] Added 16622/49576
2026-09-07 09:17:37,220 [DEBUG] core.argyll_runner: [argyll] Added 16633/49576
2026-09-07 09:17:37,321 [DEBUG] core.argyll_runner: [argyll] Added 16644/49576
2026-09-07 09:17:37,422 [DEBUG] core.argyll_runner: [argyll] Added 16655/49576
2026-09-07 09:17:37,523 [DEBUG] core.argyll_runner: [argyll] Added 16666/49576
2026-09-07 09:17:37,624 [DEBUG] core.argyll_runner: [argyll] Added 16677/49576
2026-09-07 09:17:37,726 [DEBUG] core.argyll_runner: [argyll] Added 16688/49576
2026-09-07 09:17:37,827 [DEBUG] core.argyll_runner: [argyll] Added 16699/49576
2026-09-07 09:17:37,929 [DEBUG] core.argyll_runner: [argyll] Added 16710/49576
2026-09-07 09:17:38,026 [DEBUG] core.argyll_runner: [argyll] Added 16721/49576
2026-09-07 09:17:38,122 [DEBUG] core.argyll_runner: [argyll] Added 16732/49576
2026-09-07 09:17:38,214 [DEBUG] core.argyll_runner: [argyll] Added 16743/49576
2026-09-07 09:17:38,305 [DEBUG] core.argyll_runner: [argyll] Added 16754/49576
2026-09-07 09:17:38,397 [DEBUG] core.argyll_runner: [argyll] Added 16765/49576
2026-09-07 09:17:38,489 [DEBUG] core.argyll_runner: [argyll] Added 16776/49576
2026-09-07 09:17:38,581 [DEBUG] core.argyll_runner: [argyll] Added 16787/49576
2026-09-07 09:17:38,673 [DEBUG] core.argyll_runner: [argyll] Added 16798/49576
2026-09-07 09:17:38,766 [DEBUG] core.argyll_runner: [argyll] Added 16809/49576
2026-09-07 09:17:38,858 [DEBUG] core.argyll_runner: [argyll] Added 16820/49576
2026-09-07 09:17:38,950 [DEBUG] core.argyll_runner: [argyll] Added 16831/49576
2026-09-07 09:17:39,041 [DEBUG] core.argyll_runner: [argyll] Added 16842/49576
2026-09-07 09:17:39,133 [DEBUG] core.argyll_runner: [argyll] Added 16853/49576
2026-09-07 09:17:39,226 [DEBUG] core.argyll_runner: [argyll] Added 16864/49576
2026-09-07 09:17:39,319 [DEBUG] core.argyll_runner: [argyll] Added 16875/49576
2026-09-07 09:17:39,413 [DEBUG] core.argyll_runner: [argyll] Added 16886/49576
2026-09-07 09:17:39,506 [DEBUG] core.argyll_runner: [argyll] Added 16897/49576
2026-09-07 09:17:39,600 [DEBUG] core.argyll_runner: [argyll] Added 16908/49576
2026-09-07 09:17:39,694 [DEBUG] core.argyll_runner: [argyll] Added 16919/49576
2026-09-07 09:17:39,788 [DEBUG] core.argyll_runner: [argyll] Added 16930/49576
2026-09-07 09:17:39,882 [DEBUG] core.argyll_runner: [argyll] Added 16941/49576
2026-09-07 09:17:39,976 [DEBUG] core.argyll_runner: [argyll] Added 16952/49576
2026-09-07 09:17:40,071 [DEBUG] core.argyll_runner: [argyll] Added 16963/49576
2026-09-07 09:17:40,165 [DEBUG] core.argyll_runner: [argyll] Added 16974/49576
2026-09-07 09:17:40,260 [DEBUG] core.argyll_runner: [argyll] Added 16985/49576
2026-09-07 09:17:40,355 [DEBUG] core.argyll_runner: [argyll] Added 16996/49576
2026-09-07 09:17:40,450 [DEBUG] core.argyll_runner: [argyll] Added 17007/49576
2026-09-07 09:17:40,545 [DEBUG] core.argyll_runner: [argyll] Added 17018/49576
2026-09-07 09:17:40,640 [DEBUG] core.argyll_runner: [argyll] Added 17029/49576
2026-09-07 09:17:40,736 [DEBUG] core.argyll_runner: [argyll] Added 17040/49576
2026-09-07 09:17:40,831 [DEBUG] core.argyll_runner: [argyll] Added 17051/49576
2026-09-07 09:17:40,927 [DEBUG] core.argyll_runner: [argyll] Added 17062/49576
2026-09-07 09:17:41,023 [DEBUG] core.argyll_runner: [argyll] Added 17073/49576
2026-09-07 09:17:41,119 [DEBUG] core.argyll_runner: [argyll] Added 17084/49576
2026-09-07 09:17:41,216 [DEBUG] core.argyll_runner: [argyll] Added 17095/49576
2026-09-07 09:17:41,312 [DEBUG] core.argyll_runner: [argyll] Added 17106/49576
2026-09-07 09:17:41,409 [DEBUG] core.argyll_runner: [argyll] Added 17117/49576
2026-09-07 09:17:41,505 [DEBUG] core.argyll_runner: [argyll] Added 17128/49576
2026-09-07 09:17:41,602 [DEBUG] core.argyll_runner: [argyll] Added 17139/49576
2026-09-07 09:17:41,699 [DEBUG] core.argyll_runner: [argyll] Added 17150/49576
2026-09-07 09:17:41,796 [DEBUG] core.argyll_runner: [argyll] Added 17161/49576
2026-09-07 09:17:41,894 [DEBUG] core.argyll_runner: [argyll] Added 17172/49576
2026-09-07 09:17:41,992 [DEBUG] core.argyll_runner: [argyll] Added 17183/49576
2026-09-07 09:17:42,089 [DEBUG] core.argyll_runner: [argyll] Added 17194/49576
2026-09-07 09:17:42,186 [DEBUG] core.argyll_runner: [argyll] Added 17205/49576
2026-09-07 09:17:42,284 [DEBUG] core.argyll_runner: [argyll] Added 17216/49576
2026-09-07 09:17:42,382 [DEBUG] core.argyll_runner: [argyll] Added 17227/49576
2026-09-07 09:17:42,480 [DEBUG] core.argyll_runner: [argyll] Added 17238/49576
2026-09-07 09:17:42,578 [DEBUG] core.argyll_runner: [argyll] Added 17249/49576
2026-09-07 09:17:42,678 [DEBUG] core.argyll_runner: [argyll] Added 17260/49576
2026-09-07 09:17:42,778 [DEBUG] core.argyll_runner: [argyll] Added 17271/49576
2026-09-07 09:17:42,878 [DEBUG] core.argyll_runner: [argyll] Added 17282/49576
2026-09-07 09:17:42,978 [DEBUG] core.argyll_runner: [argyll] Added 17293/49576
2026-09-07 09:17:43,079 [DEBUG] core.argyll_runner: [argyll] Added 17304/49576
2026-09-07 09:17:43,180 [DEBUG] core.argyll_runner: [argyll] Added 17315/49576
2026-09-07 09:17:43,281 [DEBUG] core.argyll_runner: [argyll] Added 17326/49576
2026-09-07 09:17:43,382 [DEBUG] core.argyll_runner: [argyll] Added 17337/49576
2026-09-07 09:17:43,483 [DEBUG] core.argyll_runner: [argyll] Added 17348/49576
2026-09-07 09:17:43,584 [DEBUG] core.argyll_runner: [argyll] Added 17359/49576
2026-09-07 09:17:43,685 [DEBUG] core.argyll_runner: [argyll] Added 17370/49576
2026-09-07 09:17:43,786 [DEBUG] core.argyll_runner: [argyll] Added 17381/49576
2026-09-07 09:17:43,888 [DEBUG] core.argyll_runner: [argyll] Added 17392/49576
2026-09-07 09:17:43,989 [DEBUG] core.argyll_runner: [argyll] Added 17403/49576
2026-09-07 09:17:44,091 [DEBUG] core.argyll_runner: [argyll] Added 17414/49576
2026-09-07 09:17:44,193 [DEBUG] core.argyll_runner: [argyll] Added 17425/49576
2026-09-07 09:17:44,296 [DEBUG] core.argyll_runner: [argyll] Added 17436/49576
2026-09-07 09:17:44,398 [DEBUG] core.argyll_runner: [argyll] Added 17447/49576
2026-09-07 09:17:44,500 [DEBUG] core.argyll_runner: [argyll] Added 17458/49576
2026-09-07 09:17:44,603 [DEBUG] core.argyll_runner: [argyll] Added 17469/49576
2026-09-07 09:17:44,705 [DEBUG] core.argyll_runner: [argyll] Added 17480/49576
2026-09-07 09:17:44,808 [DEBUG] core.argyll_runner: [argyll] Added 17491/49576
2026-09-07 09:17:44,910 [DEBUG] core.argyll_runner: [argyll] Added 17502/49576
2026-09-07 09:17:45,012 [DEBUG] core.argyll_runner: [argyll] Added 17513/49576
2026-09-07 09:17:45,115 [DEBUG] core.argyll_runner: [argyll] Added 17524/49576
2026-09-07 09:17:45,219 [DEBUG] core.argyll_runner: [argyll] Added 17535/49576
2026-09-07 09:17:45,323 [DEBUG] core.argyll_runner: [argyll] Added 17546/49576
2026-09-07 09:17:45,427 [DEBUG] core.argyll_runner: [argyll] Added 17557/49576
2026-09-07 09:17:45,530 [DEBUG] core.argyll_runner: [argyll] Added 17568/49576
2026-09-07 09:17:45,635 [DEBUG] core.argyll_runner: [argyll] Added 17579/49576
2026-09-07 09:17:45,738 [DEBUG] core.argyll_runner: [argyll] Added 17590/49576
2026-09-07 09:17:45,836 [DEBUG] core.argyll_runner: [argyll] Added 17601/49576
2026-09-07 09:17:45,935 [DEBUG] core.argyll_runner: [argyll] Added 17612/49576
2026-09-07 09:17:46,036 [DEBUG] core.argyll_runner: [argyll] Added 17623/49576
2026-09-07 09:17:46,140 [DEBUG] core.argyll_runner: [argyll] Added 17634/49576
2026-09-07 09:17:46,244 [DEBUG] core.argyll_runner: [argyll] Added 17645/49576
2026-09-07 09:17:46,350 [DEBUG] core.argyll_runner: [argyll] Added 17656/49576
2026-09-07 09:17:46,455 [DEBUG] core.argyll_runner: [argyll] Added 17667/49576
2026-09-07 09:17:46,561 [DEBUG] core.argyll_runner: [argyll] Added 17678/49576
2026-09-07 09:17:46,666 [DEBUG] core.argyll_runner: [argyll] Added 17689/49576
2026-09-07 09:17:46,772 [DEBUG] core.argyll_runner: [argyll] Added 17700/49576
2026-09-07 09:17:46,877 [DEBUG] core.argyll_runner: [argyll] Added 17711/49576
2026-09-07 09:17:46,982 [DEBUG] core.argyll_runner: [argyll] Added 17722/49576
2026-09-07 09:17:47,088 [DEBUG] core.argyll_runner: [argyll] Added 17733/49576
2026-09-07 09:17:47,195 [DEBUG] core.argyll_runner: [argyll] Added 17744/49576
2026-09-07 09:17:47,301 [DEBUG] core.argyll_runner: [argyll] Added 17755/49576
2026-09-07 09:17:47,408 [DEBUG] core.argyll_runner: [argyll] Added 17766/49576
2026-09-07 09:17:47,514 [DEBUG] core.argyll_runner: [argyll] Added 17777/49576
2026-09-07 09:17:47,620 [DEBUG] core.argyll_runner: [argyll] Added 17788/49576
2026-09-07 09:17:47,727 [DEBUG] core.argyll_runner: [argyll] Added 17799/49576
2026-09-07 09:17:47,834 [DEBUG] core.argyll_runner: [argyll] Added 17810/49576
2026-09-07 09:17:47,941 [DEBUG] core.argyll_runner: [argyll] Added 17821/49576
2026-09-07 09:17:48,048 [DEBUG] core.argyll_runner: [argyll] Added 17832/49576
2026-09-07 09:17:48,155 [DEBUG] core.argyll_runner: [argyll] Added 17843/49576
2026-09-07 09:17:48,263 [DEBUG] core.argyll_runner: [argyll] Added 17854/49576
2026-09-07 09:17:48,371 [DEBUG] core.argyll_runner: [argyll] Added 17865/49576
2026-09-07 09:17:48,479 [DEBUG] core.argyll_runner: [argyll] Added 17876/49576
2026-09-07 09:17:48,586 [DEBUG] core.argyll_runner: [argyll] Added 17887/49576
2026-09-07 09:17:48,694 [DEBUG] core.argyll_runner: [argyll] Added 17898/49576
2026-09-07 09:17:48,803 [DEBUG] core.argyll_runner: [argyll] Added 17909/49576
2026-09-07 09:17:48,911 [DEBUG] core.argyll_runner: [argyll] Added 17920/49576
2026-09-07 09:17:49,020 [DEBUG] core.argyll_runner: [argyll] Added 17931/49576
2026-09-07 09:17:49,129 [DEBUG] core.argyll_runner: [argyll] Added 17942/49576
2026-09-07 09:17:49,237 [DEBUG] core.argyll_runner: [argyll] Added 17953/49576
2026-09-07 09:17:49,346 [DEBUG] core.argyll_runner: [argyll] Added 17964/49576
2026-09-07 09:17:49,454 [DEBUG] core.argyll_runner: [argyll] Added 17975/49576
2026-09-07 09:17:49,563 [DEBUG] core.argyll_runner: [argyll] Added 17986/49576
2026-09-07 09:17:49,673 [DEBUG] core.argyll_runner: [argyll] Added 17997/49576
2026-09-07 09:17:49,783 [DEBUG] core.argyll_runner: [argyll] Added 18008/49576
2026-09-07 09:17:49,893 [DEBUG] core.argyll_runner: [argyll] Added 18019/49576
2026-09-07 09:17:50,003 [DEBUG] core.argyll_runner: [argyll] Added 18030/49576
2026-09-07 09:17:50,113 [DEBUG] core.argyll_runner: [argyll] Added 18041/49576
2026-09-07 09:17:50,224 [DEBUG] core.argyll_runner: [argyll] Added 18052/49576
2026-09-07 09:17:50,334 [DEBUG] core.argyll_runner: [argyll] Added 18063/49576
2026-09-07 09:17:50,445 [DEBUG] core.argyll_runner: [argyll] Added 18074/49576
2026-09-07 09:17:50,555 [DEBUG] core.argyll_runner: [argyll] Added 18085/49576
2026-09-07 09:17:50,666 [DEBUG] core.argyll_runner: [argyll] Added 18096/49576
2026-09-07 09:17:50,777 [DEBUG] core.argyll_runner: [argyll] Added 18107/49576
2026-09-07 09:17:50,888 [DEBUG] core.argyll_runner: [argyll] Added 18118/49576
2026-09-07 09:17:51,000 [DEBUG] core.argyll_runner: [argyll] Added 18129/49576
2026-09-07 09:17:51,112 [DEBUG] core.argyll_runner: [argyll] Added 18140/49576
2026-09-07 09:17:51,223 [DEBUG] core.argyll_runner: [argyll] Added 18151/49576
2026-09-07 09:17:51,333 [DEBUG] core.argyll_runner: [argyll] Added 18162/49576
2026-09-07 09:17:51,445 [DEBUG] core.argyll_runner: [argyll] Added 18173/49576
2026-09-07 09:17:51,557 [DEBUG] core.argyll_runner: [argyll] Added 18184/49576
2026-09-07 09:17:51,670 [DEBUG] core.argyll_runner: [argyll] Added 18195/49576
2026-09-07 09:17:51,782 [DEBUG] core.argyll_runner: [argyll] Added 18206/49576
2026-09-07 09:17:51,895 [DEBUG] core.argyll_runner: [argyll] Added 18217/49576
2026-09-07 09:17:52,007 [DEBUG] core.argyll_runner: [argyll] Added 18228/49576
2026-09-07 09:17:52,120 [DEBUG] core.argyll_runner: [argyll] Added 18239/49576
2026-09-07 09:17:52,232 [DEBUG] core.argyll_runner: [argyll] Added 18250/49576
2026-09-07 09:17:52,346 [DEBUG] core.argyll_runner: [argyll] Added 18261/49576
2026-09-07 09:17:52,459 [DEBUG] core.argyll_runner: [argyll] Added 18272/49576
2026-09-07 09:17:52,572 [DEBUG] core.argyll_runner: [argyll] Added 18283/49576
2026-09-07 09:17:52,686 [DEBUG] core.argyll_runner: [argyll] Added 18294/49576
2026-09-07 09:17:52,799 [DEBUG] core.argyll_runner: [argyll] Added 18305/49576
2026-09-07 09:17:52,912 [DEBUG] core.argyll_runner: [argyll] Added 18316/49576
2026-09-07 09:17:53,026 [DEBUG] core.argyll_runner: [argyll] Added 18327/49576
2026-09-07 09:17:53,139 [DEBUG] core.argyll_runner: [argyll] Added 18338/49576
2026-09-07 09:17:53,253 [DEBUG] core.argyll_runner: [argyll] Added 18349/49576
2026-09-07 09:17:53,368 [DEBUG] core.argyll_runner: [argyll] Added 18360/49576
2026-09-07 09:17:53,483 [DEBUG] core.argyll_runner: [argyll] Added 18371/49576
2026-09-07 09:17:53,597 [DEBUG] core.argyll_runner: [argyll] Added 18382/49576
2026-09-07 09:17:53,712 [DEBUG] core.argyll_runner: [argyll] Added 18393/49576
2026-09-07 09:17:53,827 [DEBUG] core.argyll_runner: [argyll] Added 18404/49576
2026-09-07 09:17:53,943 [DEBUG] core.argyll_runner: [argyll] Added 18415/49576
2026-09-07 09:17:54,058 [DEBUG] core.argyll_runner: [argyll] Added 18426/49576
2026-09-07 09:17:54,173 [DEBUG] core.argyll_runner: [argyll] Added 18437/49576
2026-09-07 09:17:54,289 [DEBUG] core.argyll_runner: [argyll] Added 18448/49576
2026-09-07 09:17:54,400 [DEBUG] core.argyll_runner: [argyll] Added 18459/49576
2026-09-07 09:17:54,505 [DEBUG] core.argyll_runner: [argyll] Added 18470/49576
2026-09-07 09:17:54,610 [DEBUG] core.argyll_runner: [argyll] Added 18481/49576
2026-09-07 09:17:54,716 [DEBUG] core.argyll_runner: [argyll] Added 18492/49576
2026-09-07 09:17:54,822 [DEBUG] core.argyll_runner: [argyll] Added 18503/49576
2026-09-07 09:17:54,928 [DEBUG] core.argyll_runner: [argyll] Added 18514/49576
2026-09-07 09:17:55,035 [DEBUG] core.argyll_runner: [argyll] Added 18525/49576
2026-09-07 09:17:55,141 [DEBUG] core.argyll_runner: [argyll] Added 18536/49576
2026-09-07 09:17:55,248 [DEBUG] core.argyll_runner: [argyll] Added 18547/49576
2026-09-07 09:17:55,355 [DEBUG] core.argyll_runner: [argyll] Added 18558/49576
2026-09-07 09:17:55,461 [DEBUG] core.argyll_runner: [argyll] Added 18569/49576
2026-09-07 09:17:55,568 [DEBUG] core.argyll_runner: [argyll] Added 18580/49576
2026-09-07 09:17:55,675 [DEBUG] core.argyll_runner: [argyll] Added 18591/49576
2026-09-07 09:17:55,782 [DEBUG] core.argyll_runner: [argyll] Added 18602/49576
2026-09-07 09:17:55,890 [DEBUG] core.argyll_runner: [argyll] Added 18613/49576
2026-09-07 09:17:55,997 [DEBUG] core.argyll_runner: [argyll] Added 18624/49576
2026-09-07 09:17:56,104 [DEBUG] core.argyll_runner: [argyll] Added 18635/49576
2026-09-07 09:17:56,212 [DEBUG] core.argyll_runner: [argyll] Added 18646/49576
2026-09-07 09:17:56,319 [DEBUG] core.argyll_runner: [argyll] Added 18657/49576
2026-09-07 09:17:56,428 [DEBUG] core.argyll_runner: [argyll] Added 18668/49576
2026-09-07 09:17:56,537 [DEBUG] core.argyll_runner: [argyll] Added 18679/49576
2026-09-07 09:17:56,647 [DEBUG] core.argyll_runner: [argyll] Added 18690/49576
2026-09-07 09:17:56,757 [DEBUG] core.argyll_runner: [argyll] Added 18701/49576
2026-09-07 09:17:56,866 [DEBUG] core.argyll_runner: [argyll] Added 18712/49576
2026-09-07 09:17:56,976 [DEBUG] core.argyll_runner: [argyll] Added 18723/49576
2026-09-07 09:17:57,086 [DEBUG] core.argyll_runner: [argyll] Added 18734/49576
2026-09-07 09:17:57,196 [DEBUG] core.argyll_runner: [argyll] Added 18745/49576
2026-09-07 09:17:57,307 [DEBUG] core.argyll_runner: [argyll] Added 18756/49576
2026-09-07 09:17:57,417 [DEBUG] core.argyll_runner: [argyll] Added 18767/49576
2026-09-07 09:17:57,528 [DEBUG] core.argyll_runner: [argyll] Added 18778/49576
2026-09-07 09:17:57,638 [DEBUG] core.argyll_runner: [argyll] Added 18789/49576
2026-09-07 09:17:57,749 [DEBUG] core.argyll_runner: [argyll] Added 18800/49576
2026-09-07 09:17:57,909 [DEBUG] ui.dialogs.slow_chart_dialog: SlowChartDialog created
2026-09-07 09:17:57,925 [DEBUG] core.argyll_runner: [argyll] 
2026-09-07 09:17:57,979 [DEBUG] core.argyll_runner: [argyll] Added 18811/49576
2026-09-07 09:17:57,979 [DEBUG] core.argyll_runner: [argyll] Added 18822/49576
2026-09-07 09:17:57,979 [DEBUG] core.argyll_runner: [argyll] Added 18833/49576
2026-09-07 09:17:57,980 [DEBUG] core.argyll_runner: [argyll] Added 18844/49576
2026-09-07 09:17:57,980 [DEBUG] core.argyll_runner: [argyll] Added 18855/49576
2026-09-07 09:17:57,981 [DEBUG] core.argyll_runner: [argyll] Added 18866/49576
2026-09-07 09:17:57,982 [DEBUG] core.argyll_runner: [argyll] Added 18877/49576
2026-09-07 09:17:57,983 [DEBUG] core.argyll_runner: [argyll] Added 18888/49576
2026-09-07 09:17:57,984 [DEBUG] core.argyll_runner: [argyll] Added 18899/49576
2026-09-07 09:17:57,985 [DEBUG] core.argyll_runner: [argyll] Added 18910/49576
2026-09-07 09:17:57,987 [DEBUG] core.argyll_runner: [argyll] Added 18921/49576
2026-09-07 09:17:57,988 [DEBUG] core.argyll_runner: [argyll] Added 18932/49576
2026-09-07 09:17:57,990 [DEBUG] core.argyll_runner: [argyll] Added 18943/49576
2026-09-07 09:17:57,992 [DEBUG] core.argyll_runner: [argyll] Added 18954/49576
2026-09-07 09:17:57,994 [DEBUG] core.argyll_runner: [argyll] Added 18965/49576
2026-09-07 09:17:57,996 [DEBUG] core.argyll_runner: [argyll] Added 18976/49576
2026-09-07 09:17:57,998 [DEBUG] core.argyll_runner: [argyll] Added 18987/49576
2026-09-07 09:17:58,000 [DEBUG] core.argyll_runner: [argyll] Added 18998/49576
2026-09-07 09:17:58,003 [DEBUG] core.argyll_runner: [argyll] Added 19009/49576
2026-09-07 09:17:58,006 [DEBUG] core.argyll_runner: [argyll] Added 19020/49576
2026-09-07 09:17:58,008 [DEBUG] core.argyll_runner: [argyll] Added 19031/49576
2026-09-07 09:17:58,011 [DEBUG] core.argyll_runner: [argyll] Added 19042/49576
2026-09-07 09:17:58,014 [DEBUG] core.argyll_runner: [argyll] Added 19053/49576
2026-09-07 09:17:58,018 [DEBUG] core.argyll_runner: [argyll] Added 19064/49576
2026-09-07 09:17:58,021 [DEBUG] core.argyll_runner: [argyll] Added 19075/49576
2026-09-07 09:17:58,024 [DEBUG] core.argyll_runner: [argyll] Added 19086/49576
2026-09-07 09:17:58,028 [DEBUG] core.argyll_runner: [argyll] Added 19097/49576
2026-09-07 09:17:58,032 [DEBUG] core.argyll_runner: [argyll] Added 19108/49576
2026-09-07 09:17:58,036 [DEBUG] core.argyll_runner: [argyll] Added 19119/49576
2026-09-07 09:17:58,040 [DEBUG] core.argyll_runner: [argyll] Added 19130/49576
2026-09-07 09:17:58,044 [DEBUG] core.argyll_runner: [argyll] Added 19141/49576
2026-09-07 09:17:58,049 [DEBUG] core.argyll_runner: [argyll] Added 19152/49576
2026-09-07 09:17:58,053 [DEBUG] core.argyll_runner: [argyll] Added 19163/49576
2026-09-07 09:17:58,058 [DEBUG] core.argyll_runner: [argyll] Added 19174/49576
2026-09-07 09:17:58,063 [DEBUG] core.argyll_runner: [argyll] Added 19185/49576
2026-09-07 09:17:58,068 [DEBUG] core.argyll_runner: [argyll] Added 19196/49576
2026-09-07 09:17:58,073 [DEBUG] core.argyll_runner: [argyll] Added 19207/49576
2026-09-07 09:17:58,078 [DEBUG] core.argyll_runner: [argyll] Added 19218/49576
2026-09-07 09:17:58,083 [DEBUG] core.argyll_runner: [argyll] Added 19229/49576
2026-09-07 09:17:58,089 [DEBUG] core.argyll_runner: [argyll] Added 19240/49576
2026-09-07 09:17:58,095 [DEBUG] core.argyll_runner: [argyll] Added 19251/49576
2026-09-07 09:17:58,101 [DEBUG] core.argyll_runner: [argyll] Added 19262/49576
2026-09-07 09:17:58,107 [DEBUG] core.argyll_runner: [argyll] Added 19273/49576
2026-09-07 09:17:58,113 [DEBUG] core.argyll_runner: [argyll] Added 19284/49576
2026-09-07 09:17:58,119 [DEBUG] core.argyll_runner: [argyll] Added 19295/49576
2026-09-07 09:17:58,126 [DEBUG] core.argyll_runner: [argyll] Added 19306/49576
2026-09-07 09:17:58,133 [DEBUG] core.argyll_runner: [argyll] Added 19317/49576
2026-09-07 09:17:58,140 [DEBUG] core.argyll_runner: [argyll] Added 19328/49576
2026-09-07 09:17:58,147 [DEBUG] core.argyll_runner: [argyll] Added 19339/49576
2026-09-07 09:17:58,154 [DEBUG] core.argyll_runner: [argyll] Added 19350/49576
2026-09-07 09:17:58,161 [DEBUG] core.argyll_runner: [argyll] Added 19361/49576
2026-09-07 09:17:58,169 [DEBUG] core.argyll_runner: [argyll] Added 19372/49576
2026-09-07 09:17:58,176 [DEBUG] core.argyll_runner: [argyll] Added 19383/49576
2026-09-07 09:17:58,184 [DEBUG] core.argyll_runner: [argyll] Added 19394/49576
2026-09-07 09:17:58,192 [DEBUG] core.argyll_runner: [argyll] Added 19405/49576
2026-09-07 09:17:58,200 [DEBUG] core.argyll_runner: [argyll] Added 19416/49576
2026-09-07 09:17:58,209 [DEBUG] core.argyll_runner: [argyll] Added 19427/49576
2026-09-07 09:17:58,217 [DEBUG] core.argyll_runner: [argyll] Added 19438/49576
2026-09-07 09:17:58,226 [DEBUG] core.argyll_runner: [argyll] Added 19449/49576
2026-09-07 09:17:58,234 [DEBUG] core.argyll_runner: [argyll] Added 19460/49576
2026-09-07 09:17:58,244 [DEBUG] core.argyll_runner: [argyll] Added 19471/49576
2026-09-07 09:17:58,253 [DEBUG] core.argyll_runner: [argyll] Added 19482/49576
2026-09-07 09:17:58,262 [DEBUG] core.argyll_runner: [argyll] Added 19493/49576
2026-09-07 09:17:58,271 [DEBUG] core.argyll_runner: [argyll] Added 19504/49576
2026-09-07 09:17:58,280 [DEBUG] core.argyll_runner: [argyll] Added 19515/49576
2026-09-07 09:17:58,290 [DEBUG] core.argyll_runner: [argyll] Added 19526/49576
2026-09-07 09:17:58,300 [DEBUG] core.argyll_runner: [argyll] Added 19537/49576
2026-09-07 09:17:58,309 [DEBUG] core.argyll_runner: [argyll] Added 19548/49576
2026-09-07 09:17:58,319 [DEBUG] core.argyll_runner: [argyll] Added 19559/49576
2026-09-07 09:17:58,330 [DEBUG] core.argyll_runner: [argyll] Added 19570/49576
2026-09-07 09:17:58,340 [DEBUG] core.argyll_runner: [argyll] Added 19581/49576
2026-09-07 09:17:58,350 [DEBUG] core.argyll_runner: [argyll] Added 19592/49576
2026-09-07 09:17:58,361 [DEBUG] core.argyll_runner: [argyll] Added 19603/49576
2026-09-07 09:17:58,371 [DEBUG] core.argyll_runner: [argyll] Added 19614/49576
2026-09-07 09:17:58,382 [DEBUG] core.argyll_runner: [argyll] Added 19625/49576
2026-09-07 09:17:58,393 [DEBUG] core.argyll_runner: [argyll] Added 19636/49576
2026-09-07 09:17:58,404 [DEBUG] core.argyll_runner: [argyll] Added 19647/49576
2026-09-07 09:17:58,415 [DEBUG] core.argyll_runner: [argyll] Added 19658/49576
2026-09-07 09:17:58,426 [DEBUG] core.argyll_runner: [argyll] Added 19669/49576
2026-09-07 09:17:58,438 [DEBUG] core.argyll_runner: [argyll] Added 19680/49576
2026-09-07 09:17:58,450 [DEBUG] core.argyll_runner: [argyll] Added 19691/49576
2026-09-07 09:17:58,461 [DEBUG] core.argyll_runner: [argyll] Added 19702/49576
2026-09-07 09:17:58,473 [DEBUG] core.argyll_runner: [argyll] Added 19713/49576
2026-09-07 09:17:58,485 [DEBUG] core.argyll_runner: [argyll] Added 19724/49576
2026-09-07 09:17:58,497 [DEBUG] core.argyll_runner: [argyll] Added 19735/49576
2026-09-07 09:17:58,510 [DEBUG] core.argyll_runner: [argyll] Added 19746/49576
2026-09-07 09:17:58,522 [DEBUG] core.argyll_runner: [argyll] Added 19757/49576
2026-09-07 09:17:58,535 [DEBUG] core.argyll_runner: [argyll] Added 19768/49576
2026-09-07 09:17:58,548 [DEBUG] core.argyll_runner: [argyll] Added 19779/49576
2026-09-07 09:17:58,561 [DEBUG] core.argyll_runner: [argyll] Added 19790/49576
2026-09-07 09:17:58,574 [DEBUG] core.argyll_runner: [argyll] Added 19801/49576
2026-09-07 09:17:58,588 [DEBUG] core.argyll_runner: [argyll] Added 19812/49576
2026-09-07 09:17:58,601 [DEBUG] core.argyll_runner: [argyll] Added 19823/49576
2026-09-07 09:17:58,615 [DEBUG] core.argyll_runner: [argyll] Added 19834/49576
2026-09-07 09:17:58,628 [DEBUG] core.argyll_runner: [argyll] Added 19845/49576
2026-09-07 09:17:58,642 [DEBUG] core.argyll_runner: [argyll] Added 19856/49576
2026-09-07 09:17:58,656 [DEBUG] core.argyll_runner: [argyll] Added 19867/49576
2026-09-07 09:17:58,671 [DEBUG] core.argyll_runner: [argyll] Added 19878/49576
2026-09-07 09:17:58,685 [DEBUG] core.argyll_runner: [argyll] Added 19889/49576
2026-09-07 09:17:58,699 [DEBUG] core.argyll_runner: [argyll] Added 19900/49576
2026-09-07 09:17:58,714 [DEBUG] core.argyll_runner: [argyll] Added 19911/49576
2026-09-07 09:17:58,729 [DEBUG] core.argyll_runner: [argyll] Added 19922/49576
2026-09-07 09:17:58,743 [DEBUG] core.argyll_runner: [argyll] Added 19933/49576
2026-09-07 09:17:58,758 [DEBUG] core.argyll_runner: [argyll] Added 19944/49576
2026-09-07 09:17:58,774 [DEBUG] core.argyll_runner: [argyll] Added 19955/49576
2026-09-07 09:17:58,789 [DEBUG] core.argyll_runner: [argyll] Added 19966/49576
2026-09-07 09:17:58,804 [DEBUG] core.argyll_runner: [argyll] Added 19977/49576
2026-09-07 09:17:58,820 [DEBUG] core.argyll_runner: [argyll] Added 19988/49576
2026-09-07 09:17:58,835 [DEBUG] core.argyll_runner: [argyll] Added 19999/49576
2026-09-07 09:17:58,851 [DEBUG] core.argyll_runner: [argyll] Added 20010/49576
2026-09-07 09:17:58,867 [DEBUG] core.argyll_runner: [argyll] Added 20021/49576
2026-09-07 09:17:58,883 [DEBUG] core.argyll_runner: [argyll] Added 20032/49576
2026-09-07 09:17:58,899 [DEBUG] core.argyll_runner: [argyll] Added 20043/49576
2026-09-07 09:17:58,916 [DEBUG] core.argyll_runner: [argyll] Added 20054/49576
2026-09-07 09:17:58,933 [DEBUG] core.argyll_runner: [argyll] Added 20065/49576
2026-09-07 09:17:58,950 [DEBUG] core.argyll_runner: [argyll] Added 20076/49576
2026-09-07 09:17:58,967 [DEBUG] core.argyll_runner: [argyll] Added 20087/49576
2026-09-07 09:17:58,985 [DEBUG] core.argyll_runner: [argyll] Added 20098/49576
2026-09-07 09:17:59,002 [DEBUG] core.argyll_runner: [argyll] Added 20109/49576
2026-09-07 09:17:59,020 [DEBUG] core.argyll_runner: [argyll] Added 20120/49576
2026-09-07 09:17:59,038 [DEBUG] core.argyll_runner: [argyll] Added 20131/49576
2026-09-07 09:17:59,056 [DEBUG] core.argyll_runner: [argyll] Added 20142/49576
2026-09-07 09:17:59,074 [DEBUG] core.argyll_runner: [argyll] Added 20153/49576
2026-09-07 09:17:59,092 [DEBUG] core.argyll_runner: [argyll] Added 20164/49576
2026-09-07 09:17:59,111 [DEBUG] core.argyll_runner: [argyll] Added 20175/49576
2026-09-07 09:17:59,130 [DEBUG] core.argyll_runner: [argyll] Added 20186/49576
2026-09-07 09:17:59,148 [DEBUG] core.argyll_runner: [argyll] Added 20197/49576
2026-09-07 09:17:59,167 [DEBUG] core.argyll_runner: [argyll] Added 20208/49576
2026-09-07 09:17:59,186 [DEBUG] core.argyll_runner: [argyll] Added 20219/49576
2026-09-07 09:17:59,205 [DEBUG] core.argyll_runner: [argyll] Added 20230/49576
2026-09-07 09:17:59,224 [DEBUG] core.argyll_runner: [argyll] Added 20241/49576
2026-09-07 09:17:59,243 [DEBUG] core.argyll_runner: [argyll] Added 20252/49576
2026-09-07 09:17:59,262 [DEBUG] core.argyll_runner: [argyll] Added 20263/49576
2026-09-07 09:17:59,282 [DEBUG] core.argyll_runner: [argyll] Added 20274/49576
2026-09-07 09:17:59,301 [DEBUG] core.argyll_runner: [argyll] Added 20285/49576
2026-09-07 09:17:59,321 [DEBUG] core.argyll_runner: [argyll] Added 20296/49576
2026-09-07 09:17:59,341 [DEBUG] core.argyll_runner: [argyll] Added 20307/49576
2026-09-07 09:17:59,361 [DEBUG] core.argyll_runner: [argyll] Added 20318/49576
2026-09-07 09:17:59,382 [DEBUG] core.argyll_runner: [argyll] Added 20329/49576
2026-09-07 09:17:59,402 [DEBUG] core.argyll_runner: [argyll] Added 20340/49576
2026-09-07 09:17:59,423 [DEBUG] core.argyll_runner: [argyll] Added 20351/49576
2026-09-07 09:17:59,444 [DEBUG] core.argyll_runner: [argyll] Added 20362/49576
2026-09-07 09:17:59,464 [DEBUG] core.argyll_runner: [argyll] Added 20373/49576
2026-09-07 09:17:59,485 [DEBUG] core.argyll_runner: [argyll] Added 20384/49576
2026-09-07 09:17:59,507 [DEBUG] core.argyll_runner: [argyll] Added 20395/49576
2026-09-07 09:17:59,528 [DEBUG] core.argyll_runner: [argyll] Added 20406/49576
2026-09-07 09:17:59,550 [DEBUG] core.argyll_runner: [argyll] Added 20417/49576
2026-09-07 09:17:59,571 [DEBUG] core.argyll_runner: [argyll] Added 20428/49576
2026-09-07 09:17:59,593 [DEBUG] core.argyll_runner: [argyll] Added 20439/49576
2026-09-07 09:17:59,613 [DEBUG] core.argyll_runner: [argyll] Added 20450/49576
2026-09-07 09:17:59,634 [DEBUG] core.argyll_runner: [argyll] Added 20461/49576
2026-09-07 09:17:59,655 [DEBUG] core.argyll_runner: [argyll] Added 20472/49576
2026-09-07 09:17:59,676 [DEBUG] core.argyll_runner: [argyll] Added 20483/49576
2026-09-07 09:17:59,697 [DEBUG] core.argyll_runner: [argyll] Added 20494/49576
2026-09-07 09:17:59,719 [DEBUG] core.argyll_runner: [argyll] Added 20505/49576
2026-09-07 09:17:59,740 [DEBUG] core.argyll_runner: [argyll] Added 20516/49576
2026-09-07 09:17:59,762 [DEBUG] core.argyll_runner: [argyll] Added 20527/49576
2026-09-07 09:17:59,784 [DEBUG] core.argyll_runner: [argyll] Added 20538/49576
2026-09-07 09:17:59,801 [DEBUG] core.argyll_runner: [argyll] Added 20549/49576
2026-09-07 09:17:59,814 [DEBUG] core.argyll_runner: [argyll] Added 20560/49576
2026-09-07 09:17:59,827 [DEBUG] core.argyll_runner: [argyll] Added 20571/49576
2026-09-07 09:17:59,840 [DEBUG] core.argyll_runner: [argyll] Added 20582/49576
2026-09-07 09:17:59,853 [DEBUG] core.argyll_runner: [argyll] Added 20593/49576
2026-09-07 09:17:59,867 [DEBUG] core.argyll_runner: [argyll] Added 20604/49576
2026-09-07 09:17:59,881 [DEBUG] core.argyll_runner: [argyll] Added 20615/49576
2026-09-07 09:17:59,894 [DEBUG] core.argyll_runner: [argyll] Added 20626/49576
2026-09-07 09:17:59,909 [DEBUG] core.argyll_runner: [argyll] Added 20637/49576
2026-09-07 09:17:59,923 [DEBUG] core.argyll_runner: [argyll] Added 20648/49576
2026-09-07 09:17:59,937 [DEBUG] core.argyll_runner: [argyll] Added 20659/49576
2026-09-07 09:17:59,952 [DEBUG] core.argyll_runner: [argyll] Added 20670/49576
2026-09-07 09:17:59,967 [DEBUG] core.argyll_runner: [argyll] Added 20681/49576
2026-09-07 09:17:59,982 [DEBUG] core.argyll_runner: [argyll] Added 20692/49576
2026-09-07 09:17:59,997 [DEBUG] core.argyll_runner: [argyll] Added 20703/49576
2026-09-07 09:18:00,013 [DEBUG] core.argyll_runner: [argyll] Added 20714/49576
2026-09-07 09:18:00,028 [DEBUG] core.argyll_runner: [argyll] Added 20725/49576
2026-09-07 09:18:00,044 [DEBUG] core.argyll_runner: [argyll] Added 20736/49576
2026-09-07 09:18:00,060 [DEBUG] core.argyll_runner: [argyll] Added 20747/49576
2026-09-07 09:18:00,076 [DEBUG] core.argyll_runner: [argyll] Added 20758/49576
2026-09-07 09:18:00,092 [DEBUG] core.argyll_runner: [argyll] Added 20769/49576
2026-09-07 09:18:00,109 [DEBUG] core.argyll_runner: [argyll] Added 20780/49576
2026-09-07 09:18:00,125 [DEBUG] core.argyll_runner: [argyll] Added 20791/49576
2026-09-07 09:18:00,141 [DEBUG] core.argyll_runner: [argyll] Added 20802/49576
2026-09-07 09:18:00,158 [DEBUG] core.argyll_runner: [argyll] Added 20813/49576
2026-09-07 09:18:00,175 [DEBUG] core.argyll_runner: [argyll] Added 20824/49576
2026-09-07 09:18:00,192 [DEBUG] core.argyll_runner: [argyll] Added 20835/49576
2026-09-07 09:18:00,210 [DEBUG] core.argyll_runner: [argyll] Added 20846/49576
2026-09-07 09:18:00,227 [DEBUG] core.argyll_runner: [argyll] Added 20857/49576
2026-09-07 09:18:00,245 [DEBUG] core.argyll_runner: [argyll] Added 20868/49576
2026-09-07 09:18:00,262 [DEBUG] core.argyll_runner: [argyll] Added 20879/49576
2026-09-07 09:18:00,280 [DEBUG] core.argyll_runner: [argyll] Added 20890/49576
2026-09-07 09:18:00,298 [DEBUG] core.argyll_runner: [argyll] Added 20901/49576
2026-09-07 09:18:00,316 [DEBUG] core.argyll_runner: [argyll] Added 20912/49576
2026-09-07 09:18:00,334 [DEBUG] core.argyll_runner: [argyll] Added 20923/49576
2026-09-07 09:18:00,352 [DEBUG] core.argyll_runner: [argyll] Added 20934/49576
2026-09-07 09:18:00,370 [DEBUG] core.argyll_runner: [argyll] Added 20945/49576
2026-09-07 09:18:00,389 [DEBUG] core.argyll_runner: [argyll] Added 20956/49576
2026-09-07 09:18:00,408 [DEBUG] core.argyll_runner: [argyll] Added 20967/49576
2026-09-07 09:18:00,427 [DEBUG] core.argyll_runner: [argyll] Added 20978/49576
2026-09-07 09:18:00,446 [DEBUG] core.argyll_runner: [argyll] Added 20989/49576
2026-09-07 09:18:00,465 [DEBUG] core.argyll_runner: [argyll] Added 21000/49576
2026-09-07 09:18:00,485 [DEBUG] core.argyll_runner: [argyll] Added 21011/49576
2026-09-07 09:18:00,504 [DEBUG] core.argyll_runner: [argyll] Added 21022/49576
2026-09-07 09:18:00,524 [DEBUG] core.argyll_runner: [argyll] Added 21033/49576
2026-09-07 09:18:00,544 [DEBUG] core.argyll_runner: [argyll] Added 21044/49576
2026-09-07 09:18:00,564 [DEBUG] core.argyll_runner: [argyll] Added 21055/49576
2026-09-07 09:18:00,584 [DEBUG] core.argyll_runner: [argyll] Added 21066/49576
2026-09-07 09:18:00,604 [DEBUG] core.argyll_runner: [argyll] Added 21077/49576
2026-09-07 09:18:00,625 [DEBUG] core.argyll_runner: [argyll] Added 21088/49576
2026-09-07 09:18:00,645 [DEBUG] core.argyll_runner: [argyll] Added 21099/49576
2026-09-07 09:18:00,666 [DEBUG] core.argyll_runner: [argyll] Added 21110/49576
2026-09-07 09:18:00,687 [DEBUG] core.argyll_runner: [argyll] Added 21121/49576
2026-09-07 09:18:00,708 [DEBUG] core.argyll_runner: [argyll] Added 21132/49576
2026-09-07 09:18:00,729 [DEBUG] core.argyll_runner: [argyll] Added 21143/49576
2026-09-07 09:18:00,751 [DEBUG] core.argyll_runner: [argyll] Added 21154/49576
2026-09-07 09:18:00,772 [DEBUG] core.argyll_runner: [argyll] Added 21165/49576
2026-09-07 09:18:00,794 [DEBUG] core.argyll_runner: [argyll] Added 21176/49576
2026-09-07 09:18:00,816 [DEBUG] core.argyll_runner: [argyll] Added 21187/49576
2026-09-07 09:18:00,837 [DEBUG] core.argyll_runner: [argyll] Added 21198/49576
2026-09-07 09:18:00,859 [DEBUG] core.argyll_runner: [argyll] Added 21209/49576
2026-09-07 09:18:00,881 [DEBUG] core.argyll_runner: [argyll] Added 21220/49576
2026-09-07 09:18:00,903 [DEBUG] core.argyll_runner: [argyll] Added 21231/49576
2026-09-07 09:18:00,926 [DEBUG] core.argyll_runner: [argyll] Added 21242/49576
2026-09-07 09:18:00,949 [DEBUG] core.argyll_runner: [argyll] Added 21253/49576
2026-09-07 09:18:00,972 [DEBUG] core.argyll_runner: [argyll] Added 21264/49576
2026-09-07 09:18:00,994 [DEBUG] core.argyll_runner: [argyll] Added 21275/49576
2026-09-07 09:18:01,017 [DEBUG] core.argyll_runner: [argyll] Added 21286/49576
2026-09-07 09:18:01,041 [DEBUG] core.argyll_runner: [argyll] Added 21297/49576
2026-09-07 09:18:01,064 [DEBUG] core.argyll_runner: [argyll] Added 21308/49576
2026-09-07 09:18:01,088 [DEBUG] core.argyll_runner: [argyll] Added 21319/49576
2026-09-07 09:18:01,111 [DEBUG] core.argyll_runner: [argyll] Added 21330/49576
2026-09-07 09:18:01,135 [DEBUG] core.argyll_runner: [argyll] Added 21341/49576
2026-09-07 09:18:01,159 [DEBUG] core.argyll_runner: [argyll] Added 21352/49576
2026-09-07 09:18:01,182 [DEBUG] core.argyll_runner: [argyll] Added 21363/49576
2026-09-07 09:18:01,207 [DEBUG] core.argyll_runner: [argyll] Added 21374/49576
2026-09-07 09:18:01,231 [DEBUG] core.argyll_runner: [argyll] Added 21385/49576
2026-09-07 09:18:01,256 [DEBUG] core.argyll_runner: [argyll] Added 21396/49576
2026-09-07 09:18:01,280 [DEBUG] core.argyll_runner: [argyll] Added 21407/49576
2026-09-07 09:18:01,305 [DEBUG] core.argyll_runner: [argyll] Added 21418/49576
2026-09-07 09:18:01,330 [DEBUG] core.argyll_runner: [argyll] Added 21429/49576
2026-09-07 09:18:01,356 [DEBUG] core.argyll_runner: [argyll] Added 21440/49576
2026-09-07 09:18:01,381 [DEBUG] core.argyll_runner: [argyll] Added 21451/49576
2026-09-07 09:18:01,407 [DEBUG] core.argyll_runner: [argyll] Added 21462/49576
2026-09-07 09:18:01,432 [DEBUG] core.argyll_runner: [argyll] Added 21473/49576
2026-09-07 09:18:01,458 [DEBUG] core.argyll_runner: [argyll] Added 21484/49576
2026-09-07 09:18:01,484 [DEBUG] core.argyll_runner: [argyll] Added 21495/49576
2026-09-07 09:18:01,510 [DEBUG] core.argyll_runner: [argyll] Added 21506/49576
2026-09-07 09:18:01,537 [DEBUG] core.argyll_runner: [argyll] Added 21517/49576
2026-09-07 09:18:01,563 [DEBUG] core.argyll_runner: [argyll] Added 21528/49576
2026-09-07 09:18:01,590 [DEBUG] core.argyll_runner: [argyll] Added 21539/49576
2026-09-07 09:18:01,617 [DEBUG] core.argyll_runner: [argyll] Added 21550/49576
2026-09-07 09:18:01,643 [DEBUG] core.argyll_runner: [argyll] Added 21561/49576
2026-09-07 09:18:01,670 [DEBUG] core.argyll_runner: [argyll] Added 21572/49576
2026-09-07 09:18:01,697 [DEBUG] core.argyll_runner: [argyll] Added 21583/49576
2026-09-07 09:18:01,725 [DEBUG] core.argyll_runner: [argyll] Added 21594/49576
2026-09-07 09:18:01,752 [DEBUG] core.argyll_runner: [argyll] Added 21605/49576
2026-09-07 09:18:01,780 [DEBUG] core.argyll_runner: [argyll] Added 21616/49576
2026-09-07 09:18:01,807 [DEBUG] core.argyll_runner: [argyll] Added 21627/49576
2026-09-07 09:18:01,835 [DEBUG] core.argyll_runner: [argyll] Added 21638/49576
2026-09-07 09:18:01,863 [DEBUG] core.argyll_runner: [argyll] Added 21649/49576
2026-09-07 09:18:01,892 [DEBUG] core.argyll_runner: [argyll] Added 21660/49576
2026-09-07 09:18:01,920 [DEBUG] core.argyll_runner: [argyll] Added 21671/49576
2026-09-07 09:18:01,948 [DEBUG] core.argyll_runner: [argyll] Added 21682/49576
2026-09-07 09:18:01,977 [DEBUG] core.argyll_runner: [argyll] Added 21693/49576
2026-09-07 09:18:02,006 [DEBUG] core.argyll_runner: [argyll] Added 21704/49576
2026-09-07 09:18:02,035 [DEBUG] core.argyll_runner: [argyll] Added 21715/49576
2026-09-07 09:18:02,064 [DEBUG] core.argyll_runner: [argyll] Added 21726/49576
2026-09-07 09:18:02,094 [DEBUG] core.argyll_runner: [argyll] Added 21737/49576
2026-09-07 09:18:02,123 [DEBUG] core.argyll_runner: [argyll] Added 21748/49576
2026-09-07 09:18:02,153 [DEBUG] core.argyll_runner: [argyll] Added 21759/49576
2026-09-07 09:18:02,183 [DEBUG] core.argyll_runner: [argyll] Added 21770/49576
2026-09-07 09:18:02,212 [DEBUG] core.argyll_runner: [argyll] Added 21781/49576
2026-09-07 09:18:02,242 [DEBUG] core.argyll_runner: [argyll] Added 21792/49576
2026-09-07 09:18:02,272 [DEBUG] core.argyll_runner: [argyll] Added 21803/49576
2026-09-07 09:18:02,302 [DEBUG] core.argyll_runner: [argyll] Added 21814/49576
2026-09-07 09:18:02,333 [DEBUG] core.argyll_runner: [argyll] Added 21825/49576
2026-09-07 09:18:02,364 [DEBUG] core.argyll_runner: [argyll] Added 21836/49576
2026-09-07 09:18:02,395 [DEBUG] core.argyll_runner: [argyll] Added 21847/49576
2026-09-07 09:18:02,425 [DEBUG] core.argyll_runner: [argyll] Added 21858/49576
2026-09-07 09:18:02,457 [DEBUG] core.argyll_runner: [argyll] Added 21869/49576
2026-09-07 09:18:02,488 [DEBUG] core.argyll_runner: [argyll] Added 21880/49576
2026-09-07 09:18:02,520 [DEBUG] core.argyll_runner: [argyll] Added 21891/49576
2026-09-07 09:18:02,552 [DEBUG] core.argyll_runner: [argyll] Added 21902/49576
2026-09-07 09:18:02,583 [DEBUG] core.argyll_runner: [argyll] Added 21913/49576
2026-09-07 09:18:02,615 [DEBUG] core.argyll_runner: [argyll] Added 21924/49576
2026-09-07 09:18:02,647 [DEBUG] core.argyll_runner: [argyll] Added 21935/49576
2026-09-07 09:18:02,679 [DEBUG] core.argyll_runner: [argyll] Added 21946/49576
2026-09-07 09:18:02,712 [DEBUG] core.argyll_runner: [argyll] Added 21957/49576
2026-09-07 09:18:02,744 [DEBUG] core.argyll_runner: [argyll] Added 21968/49576
2026-09-07 09:18:02,777 [DEBUG] core.argyll_runner: [argyll] Added 21979/49576
2026-09-07 09:18:02,810 [DEBUG] core.argyll_runner: [argyll] Added 21990/49576
2026-09-07 09:18:02,842 [DEBUG] core.argyll_runner: [argyll] Added 22001/49576
2026-09-07 09:18:02,876 [DEBUG] core.argyll_runner: [argyll] Added 22012/49576
2026-09-07 09:18:02,909 [DEBUG] core.argyll_runner: [argyll] Added 22023/49576
2026-09-07 09:18:02,942 [DEBUG] core.argyll_runner: [argyll] Added 22034/49576
2026-09-07 09:18:02,976 [DEBUG] core.argyll_runner: [argyll] Added 22045/49576
2026-09-07 09:18:03,010 [DEBUG] core.argyll_runner: [argyll] Added 22056/49576
2026-09-07 09:18:03,044 [DEBUG] core.argyll_runner: [argyll] Added 22067/49576
2026-09-07 09:18:03,077 [DEBUG] core.argyll_runner: [argyll] Added 22078/49576
2026-09-07 09:18:03,111 [DEBUG] core.argyll_runner: [argyll] Added 22089/49576
2026-09-07 09:18:03,146 [DEBUG] core.argyll_runner: [argyll] Added 22100/49576
2026-09-07 09:18:03,180 [DEBUG] core.argyll_runner: [argyll] Added 22111/49576
2026-09-07 09:18:03,214 [DEBUG] core.argyll_runner: [argyll] Added 22122/49576
2026-09-07 09:18:03,250 [DEBUG] core.argyll_runner: [argyll] Added 22133/49576
2026-09-07 09:18:03,283 [DEBUG] core.argyll_runner: [argyll] Added 22144/49576
2026-09-07 09:18:03,318 [DEBUG] core.argyll_runner: [argyll] Added 22155/49576
2026-09-07 09:18:03,353 [DEBUG] core.argyll_runner: [argyll] Added 22166/49576
2026-09-07 09:18:03,388 [DEBUG] core.argyll_runner: [argyll] Added 22177/49576
2026-09-07 09:18:03,424 [DEBUG] core.argyll_runner: [argyll] Added 22188/49576
2026-09-07 09:18:03,460 [DEBUG] core.argyll_runner: [argyll] Added 22199/49576
2026-09-07 09:18:03,496 [DEBUG] core.argyll_runner: [argyll] Added 22210/49576
2026-09-07 09:18:03,532 [DEBUG] core.argyll_runner: [argyll] Added 22221/49576
2026-09-07 09:18:03,568 [DEBUG] core.argyll_runner: [argyll] Added 22232/49576
2026-09-07 09:18:03,604 [DEBUG] core.argyll_runner: [argyll] Added 22243/49576
2026-09-07 09:18:03,641 [DEBUG] core.argyll_runner: [argyll] Added 22254/49576
2026-09-07 09:18:03,677 [DEBUG] core.argyll_runner: [argyll] Added 22265/49576
2026-09-07 09:18:03,714 [DEBUG] core.argyll_runner: [argyll] Added 22276/49576
2026-09-07 09:18:03,746 [DEBUG] core.argyll_runner: [argyll] Added 22287/49576
2026-09-07 09:18:03,773 [DEBUG] core.argyll_runner: [argyll] Added 22298/49576
2026-09-07 09:18:03,800 [DEBUG] core.argyll_runner: [argyll] Added 22309/49576
2026-09-07 09:18:03,827 [DEBUG] core.argyll_runner: [argyll] Added 22320/49576
2026-09-07 09:18:03,855 [DEBUG] core.argyll_runner: [argyll] Added 22331/49576
2026-09-07 09:18:03,882 [DEBUG] core.argyll_runner: [argyll] Added 22342/49576
2026-09-07 09:18:03,910 [DEBUG] core.argyll_runner: [argyll] Added 22353/49576
2026-09-07 09:18:03,938 [DEBUG] core.argyll_runner: [argyll] Added 22364/49576
2026-09-07 09:18:03,966 [DEBUG] core.argyll_runner: [argyll] Added 22375/49576
2026-09-07 09:18:03,994 [DEBUG] core.argyll_runner: [argyll] Added 22386/49576
2026-09-07 09:18:04,022 [DEBUG] core.argyll_runner: [argyll] Added 22397/49576
2026-09-07 09:18:04,051 [DEBUG] core.argyll_runner: [argyll] Added 22408/49576
2026-09-07 09:18:04,079 [DEBUG] core.argyll_runner: [argyll] Added 22419/49576
2026-09-07 09:18:04,108 [DEBUG] core.argyll_runner: [argyll] Added 22430/49576
2026-09-07 09:18:04,137 [DEBUG] core.argyll_runner: [argyll] Added 22441/49576
2026-09-07 09:18:04,165 [DEBUG] core.argyll_runner: [argyll] Added 22452/49576
2026-09-07 09:18:04,194 [DEBUG] core.argyll_runner: [argyll] Added 22463/49576
2026-09-07 09:18:04,223 [DEBUG] core.argyll_runner: [argyll] Added 22474/49576
2026-09-07 09:18:04,253 [DEBUG] core.argyll_runner: [argyll] Added 22485/49576
2026-09-07 09:18:04,282 [DEBUG] core.argyll_runner: [argyll] Added 22496/49576
2026-09-07 09:18:04,312 [DEBUG] core.argyll_runner: [argyll] Added 22507/49576
2026-09-07 09:18:04,341 [DEBUG] core.argyll_runner: [argyll] Added 22518/49576
2026-09-07 09:18:04,371 [DEBUG] core.argyll_runner: [argyll] Added 22529/49576
2026-09-07 09:18:04,401 [DEBUG] core.argyll_runner: [argyll] Added 22540/49576
2026-09-07 09:18:04,431 [DEBUG] core.argyll_runner: [argyll] Added 22551/49576
2026-09-07 09:18:04,461 [DEBUG] core.argyll_runner: [argyll] Added 22562/49576
2026-09-07 09:18:04,492 [DEBUG] core.argyll_runner: [argyll] Added 22573/49576
2026-09-07 09:18:04,522 [DEBUG] core.argyll_runner: [argyll] Added 22584/49576
2026-09-07 09:18:04,553 [DEBUG] core.argyll_runner: [argyll] Added 22595/49576
2026-09-07 09:18:04,584 [DEBUG] core.argyll_runner: [argyll] Added 22606/49576
2026-09-07 09:18:04,615 [DEBUG] core.argyll_runner: [argyll] Added 22617/49576
2026-09-07 09:18:04,646 [DEBUG] core.argyll_runner: [argyll] Added 22628/49576
2026-09-07 09:18:04,678 [DEBUG] core.argyll_runner: [argyll] Added 22639/49576
2026-09-07 09:18:04,709 [DEBUG] core.argyll_runner: [argyll] Added 22650/49576
2026-09-07 09:18:04,740 [DEBUG] core.argyll_runner: [argyll] Added 22661/49576
2026-09-07 09:18:04,772 [DEBUG] core.argyll_runner: [argyll] Added 22672/49576
2026-09-07 09:18:04,804 [DEBUG] core.argyll_runner: [argyll] Added 22683/49576
2026-09-07 09:18:04,836 [DEBUG] core.argyll_runner: [argyll] Added 22694/49576
2026-09-07 09:18:04,869 [DEBUG] core.argyll_runner: [argyll] Added 22705/49576
2026-09-07 09:18:04,901 [DEBUG] core.argyll_runner: [argyll] Added 22716/49576
2026-09-07 09:18:04,933 [DEBUG] core.argyll_runner: [argyll] Added 22727/49576
2026-09-07 09:18:04,966 [DEBUG] core.argyll_runner: [argyll] Added 22738/49576
2026-09-07 09:18:04,999 [DEBUG] core.argyll_runner: [argyll] Added 22749/49576
2026-09-07 09:18:05,032 [DEBUG] core.argyll_runner: [argyll] Added 22760/49576
2026-09-07 09:18:05,064 [DEBUG] core.argyll_runner: [argyll] Added 22771/49576
2026-09-07 09:18:05,098 [DEBUG] core.argyll_runner: [argyll] Added 22782/49576
2026-09-07 09:18:05,131 [DEBUG] core.argyll_runner: [argyll] Added 22793/49576
2026-09-07 09:18:05,165 [DEBUG] core.argyll_runner: [argyll] Added 22804/49576
2026-09-07 09:18:05,198 [DEBUG] core.argyll_runner: [argyll] Added 22815/49576
2026-09-07 09:18:05,232 [DEBUG] core.argyll_runner: [argyll] Added 22826/49576
2026-09-07 09:18:05,266 [DEBUG] core.argyll_runner: [argyll] Added 22837/49576
2026-09-07 09:18:05,301 [DEBUG] core.argyll_runner: [argyll] Added 22848/49576
2026-09-07 09:18:05,335 [DEBUG] core.argyll_runner: [argyll] Added 22859/49576
2026-09-07 09:18:05,369 [DEBUG] core.argyll_runner: [argyll] Added 22870/49576
2026-09-07 09:18:05,404 [DEBUG] core.argyll_runner: [argyll] Added 22881/49576
2026-09-07 09:18:05,439 [DEBUG] core.argyll_runner: [argyll] Added 22892/49576
2026-09-07 09:18:05,474 [DEBUG] core.argyll_runner: [argyll] Added 22903/49576
2026-09-07 09:18:05,509 [DEBUG] core.argyll_runner: [argyll] Added 22914/49576
2026-09-07 09:18:05,544 [DEBUG] core.argyll_runner: [argyll] Added 22925/49576
2026-09-07 09:18:05,579 [DEBUG] core.argyll_runner: [argyll] Added 22936/49576
2026-09-07 09:18:05,614 [DEBUG] core.argyll_runner: [argyll] Added 22947/49576
2026-09-07 09:18:05,650 [DEBUG] core.argyll_runner: [argyll] Added 22958/49576
2026-09-07 09:18:05,686 [DEBUG] core.argyll_runner: [argyll] Added 22969/49576
2026-09-07 09:18:05,721 [DEBUG] core.argyll_runner: [argyll] Added 22980/49576
2026-09-07 09:18:05,757 [DEBUG] core.argyll_runner: [argyll] Added 22991/49576
2026-09-07 09:18:05,793 [DEBUG] core.argyll_runner: [argyll] Added 23002/49576
2026-09-07 09:18:05,830 [DEBUG] core.argyll_runner: [argyll] Added 23013/49576
2026-09-07 09:18:05,866 [DEBUG] core.argyll_runner: [argyll] Added 23024/49576
2026-09-07 09:18:05,903 [DEBUG] core.argyll_runner: [argyll] Added 23035/49576
2026-09-07 09:18:05,939 [DEBUG] core.argyll_runner: [argyll] Added 23046/49576
2026-09-07 09:18:05,976 [DEBUG] core.argyll_runner: [argyll] Added 23057/49576
2026-09-07 09:18:06,013 [DEBUG] core.argyll_runner: [argyll] Added 23068/49576
2026-09-07 09:18:06,051 [DEBUG] core.argyll_runner: [argyll] Added 23079/49576
2026-09-07 09:18:06,088 [DEBUG] core.argyll_runner: [argyll] Added 23090/49576
2026-09-07 09:18:06,126 [DEBUG] core.argyll_runner: [argyll] Added 23101/49576
2026-09-07 09:18:06,164 [DEBUG] core.argyll_runner: [argyll] Added 23112/49576
2026-09-07 09:18:06,202 [DEBUG] core.argyll_runner: [argyll] Added 23123/49576
2026-09-07 09:18:06,240 [DEBUG] core.argyll_runner: [argyll] Added 23134/49576
2026-09-07 09:18:06,278 [DEBUG] core.argyll_runner: [argyll] Added 23145/49576
2026-09-07 09:18:06,316 [DEBUG] core.argyll_runner: [argyll] Added 23156/49576
2026-09-07 09:18:06,355 [DEBUG] core.argyll_runner: [argyll] Added 23167/49576
2026-09-07 09:18:06,393 [DEBUG] core.argyll_runner: [argyll] Added 23178/49576
2026-09-07 09:18:06,432 [DEBUG] core.argyll_runner: [argyll] Added 23189/49576
2026-09-07 09:18:06,471 [DEBUG] core.argyll_runner: [argyll] Added 23200/49576
2026-09-07 09:18:06,510 [DEBUG] core.argyll_runner: [argyll] Added 23211/49576
2026-09-07 09:18:06,550 [DEBUG] core.argyll_runner: [argyll] Added 23222/49576
2026-09-07 09:18:06,589 [DEBUG] core.argyll_runner: [argyll] Added 23233/49576
2026-09-07 09:18:06,629 [DEBUG] core.argyll_runner: [argyll] Added 23244/49576
2026-09-07 09:18:06,669 [DEBUG] core.argyll_runner: [argyll] Added 23255/49576
2026-09-07 09:18:06,708 [DEBUG] core.argyll_runner: [argyll] Added 23266/49576
2026-09-07 09:18:06,748 [DEBUG] core.argyll_runner: [argyll] Added 23277/49576
2026-09-07 09:18:06,788 [DEBUG] core.argyll_runner: [argyll] Added 23288/49576
2026-09-07 09:18:06,829 [DEBUG] core.argyll_runner: [argyll] Added 23299/49576
2026-09-07 09:18:06,869 [DEBUG] core.argyll_runner: [argyll] Added 23310/49576
2026-09-07 09:18:06,910 [DEBUG] core.argyll_runner: [argyll] Added 23321/49576
2026-09-07 09:18:06,951 [DEBUG] core.argyll_runner: [argyll] Added 23332/49576
2026-09-07 09:18:06,992 [DEBUG] core.argyll_runner: [argyll] Added 23343/49576
2026-09-07 09:18:07,033 [DEBUG] core.argyll_runner: [argyll] Added 23354/49576
2026-09-07 09:18:07,073 [DEBUG] core.argyll_runner: [argyll] Added 23365/49576
2026-09-07 09:18:07,114 [DEBUG] core.argyll_runner: [argyll] Added 23376/49576
2026-09-07 09:18:07,155 [DEBUG] core.argyll_runner: [argyll] Added 23387/49576
2026-09-07 09:18:07,196 [DEBUG] core.argyll_runner: [argyll] Added 23398/49576
2026-09-07 09:18:07,238 [DEBUG] core.argyll_runner: [argyll] Added 23409/49576
2026-09-07 09:18:07,280 [DEBUG] core.argyll_runner: [argyll] Added 23420/49576
2026-09-07 09:18:07,322 [DEBUG] core.argyll_runner: [argyll] Added 23431/49576
2026-09-07 09:18:07,364 [DEBUG] core.argyll_runner: [argyll] Added 23442/49576
2026-09-07 09:18:07,406 [DEBUG] core.argyll_runner: [argyll] Added 23453/49576
2026-09-07 09:18:07,448 [DEBUG] core.argyll_runner: [argyll] Added 23464/49576
2026-09-07 09:18:07,491 [DEBUG] core.argyll_runner: [argyll] Added 23475/49576
2026-09-07 09:18:07,534 [DEBUG] core.argyll_runner: [argyll] Added 23486/49576
2026-09-07 09:18:07,577 [DEBUG] core.argyll_runner: [argyll] Added 23497/49576
2026-09-07 09:18:07,620 [DEBUG] core.argyll_runner: [argyll] Added 23508/49576
2026-09-07 09:18:07,663 [DEBUG] core.argyll_runner: [argyll] Added 23519/49576
2026-09-07 09:18:07,707 [DEBUG] core.argyll_runner: [argyll] Added 23530/49576
2026-09-07 09:18:07,750 [DEBUG] core.argyll_runner: [argyll] Added 23541/49576
2026-09-07 09:18:07,794 [DEBUG] core.argyll_runner: [argyll] Added 23552/49576
2026-09-07 09:18:07,837 [DEBUG] core.argyll_runner: [argyll] Added 23563/49576
2026-09-07 09:18:07,881 [DEBUG] core.argyll_runner: [argyll] Added 23574/49576
2026-09-07 09:18:07,925 [DEBUG] core.argyll_runner: [argyll] Added 23585/49576
2026-09-07 09:18:07,969 [DEBUG] core.argyll_runner: [argyll] Added 23596/49576
2026-09-07 09:18:08,014 [DEBUG] core.argyll_runner: [argyll] Added 23607/49576
2026-09-07 09:18:08,058 [DEBUG] core.argyll_runner: [argyll] Added 23618/49576
2026-09-07 09:18:08,103 [DEBUG] core.argyll_runner: [argyll] Added 23629/49576
2026-09-07 09:18:08,148 [DEBUG] core.argyll_runner: [argyll] Added 23640/49576
2026-09-07 09:18:08,192 [DEBUG] core.argyll_runner: [argyll] Added 23651/49576
2026-09-07 09:18:08,238 [DEBUG] core.argyll_runner: [argyll] Added 23662/49576
2026-09-07 09:18:08,283 [DEBUG] core.argyll_runner: [argyll] Added 23673/49576
2026-09-07 09:18:08,328 [DEBUG] core.argyll_runner: [argyll] Added 23684/49576
2026-09-07 09:18:08,374 [DEBUG] core.argyll_runner: [argyll] Added 23695/49576
2026-09-07 09:18:08,420 [DEBUG] core.argyll_runner: [argyll] Added 23706/49576
2026-09-07 09:18:08,466 [DEBUG] core.argyll_runner: [argyll] Added 23717/49576
2026-09-07 09:18:08,512 [DEBUG] core.argyll_runner: [argyll] Added 23728/49576
2026-09-07 09:18:08,558 [DEBUG] core.argyll_runner: [argyll] Added 23739/49576
2026-09-07 09:18:08,605 [DEBUG] core.argyll_runner: [argyll] Added 23750/49576
2026-09-07 09:18:08,651 [DEBUG] core.argyll_runner: [argyll] Added 23761/49576
2026-09-07 09:18:08,697 [DEBUG] core.argyll_runner: [argyll] Added 23772/49576
2026-09-07 09:18:08,744 [DEBUG] core.argyll_runner: [argyll] Added 23783/49576
2026-09-07 09:18:08,791 [DEBUG] core.argyll_runner: [argyll] Added 23794/49576
2026-09-07 09:18:08,838 [DEBUG] core.argyll_runner: [argyll] Added 23805/49576
2026-09-07 09:18:08,885 [DEBUG] core.argyll_runner: [argyll] Added 23816/49576
2026-09-07 09:18:08,932 [DEBUG] core.argyll_runner: [argyll] Added 23827/49576
2026-09-07 09:18:08,980 [DEBUG] core.argyll_runner: [argyll] Added 23838/49576
2026-09-07 09:18:09,028 [DEBUG] core.argyll_runner: [argyll] Added 23849/49576
2026-09-07 09:18:09,075 [DEBUG] core.argyll_runner: [argyll] Added 23860/49576
2026-09-07 09:18:09,123 [DEBUG] core.argyll_runner: [argyll] Added 23871/49576
2026-09-07 09:18:09,171 [DEBUG] core.argyll_runner: [argyll] Added 23882/49576
2026-09-07 09:18:09,219 [DEBUG] core.argyll_runner: [argyll] Added 23893/49576
2026-09-07 09:18:09,267 [DEBUG] core.argyll_runner: [argyll] Added 23904/49576
2026-09-07 09:18:09,316 [DEBUG] core.argyll_runner: [argyll] Added 23915/49576
2026-09-07 09:18:09,364 [DEBUG] core.argyll_runner: [argyll] Added 23926/49576
2026-09-07 09:18:09,413 [DEBUG] core.argyll_runner: [argyll] Added 23937/49576
2026-09-07 09:18:09,462 [DEBUG] core.argyll_runner: [argyll] Added 23948/49576
2026-09-07 09:18:09,511 [DEBUG] core.argyll_runner: [argyll] Added 23959/49576
2026-09-07 09:18:09,560 [DEBUG] core.argyll_runner: [argyll] Added 23970/49576
2026-09-07 09:18:09,610 [DEBUG] core.argyll_runner: [argyll] Added 23981/49576
2026-09-07 09:18:09,660 [DEBUG] core.argyll_runner: [argyll] Added 23992/49576
2026-09-07 09:18:09,709 [DEBUG] core.argyll_runner: [argyll] Added 24003/49576
2026-09-07 09:18:09,754 [DEBUG] core.argyll_runner: [argyll] Added 24014/49576
2026-09-07 09:18:09,793 [DEBUG] core.argyll_runner: [argyll] Added 24025/49576
2026-09-07 09:18:09,833 [DEBUG] core.argyll_runner: [argyll] Added 24036/49576
2026-09-07 09:18:09,873 [DEBUG] core.argyll_runner: [argyll] Added 24047/49576
2026-09-07 09:18:09,913 [DEBUG] core.argyll_runner: [argyll] Added 24058/49576
2026-09-07 09:18:09,954 [DEBUG] core.argyll_runner: [argyll] Added 24069/49576
2026-09-07 09:18:09,994 [DEBUG] core.argyll_runner: [argyll] Added 24080/49576
2026-09-07 09:18:10,034 [DEBUG] core.argyll_runner: [argyll] Added 24091/49576
2026-09-07 09:18:10,075 [DEBUG] core.argyll_runner: [argyll] Added 24102/49576
2026-09-07 09:18:10,116 [DEBUG] core.argyll_runner: [argyll] Added 24113/49576
2026-09-07 09:18:10,157 [DEBUG] core.argyll_runner: [argyll] Added 24124/49576
2026-09-07 09:18:10,197 [DEBUG] core.argyll_runner: [argyll] Added 24135/49576
2026-09-07 09:18:10,237 [DEBUG] core.argyll_runner: [argyll] Added 24146/49576
2026-09-07 09:18:10,279 [DEBUG] core.argyll_runner: [argyll] Added 24157/49576
2026-09-07 09:18:10,320 [DEBUG] core.argyll_runner: [argyll] Added 24168/49576
2026-09-07 09:18:10,362 [DEBUG] core.argyll_runner: [argyll] Added 24179/49576
2026-09-07 09:18:10,403 [DEBUG] core.argyll_runner: [argyll] Added 24190/49576
2026-09-07 09:18:10,445 [DEBUG] core.argyll_runner: [argyll] Added 24201/49576
2026-09-07 09:18:10,487 [DEBUG] core.argyll_runner: [argyll] Added 24212/49576
2026-09-07 09:18:10,530 [DEBUG] core.argyll_runner: [argyll] Added 24223/49576
2026-09-07 09:18:10,572 [DEBUG] core.argyll_runner: [argyll] Added 24234/49576
2026-09-07 09:18:10,615 [DEBUG] core.argyll_runner: [argyll] Added 24245/49576
2026-09-07 09:18:10,657 [DEBUG] core.argyll_runner: [argyll] Added 24256/49576
2026-09-07 09:18:10,700 [DEBUG] core.argyll_runner: [argyll] Added 24267/49576
2026-09-07 09:18:10,743 [DEBUG] core.argyll_runner: [argyll] Added 24278/49576
2026-09-07 09:18:10,786 [DEBUG] core.argyll_runner: [argyll] Added 24289/49576
2026-09-07 09:18:10,829 [DEBUG] core.argyll_runner: [argyll] Added 24300/49576
2026-09-07 09:18:10,873 [DEBUG] core.argyll_runner: [argyll] Added 24311/49576
2026-09-07 09:18:10,916 [DEBUG] core.argyll_runner: [argyll] Added 24322/49576
2026-09-07 09:18:10,960 [DEBUG] core.argyll_runner: [argyll] Added 24333/49576
2026-09-07 09:18:11,003 [DEBUG] core.argyll_runner: [argyll] Added 24344/49576
2026-09-07 09:18:11,047 [DEBUG] core.argyll_runner: [argyll] Added 24355/49576
2026-09-07 09:18:11,091 [DEBUG] core.argyll_runner: [argyll] Added 24366/49576
2026-09-07 09:18:11,135 [DEBUG] core.argyll_runner: [argyll] Added 24377/49576
2026-09-07 09:18:11,180 [DEBUG] core.argyll_runner: [argyll] Added 24388/49576
2026-09-07 09:18:11,224 [DEBUG] core.argyll_runner: [argyll] Added 24399/49576
2026-09-07 09:18:11,269 [DEBUG] core.argyll_runner: [argyll] Added 24410/49576
2026-09-07 09:18:11,313 [DEBUG] core.argyll_runner: [argyll] Added 24421/49576
2026-09-07 09:18:11,358 [DEBUG] core.argyll_runner: [argyll] Added 24432/49576
2026-09-07 09:18:11,403 [DEBUG] core.argyll_runner: [argyll] Added 24443/49576
2026-09-07 09:18:11,449 [DEBUG] core.argyll_runner: [argyll] Added 24454/49576
2026-09-07 09:18:11,494 [DEBUG] core.argyll_runner: [argyll] Added 24465/49576
2026-09-07 09:18:11,540 [DEBUG] core.argyll_runner: [argyll] Added 24476/49576
2026-09-07 09:18:11,586 [DEBUG] core.argyll_runner: [argyll] Added 24487/49576
2026-09-07 09:18:11,632 [DEBUG] core.argyll_runner: [argyll] Added 24498/49576
2026-09-07 09:18:11,678 [DEBUG] core.argyll_runner: [argyll] Added 24509/49576
2026-09-07 09:18:11,724 [DEBUG] core.argyll_runner: [argyll] Added 24520/49576
2026-09-07 09:18:11,771 [DEBUG] core.argyll_runner: [argyll] Added 24531/49576
2026-09-07 09:18:11,818 [DEBUG] core.argyll_runner: [argyll] Added 24542/49576
2026-09-07 09:18:11,864 [DEBUG] core.argyll_runner: [argyll] Added 24553/49576
2026-09-07 09:18:11,911 [DEBUG] core.argyll_runner: [argyll] Added 24564/49576
2026-09-07 09:18:11,958 [DEBUG] core.argyll_runner: [argyll] Added 24575/49576
2026-09-07 09:18:12,005 [DEBUG] core.argyll_runner: [argyll] Added 24586/49576
2026-09-07 09:18:12,052 [DEBUG] core.argyll_runner: [argyll] Added 24597/49576
2026-09-07 09:18:12,100 [DEBUG] core.argyll_runner: [argyll] Added 24608/49576
2026-09-07 09:18:12,147 [DEBUG] core.argyll_runner: [argyll] Added 24619/49576
2026-09-07 09:18:12,195 [DEBUG] core.argyll_runner: [argyll] Added 24630/49576
2026-09-07 09:18:12,243 [DEBUG] core.argyll_runner: [argyll] Added 24641/49576
2026-09-07 09:18:12,291 [DEBUG] core.argyll_runner: [argyll] Added 24652/49576
2026-09-07 09:18:12,339 [DEBUG] core.argyll_runner: [argyll] Added 24663/49576
2026-09-07 09:18:12,387 [DEBUG] core.argyll_runner: [argyll] Added 24674/49576
2026-09-07 09:18:12,436 [DEBUG] core.argyll_runner: [argyll] Added 24685/49576
2026-09-07 09:18:12,484 [DEBUG] core.argyll_runner: [argyll] Added 24696/49576
2026-09-07 09:18:12,533 [DEBUG] core.argyll_runner: [argyll] Added 24707/49576
2026-09-07 09:18:12,582 [DEBUG] core.argyll_runner: [argyll] Added 24718/49576
2026-09-07 09:18:12,630 [DEBUG] core.argyll_runner: [argyll] Added 24729/49576
2026-09-07 09:18:12,679 [DEBUG] core.argyll_runner: [argyll] Added 24740/49576
2026-09-07 09:18:12,729 [DEBUG] core.argyll_runner: [argyll] Added 24751/49576
2026-09-07 09:18:12,779 [DEBUG] core.argyll_runner: [argyll] Added 24762/49576
2026-09-07 09:18:12,829 [DEBUG] core.argyll_runner: [argyll] Added 24773/49576
2026-09-07 09:18:12,879 [DEBUG] core.argyll_runner: [argyll] Added 24784/49576
2026-09-07 09:18:12,929 [DEBUG] core.argyll_runner: [argyll] Added 24795/49576
2026-09-07 09:18:12,980 [DEBUG] core.argyll_runner: [argyll] Added 24806/49576
2026-09-07 09:18:13,030 [DEBUG] core.argyll_runner: [argyll] Added 24817/49576
2026-09-07 09:18:13,081 [DEBUG] core.argyll_runner: [argyll] Added 24828/49576
2026-09-07 09:18:13,131 [DEBUG] core.argyll_runner: [argyll] Added 24839/49576
2026-09-07 09:18:13,182 [DEBUG] core.argyll_runner: [argyll] Added 24850/49576
2026-09-07 09:18:13,233 [DEBUG] core.argyll_runner: [argyll] Added 24861/49576
2026-09-07 09:18:13,284 [DEBUG] core.argyll_runner: [argyll] Added 24872/49576
2026-09-07 09:18:13,334 [DEBUG] core.argyll_runner: [argyll] Added 24883/49576
2026-09-07 09:18:13,381 [DEBUG] core.argyll_runner: [argyll] Added 24894/49576
2026-09-07 09:18:13,430 [DEBUG] core.argyll_runner: [argyll] Added 24905/49576
2026-09-07 09:18:13,479 [DEBUG] core.argyll_runner: [argyll] Added 24916/49576
2026-09-07 09:18:13,528 [DEBUG] core.argyll_runner: [argyll] Added 24927/49576
2026-09-07 09:18:13,578 [DEBUG] core.argyll_runner: [argyll] Added 24938/49576
2026-09-07 09:18:13,629 [DEBUG] core.argyll_runner: [argyll] Added 24949/49576
2026-09-07 09:18:13,681 [DEBUG] core.argyll_runner: [argyll] Added 24960/49576
2026-09-07 09:18:13,734 [DEBUG] core.argyll_runner: [argyll] Added 24971/49576
2026-09-07 09:18:13,787 [DEBUG] core.argyll_runner: [argyll] Added 24982/49576
2026-09-07 09:18:13,840 [DEBUG] core.argyll_runner: [argyll] Added 24993/49576
2026-09-07 09:18:13,893 [DEBUG] core.argyll_runner: [argyll] Added 25004/49576
2026-09-07 09:18:13,947 [DEBUG] core.argyll_runner: [argyll] Added 25015/49576
2026-09-07 09:18:14,001 [DEBUG] core.argyll_runner: [argyll] Added 25026/49576
2026-09-07 09:18:14,055 [DEBUG] core.argyll_runner: [argyll] Added 25037/49576
2026-09-07 09:18:14,109 [DEBUG] core.argyll_runner: [argyll] Added 25048/49576
2026-09-07 09:18:14,163 [DEBUG] core.argyll_runner: [argyll] Added 25059/49576
2026-09-07 09:18:14,217 [DEBUG] core.argyll_runner: [argyll] Added 25070/49576
2026-09-07 09:18:14,271 [DEBUG] core.argyll_runner: [argyll] Added 25081/49576
2026-09-07 09:18:14,326 [DEBUG] core.argyll_runner: [argyll] Added 25092/49576
2026-09-07 09:18:14,381 [DEBUG] core.argyll_runner: [argyll] Added 25103/49576
2026-09-07 09:18:14,436 [DEBUG] core.argyll_runner: [argyll] Added 25114/49576
2026-09-07 09:18:14,491 [DEBUG] core.argyll_runner: [argyll] Added 25125/49576
2026-09-07 09:18:14,546 [DEBUG] core.argyll_runner: [argyll] Added 25136/49576
2026-09-07 09:18:14,601 [DEBUG] core.argyll_runner: [argyll] Added 25147/49576
2026-09-07 09:18:14,656 [DEBUG] core.argyll_runner: [argyll] Added 25158/49576
2026-09-07 09:18:14,712 [DEBUG] core.argyll_runner: [argyll] Added 25169/49576
2026-09-07 09:18:14,768 [DEBUG] core.argyll_runner: [argyll] Added 25180/49576
2026-09-07 09:18:14,824 [DEBUG] core.argyll_runner: [argyll] Added 25191/49576
2026-09-07 09:18:14,880 [DEBUG] core.argyll_runner: [argyll] Added 25202/49576
2026-09-07 09:18:14,935 [DEBUG] core.argyll_runner: [argyll] Added 25213/49576
2026-09-07 09:18:14,991 [DEBUG] core.argyll_runner: [argyll] Added 25224/49576
2026-09-07 09:18:15,048 [DEBUG] core.argyll_runner: [argyll] Added 25235/49576
2026-09-07 09:18:15,104 [DEBUG] core.argyll_runner: [argyll] Added 25246/49576
2026-09-07 09:18:15,161 [DEBUG] core.argyll_runner: [argyll] Added 25257/49576
2026-09-07 09:18:15,217 [DEBUG] core.argyll_runner: [argyll] Added 25268/49576
2026-09-07 09:18:15,274 [DEBUG] core.argyll_runner: [argyll] Added 25279/49576
2026-09-07 09:18:15,331 [DEBUG] core.argyll_runner: [argyll] Added 25290/49576
2026-09-07 09:18:15,388 [DEBUG] core.argyll_runner: [argyll] Added 25301/49576
2026-09-07 09:18:15,445 [DEBUG] core.argyll_runner: [argyll] Added 25312/49576
2026-09-07 09:18:15,503 [DEBUG] core.argyll_runner: [argyll] Added 25323/49576
2026-09-07 09:18:15,560 [DEBUG] core.argyll_runner: [argyll] Added 25334/49576
2026-09-07 09:18:15,618 [DEBUG] core.argyll_runner: [argyll] Added 25345/49576
2026-09-07 09:18:15,676 [DEBUG] core.argyll_runner: [argyll] Added 25356/49576
2026-09-07 09:18:15,734 [DEBUG] core.argyll_runner: [argyll] Added 25367/49576
2026-09-07 09:18:15,792 [DEBUG] core.argyll_runner: [argyll] Added 25378/49576
2026-09-07 09:18:15,850 [DEBUG] core.argyll_runner: [argyll] Added 25389/49576
2026-09-07 09:18:15,908 [DEBUG] core.argyll_runner: [argyll] Added 25400/49576
2026-09-07 09:18:15,967 [DEBUG] core.argyll_runner: [argyll] Added 25411/49576
2026-09-07 09:18:16,025 [DEBUG] core.argyll_runner: [argyll] Added 25422/49576
2026-09-07 09:18:16,084 [DEBUG] core.argyll_runner: [argyll] Added 25433/49576
2026-09-07 09:18:16,143 [DEBUG] core.argyll_runner: [argyll] Added 25444/49576
2026-09-07 09:18:16,203 [DEBUG] core.argyll_runner: [argyll] Added 25455/49576
2026-09-07 09:18:16,262 [DEBUG] core.argyll_runner: [argyll] Added 25466/49576
2026-09-07 09:18:16,322 [DEBUG] core.argyll_runner: [argyll] Added 25477/49576
2026-09-07 09:18:16,381 [DEBUG] core.argyll_runner: [argyll] Added 25488/49576
2026-09-07 09:18:16,441 [DEBUG] core.argyll_runner: [argyll] Added 25499/49576
2026-09-07 09:18:16,501 [DEBUG] core.argyll_runner: [argyll] Added 25510/49576
2026-09-07 09:18:16,562 [DEBUG] core.argyll_runner: [argyll] Added 25521/49576
2026-09-07 09:18:16,622 [DEBUG] core.argyll_runner: [argyll] Added 25532/49576
2026-09-07 09:18:16,683 [DEBUG] core.argyll_runner: [argyll] Added 25543/49576
2026-09-07 09:18:16,744 [DEBUG] core.argyll_runner: [argyll] Added 25554/49576
2026-09-07 09:18:16,805 [DEBUG] core.argyll_runner: [argyll] Added 25565/49576
2026-09-07 09:18:16,866 [DEBUG] core.argyll_runner: [argyll] Added 25576/49576
2026-09-07 09:18:16,927 [DEBUG] core.argyll_runner: [argyll] Added 25587/49576
2026-09-07 09:18:16,989 [DEBUG] core.argyll_runner: [argyll] Added 25598/49576
2026-09-07 09:18:17,050 [DEBUG] core.argyll_runner: [argyll] Added 25609/49576
2026-09-07 09:18:17,111 [DEBUG] core.argyll_runner: [argyll] Added 25620/49576
2026-09-07 09:18:17,173 [DEBUG] core.argyll_runner: [argyll] Added 25631/49576
2026-09-07 09:18:17,234 [DEBUG] core.argyll_runner: [argyll] Added 25642/49576
2026-09-07 09:18:17,296 [DEBUG] core.argyll_runner: [argyll] Added 25653/49576
2026-09-07 09:18:17,358 [DEBUG] core.argyll_runner: [argyll] Added 25664/49576
2026-09-07 09:18:17,420 [DEBUG] core.argyll_runner: [argyll] Added 25675/49576
2026-09-07 09:18:17,482 [DEBUG] core.argyll_runner: [argyll] Added 25686/49576
2026-09-07 09:18:17,544 [DEBUG] core.argyll_runner: [argyll] Added 25697/49576
2026-09-07 09:18:17,607 [DEBUG] core.argyll_runner: [argyll] Added 25708/49576
2026-09-07 09:18:17,669 [DEBUG] core.argyll_runner: [argyll] Added 25719/49576
2026-09-07 09:18:17,732 [DEBUG] core.argyll_runner: [argyll] Added 25730/49576
2026-09-07 09:18:17,795 [DEBUG] core.argyll_runner: [argyll] Added 25741/49576
2026-09-07 09:18:17,853 [DEBUG] core.argyll_runner: [argyll] Added 25752/49576
2026-09-07 09:18:17,906 [DEBUG] core.argyll_runner: [argyll] Added 25763/49576
2026-09-07 09:18:17,959 [DEBUG] core.argyll_runner: [argyll] Added 25774/49576
2026-09-07 09:18:18,012 [DEBUG] core.argyll_runner: [argyll] Added 25785/49576
2026-09-07 09:18:18,065 [DEBUG] core.argyll_runner: [argyll] Added 25796/49576
2026-09-07 09:18:18,118 [DEBUG] core.argyll_runner: [argyll] Added 25807/49576
2026-09-07 09:18:18,172 [DEBUG] core.argyll_runner: [argyll] Added 25818/49576
2026-09-07 09:18:18,226 [DEBUG] core.argyll_runner: [argyll] Added 25829/49576
2026-09-07 09:18:18,279 [DEBUG] core.argyll_runner: [argyll] Added 25840/49576
2026-09-07 09:18:18,333 [DEBUG] core.argyll_runner: [argyll] Added 25851/49576
2026-09-07 09:18:18,387 [DEBUG] core.argyll_runner: [argyll] Added 25862/49576
2026-09-07 09:18:18,441 [DEBUG] core.argyll_runner: [argyll] Added 25873/49576
2026-09-07 09:18:18,496 [DEBUG] core.argyll_runner: [argyll] Added 25884/49576
2026-09-07 09:18:18,550 [DEBUG] core.argyll_runner: [argyll] Added 25895/49576
2026-09-07 09:18:18,605 [DEBUG] core.argyll_runner: [argyll] Added 25906/49576
2026-09-07 09:18:18,660 [DEBUG] core.argyll_runner: [argyll] Added 25917/49576
2026-09-07 09:18:18,715 [DEBUG] core.argyll_runner: [argyll] Added 25928/49576
2026-09-07 09:18:18,770 [DEBUG] core.argyll_runner: [argyll] Added 25939/49576
2026-09-07 09:18:18,825 [DEBUG] core.argyll_runner: [argyll] Added 25950/49576
2026-09-07 09:18:18,881 [DEBUG] core.argyll_runner: [argyll] Added 25961/49576
2026-09-07 09:18:18,937 [DEBUG] core.argyll_runner: [argyll] Added 25972/49576
2026-09-07 09:18:18,992 [DEBUG] core.argyll_runner: [argyll] Added 25983/49576
2026-09-07 09:18:19,047 [DEBUG] core.argyll_runner: [argyll] Added 25994/49576
2026-09-07 09:18:19,103 [DEBUG] core.argyll_runner: [argyll] Added 26005/49576
2026-09-07 09:18:19,160 [DEBUG] core.argyll_runner: [argyll] Added 26016/49576
2026-09-07 09:18:19,216 [DEBUG] core.argyll_runner: [argyll] Added 26027/49576
2026-09-07 09:18:19,273 [DEBUG] core.argyll_runner: [argyll] Added 26038/49576
2026-09-07 09:18:19,329 [DEBUG] core.argyll_runner: [argyll] Added 26049/49576
2026-09-07 09:18:19,386 [DEBUG] core.argyll_runner: [argyll] Added 26060/49576
2026-09-07 09:18:19,443 [DEBUG] core.argyll_runner: [argyll] Added 26071/49576
2026-09-07 09:18:19,500 [DEBUG] core.argyll_runner: [argyll] Added 26082/49576
2026-09-07 09:18:19,557 [DEBUG] core.argyll_runner: [argyll] Added 26093/49576
2026-09-07 09:18:19,614 [DEBUG] core.argyll_runner: [argyll] Added 26104/49576
2026-09-07 09:18:19,671 [DEBUG] core.argyll_runner: [argyll] Added 26115/49576
2026-09-07 09:18:19,729 [DEBUG] core.argyll_runner: [argyll] Added 26126/49576
2026-09-07 09:18:19,787 [DEBUG] core.argyll_runner: [argyll] Added 26137/49576
2026-09-07 09:18:19,845 [DEBUG] core.argyll_runner: [argyll] Added 26148/49576
2026-09-07 09:18:19,903 [DEBUG] core.argyll_runner: [argyll] Added 26159/49576
2026-09-07 09:18:19,961 [DEBUG] core.argyll_runner: [argyll] Added 26170/49576
2026-09-07 09:18:20,019 [DEBUG] core.argyll_runner: [argyll] Added 26181/49576
2026-09-07 09:18:20,077 [DEBUG] core.argyll_runner: [argyll] Added 26192/49576
2026-09-07 09:18:20,135 [DEBUG] core.argyll_runner: [argyll] Added 26203/49576
2026-09-07 09:18:20,194 [DEBUG] core.argyll_runner: [argyll] Added 26214/49576
2026-09-07 09:18:20,252 [DEBUG] core.argyll_runner: [argyll] Added 26225/49576
2026-09-07 09:18:20,312 [DEBUG] core.argyll_runner: [argyll] Added 26236/49576
2026-09-07 09:18:20,371 [DEBUG] core.argyll_runner: [argyll] Added 26247/49576
2026-09-07 09:18:20,431 [DEBUG] core.argyll_runner: [argyll] Added 26258/49576
2026-09-07 09:18:20,490 [DEBUG] core.argyll_runner: [argyll] Added 26269/49576
2026-09-07 09:18:20,550 [DEBUG] core.argyll_runner: [argyll] Added 26280/49576
2026-09-07 09:18:20,609 [DEBUG] core.argyll_runner: [argyll] Added 26291/49576
2026-09-07 09:18:20,669 [DEBUG] core.argyll_runner: [argyll] Added 26302/49576
2026-09-07 09:18:20,729 [DEBUG] core.argyll_runner: [argyll] Added 26313/49576
2026-09-07 09:18:20,790 [DEBUG] core.argyll_runner: [argyll] Added 26324/49576
2026-09-07 09:18:20,850 [DEBUG] core.argyll_runner: [argyll] Added 26335/49576
2026-09-07 09:18:20,911 [DEBUG] core.argyll_runner: [argyll] Added 26346/49576
2026-09-07 09:18:20,972 [DEBUG] core.argyll_runner: [argyll] Added 26357/49576
2026-09-07 09:18:21,034 [DEBUG] core.argyll_runner: [argyll] Added 26368/49576
2026-09-07 09:18:21,096 [DEBUG] core.argyll_runner: [argyll] Added 26379/49576
2026-09-07 09:18:21,157 [DEBUG] core.argyll_runner: [argyll] Added 26390/49576
2026-09-07 09:18:21,219 [DEBUG] core.argyll_runner: [argyll] Added 26401/49576
2026-09-07 09:18:21,280 [DEBUG] core.argyll_runner: [argyll] Added 26412/49576
2026-09-07 09:18:21,342 [DEBUG] core.argyll_runner: [argyll] Added 26423/49576
2026-09-07 09:18:21,404 [DEBUG] core.argyll_runner: [argyll] Added 26434/49576
2026-09-07 09:18:21,467 [DEBUG] core.argyll_runner: [argyll] Added 26445/49576
2026-09-07 09:18:21,529 [DEBUG] core.argyll_runner: [argyll] Added 26456/49576
2026-09-07 09:18:21,592 [DEBUG] core.argyll_runner: [argyll] Added 26467/49576
2026-09-07 09:18:21,655 [DEBUG] core.argyll_runner: [argyll] Added 26478/49576
2026-09-07 09:18:21,719 [DEBUG] core.argyll_runner: [argyll] Added 26489/49576
2026-09-07 09:18:21,782 [DEBUG] core.argyll_runner: [argyll] Added 26500/49576
2026-09-07 09:18:21,845 [DEBUG] core.argyll_runner: [argyll] Added 26511/49576
2026-09-07 09:18:21,909 [DEBUG] core.argyll_runner: [argyll] Added 26522/49576
2026-09-07 09:18:21,972 [DEBUG] core.argyll_runner: [argyll] Added 26533/49576
2026-09-07 09:18:22,036 [DEBUG] core.argyll_runner: [argyll] Added 26544/49576
2026-09-07 09:18:22,100 [DEBUG] core.argyll_runner: [argyll] Added 26555/49576
2026-09-07 09:18:22,163 [DEBUG] core.argyll_runner: [argyll] Added 26566/49576
2026-09-07 09:18:22,227 [DEBUG] core.argyll_runner: [argyll] Added 26577/49576
2026-09-07 09:18:22,292 [DEBUG] core.argyll_runner: [argyll] Added 26588/49576
2026-09-07 09:18:22,356 [DEBUG] core.argyll_runner: [argyll] Added 26599/49576
2026-09-07 09:18:22,420 [DEBUG] core.argyll_runner: [argyll] Added 26610/49576
2026-09-07 09:18:22,485 [DEBUG] core.argyll_runner: [argyll] Added 26621/49576
2026-09-07 09:18:22,550 [DEBUG] core.argyll_runner: [argyll] Added 26632/49576
2026-09-07 09:18:22,615 [DEBUG] core.argyll_runner: [argyll] Added 26643/49576
2026-09-07 09:18:22,680 [DEBUG] core.argyll_runner: [argyll] Added 26654/49576
2026-09-07 09:18:22,745 [DEBUG] core.argyll_runner: [argyll] Added 26665/49576
2026-09-07 09:18:22,810 [DEBUG] core.argyll_runner: [argyll] Added 26676/49576
2026-09-07 09:18:22,876 [DEBUG] core.argyll_runner: [argyll] Added 26687/49576
2026-09-07 09:18:22,941 [DEBUG] core.argyll_runner: [argyll] Added 26698/49576
2026-09-07 09:18:23,008 [DEBUG] core.argyll_runner: [argyll] Added 26709/49576
2026-09-07 09:18:23,073 [DEBUG] core.argyll_runner: [argyll] Added 26720/49576
2026-09-07 09:18:23,139 [DEBUG] core.argyll_runner: [argyll] Added 26731/49576
2026-09-07 09:18:23,206 [DEBUG] core.argyll_runner: [argyll] Added 26742/49576
2026-09-07 09:18:23,273 [DEBUG] core.argyll_runner: [argyll] Added 26753/49576
2026-09-07 09:18:23,339 [DEBUG] core.argyll_runner: [argyll] Added 26764/49576
2026-09-07 09:18:23,406 [DEBUG] core.argyll_runner: [argyll] Added 26775/49576
2026-09-07 09:18:23,473 [DEBUG] core.argyll_runner: [argyll] Added 26786/49576
2026-09-07 09:18:23,540 [DEBUG] core.argyll_runner: [argyll] Added 26797/49576
2026-09-07 09:18:23,607 [DEBUG] core.argyll_runner: [argyll] Added 26808/49576
2026-09-07 09:18:23,674 [DEBUG] core.argyll_runner: [argyll] Added 26819/49576
2026-09-07 09:18:23,742 [DEBUG] core.argyll_runner: [argyll] Added 26830/49576
2026-09-07 09:18:23,810 [DEBUG] core.argyll_runner: [argyll] Added 26841/49576
2026-09-07 09:18:23,877 [DEBUG] core.argyll_runner: [argyll] Added 26852/49576
2026-09-07 09:18:23,946 [DEBUG] core.argyll_runner: [argyll] Added 26863/49576
2026-09-07 09:18:24,014 [DEBUG] core.argyll_runner: [argyll] Added 26874/49576
2026-09-07 09:18:24,081 [DEBUG] core.argyll_runner: [argyll] Added 26885/49576
2026-09-07 09:18:24,149 [DEBUG] core.argyll_runner: [argyll] Added 26896/49576
2026-09-07 09:18:24,218 [DEBUG] core.argyll_runner: [argyll] Added 26907/49576
2026-09-07 09:18:24,287 [DEBUG] core.argyll_runner: [argyll] Added 26918/49576
2026-09-07 09:18:24,356 [DEBUG] core.argyll_runner: [argyll] Added 26929/49576
2026-09-07 09:18:24,425 [DEBUG] core.argyll_runner: [argyll] Added 26940/49576
2026-09-07 09:18:24,494 [DEBUG] core.argyll_runner: [argyll] Added 26951/49576
2026-09-07 09:18:24,563 [DEBUG] core.argyll_runner: [argyll] Added 26962/49576
2026-09-07 09:18:24,632 [DEBUG] core.argyll_runner: [argyll] Added 26973/49576
2026-09-07 09:18:24,702 [DEBUG] core.argyll_runner: [argyll] Added 26984/49576
2026-09-07 09:18:24,772 [DEBUG] core.argyll_runner: [argyll] Added 26995/49576
2026-09-07 09:18:24,841 [DEBUG] core.argyll_runner: [argyll] Added 27006/49576
2026-09-07 09:18:24,912 [DEBUG] core.argyll_runner: [argyll] Added 27017/49576
2026-09-07 09:18:24,982 [DEBUG] core.argyll_runner: [argyll] Added 27028/49576
2026-09-07 09:18:25,052 [DEBUG] core.argyll_runner: [argyll] Added 27039/49576
2026-09-07 09:18:25,122 [DEBUG] core.argyll_runner: [argyll] Added 27050/49576
2026-09-07 09:18:25,193 [DEBUG] core.argyll_runner: [argyll] Added 27061/49576
2026-09-07 09:18:25,264 [DEBUG] core.argyll_runner: [argyll] Added 27072/49576
2026-09-07 09:18:25,335 [DEBUG] core.argyll_runner: [argyll] Added 27083/49576
2026-09-07 09:18:25,406 [DEBUG] core.argyll_runner: [argyll] Added 27094/49576
2026-09-07 09:18:25,477 [DEBUG] core.argyll_runner: [argyll] Added 27105/49576
2026-09-07 09:18:25,548 [DEBUG] core.argyll_runner: [argyll] Added 27116/49576
2026-09-07 09:18:25,620 [DEBUG] core.argyll_runner: [argyll] Added 27127/49576
2026-09-07 09:18:25,691 [DEBUG] core.argyll_runner: [argyll] Added 27138/49576
2026-09-07 09:18:25,763 [DEBUG] core.argyll_runner: [argyll] Added 27149/49576
2026-09-07 09:18:25,835 [DEBUG] core.argyll_runner: [argyll] Added 27160/49576
2026-09-07 09:18:25,907 [DEBUG] core.argyll_runner: [argyll] Added 27171/49576
2026-09-07 09:18:25,979 [DEBUG] core.argyll_runner: [argyll] Added 27182/49576
2026-09-07 09:18:26,051 [DEBUG] core.argyll_runner: [argyll] Added 27193/49576
2026-09-07 09:18:26,122 [DEBUG] core.argyll_runner: [argyll] Added 27204/49576
2026-09-07 09:18:26,194 [DEBUG] core.argyll_runner: [argyll] Added 27215/49576
2026-09-07 09:18:26,266 [DEBUG] core.argyll_runner: [argyll] Added 27226/49576
2026-09-07 09:18:26,339 [DEBUG] core.argyll_runner: [argyll] Added 27237/49576
2026-09-07 09:18:26,413 [DEBUG] core.argyll_runner: [argyll] Added 27248/49576
2026-09-07 09:18:26,486 [DEBUG] core.argyll_runner: [argyll] Added 27259/49576
2026-09-07 09:18:26,559 [DEBUG] core.argyll_runner: [argyll] Added 27270/49576
2026-09-07 09:18:26,632 [DEBUG] core.argyll_runner: [argyll] Added 27281/49576
2026-09-07 09:18:26,706 [DEBUG] core.argyll_runner: [argyll] Added 27292/49576
2026-09-07 09:18:26,780 [DEBUG] core.argyll_runner: [argyll] Added 27303/49576
2026-09-07 09:18:26,854 [DEBUG] core.argyll_runner: [argyll] Added 27314/49576
2026-09-07 09:18:26,928 [DEBUG] core.argyll_runner: [argyll] Added 27325/49576
2026-09-07 09:18:27,001 [DEBUG] core.argyll_runner: [argyll] Added 27336/49576
2026-09-07 09:18:27,071 [DEBUG] core.argyll_runner: [argyll] Added 27347/49576
2026-09-07 09:18:27,142 [DEBUG] core.argyll_runner: [argyll] Added 27358/49576
2026-09-07 09:18:27,214 [DEBUG] core.argyll_runner: [argyll] Added 27369/49576
2026-09-07 09:18:27,287 [DEBUG] core.argyll_runner: [argyll] Added 27380/49576
2026-09-07 09:18:27,361 [DEBUG] core.argyll_runner: [argyll] Added 27391/49576
2026-09-07 09:18:27,435 [DEBUG] core.argyll_runner: [argyll] Added 27402/49576
2026-09-07 09:18:27,510 [DEBUG] core.argyll_runner: [argyll] Added 27413/49576
2026-09-07 09:18:27,586 [DEBUG] core.argyll_runner: [argyll] Added 27424/49576
2026-09-07 09:18:27,661 [DEBUG] core.argyll_runner: [argyll] Added 27435/49576
2026-09-07 09:18:27,737 [DEBUG] core.argyll_runner: [argyll] Added 27446/49576
2026-09-07 09:18:27,813 [DEBUG] core.argyll_runner: [argyll] Added 27457/49576
2026-09-07 09:18:27,889 [DEBUG] core.argyll_runner: [argyll] Added 27468/49576
2026-09-07 09:18:27,961 [DEBUG] core.argyll_runner: [argyll] Added 27479/49576
2026-09-07 09:18:28,032 [DEBUG] core.argyll_runner: [argyll] Added 27490/49576
2026-09-07 09:18:28,099 [DEBUG] core.argyll_runner: [argyll] Added 27501/49576
2026-09-07 09:18:28,165 [DEBUG] core.argyll_runner: [argyll] Added 27512/49576
2026-09-07 09:18:28,232 [DEBUG] core.argyll_runner: [argyll] Added 27523/49576
2026-09-07 09:18:28,299 [DEBUG] core.argyll_runner: [argyll] Added 27534/49576
2026-09-07 09:18:28,365 [DEBUG] core.argyll_runner: [argyll] Added 27545/49576
2026-09-07 09:18:28,432 [DEBUG] core.argyll_runner: [argyll] Added 27556/49576
2026-09-07 09:18:28,499 [DEBUG] core.argyll_runner: [argyll] Added 27567/49576
2026-09-07 09:18:28,566 [DEBUG] core.argyll_runner: [argyll] Added 27578/49576
2026-09-07 09:18:28,633 [DEBUG] core.argyll_runner: [argyll] Added 27589/49576
2026-09-07 09:18:28,700 [DEBUG] core.argyll_runner: [argyll] Added 27600/49576
2026-09-07 09:18:28,768 [DEBUG] core.argyll_runner: [argyll] Added 27611/49576
2026-09-07 09:18:28,835 [DEBUG] core.argyll_runner: [argyll] Added 27622/49576
2026-09-07 09:18:28,903 [DEBUG] core.argyll_runner: [argyll] Added 27633/49576
2026-09-07 09:18:28,971 [DEBUG] core.argyll_runner: [argyll] Added 27644/49576
2026-09-07 09:18:29,039 [DEBUG] core.argyll_runner: [argyll] Added 27655/49576
2026-09-07 09:18:29,107 [DEBUG] core.argyll_runner: [argyll] Added 27666/49576
2026-09-07 09:18:29,175 [DEBUG] core.argyll_runner: [argyll] Added 27677/49576
2026-09-07 09:18:29,244 [DEBUG] core.argyll_runner: [argyll] Added 27688/49576
2026-09-07 09:18:29,313 [DEBUG] core.argyll_runner: [argyll] Added 27699/49576
2026-09-07 09:18:29,381 [DEBUG] core.argyll_runner: [argyll] Added 27710/49576
2026-09-07 09:18:29,450 [DEBUG] core.argyll_runner: [argyll] Added 27721/49576
2026-09-07 09:18:29,518 [DEBUG] core.argyll_runner: [argyll] Added 27732/49576
2026-09-07 09:18:29,587 [DEBUG] core.argyll_runner: [argyll] Added 27743/49576
2026-09-07 09:18:29,657 [DEBUG] core.argyll_runner: [argyll] Added 27754/49576
2026-09-07 09:18:29,726 [DEBUG] core.argyll_runner: [argyll] Added 27765/49576
2026-09-07 09:18:29,796 [DEBUG] core.argyll_runner: [argyll] Added 27776/49576
2026-09-07 09:18:29,866 [DEBUG] core.argyll_runner: [argyll] Added 27787/49576
2026-09-07 09:18:29,936 [DEBUG] core.argyll_runner: [argyll] Added 27798/49576
2026-09-07 09:18:30,006 [DEBUG] core.argyll_runner: [argyll] Added 27809/49576
2026-09-07 09:18:30,076 [DEBUG] core.argyll_runner: [argyll] Added 27820/49576
2026-09-07 09:18:30,147 [DEBUG] core.argyll_runner: [argyll] Added 27831/49576
2026-09-07 09:18:30,217 [DEBUG] core.argyll_runner: [argyll] Added 27842/49576
2026-09-07 09:18:30,288 [DEBUG] core.argyll_runner: [argyll] Added 27853/49576
2026-09-07 09:18:30,359 [DEBUG] core.argyll_runner: [argyll] Added 27864/49576
2026-09-07 09:18:30,430 [DEBUG] core.argyll_runner: [argyll] Added 27875/49576
2026-09-07 09:18:30,501 [DEBUG] core.argyll_runner: [argyll] Added 27886/49576
2026-09-07 09:18:30,572 [DEBUG] core.argyll_runner: [argyll] Added 27897/49576
2026-09-07 09:18:30,643 [DEBUG] core.argyll_runner: [argyll] Added 27908/49576
2026-09-07 09:18:30,714 [DEBUG] core.argyll_runner: [argyll] Added 27919/49576
2026-09-07 09:18:30,786 [DEBUG] core.argyll_runner: [argyll] Added 27930/49576
2026-09-07 09:18:30,857 [DEBUG] core.argyll_runner: [argyll] Added 27941/49576
2026-09-07 09:18:30,929 [DEBUG] core.argyll_runner: [argyll] Added 27952/49576
2026-09-07 09:18:31,001 [DEBUG] core.argyll_runner: [argyll] Added 27963/49576
2026-09-07 09:18:31,074 [DEBUG] core.argyll_runner: [argyll] Added 27974/49576
2026-09-07 09:18:31,148 [DEBUG] core.argyll_runner: [argyll] Added 27985/49576
2026-09-07 09:18:31,221 [DEBUG] core.argyll_runner: [argyll] Added 27996/49576
2026-09-07 09:18:31,295 [DEBUG] core.argyll_runner: [argyll] Added 28007/49576
2026-09-07 09:18:31,368 [DEBUG] core.argyll_runner: [argyll] Added 28018/49576
2026-09-07 09:18:31,442 [DEBUG] core.argyll_runner: [argyll] Added 28029/49576
2026-09-07 09:18:31,515 [DEBUG] core.argyll_runner: [argyll] Added 28040/49576
2026-09-07 09:18:31,590 [DEBUG] core.argyll_runner: [argyll] Added 28051/49576
2026-09-07 09:18:31,664 [DEBUG] core.argyll_runner: [argyll] Added 28062/49576
2026-09-07 09:18:31,739 [DEBUG] core.argyll_runner: [argyll] Added 28073/49576
2026-09-07 09:18:31,813 [DEBUG] core.argyll_runner: [argyll] Added 28084/49576
2026-09-07 09:18:31,888 [DEBUG] core.argyll_runner: [argyll] Added 28095/49576
2026-09-07 09:18:31,962 [DEBUG] core.argyll_runner: [argyll] Added 28106/49576
2026-09-07 09:18:32,037 [DEBUG] core.argyll_runner: [argyll] Added 28117/49576
2026-09-07 09:18:32,112 [DEBUG] core.argyll_runner: [argyll] Added 28128/49576
2026-09-07 09:18:32,187 [DEBUG] core.argyll_runner: [argyll] Added 28139/49576
2026-09-07 09:18:32,262 [DEBUG] core.argyll_runner: [argyll] Added 28150/49576
2026-09-07 09:18:32,337 [DEBUG] core.argyll_runner: [argyll] Added 28161/49576
2026-09-07 09:18:32,412 [DEBUG] core.argyll_runner: [argyll] Added 28172/49576
2026-09-07 09:18:32,488 [DEBUG] core.argyll_runner: [argyll] Added 28183/49576
2026-09-07 09:18:32,564 [DEBUG] core.argyll_runner: [argyll] Added 28194/49576
2026-09-07 09:18:32,640 [DEBUG] core.argyll_runner: [argyll] Added 28205/49576
2026-09-07 09:18:32,716 [DEBUG] core.argyll_runner: [argyll] Added 28216/49576
2026-09-07 09:18:32,791 [DEBUG] core.argyll_runner: [argyll] Added 28227/49576
2026-09-07 09:18:32,867 [DEBUG] core.argyll_runner: [argyll] Added 28238/49576
2026-09-07 09:18:32,943 [DEBUG] core.argyll_runner: [argyll] Added 28249/49576
2026-09-07 09:18:33,019 [DEBUG] core.argyll_runner: [argyll] Added 28260/49576
2026-09-07 09:18:33,096 [DEBUG] core.argyll_runner: [argyll] Added 28271/49576
2026-09-07 09:18:33,172 [DEBUG] core.argyll_runner: [argyll] Added 28282/49576
2026-09-07 09:18:33,248 [DEBUG] core.argyll_runner: [argyll] Added 28293/49576
2026-09-07 09:18:33,325 [DEBUG] core.argyll_runner: [argyll] Added 28304/49576
2026-09-07 09:18:33,402 [DEBUG] core.argyll_runner: [argyll] Added 28315/49576
2026-09-07 09:18:33,479 [DEBUG] core.argyll_runner: [argyll] Added 28326/49576
2026-09-07 09:18:33,556 [DEBUG] core.argyll_runner: [argyll] Added 28337/49576
2026-09-07 09:18:33,633 [DEBUG] core.argyll_runner: [argyll] Added 28348/49576
2026-09-07 09:18:33,711 [DEBUG] core.argyll_runner: [argyll] Added 28359/49576
2026-09-07 09:18:33,788 [DEBUG] core.argyll_runner: [argyll] Added 28370/49576
2026-09-07 09:18:33,866 [DEBUG] core.argyll_runner: [argyll] Added 28381/49576
2026-09-07 09:18:33,944 [DEBUG] core.argyll_runner: [argyll] Added 28392/49576
2026-09-07 09:18:34,022 [DEBUG] core.argyll_runner: [argyll] Added 28403/49576
2026-09-07 09:18:34,101 [DEBUG] core.argyll_runner: [argyll] Added 28414/49576
2026-09-07 09:18:34,180 [DEBUG] core.argyll_runner: [argyll] Added 28425/49576
2026-09-07 09:18:34,258 [DEBUG] core.argyll_runner: [argyll] Added 28436/49576
2026-09-07 09:18:34,337 [DEBUG] core.argyll_runner: [argyll] Added 28447/49576
2026-09-07 09:18:34,416 [DEBUG] core.argyll_runner: [argyll] Added 28458/49576
2026-09-07 09:18:34,495 [DEBUG] core.argyll_runner: [argyll] Added 28469/49576
2026-09-07 09:18:34,575 [DEBUG] core.argyll_runner: [argyll] Added 28480/49576
2026-09-07 09:18:34,655 [DEBUG] core.argyll_runner: [argyll] Added 28491/49576
2026-09-07 09:18:34,735 [DEBUG] core.argyll_runner: [argyll] Added 28502/49576
2026-09-07 09:18:34,815 [DEBUG] core.argyll_runner: [argyll] Added 28513/49576
2026-09-07 09:18:34,895 [DEBUG] core.argyll_runner: [argyll] Added 28524/49576
2026-09-07 09:18:34,976 [DEBUG] core.argyll_runner: [argyll] Added 28535/49576
2026-09-07 09:18:35,057 [DEBUG] core.argyll_runner: [argyll] Added 28546/49576
2026-09-07 09:18:35,137 [DEBUG] core.argyll_runner: [argyll] Added 28557/49576
2026-09-07 09:18:35,218 [DEBUG] core.argyll_runner: [argyll] Added 28568/49576
2026-09-07 09:18:35,299 [DEBUG] core.argyll_runner: [argyll] Added 28579/49576
2026-09-07 09:18:35,380 [DEBUG] core.argyll_runner: [argyll] Added 28590/49576
2026-09-07 09:18:35,462 [DEBUG] core.argyll_runner: [argyll] Added 28601/49576
2026-09-07 09:18:35,542 [DEBUG] core.argyll_runner: [argyll] Added 28612/49576
2026-09-07 09:18:35,623 [DEBUG] core.argyll_runner: [argyll] Added 28623/49576
2026-09-07 09:18:35,704 [DEBUG] core.argyll_runner: [argyll] Added 28634/49576
2026-09-07 09:18:35,786 [DEBUG] core.argyll_runner: [argyll] Added 28645/49576
2026-09-07 09:18:35,868 [DEBUG] core.argyll_runner: [argyll] Added 28656/49576
2026-09-07 09:18:35,949 [DEBUG] core.argyll_runner: [argyll] Added 28667/49576
2026-09-07 09:18:36,031 [DEBUG] core.argyll_runner: [argyll] Added 28678/49576
2026-09-07 09:18:36,113 [DEBUG] core.argyll_runner: [argyll] Added 28689/49576
2026-09-07 09:18:36,195 [DEBUG] core.argyll_runner: [argyll] Added 28700/49576
2026-09-07 09:18:36,278 [DEBUG] core.argyll_runner: [argyll] Added 28711/49576
2026-09-07 09:18:36,360 [DEBUG] core.argyll_runner: [argyll] Added 28722/49576
2026-09-07 09:18:36,443 [DEBUG] core.argyll_runner: [argyll] Added 28733/49576
2026-09-07 09:18:36,526 [DEBUG] core.argyll_runner: [argyll] Added 28744/49576
2026-09-07 09:18:36,609 [DEBUG] core.argyll_runner: [argyll] Added 28755/49576
2026-09-07 09:18:36,692 [DEBUG] core.argyll_runner: [argyll] Added 28766/49576
2026-09-07 09:18:36,775 [DEBUG] core.argyll_runner: [argyll] Added 28777/49576
2026-09-07 09:18:36,859 [DEBUG] core.argyll_runner: [argyll] Added 28788/49576
2026-09-07 09:18:36,943 [DEBUG] core.argyll_runner: [argyll] Added 28799/49576
2026-09-07 09:18:37,026 [DEBUG] core.argyll_runner: [argyll] Added 28810/49576
2026-09-07 09:18:37,110 [DEBUG] core.argyll_runner: [argyll] Added 28821/49576
2026-09-07 09:18:37,194 [DEBUG] core.argyll_runner: [argyll] Added 28832/49576
2026-09-07 09:18:37,278 [DEBUG] core.argyll_runner: [argyll] Added 28843/49576
2026-09-07 09:18:37,362 [DEBUG] core.argyll_runner: [argyll] Added 28854/49576
2026-09-07 09:18:37,446 [DEBUG] core.argyll_runner: [argyll] Added 28865/49576
2026-09-07 09:18:37,530 [DEBUG] core.argyll_runner: [argyll] Added 28876/49576
2026-09-07 09:18:37,615 [DEBUG] core.argyll_runner: [argyll] Added 28887/49576
2026-09-07 09:18:37,699 [DEBUG] core.argyll_runner: [argyll] Added 28898/49576
2026-09-07 09:18:37,784 [DEBUG] core.argyll_runner: [argyll] Added 28909/49576
2026-09-07 09:18:37,869 [DEBUG] core.argyll_runner: [argyll] Added 28920/49576
2026-09-07 09:18:37,953 [DEBUG] core.argyll_runner: [argyll] Added 28931/49576
2026-09-07 09:18:38,039 [DEBUG] core.argyll_runner: [argyll] Added 28942/49576
2026-09-07 09:18:38,125 [DEBUG] core.argyll_runner: [argyll] Added 28953/49576
2026-09-07 09:18:38,210 [DEBUG] core.argyll_runner: [argyll] Added 28964/49576
2026-09-07 09:18:38,297 [DEBUG] core.argyll_runner: [argyll] Added 28975/49576
2026-09-07 09:18:38,383 [DEBUG] core.argyll_runner: [argyll] Added 28986/49576
2026-09-07 09:18:38,469 [DEBUG] core.argyll_runner: [argyll] Added 28997/49576
2026-09-07 09:18:38,555 [DEBUG] core.argyll_runner: [argyll] Added 29008/49576
2026-09-07 09:18:38,641 [DEBUG] core.argyll_runner: [argyll] Added 29019/49576
2026-09-07 09:18:38,728 [DEBUG] core.argyll_runner: [argyll] Added 29030/49576
2026-09-07 09:18:38,815 [DEBUG] core.argyll_runner: [argyll] Added 29041/49576
2026-09-07 09:18:38,903 [DEBUG] core.argyll_runner: [argyll] Added 29052/49576
2026-09-07 09:18:38,990 [DEBUG] core.argyll_runner: [argyll] Added 29063/49576
2026-09-07 09:18:39,077 [DEBUG] core.argyll_runner: [argyll] Added 29074/49576
2026-09-07 09:18:39,164 [DEBUG] core.argyll_runner: [argyll] Added 29085/49576
2026-09-07 09:18:39,252 [DEBUG] core.argyll_runner: [argyll] Added 29096/49576
2026-09-07 09:18:39,340 [DEBUG] core.argyll_runner: [argyll] Added 29107/49576
2026-09-07 09:18:39,427 [DEBUG] core.argyll_runner: [argyll] Added 29118/49576
2026-09-07 09:18:39,515 [DEBUG] core.argyll_runner: [argyll] Added 29129/49576
2026-09-07 09:18:39,604 [DEBUG] core.argyll_runner: [argyll] Added 29140/49576
2026-09-07 09:18:39,692 [DEBUG] core.argyll_runner: [argyll] Added 29151/49576
2026-09-07 09:18:39,781 [DEBUG] core.argyll_runner: [argyll] Added 29162/49576
2026-09-07 09:18:39,870 [DEBUG] core.argyll_runner: [argyll] Added 29173/49576
2026-09-07 09:18:39,958 [DEBUG] core.argyll_runner: [argyll] Added 29184/49576
2026-09-07 09:18:40,047 [DEBUG] core.argyll_runner: [argyll] Added 29195/49576
2026-09-07 09:18:40,136 [DEBUG] core.argyll_runner: [argyll] Added 29206/49576
2026-09-07 09:18:40,220 [DEBUG] core.argyll_runner: [argyll] Added 29217/49576
2026-09-07 09:18:40,300 [DEBUG] core.argyll_runner: [argyll] Added 29228/49576
2026-09-07 09:18:40,379 [DEBUG] core.argyll_runner: [argyll] Added 29239/49576
2026-09-07 09:18:40,459 [DEBUG] core.argyll_runner: [argyll] Added 29250/49576
2026-09-07 09:18:40,539 [DEBUG] core.argyll_runner: [argyll] Added 29261/49576
2026-09-07 09:18:40,619 [DEBUG] core.argyll_runner: [argyll] Added 29272/49576
2026-09-07 09:18:40,700 [DEBUG] core.argyll_runner: [argyll] Added 29283/49576
2026-09-07 09:18:40,780 [DEBUG] core.argyll_runner: [argyll] Added 29294/49576
2026-09-07 09:18:40,855 [DEBUG] core.argyll_runner: [argyll] Added 29305/49576
2026-09-07 09:18:40,930 [DEBUG] core.argyll_runner: [argyll] Added 29316/49576
2026-09-07 09:18:41,006 [DEBUG] core.argyll_runner: [argyll] Added 29327/49576
2026-09-07 09:18:41,083 [DEBUG] core.argyll_runner: [argyll] Added 29338/49576
2026-09-07 09:18:41,162 [DEBUG] core.argyll_runner: [argyll] Added 29349/49576
2026-09-07 09:18:41,243 [DEBUG] core.argyll_runner: [argyll] Added 29360/49576
2026-09-07 09:18:41,324 [DEBUG] core.argyll_runner: [argyll] Added 29371/49576
2026-09-07 09:18:41,404 [DEBUG] core.argyll_runner: [argyll] Added 29382/49576
2026-09-07 09:18:41,486 [DEBUG] core.argyll_runner: [argyll] Added 29393/49576
2026-09-07 09:18:41,568 [DEBUG] core.argyll_runner: [argyll] Added 29404/49576
2026-09-07 09:18:41,650 [DEBUG] core.argyll_runner: [argyll] Added 29415/49576
2026-09-07 09:18:41,732 [DEBUG] core.argyll_runner: [argyll] Added 29426/49576
2026-09-07 09:18:41,814 [DEBUG] core.argyll_runner: [argyll] Added 29437/49576
2026-09-07 09:18:41,897 [DEBUG] core.argyll_runner: [argyll] Added 29448/49576
2026-09-07 09:18:41,979 [DEBUG] core.argyll_runner: [argyll] Added 29459/49576
2026-09-07 09:18:42,062 [DEBUG] core.argyll_runner: [argyll] Added 29470/49576
2026-09-07 09:18:42,144 [DEBUG] core.argyll_runner: [argyll] Added 29481/49576
2026-09-07 09:18:42,227 [DEBUG] core.argyll_runner: [argyll] Added 29492/49576
2026-09-07 09:18:42,310 [DEBUG] core.argyll_runner: [argyll] Added 29503/49576
2026-09-07 09:18:42,393 [DEBUG] core.argyll_runner: [argyll] Added 29514/49576
2026-09-07 09:18:42,476 [DEBUG] core.argyll_runner: [argyll] Added 29525/49576
2026-09-07 09:18:42,560 [DEBUG] core.argyll_runner: [argyll] Added 29536/49576
2026-09-07 09:18:42,643 [DEBUG] core.argyll_runner: [argyll] Added 29547/49576
2026-09-07 09:18:42,726 [DEBUG] core.argyll_runner: [argyll] Added 29558/49576
2026-09-07 09:18:42,810 [DEBUG] core.argyll_runner: [argyll] Added 29569/49576
2026-09-07 09:18:42,893 [DEBUG] core.argyll_runner: [argyll] Added 29580/49576
2026-09-07 09:18:42,977 [DEBUG] core.argyll_runner: [argyll] Added 29591/49576
2026-09-07 09:18:43,061 [DEBUG] core.argyll_runner: [argyll] Added 29602/49576
2026-09-07 09:18:43,145 [DEBUG] core.argyll_runner: [argyll] Added 29613/49576
2026-09-07 09:18:43,230 [DEBUG] core.argyll_runner: [argyll] Added 29624/49576
2026-09-07 09:18:43,314 [DEBUG] core.argyll_runner: [argyll] Added 29635/49576
2026-09-07 09:18:43,398 [DEBUG] core.argyll_runner: [argyll] Added 29646/49576
2026-09-07 09:18:43,483 [DEBUG] core.argyll_runner: [argyll] Added 29657/49576
2026-09-07 09:18:43,568 [DEBUG] core.argyll_runner: [argyll] Added 29668/49576
2026-09-07 09:18:43,653 [DEBUG] core.argyll_runner: [argyll] Added 29679/49576
2026-09-07 09:18:43,738 [DEBUG] core.argyll_runner: [argyll] Added 29690/49576
2026-09-07 09:18:43,823 [DEBUG] core.argyll_runner: [argyll] Added 29701/49576
2026-09-07 09:18:43,909 [DEBUG] core.argyll_runner: [argyll] Added 29712/49576
2026-09-07 09:18:43,994 [DEBUG] core.argyll_runner: [argyll] Added 29723/49576
2026-09-07 09:18:44,080 [DEBUG] core.argyll_runner: [argyll] Added 29734/49576
2026-09-07 09:18:44,166 [DEBUG] core.argyll_runner: [argyll] Added 29745/49576
2026-09-07 09:18:44,252 [DEBUG] core.argyll_runner: [argyll] Added 29756/49576
2026-09-07 09:18:44,338 [DEBUG] core.argyll_runner: [argyll] Added 29767/49576
2026-09-07 09:18:44,424 [DEBUG] core.argyll_runner: [argyll] Added 29778/49576
2026-09-07 09:18:44,511 [DEBUG] core.argyll_runner: [argyll] Added 29789/49576
2026-09-07 09:18:44,597 [DEBUG] core.argyll_runner: [argyll] Added 29800/49576
2026-09-07 09:18:44,684 [DEBUG] core.argyll_runner: [argyll] Added 29811/49576
2026-09-07 09:18:44,770 [DEBUG] core.argyll_runner: [argyll] Added 29822/49576
2026-09-07 09:18:44,858 [DEBUG] core.argyll_runner: [argyll] Added 29833/49576
2026-09-07 09:18:44,948 [DEBUG] core.argyll_runner: [argyll] Added 29844/49576
2026-09-07 09:18:45,037 [DEBUG] core.argyll_runner: [argyll] Added 29855/49576
2026-09-07 09:18:45,127 [DEBUG] core.argyll_runner: [argyll] Added 29866/49576
2026-09-07 09:18:45,216 [DEBUG] core.argyll_runner: [argyll] Added 29877/49576
2026-09-07 09:18:45,306 [DEBUG] core.argyll_runner: [argyll] Added 29888/49576
2026-09-07 09:18:45,395 [DEBUG] core.argyll_runner: [argyll] Added 29899/49576
2026-09-07 09:18:45,484 [DEBUG] core.argyll_runner: [argyll] Added 29910/49576
2026-09-07 09:18:45,574 [DEBUG] core.argyll_runner: [argyll] Added 29921/49576
2026-09-07 09:18:45,664 [DEBUG] core.argyll_runner: [argyll] Added 29932/49576
2026-09-07 09:18:45,754 [DEBUG] core.argyll_runner: [argyll] Added 29943/49576
2026-09-07 09:18:45,843 [DEBUG] core.argyll_runner: [argyll] Added 29954/49576
2026-09-07 09:18:45,933 [DEBUG] core.argyll_runner: [argyll] Added 29965/49576
2026-09-07 09:18:46,024 [DEBUG] core.argyll_runner: [argyll] Added 29976/49576
2026-09-07 09:18:46,115 [DEBUG] core.argyll_runner: [argyll] Added 29987/49576
2026-09-07 09:18:46,206 [DEBUG] core.argyll_runner: [argyll] Added 29998/49576
2026-09-07 09:18:46,297 [DEBUG] core.argyll_runner: [argyll] Added 30009/49576
2026-09-07 09:18:46,388 [DEBUG] core.argyll_runner: [argyll] Added 30020/49576
2026-09-07 09:18:46,479 [DEBUG] core.argyll_runner: [argyll] Added 30031/49576
2026-09-07 09:18:46,570 [DEBUG] core.argyll_runner: [argyll] Added 30042/49576
2026-09-07 09:18:46,661 [DEBUG] core.argyll_runner: [argyll] Added 30053/49576
2026-09-07 09:18:46,753 [DEBUG] core.argyll_runner: [argyll] Added 30064/49576
2026-09-07 09:18:46,845 [DEBUG] core.argyll_runner: [argyll] Added 30075/49576
2026-09-07 09:18:46,936 [DEBUG] core.argyll_runner: [argyll] Added 30086/49576
2026-09-07 09:18:47,028 [DEBUG] core.argyll_runner: [argyll] Added 30097/49576
2026-09-07 09:18:47,120 [DEBUG] core.argyll_runner: [argyll] Added 30108/49576
2026-09-07 09:18:47,212 [DEBUG] core.argyll_runner: [argyll] Added 30119/49576
2026-09-07 09:18:47,304 [DEBUG] core.argyll_runner: [argyll] Added 30130/49576
2026-09-07 09:18:47,397 [DEBUG] core.argyll_runner: [argyll] Added 30141/49576
2026-09-07 09:18:47,490 [DEBUG] core.argyll_runner: [argyll] Added 30152/49576
2026-09-07 09:18:47,583 [DEBUG] core.argyll_runner: [argyll] Added 30163/49576
2026-09-07 09:18:47,675 [DEBUG] core.argyll_runner: [argyll] Added 30174/49576
2026-09-07 09:18:47,768 [DEBUG] core.argyll_runner: [argyll] Added 30185/49576
2026-09-07 09:18:47,861 [DEBUG] core.argyll_runner: [argyll] Added 30196/49576
2026-09-07 09:18:47,954 [DEBUG] core.argyll_runner: [argyll] Added 30207/49576
2026-09-07 09:18:48,047 [DEBUG] core.argyll_runner: [argyll] Added 30218/49576
2026-09-07 09:18:48,140 [DEBUG] core.argyll_runner: [argyll] Added 30229/49576
2026-09-07 09:18:48,234 [DEBUG] core.argyll_runner: [argyll] Added 30240/49576
2026-09-07 09:18:48,327 [DEBUG] core.argyll_runner: [argyll] Added 30251/49576
2026-09-07 09:18:48,421 [DEBUG] core.argyll_runner: [argyll] Added 30262/49576
2026-09-07 09:18:48,514 [DEBUG] core.argyll_runner: [argyll] Added 30273/49576
2026-09-07 09:18:48,608 [DEBUG] core.argyll_runner: [argyll] Added 30284/49576
2026-09-07 09:18:48,702 [DEBUG] core.argyll_runner: [argyll] Added 30295/49576
2026-09-07 09:18:48,797 [DEBUG] core.argyll_runner: [argyll] Added 30306/49576
2026-09-07 09:18:48,891 [DEBUG] core.argyll_runner: [argyll] Added 30317/49576
2026-09-07 09:18:48,986 [DEBUG] core.argyll_runner: [argyll] Added 30328/49576
2026-09-07 09:18:49,080 [DEBUG] core.argyll_runner: [argyll] Added 30339/49576
2026-09-07 09:18:49,175 [DEBUG] core.argyll_runner: [argyll] Added 30350/49576
2026-09-07 09:18:49,269 [DEBUG] core.argyll_runner: [argyll] Added 30361/49576
2026-09-07 09:18:49,364 [DEBUG] core.argyll_runner: [argyll] Added 30372/49576
2026-09-07 09:18:49,459 [DEBUG] core.argyll_runner: [argyll] Added 30383/49576
2026-09-07 09:18:49,554 [DEBUG] core.argyll_runner: [argyll] Added 30394/49576
2026-09-07 09:18:49,649 [DEBUG] core.argyll_runner: [argyll] Added 30405/49576
2026-09-07 09:18:49,745 [DEBUG] core.argyll_runner: [argyll] Added 30416/49576
2026-09-07 09:18:49,840 [DEBUG] core.argyll_runner: [argyll] Added 30427/49576
2026-09-07 09:18:49,936 [DEBUG] core.argyll_runner: [argyll] Added 30438/49576
2026-09-07 09:18:50,031 [DEBUG] core.argyll_runner: [argyll] Added 30449/49576
2026-09-07 09:18:50,127 [DEBUG] core.argyll_runner: [argyll] Added 30460/49576
2026-09-07 09:18:50,223 [DEBUG] core.argyll_runner: [argyll] Added 30471/49576
2026-09-07 09:18:50,319 [DEBUG] core.argyll_runner: [argyll] Added 30482/49576
2026-09-07 09:18:50,416 [DEBUG] core.argyll_runner: [argyll] Added 30493/49576
2026-09-07 09:18:50,513 [DEBUG] core.argyll_runner: [argyll] Added 30504/49576
2026-09-07 09:18:50,610 [DEBUG] core.argyll_runner: [argyll] Added 30515/49576
2026-09-07 09:18:50,707 [DEBUG] core.argyll_runner: [argyll] Added 30526/49576
2026-09-07 09:18:50,803 [DEBUG] core.argyll_runner: [argyll] Added 30537/49576
2026-09-07 09:18:50,901 [DEBUG] core.argyll_runner: [argyll] Added 30548/49576
2026-09-07 09:18:50,997 [DEBUG] core.argyll_runner: [argyll] Added 30559/49576
2026-09-07 09:18:51,095 [DEBUG] core.argyll_runner: [argyll] Added 30570/49576
2026-09-07 09:18:51,191 [DEBUG] core.argyll_runner: [argyll] Added 30581/49576
2026-09-07 09:18:51,288 [DEBUG] core.argyll_runner: [argyll] Added 30592/49576
2026-09-07 09:18:51,386 [DEBUG] core.argyll_runner: [argyll] Added 30603/49576
2026-09-07 09:18:51,484 [DEBUG] core.argyll_runner: [argyll] Added 30614/49576
2026-09-07 09:18:51,581 [DEBUG] core.argyll_runner: [argyll] Added 30625/49576
2026-09-07 09:18:51,679 [DEBUG] core.argyll_runner: [argyll] Added 30636/49576
2026-09-07 09:18:51,777 [DEBUG] core.argyll_runner: [argyll] Added 30647/49576
2026-09-07 09:18:51,877 [DEBUG] core.argyll_runner: [argyll] Added 30658/49576
2026-09-07 09:18:51,977 [DEBUG] core.argyll_runner: [argyll] Added 30669/49576
2026-09-07 09:18:52,077 [DEBUG] core.argyll_runner: [argyll] Added 30680/49576
2026-09-07 09:18:52,177 [DEBUG] core.argyll_runner: [argyll] Added 30691/49576
2026-09-07 09:18:52,277 [DEBUG] core.argyll_runner: [argyll] Added 30702/49576
2026-09-07 09:18:52,378 [DEBUG] core.argyll_runner: [argyll] Added 30713/49576
2026-09-07 09:18:52,478 [DEBUG] core.argyll_runner: [argyll] Added 30724/49576
2026-09-07 09:18:52,578 [DEBUG] core.argyll_runner: [argyll] Added 30735/49576
2026-09-07 09:18:52,679 [DEBUG] core.argyll_runner: [argyll] Added 30746/49576
2026-09-07 09:18:52,779 [DEBUG] core.argyll_runner: [argyll] Added 30757/49576
2026-09-07 09:18:52,881 [DEBUG] core.argyll_runner: [argyll] Added 30768/49576
2026-09-07 09:18:52,982 [DEBUG] core.argyll_runner: [argyll] Added 30779/49576
2026-09-07 09:18:53,083 [DEBUG] core.argyll_runner: [argyll] Added 30790/49576
2026-09-07 09:18:53,184 [DEBUG] core.argyll_runner: [argyll] Added 30801/49576
2026-09-07 09:18:53,285 [DEBUG] core.argyll_runner: [argyll] Added 30812/49576
2026-09-07 09:18:53,387 [DEBUG] core.argyll_runner: [argyll] Added 30823/49576
2026-09-07 09:18:53,489 [DEBUG] core.argyll_runner: [argyll] Added 30834/49576
2026-09-07 09:18:53,591 [DEBUG] core.argyll_runner: [argyll] Added 30845/49576
2026-09-07 09:18:53,692 [DEBUG] core.argyll_runner: [argyll] Added 30856/49576
2026-09-07 09:18:53,793 [DEBUG] core.argyll_runner: [argyll] Added 30867/49576
2026-09-07 09:18:53,896 [DEBUG] core.argyll_runner: [argyll] Added 30878/49576
2026-09-07 09:18:53,999 [DEBUG] core.argyll_runner: [argyll] Added 30889/49576
2026-09-07 09:18:54,102 [DEBUG] core.argyll_runner: [argyll] Added 30900/49576
2026-09-07 09:18:54,205 [DEBUG] core.argyll_runner: [argyll] Added 30911/49576
2026-09-07 09:18:54,309 [DEBUG] core.argyll_runner: [argyll] Added 30922/49576
2026-09-07 09:18:54,412 [DEBUG] core.argyll_runner: [argyll] Added 30933/49576
2026-09-07 09:18:54,510 [DEBUG] core.argyll_runner: [argyll] Added 30944/49576
2026-09-07 09:18:54,602 [DEBUG] core.argyll_runner: [argyll] Added 30955/49576
2026-09-07 09:18:54,690 [DEBUG] core.argyll_runner: [argyll] Added 30966/49576
2026-09-07 09:18:54,778 [DEBUG] core.argyll_runner: [argyll] Added 30977/49576
2026-09-07 09:18:54,870 [DEBUG] core.argyll_runner: [argyll] Added 30988/49576
2026-09-07 09:18:54,962 [DEBUG] core.argyll_runner: [argyll] Added 30999/49576
2026-09-07 09:18:55,055 [DEBUG] core.argyll_runner: [argyll] Added 31010/49576
2026-09-07 09:18:55,149 [DEBUG] core.argyll_runner: [argyll] Added 31021/49576
2026-09-07 09:18:55,242 [DEBUG] core.argyll_runner: [argyll] Added 31032/49576
2026-09-07 09:18:55,337 [DEBUG] core.argyll_runner: [argyll] Added 31043/49576
2026-09-07 09:18:55,431 [DEBUG] core.argyll_runner: [argyll] Added 31054/49576
2026-09-07 09:18:55,525 [DEBUG] core.argyll_runner: [argyll] Added 31065/49576
2026-09-07 09:18:55,619 [DEBUG] core.argyll_runner: [argyll] Added 31076/49576
2026-09-07 09:18:55,714 [DEBUG] core.argyll_runner: [argyll] Added 31087/49576
2026-09-07 09:18:55,808 [DEBUG] core.argyll_runner: [argyll] Added 31098/49576
2026-09-07 09:18:55,903 [DEBUG] core.argyll_runner: [argyll] Added 31109/49576
2026-09-07 09:18:55,998 [DEBUG] core.argyll_runner: [argyll] Added 31120/49576
2026-09-07 09:18:56,093 [DEBUG] core.argyll_runner: [argyll] Added 31131/49576
2026-09-07 09:18:56,188 [DEBUG] core.argyll_runner: [argyll] Added 31142/49576
2026-09-07 09:18:56,283 [DEBUG] core.argyll_runner: [argyll] Added 31153/49576
2026-09-07 09:18:56,378 [DEBUG] core.argyll_runner: [argyll] Added 31164/49576
2026-09-07 09:18:56,473 [DEBUG] core.argyll_runner: [argyll] Added 31175/49576
2026-09-07 09:18:56,568 [DEBUG] core.argyll_runner: [argyll] Added 31186/49576
2026-09-07 09:18:56,663 [DEBUG] core.argyll_runner: [argyll] Added 31197/49576
2026-09-07 09:18:56,759 [DEBUG] core.argyll_runner: [argyll] Added 31208/49576
2026-09-07 09:18:56,854 [DEBUG] core.argyll_runner: [argyll] Added 31219/49576
2026-09-07 09:18:56,950 [DEBUG] core.argyll_runner: [argyll] Added 31230/49576
2026-09-07 09:18:57,046 [DEBUG] core.argyll_runner: [argyll] Added 31241/49576
2026-09-07 09:18:57,141 [DEBUG] core.argyll_runner: [argyll] Added 31252/49576
2026-09-07 09:18:57,238 [DEBUG] core.argyll_runner: [argyll] Added 31263/49576
2026-09-07 09:18:57,334 [DEBUG] core.argyll_runner: [argyll] Added 31274/49576
2026-09-07 09:18:57,430 [DEBUG] core.argyll_runner: [argyll] Added 31285/49576
2026-09-07 09:18:57,527 [DEBUG] core.argyll_runner: [argyll] Added 31296/49576
2026-09-07 09:18:57,624 [DEBUG] core.argyll_runner: [argyll] Added 31307/49576
2026-09-07 09:18:57,721 [DEBUG] core.argyll_runner: [argyll] Added 31318/49576
2026-09-07 09:18:57,819 [DEBUG] core.argyll_runner: [argyll] Added 31329/49576
2026-09-07 09:18:57,916 [DEBUG] core.argyll_runner: [argyll] Added 31340/49576
2026-09-07 09:18:58,013 [DEBUG] core.argyll_runner: [argyll] Added 31351/49576
2026-09-07 09:18:58,111 [DEBUG] core.argyll_runner: [argyll] Added 31362/49576
2026-09-07 09:18:58,208 [DEBUG] core.argyll_runner: [argyll] Added 31373/49576
2026-09-07 09:18:58,305 [DEBUG] core.argyll_runner: [argyll] Added 31384/49576
2026-09-07 09:18:58,403 [DEBUG] core.argyll_runner: [argyll] Added 31395/49576
2026-09-07 09:18:58,502 [DEBUG] core.argyll_runner: [argyll] Added 31406/49576
2026-09-07 09:18:58,600 [DEBUG] core.argyll_runner: [argyll] Added 31417/49576
2026-09-07 09:18:58,698 [DEBUG] core.argyll_runner: [argyll] Added 31428/49576
2026-09-07 09:18:58,798 [DEBUG] core.argyll_runner: [argyll] Added 31439/49576
2026-09-07 09:18:58,898 [DEBUG] core.argyll_runner: [argyll] Added 31450/49576
2026-09-07 09:18:58,998 [DEBUG] core.argyll_runner: [argyll] Added 31461/49576
2026-09-07 09:18:59,099 [DEBUG] core.argyll_runner: [argyll] Added 31472/49576
2026-09-07 09:18:59,200 [DEBUG] core.argyll_runner: [argyll] Added 31483/49576
2026-09-07 09:18:59,300 [DEBUG] core.argyll_runner: [argyll] Added 31494/49576
2026-09-07 09:18:59,401 [DEBUG] core.argyll_runner: [argyll] Added 31505/49576
2026-09-07 09:18:59,502 [DEBUG] core.argyll_runner: [argyll] Added 31516/49576
2026-09-07 09:18:59,603 [DEBUG] core.argyll_runner: [argyll] Added 31527/49576
2026-09-07 09:18:59,704 [DEBUG] core.argyll_runner: [argyll] Added 31538/49576
2026-09-07 09:18:59,805 [DEBUG] core.argyll_runner: [argyll] Added 31549/49576
2026-09-07 09:18:59,907 [DEBUG] core.argyll_runner: [argyll] Added 31560/49576
2026-09-07 09:19:00,008 [DEBUG] core.argyll_runner: [argyll] Added 31571/49576
2026-09-07 09:19:00,110 [DEBUG] core.argyll_runner: [argyll] Added 31582/49576
2026-09-07 09:19:00,211 [DEBUG] core.argyll_runner: [argyll] Added 31593/49576
2026-09-07 09:19:00,313 [DEBUG] core.argyll_runner: [argyll] Added 31604/49576
2026-09-07 09:19:00,415 [DEBUG] core.argyll_runner: [argyll] Added 31615/49576
2026-09-07 09:19:00,517 [DEBUG] core.argyll_runner: [argyll] Added 31626/49576
2026-09-07 09:19:00,619 [DEBUG] core.argyll_runner: [argyll] Added 31637/49576
2026-09-07 09:19:00,721 [DEBUG] core.argyll_runner: [argyll] Added 31648/49576
2026-09-07 09:19:00,824 [DEBUG] core.argyll_runner: [argyll] Added 31659/49576
2026-09-07 09:19:00,927 [DEBUG] core.argyll_runner: [argyll] Added 31670/49576
2026-09-07 09:19:01,029 [DEBUG] core.argyll_runner: [argyll] Added 31681/49576
2026-09-07 09:19:01,132 [DEBUG] core.argyll_runner: [argyll] Added 31692/49576
2026-09-07 09:19:01,235 [DEBUG] core.argyll_runner: [argyll] Added 31703/49576
2026-09-07 09:19:01,338 [DEBUG] core.argyll_runner: [argyll] Added 31714/49576
2026-09-07 09:19:01,441 [DEBUG] core.argyll_runner: [argyll] Added 31725/49576
2026-09-07 09:19:01,544 [DEBUG] core.argyll_runner: [argyll] Added 31736/49576
2026-09-07 09:19:01,648 [DEBUG] core.argyll_runner: [argyll] Added 31747/49576
2026-09-07 09:19:01,751 [DEBUG] core.argyll_runner: [argyll] Added 31758/49576
2026-09-07 09:19:01,856 [DEBUG] core.argyll_runner: [argyll] Added 31769/49576
2026-09-07 09:19:01,959 [DEBUG] core.argyll_runner: [argyll] Added 31780/49576
2026-09-07 09:19:02,063 [DEBUG] core.argyll_runner: [argyll] Added 31791/49576
2026-09-07 09:19:02,167 [DEBUG] core.argyll_runner: [argyll] Added 31802/49576
2026-09-07 09:19:02,272 [DEBUG] core.argyll_runner: [argyll] Added 31813/49576
2026-09-07 09:19:02,377 [DEBUG] core.argyll_runner: [argyll] Added 31824/49576
2026-09-07 09:19:02,483 [DEBUG] core.argyll_runner: [argyll] Added 31835/49576
2026-09-07 09:19:02,589 [DEBUG] core.argyll_runner: [argyll] Added 31846/49576
2026-09-07 09:19:02,694 [DEBUG] core.argyll_runner: [argyll] Added 31857/49576
2026-09-07 09:19:02,799 [DEBUG] core.argyll_runner: [argyll] Added 31868/49576
2026-09-07 09:19:02,905 [DEBUG] core.argyll_runner: [argyll] Added 31879/49576
2026-09-07 09:19:03,010 [DEBUG] core.argyll_runner: [argyll] Added 31890/49576
2026-09-07 09:19:03,116 [DEBUG] core.argyll_runner: [argyll] Added 31901/49576
2026-09-07 09:19:03,222 [DEBUG] core.argyll_runner: [argyll] Added 31912/49576
2026-09-07 09:19:03,327 [DEBUG] core.argyll_runner: [argyll] Added 31923/49576
2026-09-07 09:19:03,433 [DEBUG] core.argyll_runner: [argyll] Added 31934/49576
2026-09-07 09:19:03,539 [DEBUG] core.argyll_runner: [argyll] Added 31945/49576
2026-09-07 09:19:03,645 [DEBUG] core.argyll_runner: [argyll] Added 31956/49576
2026-09-07 09:19:03,751 [DEBUG] core.argyll_runner: [argyll] Added 31967/49576
2026-09-07 09:19:03,858 [DEBUG] core.argyll_runner: [argyll] Added 31978/49576
2026-09-07 09:19:03,965 [DEBUG] core.argyll_runner: [argyll] Added 31989/49576
2026-09-07 09:19:04,071 [DEBUG] core.argyll_runner: [argyll] Added 32000/49576
2026-09-07 09:19:04,178 [DEBUG] core.argyll_runner: [argyll] Added 32011/49576
2026-09-07 09:19:04,285 [DEBUG] core.argyll_runner: [argyll] Added 32022/49576
2026-09-07 09:19:04,392 [DEBUG] core.argyll_runner: [argyll] Added 32033/49576
2026-09-07 09:19:04,498 [DEBUG] core.argyll_runner: [argyll] Added 32044/49576
2026-09-07 09:19:04,606 [DEBUG] core.argyll_runner: [argyll] Added 32055/49576
2026-09-07 09:19:04,714 [DEBUG] core.argyll_runner: [argyll] Added 32066/49576
2026-09-07 09:19:04,821 [DEBUG] core.argyll_runner: [argyll] Added 32077/49576
2026-09-07 09:19:04,930 [DEBUG] core.argyll_runner: [argyll] Added 32088/49576
2026-09-07 09:19:05,038 [DEBUG] core.argyll_runner: [argyll] Added 32099/49576
2026-09-07 09:19:05,146 [DEBUG] core.argyll_runner: [argyll] Added 32110/49576
2026-09-07 09:19:05,254 [DEBUG] core.argyll_runner: [argyll] Added 32121/49576
2026-09-07 09:19:05,362 [DEBUG] core.argyll_runner: [argyll] Added 32132/49576
2026-09-07 09:19:05,471 [DEBUG] core.argyll_runner: [argyll] Added 32143/49576
2026-09-07 09:19:05,579 [DEBUG] core.argyll_runner: [argyll] Added 32154/49576
2026-09-07 09:19:05,688 [DEBUG] core.argyll_runner: [argyll] Added 32165/49576
2026-09-07 09:19:05,797 [DEBUG] core.argyll_runner: [argyll] Added 32176/49576
2026-09-07 09:19:05,906 [DEBUG] core.argyll_runner: [argyll] Added 32187/49576
2026-09-07 09:19:06,015 [DEBUG] core.argyll_runner: [argyll] Added 32198/49576
2026-09-07 09:19:06,124 [DEBUG] core.argyll_runner: [argyll] Added 32209/49576
2026-09-07 09:19:06,233 [DEBUG] core.argyll_runner: [argyll] Added 32220/49576
2026-09-07 09:19:06,343 [DEBUG] core.argyll_runner: [argyll] Added 32231/49576
2026-09-07 09:19:06,452 [DEBUG] core.argyll_runner: [argyll] Added 32242/49576
2026-09-07 09:19:06,562 [DEBUG] core.argyll_runner: [argyll] Added 32253/49576
2026-09-07 09:19:06,671 [DEBUG] core.argyll_runner: [argyll] Added 32264/49576
2026-09-07 09:19:06,780 [DEBUG] core.argyll_runner: [argyll] Added 32275/49576
2026-09-07 09:19:06,889 [DEBUG] core.argyll_runner: [argyll] Added 32286/49576
2026-09-07 09:19:06,999 [DEBUG] core.argyll_runner: [argyll] Added 32297/49576
2026-09-07 09:19:07,109 [DEBUG] core.argyll_runner: [argyll] Added 32308/49576
2026-09-07 09:19:07,218 [DEBUG] core.argyll_runner: [argyll] Added 32319/49576
2026-09-07 09:19:07,328 [DEBUG] core.argyll_runner: [argyll] Added 32330/49576
2026-09-07 09:19:07,438 [DEBUG] core.argyll_runner: [argyll] Added 32341/49576
2026-09-07 09:19:07,546 [DEBUG] core.argyll_runner: [argyll] Added 32352/49576
2026-09-07 09:19:07,655 [DEBUG] core.argyll_runner: [argyll] Added 32363/49576
2026-09-07 09:19:07,767 [DEBUG] core.argyll_runner: [argyll] Added 32374/49576
2026-09-07 09:19:07,877 [DEBUG] core.argyll_runner: [argyll] Added 32385/49576
2026-09-07 09:19:07,988 [DEBUG] core.argyll_runner: [argyll] Added 32396/49576
2026-09-07 09:19:08,099 [DEBUG] core.argyll_runner: [argyll] Added 32407/49576
2026-09-07 09:19:08,209 [DEBUG] core.argyll_runner: [argyll] Added 32418/49576
2026-09-07 09:19:08,315 [DEBUG] core.argyll_runner: [argyll] Added 32429/49576
2026-09-07 09:19:08,422 [DEBUG] core.argyll_runner: [argyll] Added 32440/49576
2026-09-07 09:19:08,530 [DEBUG] core.argyll_runner: [argyll] Added 32451/49576
2026-09-07 09:19:08,639 [DEBUG] core.argyll_runner: [argyll] Added 32462/49576
2026-09-07 09:19:08,750 [DEBUG] core.argyll_runner: [argyll] Added 32473/49576
2026-09-07 09:19:08,862 [DEBUG] core.argyll_runner: [argyll] Added 32484/49576
2026-09-07 09:19:08,974 [DEBUG] core.argyll_runner: [argyll] Added 32495/49576
2026-09-07 09:19:09,087 [DEBUG] core.argyll_runner: [argyll] Added 32506/49576
2026-09-07 09:19:09,202 [DEBUG] core.argyll_runner: [argyll] Added 32517/49576
2026-09-07 09:19:09,318 [DEBUG] core.argyll_runner: [argyll] Added 32528/49576
2026-09-07 09:19:09,433 [DEBUG] core.argyll_runner: [argyll] Added 32539/49576
2026-09-07 09:19:09,549 [DEBUG] core.argyll_runner: [argyll] Added 32550/49576
2026-09-07 09:19:09,665 [DEBUG] core.argyll_runner: [argyll] Added 32561/49576
2026-09-07 09:19:09,781 [DEBUG] core.argyll_runner: [argyll] Added 32572/49576
2026-09-07 09:19:09,897 [DEBUG] core.argyll_runner: [argyll] Added 32583/49576
2026-09-07 09:19:10,013 [DEBUG] core.argyll_runner: [argyll] Added 32594/49576
2026-09-07 09:19:10,130 [DEBUG] core.argyll_runner: [argyll] Added 32605/49576
2026-09-07 09:19:10,245 [DEBUG] core.argyll_runner: [argyll] Added 32616/49576
2026-09-07 09:19:10,362 [DEBUG] core.argyll_runner: [argyll] Added 32627/49576
2026-09-07 09:19:10,479 [DEBUG] core.argyll_runner: [argyll] Added 32638/49576
2026-09-07 09:19:10,595 [DEBUG] core.argyll_runner: [argyll] Added 32649/49576
2026-09-07 09:19:10,713 [DEBUG] core.argyll_runner: [argyll] Added 32660/49576
2026-09-07 09:19:10,830 [DEBUG] core.argyll_runner: [argyll] Added 32671/49576
2026-09-07 09:19:10,942 [DEBUG] core.argyll_runner: [argyll] Added 32682/49576
2026-09-07 09:19:11,049 [DEBUG] core.argyll_runner: [argyll] Added 32693/49576
2026-09-07 09:19:11,157 [DEBUG] core.argyll_runner: [argyll] Added 32704/49576
2026-09-07 09:19:11,264 [DEBUG] core.argyll_runner: [argyll] Added 32715/49576
2026-09-07 09:19:11,372 [DEBUG] core.argyll_runner: [argyll] Added 32726/49576
2026-09-07 09:19:11,479 [DEBUG] core.argyll_runner: [argyll] Added 32737/49576
2026-09-07 09:19:11,587 [DEBUG] core.argyll_runner: [argyll] Added 32748/49576
2026-09-07 09:19:11,695 [DEBUG] core.argyll_runner: [argyll] Added 32759/49576
2026-09-07 09:19:11,802 [DEBUG] core.argyll_runner: [argyll] Added 32770/49576
2026-09-07 09:19:11,911 [DEBUG] core.argyll_runner: [argyll] Added 32781/49576
2026-09-07 09:19:12,019 [DEBUG] core.argyll_runner: [argyll] Added 32792/49576
2026-09-07 09:19:12,127 [DEBUG] core.argyll_runner: [argyll] Added 32803/49576
2026-09-07 09:19:12,236 [DEBUG] core.argyll_runner: [argyll] Added 32814/49576
2026-09-07 09:19:12,344 [DEBUG] core.argyll_runner: [argyll] Added 32825/49576
2026-09-07 09:19:12,453 [DEBUG] core.argyll_runner: [argyll] Added 32836/49576
2026-09-07 09:19:12,560 [DEBUG] core.argyll_runner: [argyll] Added 32847/49576
2026-09-07 09:19:12,668 [DEBUG] core.argyll_runner: [argyll] Added 32858/49576
2026-09-07 09:19:12,775 [DEBUG] core.argyll_runner: [argyll] Added 32869/49576
2026-09-07 09:19:12,883 [DEBUG] core.argyll_runner: [argyll] Added 32880/49576
2026-09-07 09:19:12,990 [DEBUG] core.argyll_runner: [argyll] Added 32891/49576
2026-09-07 09:19:13,098 [DEBUG] core.argyll_runner: [argyll] Added 32902/49576
2026-09-07 09:19:13,206 [DEBUG] core.argyll_runner: [argyll] Added 32913/49576
2026-09-07 09:19:13,314 [DEBUG] core.argyll_runner: [argyll] Added 32924/49576
2026-09-07 09:19:13,422 [DEBUG] core.argyll_runner: [argyll] Added 32935/49576
2026-09-07 09:19:13,530 [DEBUG] core.argyll_runner: [argyll] Added 32946/49576
2026-09-07 09:19:13,639 [DEBUG] core.argyll_runner: [argyll] Added 32957/49576
2026-09-07 09:19:13,747 [DEBUG] core.argyll_runner: [argyll] Added 32968/49576
2026-09-07 09:19:13,855 [DEBUG] core.argyll_runner: [argyll] Added 32979/49576
2026-09-07 09:19:13,964 [DEBUG] core.argyll_runner: [argyll] Added 32990/49576
2026-09-07 09:19:14,072 [DEBUG] core.argyll_runner: [argyll] Added 33001/49576
2026-09-07 09:19:14,181 [DEBUG] core.argyll_runner: [argyll] Added 33012/49576
2026-09-07 09:19:14,290 [DEBUG] core.argyll_runner: [argyll] Added 33023/49576
2026-09-07 09:19:14,399 [DEBUG] core.argyll_runner: [argyll] Added 33034/49576
2026-09-07 09:19:14,507 [DEBUG] core.argyll_runner: [argyll] Added 33045/49576
2026-09-07 09:19:14,616 [DEBUG] core.argyll_runner: [argyll] Added 33056/49576
2026-09-07 09:19:14,725 [DEBUG] core.argyll_runner: [argyll] Added 33067/49576
2026-09-07 09:19:14,834 [DEBUG] core.argyll_runner: [argyll] Added 33078/49576
2026-09-07 09:19:14,944 [DEBUG] core.argyll_runner: [argyll] Added 33089/49576
2026-09-07 09:19:15,053 [DEBUG] core.argyll_runner: [argyll] Added 33100/49576
2026-09-07 09:19:15,163 [DEBUG] core.argyll_runner: [argyll] Added 33111/49576
2026-09-07 09:19:15,273 [DEBUG] core.argyll_runner: [argyll] Added 33122/49576
2026-09-07 09:19:15,383 [DEBUG] core.argyll_runner: [argyll] Added 33133/49576
2026-09-07 09:19:15,493 [DEBUG] core.argyll_runner: [argyll] Added 33144/49576
2026-09-07 09:19:15,603 [DEBUG] core.argyll_runner: [argyll] Added 33155/49576
2026-09-07 09:19:15,714 [DEBUG] core.argyll_runner: [argyll] Added 33166/49576
2026-09-07 09:19:15,825 [DEBUG] core.argyll_runner: [argyll] Added 33177/49576
2026-09-07 09:19:15,936 [DEBUG] core.argyll_runner: [argyll] Added 33188/49576
2026-09-07 09:19:16,048 [DEBUG] core.argyll_runner: [argyll] Added 33199/49576
2026-09-07 09:19:16,161 [DEBUG] core.argyll_runner: [argyll] Added 33210/49576
2026-09-07 09:19:16,276 [DEBUG] core.argyll_runner: [argyll] Added 33221/49576
2026-09-07 09:19:16,390 [DEBUG] core.argyll_runner: [argyll] Added 33232/49576
2026-09-07 09:19:16,504 [DEBUG] core.argyll_runner: [argyll] Added 33243/49576
2026-09-07 09:19:16,618 [DEBUG] core.argyll_runner: [argyll] Added 33254/49576
2026-09-07 09:19:16,733 [DEBUG] core.argyll_runner: [argyll] Added 33265/49576
2026-09-07 09:19:16,847 [DEBUG] core.argyll_runner: [argyll] Added 33276/49576
2026-09-07 09:19:16,961 [DEBUG] core.argyll_runner: [argyll] Added 33287/49576
2026-09-07 09:19:17,076 [DEBUG] core.argyll_runner: [argyll] Added 33298/49576
2026-09-07 09:19:17,191 [DEBUG] core.argyll_runner: [argyll] Added 33309/49576
2026-09-07 09:19:17,305 [DEBUG] core.argyll_runner: [argyll] Added 33320/49576
2026-09-07 09:19:17,421 [DEBUG] core.argyll_runner: [argyll] Added 33331/49576
2026-09-07 09:19:17,536 [DEBUG] core.argyll_runner: [argyll] Added 33342/49576
2026-09-07 09:19:17,652 [DEBUG] core.argyll_runner: [argyll] Added 33353/49576
2026-09-07 09:19:17,767 [DEBUG] core.argyll_runner: [argyll] Added 33364/49576
2026-09-07 09:19:17,882 [DEBUG] core.argyll_runner: [argyll] Added 33375/49576
2026-09-07 09:19:17,998 [DEBUG] core.argyll_runner: [argyll] Added 33386/49576
2026-09-07 09:19:18,114 [DEBUG] core.argyll_runner: [argyll] Added 33397/49576
2026-09-07 09:19:18,230 [DEBUG] core.argyll_runner: [argyll] Added 33408/49576
2026-09-07 09:19:18,347 [DEBUG] core.argyll_runner: [argyll] Added 33419/49576
2026-09-07 09:19:18,462 [DEBUG] core.argyll_runner: [argyll] Added 33430/49576
2026-09-07 09:19:18,578 [DEBUG] core.argyll_runner: [argyll] Added 33441/49576
2026-09-07 09:19:18,695 [DEBUG] core.argyll_runner: [argyll] Added 33452/49576
2026-09-07 09:19:18,811 [DEBUG] core.argyll_runner: [argyll] Added 33463/49576
2026-09-07 09:19:18,928 [DEBUG] core.argyll_runner: [argyll] Added 33474/49576
2026-09-07 09:19:19,045 [DEBUG] core.argyll_runner: [argyll] Added 33485/49576
2026-09-07 09:19:19,162 [DEBUG] core.argyll_runner: [argyll] Added 33496/49576
2026-09-07 09:19:19,279 [DEBUG] core.argyll_runner: [argyll] Added 33507/49576
2026-09-07 09:19:19,396 [DEBUG] core.argyll_runner: [argyll] Added 33518/49576
2026-09-07 09:19:19,513 [DEBUG] core.argyll_runner: [argyll] Added 33529/49576
2026-09-07 09:19:19,631 [DEBUG] core.argyll_runner: [argyll] Added 33540/49576
2026-09-07 09:19:19,748 [DEBUG] core.argyll_runner: [argyll] Added 33551/49576
2026-09-07 09:19:19,866 [DEBUG] core.argyll_runner: [argyll] Added 33562/49576
2026-09-07 09:19:19,985 [DEBUG] core.argyll_runner: [argyll] Added 33573/49576
2026-09-07 09:19:20,103 [DEBUG] core.argyll_runner: [argyll] Added 33584/49576
2026-09-07 09:19:20,221 [DEBUG] core.argyll_runner: [argyll] Added 33595/49576
2026-09-07 09:19:20,340 [DEBUG] core.argyll_runner: [argyll] Added 33606/49576
2026-09-07 09:19:20,458 [DEBUG] core.argyll_runner: [argyll] Added 33617/49576
2026-09-07 09:19:20,577 [DEBUG] core.argyll_runner: [argyll] Added 33628/49576
2026-09-07 09:19:20,696 [DEBUG] core.argyll_runner: [argyll] Added 33639/49576
2026-09-07 09:19:20,815 [DEBUG] core.argyll_runner: [argyll] Added 33650/49576
2026-09-07 09:19:20,935 [DEBUG] core.argyll_runner: [argyll] Added 33661/49576
2026-09-07 09:19:21,053 [DEBUG] core.argyll_runner: [argyll] Added 33672/49576
2026-09-07 09:19:21,171 [DEBUG] core.argyll_runner: [argyll] Added 33683/49576
2026-09-07 09:19:21,289 [DEBUG] core.argyll_runner: [argyll] Added 33694/49576
2026-09-07 09:19:21,409 [DEBUG] core.argyll_runner: [argyll] Added 33705/49576
2026-09-07 09:19:21,529 [DEBUG] core.argyll_runner: [argyll] Added 33716/49576
2026-09-07 09:19:21,650 [DEBUG] core.argyll_runner: [argyll] Added 33727/49576
2026-09-07 09:19:21,769 [DEBUG] core.argyll_runner: [argyll] Added 33738/49576
2026-09-07 09:19:21,890 [DEBUG] core.argyll_runner: [argyll] Added 33749/49576
2026-09-07 09:19:22,003 [DEBUG] core.argyll_runner: [argyll] Added 33760/49576
2026-09-07 09:19:22,116 [DEBUG] core.argyll_runner: [argyll] Added 33771/49576
2026-09-07 09:19:22,232 [DEBUG] core.argyll_runner: [argyll] Added 33782/49576
2026-09-07 09:19:22,351 [DEBUG] core.argyll_runner: [argyll] Added 33793/49576
2026-09-07 09:19:22,470 [DEBUG] core.argyll_runner: [argyll] Added 33804/49576
2026-09-07 09:19:22,591 [DEBUG] core.argyll_runner: [argyll] Added 33815/49576
2026-09-07 09:19:22,711 [DEBUG] core.argyll_runner: [argyll] Added 33826/49576
2026-09-07 09:19:22,832 [DEBUG] core.argyll_runner: [argyll] Added 33837/49576
2026-09-07 09:19:22,954 [DEBUG] core.argyll_runner: [argyll] Added 33848/49576
2026-09-07 09:19:23,078 [DEBUG] core.argyll_runner: [argyll] Added 33859/49576
2026-09-07 09:19:23,201 [DEBUG] core.argyll_runner: [argyll] Added 33870/49576
2026-09-07 09:19:23,325 [DEBUG] core.argyll_runner: [argyll] Added 33881/49576
2026-09-07 09:19:23,448 [DEBUG] core.argyll_runner: [argyll] Added 33892/49576
2026-09-07 09:19:23,572 [DEBUG] core.argyll_runner: [argyll] Added 33903/49576
2026-09-07 09:19:23,695 [DEBUG] core.argyll_runner: [argyll] Added 33914/49576
2026-09-07 09:19:23,819 [DEBUG] core.argyll_runner: [argyll] Added 33925/49576
2026-09-07 09:19:23,943 [DEBUG] core.argyll_runner: [argyll] Added 33936/49576
2026-09-07 09:19:24,067 [DEBUG] core.argyll_runner: [argyll] Added 33947/49576
2026-09-07 09:19:24,191 [DEBUG] core.argyll_runner: [argyll] Added 33958/49576
2026-09-07 09:19:24,315 [DEBUG] core.argyll_runner: [argyll] Added 33969/49576
2026-09-07 09:19:24,440 [DEBUG] core.argyll_runner: [argyll] Added 33980/49576
2026-09-07 09:19:24,565 [DEBUG] core.argyll_runner: [argyll] Added 33991/49576
2026-09-07 09:19:24,690 [DEBUG] core.argyll_runner: [argyll] Added 34002/49576
2026-09-07 09:19:24,815 [DEBUG] core.argyll_runner: [argyll] Added 34013/49576
2026-09-07 09:19:24,939 [DEBUG] core.argyll_runner: [argyll] Added 34024/49576
2026-09-07 09:19:25,064 [DEBUG] core.argyll_runner: [argyll] Added 34035/49576
2026-09-07 09:19:25,189 [DEBUG] core.argyll_runner: [argyll] Added 34046/49576
2026-09-07 09:19:25,315 [DEBUG] core.argyll_runner: [argyll] Added 34057/49576
2026-09-07 09:19:25,440 [DEBUG] core.argyll_runner: [argyll] Added 34068/49576
2026-09-07 09:19:25,566 [DEBUG] core.argyll_runner: [argyll] Added 34079/49576
2026-09-07 09:19:25,692 [DEBUG] core.argyll_runner: [argyll] Added 34090/49576
2026-09-07 09:19:25,818 [DEBUG] core.argyll_runner: [argyll] Added 34101/49576
2026-09-07 09:19:25,943 [DEBUG] core.argyll_runner: [argyll] Added 34112/49576
2026-09-07 09:19:26,069 [DEBUG] core.argyll_runner: [argyll] Added 34123/49576
2026-09-07 09:19:26,195 [DEBUG] core.argyll_runner: [argyll] Added 34134/49576
2026-09-07 09:19:26,321 [DEBUG] core.argyll_runner: [argyll] Added 34145/49576
2026-09-07 09:19:26,448 [DEBUG] core.argyll_runner: [argyll] Added 34156/49576
2026-09-07 09:19:26,575 [DEBUG] core.argyll_runner: [argyll] Added 34167/49576
2026-09-07 09:19:26,703 [DEBUG] core.argyll_runner: [argyll] Added 34178/49576
2026-09-07 09:19:26,831 [DEBUG] core.argyll_runner: [argyll] Added 34189/49576
2026-09-07 09:19:26,959 [DEBUG] core.argyll_runner: [argyll] Added 34200/49576
2026-09-07 09:19:27,087 [DEBUG] core.argyll_runner: [argyll] Added 34211/49576
2026-09-07 09:19:27,214 [DEBUG] core.argyll_runner: [argyll] Added 34222/49576
2026-09-07 09:19:27,342 [DEBUG] core.argyll_runner: [argyll] Added 34233/49576
2026-09-07 09:19:27,470 [DEBUG] core.argyll_runner: [argyll] Added 34244/49576
2026-09-07 09:19:27,598 [DEBUG] core.argyll_runner: [argyll] Added 34255/49576
2026-09-07 09:19:27,726 [DEBUG] core.argyll_runner: [argyll] Added 34266/49576
2026-09-07 09:19:27,854 [DEBUG] core.argyll_runner: [argyll] Added 34277/49576
2026-09-07 09:19:27,982 [DEBUG] core.argyll_runner: [argyll] Added 34288/49576
2026-09-07 09:19:28,111 [DEBUG] core.argyll_runner: [argyll] Added 34299/49576
2026-09-07 09:19:28,239 [DEBUG] core.argyll_runner: [argyll] Added 34310/49576
2026-09-07 09:19:28,369 [DEBUG] core.argyll_runner: [argyll] Added 34321/49576
2026-09-07 09:19:28,498 [DEBUG] core.argyll_runner: [argyll] Added 34332/49576
2026-09-07 09:19:28,628 [DEBUG] core.argyll_runner: [argyll] Added 34343/49576
2026-09-07 09:19:28,757 [DEBUG] core.argyll_runner: [argyll] Added 34354/49576
2026-09-07 09:19:28,886 [DEBUG] core.argyll_runner: [argyll] Added 34365/49576
2026-09-07 09:19:29,015 [DEBUG] core.argyll_runner: [argyll] Added 34376/49576
2026-09-07 09:19:29,145 [DEBUG] core.argyll_runner: [argyll] Added 34387/49576
2026-09-07 09:19:29,274 [DEBUG] core.argyll_runner: [argyll] Added 34398/49576
2026-09-07 09:19:29,398 [DEBUG] core.argyll_runner: [argyll] Added 34409/49576
2026-09-07 09:19:29,523 [DEBUG] core.argyll_runner: [argyll] Added 34420/49576
2026-09-07 09:19:29,643 [DEBUG] core.argyll_runner: [argyll] Added 34431/49576
2026-09-07 09:19:29,763 [DEBUG] core.argyll_runner: [argyll] Added 34442/49576
2026-09-07 09:19:29,883 [DEBUG] core.argyll_runner: [argyll] Added 34453/49576
2026-09-07 09:19:30,002 [DEBUG] core.argyll_runner: [argyll] Added 34464/49576
2026-09-07 09:19:30,122 [DEBUG] core.argyll_runner: [argyll] Added 34475/49576
2026-09-07 09:19:30,242 [DEBUG] core.argyll_runner: [argyll] Added 34486/49576
2026-09-07 09:19:30,363 [DEBUG] core.argyll_runner: [argyll] Added 34497/49576
2026-09-07 09:19:30,483 [DEBUG] core.argyll_runner: [argyll] Added 34508/49576
2026-09-07 09:19:30,603 [DEBUG] core.argyll_runner: [argyll] Added 34519/49576
2026-09-07 09:19:30,724 [DEBUG] core.argyll_runner: [argyll] Added 34530/49576
2026-09-07 09:19:30,844 [DEBUG] core.argyll_runner: [argyll] Added 34541/49576
2026-09-07 09:19:30,965 [DEBUG] core.argyll_runner: [argyll] Added 34552/49576
2026-09-07 09:19:31,086 [DEBUG] core.argyll_runner: [argyll] Added 34563/49576
2026-09-07 09:19:31,206 [DEBUG] core.argyll_runner: [argyll] Added 34574/49576
2026-09-07 09:19:31,328 [DEBUG] core.argyll_runner: [argyll] Added 34585/49576
2026-09-07 09:19:31,449 [DEBUG] core.argyll_runner: [argyll] Added 34596/49576
2026-09-07 09:19:31,570 [DEBUG] core.argyll_runner: [argyll] Added 34607/49576
2026-09-07 09:19:31,691 [DEBUG] core.argyll_runner: [argyll] Added 34618/49576
2026-09-07 09:19:31,813 [DEBUG] core.argyll_runner: [argyll] Added 34629/49576
2026-09-07 09:19:31,934 [DEBUG] core.argyll_runner: [argyll] Added 34640/49576
2026-09-07 09:19:32,056 [DEBUG] core.argyll_runner: [argyll] Added 34651/49576
2026-09-07 09:19:32,177 [DEBUG] core.argyll_runner: [argyll] Added 34662/49576
2026-09-07 09:19:32,299 [DEBUG] core.argyll_runner: [argyll] Added 34673/49576
2026-09-07 09:19:32,421 [DEBUG] core.argyll_runner: [argyll] Added 34684/49576
2026-09-07 09:19:32,543 [DEBUG] core.argyll_runner: [argyll] Added 34695/49576
2026-09-07 09:19:32,666 [DEBUG] core.argyll_runner: [argyll] Added 34706/49576
2026-09-07 09:19:32,789 [DEBUG] core.argyll_runner: [argyll] Added 34717/49576
2026-09-07 09:19:32,912 [DEBUG] core.argyll_runner: [argyll] Added 34728/49576
2026-09-07 09:19:33,035 [DEBUG] core.argyll_runner: [argyll] Added 34739/49576
2026-09-07 09:19:33,158 [DEBUG] core.argyll_runner: [argyll] Added 34750/49576
2026-09-07 09:19:33,280 [DEBUG] core.argyll_runner: [argyll] Added 34761/49576
2026-09-07 09:19:33,405 [DEBUG] core.argyll_runner: [argyll] Added 34772/49576
2026-09-07 09:19:33,529 [DEBUG] core.argyll_runner: [argyll] Added 34783/49576
2026-09-07 09:19:33,654 [DEBUG] core.argyll_runner: [argyll] Added 34794/49576
2026-09-07 09:19:33,779 [DEBUG] core.argyll_runner: [argyll] Added 34805/49576
2026-09-07 09:19:33,904 [DEBUG] core.argyll_runner: [argyll] Added 34816/49576
2026-09-07 09:19:34,028 [DEBUG] core.argyll_runner: [argyll] Added 34827/49576
2026-09-07 09:19:34,153 [DEBUG] core.argyll_runner: [argyll] Added 34838/49576
2026-09-07 09:19:34,279 [DEBUG] core.argyll_runner: [argyll] Added 34849/49576
2026-09-07 09:19:34,404 [DEBUG] core.argyll_runner: [argyll] Added 34860/49576
2026-09-07 09:19:34,529 [DEBUG] core.argyll_runner: [argyll] Added 34871/49576
2026-09-07 09:19:34,654 [DEBUG] core.argyll_runner: [argyll] Added 34882/49576
2026-09-07 09:19:34,779 [DEBUG] core.argyll_runner: [argyll] Added 34893/49576
2026-09-07 09:19:34,905 [DEBUG] core.argyll_runner: [argyll] Added 34904/49576
2026-09-07 09:19:35,031 [DEBUG] core.argyll_runner: [argyll] Added 34915/49576
2026-09-07 09:19:35,158 [DEBUG] core.argyll_runner: [argyll] Added 34926/49576
2026-09-07 09:19:35,284 [DEBUG] core.argyll_runner: [argyll] Added 34937/49576
2026-09-07 09:19:35,411 [DEBUG] core.argyll_runner: [argyll] Added 34948/49576
2026-09-07 09:19:35,533 [DEBUG] core.argyll_runner: [argyll] Added 34959/49576
2026-09-07 09:19:35,651 [DEBUG] core.argyll_runner: [argyll] Added 34970/49576
2026-09-07 09:19:35,773 [DEBUG] core.argyll_runner: [argyll] Added 34981/49576
2026-09-07 09:19:35,898 [DEBUG] core.argyll_runner: [argyll] Added 34992/49576
2026-09-07 09:19:36,024 [DEBUG] core.argyll_runner: [argyll] Added 35003/49576
2026-09-07 09:19:36,151 [DEBUG] core.argyll_runner: [argyll] Added 35014/49576
2026-09-07 09:19:36,277 [DEBUG] core.argyll_runner: [argyll] Added 35025/49576
2026-09-07 09:19:36,404 [DEBUG] core.argyll_runner: [argyll] Added 35036/49576
2026-09-07 09:19:36,532 [DEBUG] core.argyll_runner: [argyll] Added 35047/49576
2026-09-07 09:19:36,659 [DEBUG] core.argyll_runner: [argyll] Added 35058/49576
2026-09-07 09:19:36,786 [DEBUG] core.argyll_runner: [argyll] Added 35069/49576
2026-09-07 09:19:36,915 [DEBUG] core.argyll_runner: [argyll] Added 35080/49576
2026-09-07 09:19:37,043 [DEBUG] core.argyll_runner: [argyll] Added 35091/49576
2026-09-07 09:19:37,171 [DEBUG] core.argyll_runner: [argyll] Added 35102/49576
2026-09-07 09:19:37,299 [DEBUG] core.argyll_runner: [argyll] Added 35113/49576
2026-09-07 09:19:37,427 [DEBUG] core.argyll_runner: [argyll] Added 35124/49576
2026-09-07 09:19:37,555 [DEBUG] core.argyll_runner: [argyll] Added 35135/49576
2026-09-07 09:19:37,684 [DEBUG] core.argyll_runner: [argyll] Added 35146/49576
2026-09-07 09:19:37,812 [DEBUG] core.argyll_runner: [argyll] Added 35157/49576
2026-09-07 09:19:37,941 [DEBUG] core.argyll_runner: [argyll] Added 35168/49576
2026-09-07 09:19:38,069 [DEBUG] core.argyll_runner: [argyll] Added 35179/49576
2026-09-07 09:19:38,198 [DEBUG] core.argyll_runner: [argyll] Added 35190/49576
2026-09-07 09:19:38,327 [DEBUG] core.argyll_runner: [argyll] Added 35201/49576
2026-09-07 09:19:38,456 [DEBUG] core.argyll_runner: [argyll] Added 35212/49576
2026-09-07 09:19:38,586 [DEBUG] core.argyll_runner: [argyll] Added 35223/49576
2026-09-07 09:19:38,716 [DEBUG] core.argyll_runner: [argyll] Added 35234/49576
2026-09-07 09:19:38,846 [DEBUG] core.argyll_runner: [argyll] Added 35245/49576
2026-09-07 09:19:38,977 [DEBUG] core.argyll_runner: [argyll] Added 35256/49576
2026-09-07 09:19:39,107 [DEBUG] core.argyll_runner: [argyll] Added 35267/49576
2026-09-07 09:19:39,237 [DEBUG] core.argyll_runner: [argyll] Added 35278/49576
2026-09-07 09:19:39,365 [DEBUG] core.argyll_runner: [argyll] Added 35289/49576
2026-09-07 09:19:39,496 [DEBUG] core.argyll_runner: [argyll] Added 35300/49576
2026-09-07 09:19:39,626 [DEBUG] core.argyll_runner: [argyll] Added 35311/49576
2026-09-07 09:19:39,757 [DEBUG] core.argyll_runner: [argyll] Added 35322/49576
2026-09-07 09:19:39,888 [DEBUG] core.argyll_runner: [argyll] Added 35333/49576
2026-09-07 09:19:40,019 [DEBUG] core.argyll_runner: [argyll] Added 35344/49576
2026-09-07 09:19:40,151 [DEBUG] core.argyll_runner: [argyll] Added 35355/49576
2026-09-07 09:19:40,283 [DEBUG] core.argyll_runner: [argyll] Added 35366/49576
2026-09-07 09:19:40,418 [DEBUG] core.argyll_runner: [argyll] Added 35377/49576
2026-09-07 09:19:40,552 [DEBUG] core.argyll_runner: [argyll] Added 35388/49576
2026-09-07 09:19:40,686 [DEBUG] core.argyll_runner: [argyll] Added 35399/49576
2026-09-07 09:19:40,821 [DEBUG] core.argyll_runner: [argyll] Added 35410/49576
2026-09-07 09:19:40,955 [DEBUG] core.argyll_runner: [argyll] Added 35421/49576
2026-09-07 09:19:41,089 [DEBUG] core.argyll_runner: [argyll] Added 35432/49576
2026-09-07 09:19:41,224 [DEBUG] core.argyll_runner: [argyll] Added 35443/49576
2026-09-07 09:19:41,359 [DEBUG] core.argyll_runner: [argyll] Added 35454/49576
2026-09-07 09:19:41,494 [DEBUG] core.argyll_runner: [argyll] Added 35465/49576
2026-09-07 09:19:41,629 [DEBUG] core.argyll_runner: [argyll] Added 35476/49576
2026-09-07 09:19:41,764 [DEBUG] core.argyll_runner: [argyll] Added 35487/49576
2026-09-07 09:19:41,900 [DEBUG] core.argyll_runner: [argyll] Added 35498/49576
2026-09-07 09:19:42,035 [DEBUG] core.argyll_runner: [argyll] Added 35509/49576
2026-09-07 09:19:42,170 [DEBUG] core.argyll_runner: [argyll] Added 35520/49576
2026-09-07 09:19:42,306 [DEBUG] core.argyll_runner: [argyll] Added 35531/49576
2026-09-07 09:19:42,441 [DEBUG] core.argyll_runner: [argyll] Added 35542/49576
2026-09-07 09:19:42,577 [DEBUG] core.argyll_runner: [argyll] Added 35553/49576
2026-09-07 09:19:42,713 [DEBUG] core.argyll_runner: [argyll] Added 35564/49576
2026-09-07 09:19:42,849 [DEBUG] core.argyll_runner: [argyll] Added 35575/49576
2026-09-07 09:19:42,985 [DEBUG] core.argyll_runner: [argyll] Added 35586/49576
2026-09-07 09:19:43,121 [DEBUG] core.argyll_runner: [argyll] Added 35597/49576
2026-09-07 09:19:43,258 [DEBUG] core.argyll_runner: [argyll] Added 35608/49576
2026-09-07 09:19:43,395 [DEBUG] core.argyll_runner: [argyll] Added 35619/49576
2026-09-07 09:19:43,532 [DEBUG] core.argyll_runner: [argyll] Added 35630/49576
2026-09-07 09:19:43,669 [DEBUG] core.argyll_runner: [argyll] Added 35641/49576
2026-09-07 09:19:43,805 [DEBUG] core.argyll_runner: [argyll] Added 35652/49576
2026-09-07 09:19:43,941 [DEBUG] core.argyll_runner: [argyll] Added 35663/49576
2026-09-07 09:19:44,077 [DEBUG] core.argyll_runner: [argyll] Added 35674/49576
2026-09-07 09:19:44,212 [DEBUG] core.argyll_runner: [argyll] Added 35685/49576
2026-09-07 09:19:44,348 [DEBUG] core.argyll_runner: [argyll] Added 35696/49576
2026-09-07 09:19:44,484 [DEBUG] core.argyll_runner: [argyll] Added 35707/49576
2026-09-07 09:19:44,620 [DEBUG] core.argyll_runner: [argyll] Added 35718/49576
2026-09-07 09:19:44,756 [DEBUG] core.argyll_runner: [argyll] Added 35729/49576
2026-09-07 09:19:44,893 [DEBUG] core.argyll_runner: [argyll] Added 35740/49576
2026-09-07 09:19:45,029 [DEBUG] core.argyll_runner: [argyll] Added 35751/49576
2026-09-07 09:19:45,166 [DEBUG] core.argyll_runner: [argyll] Added 35762/49576
2026-09-07 09:19:45,303 [DEBUG] core.argyll_runner: [argyll] Added 35773/49576
2026-09-07 09:19:45,440 [DEBUG] core.argyll_runner: [argyll] Added 35784/49576
2026-09-07 09:19:45,577 [DEBUG] core.argyll_runner: [argyll] Added 35795/49576
2026-09-07 09:19:45,715 [DEBUG] core.argyll_runner: [argyll] Added 35806/49576
2026-09-07 09:19:45,853 [DEBUG] core.argyll_runner: [argyll] Added 35817/49576
2026-09-07 09:19:45,991 [DEBUG] core.argyll_runner: [argyll] Added 35828/49576
2026-09-07 09:19:46,128 [DEBUG] core.argyll_runner: [argyll] Added 35839/49576
2026-09-07 09:19:46,266 [DEBUG] core.argyll_runner: [argyll] Added 35850/49576
2026-09-07 09:19:46,404 [DEBUG] core.argyll_runner: [argyll] Added 35861/49576
2026-09-07 09:19:46,542 [DEBUG] core.argyll_runner: [argyll] Added 35872/49576
2026-09-07 09:19:46,680 [DEBUG] core.argyll_runner: [argyll] Added 35883/49576
2026-09-07 09:19:46,818 [DEBUG] core.argyll_runner: [argyll] Added 35894/49576
2026-09-07 09:19:46,956 [DEBUG] core.argyll_runner: [argyll] Added 35905/49576
2026-09-07 09:19:47,095 [DEBUG] core.argyll_runner: [argyll] Added 35916/49576
2026-09-07 09:19:47,235 [DEBUG] core.argyll_runner: [argyll] Added 35927/49576
2026-09-07 09:19:47,376 [DEBUG] core.argyll_runner: [argyll] Added 35938/49576
2026-09-07 09:19:47,517 [DEBUG] core.argyll_runner: [argyll] Added 35949/49576
2026-09-07 09:19:47,658 [DEBUG] core.argyll_runner: [argyll] Added 35960/49576
2026-09-07 09:19:47,799 [DEBUG] core.argyll_runner: [argyll] Added 35971/49576
2026-09-07 09:19:47,941 [DEBUG] core.argyll_runner: [argyll] Added 35982/49576
2026-09-07 09:19:48,082 [DEBUG] core.argyll_runner: [argyll] Added 35993/49576
2026-09-07 09:19:48,223 [DEBUG] core.argyll_runner: [argyll] Added 36004/49576
2026-09-07 09:19:48,363 [DEBUG] core.argyll_runner: [argyll] Added 36015/49576
2026-09-07 09:19:48,505 [DEBUG] core.argyll_runner: [argyll] Added 36026/49576
2026-09-07 09:19:48,648 [DEBUG] core.argyll_runner: [argyll] Added 36037/49576
2026-09-07 09:19:48,790 [DEBUG] core.argyll_runner: [argyll] Added 36048/49576
2026-09-07 09:19:48,932 [DEBUG] core.argyll_runner: [argyll] Added 36059/49576
2026-09-07 09:19:49,072 [DEBUG] core.argyll_runner: [argyll] Added 36070/49576
2026-09-07 09:19:49,207 [DEBUG] core.argyll_runner: [argyll] Added 36081/49576
2026-09-07 09:19:49,345 [DEBUG] core.argyll_runner: [argyll] Added 36092/49576
2026-09-07 09:19:49,486 [DEBUG] core.argyll_runner: [argyll] Added 36103/49576
2026-09-07 09:19:49,628 [DEBUG] core.argyll_runner: [argyll] Added 36114/49576
2026-09-07 09:19:49,770 [DEBUG] core.argyll_runner: [argyll] Added 36125/49576
2026-09-07 09:19:49,912 [DEBUG] core.argyll_runner: [argyll] Added 36136/49576
2026-09-07 09:19:50,050 [DEBUG] core.argyll_runner: [argyll] Added 36147/49576
2026-09-07 09:19:50,183 [DEBUG] core.argyll_runner: [argyll] Added 36158/49576
2026-09-07 09:19:50,316 [DEBUG] core.argyll_runner: [argyll] Added 36169/49576
2026-09-07 09:19:50,449 [DEBUG] core.argyll_runner: [argyll] Added 36180/49576
2026-09-07 09:19:50,582 [DEBUG] core.argyll_runner: [argyll] Added 36191/49576
2026-09-07 09:19:50,717 [DEBUG] core.argyll_runner: [argyll] Added 36202/49576
2026-09-07 09:19:50,852 [DEBUG] core.argyll_runner: [argyll] Added 36213/49576
2026-09-07 09:19:50,988 [DEBUG] core.argyll_runner: [argyll] Added 36224/49576
2026-09-07 09:19:51,124 [DEBUG] core.argyll_runner: [argyll] Added 36235/49576
2026-09-07 09:19:51,259 [DEBUG] core.argyll_runner: [argyll] Added 36246/49576
2026-09-07 09:19:51,395 [DEBUG] core.argyll_runner: [argyll] Added 36257/49576
2026-09-07 09:19:51,529 [DEBUG] core.argyll_runner: [argyll] Added 36268/49576
2026-09-07 09:19:51,664 [DEBUG] core.argyll_runner: [argyll] Added 36279/49576
2026-09-07 09:19:51,800 [DEBUG] core.argyll_runner: [argyll] Added 36290/49576
2026-09-07 09:19:51,934 [DEBUG] core.argyll_runner: [argyll] Added 36301/49576
2026-09-07 09:19:52,069 [DEBUG] core.argyll_runner: [argyll] Added 36312/49576
2026-09-07 09:19:52,204 [DEBUG] core.argyll_runner: [argyll] Added 36323/49576
2026-09-07 09:19:52,339 [DEBUG] core.argyll_runner: [argyll] Added 36334/49576
2026-09-07 09:19:52,475 [DEBUG] core.argyll_runner: [argyll] Added 36345/49576
2026-09-07 09:19:52,611 [DEBUG] core.argyll_runner: [argyll] Added 36356/49576
2026-09-07 09:19:52,747 [DEBUG] core.argyll_runner: [argyll] Added 36367/49576
2026-09-07 09:19:52,883 [DEBUG] core.argyll_runner: [argyll] Added 36378/49576
2026-09-07 09:19:53,019 [DEBUG] core.argyll_runner: [argyll] Added 36389/49576
2026-09-07 09:19:53,155 [DEBUG] core.argyll_runner: [argyll] Added 36400/49576
2026-09-07 09:19:53,291 [DEBUG] core.argyll_runner: [argyll] Added 36411/49576
2026-09-07 09:19:53,428 [DEBUG] core.argyll_runner: [argyll] Added 36422/49576
2026-09-07 09:19:53,565 [DEBUG] core.argyll_runner: [argyll] Added 36433/49576
2026-09-07 09:19:53,702 [DEBUG] core.argyll_runner: [argyll] Added 36444/49576
2026-09-07 09:19:53,838 [DEBUG] core.argyll_runner: [argyll] Added 36455/49576
2026-09-07 09:19:53,975 [DEBUG] core.argyll_runner: [argyll] Added 36466/49576
2026-09-07 09:19:54,112 [DEBUG] core.argyll_runner: [argyll] Added 36477/49576
2026-09-07 09:19:54,249 [DEBUG] core.argyll_runner: [argyll] Added 36488/49576
2026-09-07 09:19:54,386 [DEBUG] core.argyll_runner: [argyll] Added 36499/49576
2026-09-07 09:19:54,524 [DEBUG] core.argyll_runner: [argyll] Added 36510/49576
2026-09-07 09:19:54,661 [DEBUG] core.argyll_runner: [argyll] Added 36521/49576
2026-09-07 09:19:54,800 [DEBUG] core.argyll_runner: [argyll] Added 36532/49576
2026-09-07 09:19:54,937 [DEBUG] core.argyll_runner: [argyll] Added 36543/49576
2026-09-07 09:19:55,075 [DEBUG] core.argyll_runner: [argyll] Added 36554/49576
2026-09-07 09:19:55,214 [DEBUG] core.argyll_runner: [argyll] Added 36565/49576
2026-09-07 09:19:55,352 [DEBUG] core.argyll_runner: [argyll] Added 36576/49576
2026-09-07 09:19:55,490 [DEBUG] core.argyll_runner: [argyll] Added 36587/49576
2026-09-07 09:19:55,628 [DEBUG] core.argyll_runner: [argyll] Added 36598/49576
2026-09-07 09:19:55,766 [DEBUG] core.argyll_runner: [argyll] Added 36609/49576
2026-09-07 09:19:55,904 [DEBUG] core.argyll_runner: [argyll] Added 36620/49576
2026-09-07 09:19:56,044 [DEBUG] core.argyll_runner: [argyll] Added 36631/49576
2026-09-07 09:19:56,183 [DEBUG] core.argyll_runner: [argyll] Added 36642/49576
2026-09-07 09:19:56,321 [DEBUG] core.argyll_runner: [argyll] Added 36653/49576
2026-09-07 09:19:56,461 [DEBUG] core.argyll_runner: [argyll] Added 36664/49576
2026-09-07 09:19:56,600 [DEBUG] core.argyll_runner: [argyll] Added 36675/49576
2026-09-07 09:19:56,739 [DEBUG] core.argyll_runner: [argyll] Added 36686/49576
2026-09-07 09:19:56,878 [DEBUG] core.argyll_runner: [argyll] Added 36697/49576
2026-09-07 09:19:57,018 [DEBUG] core.argyll_runner: [argyll] Added 36708/49576
2026-09-07 09:19:57,158 [DEBUG] core.argyll_runner: [argyll] Added 36719/49576
2026-09-07 09:19:57,298 [DEBUG] core.argyll_runner: [argyll] Added 36730/49576
2026-09-07 09:19:57,438 [DEBUG] core.argyll_runner: [argyll] Added 36741/49576
2026-09-07 09:19:57,578 [DEBUG] core.argyll_runner: [argyll] Added 36752/49576
2026-09-07 09:19:57,721 [DEBUG] core.argyll_runner: [argyll] Added 36763/49576
2026-09-07 09:19:57,863 [DEBUG] core.argyll_runner: [argyll] Added 36774/49576
2026-09-07 09:19:58,005 [DEBUG] core.argyll_runner: [argyll] Added 36785/49576
2026-09-07 09:19:58,147 [DEBUG] core.argyll_runner: [argyll] Added 36796/49576
2026-09-07 09:19:58,288 [DEBUG] core.argyll_runner: [argyll] Added 36807/49576
2026-09-07 09:19:58,430 [DEBUG] core.argyll_runner: [argyll] Added 36818/49576
2026-09-07 09:19:58,571 [DEBUG] core.argyll_runner: [argyll] Added 36829/49576
2026-09-07 09:19:58,714 [DEBUG] core.argyll_runner: [argyll] Added 36840/49576
2026-09-07 09:19:58,856 [DEBUG] core.argyll_runner: [argyll] Added 36851/49576
2026-09-07 09:19:58,999 [DEBUG] core.argyll_runner: [argyll] Added 36862/49576
2026-09-07 09:19:59,141 [DEBUG] core.argyll_runner: [argyll] Added 36873/49576
2026-09-07 09:19:59,283 [DEBUG] core.argyll_runner: [argyll] Added 36884/49576
2026-09-07 09:19:59,426 [DEBUG] core.argyll_runner: [argyll] Added 36895/49576
2026-09-07 09:19:59,569 [DEBUG] core.argyll_runner: [argyll] Added 36906/49576
2026-09-07 09:19:59,712 [DEBUG] core.argyll_runner: [argyll] Added 36917/49576
2026-09-07 09:19:59,856 [DEBUG] core.argyll_runner: [argyll] Added 36928/49576
2026-09-07 09:19:59,999 [DEBUG] core.argyll_runner: [argyll] Added 36939/49576
2026-09-07 09:20:00,142 [DEBUG] core.argyll_runner: [argyll] Added 36950/49576
2026-09-07 09:20:00,285 [DEBUG] core.argyll_runner: [argyll] Added 36961/49576
2026-09-07 09:20:00,428 [DEBUG] core.argyll_runner: [argyll] Added 36972/49576
2026-09-07 09:20:00,571 [DEBUG] core.argyll_runner: [argyll] Added 36983/49576
2026-09-07 09:20:00,714 [DEBUG] core.argyll_runner: [argyll] Added 36994/49576
2026-09-07 09:20:00,858 [DEBUG] core.argyll_runner: [argyll] Added 37005/49576
2026-09-07 09:20:01,002 [DEBUG] core.argyll_runner: [argyll] Added 37016/49576
2026-09-07 09:20:01,146 [DEBUG] core.argyll_runner: [argyll] Added 37027/49576
2026-09-07 09:20:01,291 [DEBUG] core.argyll_runner: [argyll] Added 37038/49576
2026-09-07 09:20:01,436 [DEBUG] core.argyll_runner: [argyll] Added 37049/49576
2026-09-07 09:20:01,581 [DEBUG] core.argyll_runner: [argyll] Added 37060/49576
2026-09-07 09:20:01,725 [DEBUG] core.argyll_runner: [argyll] Added 37071/49576
2026-09-07 09:20:01,869 [DEBUG] core.argyll_runner: [argyll] Added 37082/49576
2026-09-07 09:20:02,015 [DEBUG] core.argyll_runner: [argyll] Added 37093/49576
2026-09-07 09:20:02,161 [DEBUG] core.argyll_runner: [argyll] Added 37104/49576
2026-09-07 09:20:02,307 [DEBUG] core.argyll_runner: [argyll] Added 37115/49576
2026-09-07 09:20:02,453 [DEBUG] core.argyll_runner: [argyll] Added 37126/49576
2026-09-07 09:20:02,593 [DEBUG] core.argyll_runner: [argyll] Added 37137/49576
2026-09-07 09:20:02,733 [DEBUG] core.argyll_runner: [argyll] Added 37148/49576
2026-09-07 09:20:02,877 [DEBUG] core.argyll_runner: [argyll] Added 37159/49576
2026-09-07 09:20:03,023 [DEBUG] core.argyll_runner: [argyll] Added 37170/49576
2026-09-07 09:20:03,170 [DEBUG] core.argyll_runner: [argyll] Added 37181/49576
2026-09-07 09:20:03,316 [DEBUG] core.argyll_runner: [argyll] Added 37192/49576
2026-09-07 09:20:03,462 [DEBUG] core.argyll_runner: [argyll] Added 37203/49576
2026-09-07 09:20:03,608 [DEBUG] core.argyll_runner: [argyll] Added 37214/49576
2026-09-07 09:20:03,755 [DEBUG] core.argyll_runner: [argyll] Added 37225/49576
2026-09-07 09:20:03,901 [DEBUG] core.argyll_runner: [argyll] Added 37236/49576
2026-09-07 09:20:04,048 [DEBUG] core.argyll_runner: [argyll] Added 37247/49576
2026-09-07 09:20:04,194 [DEBUG] core.argyll_runner: [argyll] Added 37258/49576
2026-09-07 09:20:04,341 [DEBUG] core.argyll_runner: [argyll] Added 37269/49576
2026-09-07 09:20:04,489 [DEBUG] core.argyll_runner: [argyll] Added 37280/49576
2026-09-07 09:20:04,637 [DEBUG] core.argyll_runner: [argyll] Added 37291/49576
2026-09-07 09:20:04,784 [DEBUG] core.argyll_runner: [argyll] Added 37302/49576
2026-09-07 09:20:04,931 [DEBUG] core.argyll_runner: [argyll] Added 37313/49576
2026-09-07 09:20:05,079 [DEBUG] core.argyll_runner: [argyll] Added 37324/49576
2026-09-07 09:20:05,226 [DEBUG] core.argyll_runner: [argyll] Added 37335/49576
2026-09-07 09:20:05,375 [DEBUG] core.argyll_runner: [argyll] Added 37346/49576
2026-09-07 09:20:05,523 [DEBUG] core.argyll_runner: [argyll] Added 37357/49576
2026-09-07 09:20:05,672 [DEBUG] core.argyll_runner: [argyll] Added 37368/49576
2026-09-07 09:20:05,820 [DEBUG] core.argyll_runner: [argyll] Added 37379/49576
2026-09-07 09:20:05,968 [DEBUG] core.argyll_runner: [argyll] Added 37390/49576
2026-09-07 09:20:06,117 [DEBUG] core.argyll_runner: [argyll] Added 37401/49576
2026-09-07 09:20:06,267 [DEBUG] core.argyll_runner: [argyll] Added 37412/49576
2026-09-07 09:20:06,416 [DEBUG] core.argyll_runner: [argyll] Added 37423/49576
2026-09-07 09:20:06,565 [DEBUG] core.argyll_runner: [argyll] Added 37434/49576
2026-09-07 09:20:06,715 [DEBUG] core.argyll_runner: [argyll] Added 37445/49576
2026-09-07 09:20:06,864 [DEBUG] core.argyll_runner: [argyll] Added 37456/49576
2026-09-07 09:20:07,014 [DEBUG] core.argyll_runner: [argyll] Added 37467/49576
2026-09-07 09:20:07,164 [DEBUG] core.argyll_runner: [argyll] Added 37478/49576
2026-09-07 09:20:07,314 [DEBUG] core.argyll_runner: [argyll] Added 37489/49576
2026-09-07 09:20:07,464 [DEBUG] core.argyll_runner: [argyll] Added 37500/49576
2026-09-07 09:20:07,614 [DEBUG] core.argyll_runner: [argyll] Added 37511/49576
2026-09-07 09:20:07,764 [DEBUG] core.argyll_runner: [argyll] Added 37522/49576
2026-09-07 09:20:07,915 [DEBUG] core.argyll_runner: [argyll] Added 37533/49576
2026-09-07 09:20:08,067 [DEBUG] core.argyll_runner: [argyll] Added 37544/49576
2026-09-07 09:20:08,218 [DEBUG] core.argyll_runner: [argyll] Added 37555/49576
2026-09-07 09:20:08,369 [DEBUG] core.argyll_runner: [argyll] Added 37566/49576
2026-09-07 09:20:08,520 [DEBUG] core.argyll_runner: [argyll] Added 37577/49576
2026-09-07 09:20:08,673 [DEBUG] core.argyll_runner: [argyll] Added 37588/49576
2026-09-07 09:20:08,824 [DEBUG] core.argyll_runner: [argyll] Added 37599/49576
2026-09-07 09:20:08,976 [DEBUG] core.argyll_runner: [argyll] Added 37610/49576
2026-09-07 09:20:09,128 [DEBUG] core.argyll_runner: [argyll] Added 37621/49576
2026-09-07 09:20:09,280 [DEBUG] core.argyll_runner: [argyll] Added 37632/49576
2026-09-07 09:20:09,431 [DEBUG] core.argyll_runner: [argyll] Added 37643/49576
2026-09-07 09:20:09,584 [DEBUG] core.argyll_runner: [argyll] Added 37654/49576
2026-09-07 09:20:09,736 [DEBUG] core.argyll_runner: [argyll] Added 37665/49576
2026-09-07 09:20:09,888 [DEBUG] core.argyll_runner: [argyll] Added 37676/49576
2026-09-07 09:20:10,040 [DEBUG] core.argyll_runner: [argyll] Added 37687/49576
2026-09-07 09:20:10,191 [DEBUG] core.argyll_runner: [argyll] Added 37698/49576
2026-09-07 09:20:10,342 [DEBUG] core.argyll_runner: [argyll] Added 37709/49576
2026-09-07 09:20:10,494 [DEBUG] core.argyll_runner: [argyll] Added 37720/49576
2026-09-07 09:20:10,647 [DEBUG] core.argyll_runner: [argyll] Added 37731/49576
2026-09-07 09:20:10,800 [DEBUG] core.argyll_runner: [argyll] Added 37742/49576
2026-09-07 09:20:10,953 [DEBUG] core.argyll_runner: [argyll] Added 37753/49576
2026-09-07 09:20:11,106 [DEBUG] core.argyll_runner: [argyll] Added 37764/49576
2026-09-07 09:20:11,259 [DEBUG] core.argyll_runner: [argyll] Added 37775/49576
2026-09-07 09:20:11,412 [DEBUG] core.argyll_runner: [argyll] Added 37786/49576
2026-09-07 09:20:11,567 [DEBUG] core.argyll_runner: [argyll] Added 37797/49576
2026-09-07 09:20:11,722 [DEBUG] core.argyll_runner: [argyll] Added 37808/49576
2026-09-07 09:20:11,877 [DEBUG] core.argyll_runner: [argyll] Added 37819/49576
2026-09-07 09:20:12,032 [DEBUG] core.argyll_runner: [argyll] Added 37830/49576
2026-09-07 09:20:12,188 [DEBUG] core.argyll_runner: [argyll] Added 37841/49576
2026-09-07 09:20:12,343 [DEBUG] core.argyll_runner: [argyll] Added 37852/49576
2026-09-07 09:20:12,498 [DEBUG] core.argyll_runner: [argyll] Added 37863/49576
2026-09-07 09:20:12,648 [DEBUG] core.argyll_runner: [argyll] Added 37874/49576
2026-09-07 09:20:12,798 [DEBUG] core.argyll_runner: [argyll] Added 37885/49576
2026-09-07 09:20:12,944 [DEBUG] core.argyll_runner: [argyll] Added 37896/49576
2026-09-07 09:20:13,089 [DEBUG] core.argyll_runner: [argyll] Added 37907/49576
2026-09-07 09:20:13,235 [DEBUG] core.argyll_runner: [argyll] Added 37918/49576
2026-09-07 09:20:13,380 [DEBUG] core.argyll_runner: [argyll] Added 37929/49576
2026-09-07 09:20:13,525 [DEBUG] core.argyll_runner: [argyll] Added 37940/49576
2026-09-07 09:20:13,671 [DEBUG] core.argyll_runner: [argyll] Added 37951/49576
2026-09-07 09:20:13,816 [DEBUG] core.argyll_runner: [argyll] Added 37962/49576
2026-09-07 09:20:13,961 [DEBUG] core.argyll_runner: [argyll] Added 37973/49576
2026-09-07 09:20:14,109 [DEBUG] core.argyll_runner: [argyll] Added 37984/49576
2026-09-07 09:20:14,254 [DEBUG] core.argyll_runner: [argyll] Added 37995/49576
2026-09-07 09:20:14,398 [DEBUG] core.argyll_runner: [argyll] Added 38006/49576
2026-09-07 09:20:14,543 [DEBUG] core.argyll_runner: [argyll] Added 38017/49576
2026-09-07 09:20:14,689 [DEBUG] core.argyll_runner: [argyll] Added 38028/49576
2026-09-07 09:20:14,834 [DEBUG] core.argyll_runner: [argyll] Added 38039/49576
2026-09-07 09:20:14,981 [DEBUG] core.argyll_runner: [argyll] Added 38050/49576
2026-09-07 09:20:15,129 [DEBUG] core.argyll_runner: [argyll] Added 38061/49576
2026-09-07 09:20:15,276 [DEBUG] core.argyll_runner: [argyll] Added 38072/49576
2026-09-07 09:20:15,423 [DEBUG] core.argyll_runner: [argyll] Added 38083/49576
2026-09-07 09:20:15,570 [DEBUG] core.argyll_runner: [argyll] Added 38094/49576
2026-09-07 09:20:15,719 [DEBUG] core.argyll_runner: [argyll] Added 38105/49576
2026-09-07 09:20:15,866 [DEBUG] core.argyll_runner: [argyll] Added 38116/49576
2026-09-07 09:20:16,014 [DEBUG] core.argyll_runner: [argyll] Added 38127/49576
2026-09-07 09:20:16,163 [DEBUG] core.argyll_runner: [argyll] Added 38138/49576
2026-09-07 09:20:16,301 [DEBUG] core.argyll_runner: [argyll] Added 38149/49576
2026-09-07 09:20:16,445 [DEBUG] core.argyll_runner: [argyll] Added 38160/49576
2026-09-07 09:20:16,591 [DEBUG] core.argyll_runner: [argyll] Added 38171/49576
2026-09-07 09:20:16,738 [DEBUG] core.argyll_runner: [argyll] Added 38182/49576
2026-09-07 09:20:16,887 [DEBUG] core.argyll_runner: [argyll] Added 38193/49576
2026-09-07 09:20:17,036 [DEBUG] core.argyll_runner: [argyll] Added 38204/49576
2026-09-07 09:20:17,184 [DEBUG] core.argyll_runner: [argyll] Added 38215/49576
2026-09-07 09:20:17,333 [DEBUG] core.argyll_runner: [argyll] Added 38226/49576
2026-09-07 09:20:17,481 [DEBUG] core.argyll_runner: [argyll] Added 38237/49576
2026-09-07 09:20:17,630 [DEBUG] core.argyll_runner: [argyll] Added 38248/49576
2026-09-07 09:20:17,780 [DEBUG] core.argyll_runner: [argyll] Added 38259/49576
2026-09-07 09:20:17,930 [DEBUG] core.argyll_runner: [argyll] Added 38270/49576
2026-09-07 09:20:18,080 [DEBUG] core.argyll_runner: [argyll] Added 38281/49576
2026-09-07 09:20:18,229 [DEBUG] core.argyll_runner: [argyll] Added 38292/49576
2026-09-07 09:20:18,380 [DEBUG] core.argyll_runner: [argyll] Added 38303/49576
2026-09-07 09:20:18,532 [DEBUG] core.argyll_runner: [argyll] Added 38314/49576
2026-09-07 09:20:18,684 [DEBUG] core.argyll_runner: [argyll] Added 38325/49576
2026-09-07 09:20:18,836 [DEBUG] core.argyll_runner: [argyll] Added 38336/49576
2026-09-07 09:20:18,987 [DEBUG] core.argyll_runner: [argyll] Added 38347/49576
2026-09-07 09:20:19,139 [DEBUG] core.argyll_runner: [argyll] Added 38358/49576
2026-09-07 09:20:19,291 [DEBUG] core.argyll_runner: [argyll] Added 38369/49576
2026-09-07 09:20:19,442 [DEBUG] core.argyll_runner: [argyll] Added 38380/49576
2026-09-07 09:20:19,593 [DEBUG] core.argyll_runner: [argyll] Added 38391/49576
2026-09-07 09:20:19,748 [DEBUG] core.argyll_runner: [argyll] Added 38402/49576
2026-09-07 09:20:19,900 [DEBUG] core.argyll_runner: [argyll] Added 38413/49576
2026-09-07 09:20:20,053 [DEBUG] core.argyll_runner: [argyll] Added 38424/49576
2026-09-07 09:20:20,206 [DEBUG] core.argyll_runner: [argyll] Added 38435/49576
2026-09-07 09:20:20,359 [DEBUG] core.argyll_runner: [argyll] Added 38446/49576
2026-09-07 09:20:20,511 [DEBUG] core.argyll_runner: [argyll] Added 38457/49576
2026-09-07 09:20:20,664 [DEBUG] core.argyll_runner: [argyll] Added 38468/49576
2026-09-07 09:20:20,817 [DEBUG] core.argyll_runner: [argyll] Added 38479/49576
2026-09-07 09:20:20,970 [DEBUG] core.argyll_runner: [argyll] Added 38490/49576
2026-09-07 09:20:21,124 [DEBUG] core.argyll_runner: [argyll] Added 38501/49576
2026-09-07 09:20:21,277 [DEBUG] core.argyll_runner: [argyll] Added 38512/49576
2026-09-07 09:20:21,429 [DEBUG] core.argyll_runner: [argyll] Added 38523/49576
2026-09-07 09:20:21,582 [DEBUG] core.argyll_runner: [argyll] Added 38534/49576
2026-09-07 09:20:21,735 [DEBUG] core.argyll_runner: [argyll] Added 38545/49576
2026-09-07 09:20:21,889 [DEBUG] core.argyll_runner: [argyll] Added 38556/49576
2026-09-07 09:20:22,043 [DEBUG] core.argyll_runner: [argyll] Added 38567/49576
2026-09-07 09:20:22,198 [DEBUG] core.argyll_runner: [argyll] Added 38578/49576
2026-09-07 09:20:22,352 [DEBUG] core.argyll_runner: [argyll] Added 38589/49576
2026-09-07 09:20:22,506 [DEBUG] core.argyll_runner: [argyll] Added 38600/49576
2026-09-07 09:20:22,661 [DEBUG] core.argyll_runner: [argyll] Added 38611/49576
2026-09-07 09:20:22,816 [DEBUG] core.argyll_runner: [argyll] Added 38622/49576
2026-09-07 09:20:22,970 [DEBUG] core.argyll_runner: [argyll] Added 38633/49576
2026-09-07 09:20:23,125 [DEBUG] core.argyll_runner: [argyll] Added 38644/49576
2026-09-07 09:20:23,280 [DEBUG] core.argyll_runner: [argyll] Added 38655/49576
2026-09-07 09:20:23,435 [DEBUG] core.argyll_runner: [argyll] Added 38666/49576
2026-09-07 09:20:23,591 [DEBUG] core.argyll_runner: [argyll] Added 38677/49576
2026-09-07 09:20:23,747 [DEBUG] core.argyll_runner: [argyll] Added 38688/49576
2026-09-07 09:20:23,902 [DEBUG] core.argyll_runner: [argyll] Added 38699/49576
2026-09-07 09:20:24,058 [DEBUG] core.argyll_runner: [argyll] Added 38710/49576
2026-09-07 09:20:24,213 [DEBUG] core.argyll_runner: [argyll] Added 38721/49576
2026-09-07 09:20:24,369 [DEBUG] core.argyll_runner: [argyll] Added 38732/49576
2026-09-07 09:20:24,526 [DEBUG] core.argyll_runner: [argyll] Added 38743/49576
2026-09-07 09:20:24,682 [DEBUG] core.argyll_runner: [argyll] Added 38754/49576
2026-09-07 09:20:24,838 [DEBUG] core.argyll_runner: [argyll] Added 38765/49576
2026-09-07 09:20:24,994 [DEBUG] core.argyll_runner: [argyll] Added 38776/49576
2026-09-07 09:20:25,151 [DEBUG] core.argyll_runner: [argyll] Added 38787/49576
2026-09-07 09:20:25,308 [DEBUG] core.argyll_runner: [argyll] Added 38798/49576
2026-09-07 09:20:25,467 [DEBUG] core.argyll_runner: [argyll] Added 38809/49576
2026-09-07 09:20:25,626 [DEBUG] core.argyll_runner: [argyll] Added 38820/49576
2026-09-07 09:20:25,784 [DEBUG] core.argyll_runner: [argyll] Added 38831/49576
2026-09-07 09:20:25,942 [DEBUG] core.argyll_runner: [argyll] Added 38842/49576
2026-09-07 09:20:26,101 [DEBUG] core.argyll_runner: [argyll] Added 38853/49576
2026-09-07 09:20:26,259 [DEBUG] core.argyll_runner: [argyll] Added 38864/49576
2026-09-07 09:20:26,416 [DEBUG] core.argyll_runner: [argyll] Added 38875/49576
2026-09-07 09:20:26,575 [DEBUG] core.argyll_runner: [argyll] Added 38886/49576
2026-09-07 09:20:26,732 [DEBUG] core.argyll_runner: [argyll] Added 38897/49576
2026-09-07 09:20:26,891 [DEBUG] core.argyll_runner: [argyll] Added 38908/49576
2026-09-07 09:20:27,049 [DEBUG] core.argyll_runner: [argyll] Added 38919/49576
2026-09-07 09:20:27,208 [DEBUG] core.argyll_runner: [argyll] Added 38930/49576
2026-09-07 09:20:27,366 [DEBUG] core.argyll_runner: [argyll] Added 38941/49576
2026-09-07 09:20:27,526 [DEBUG] core.argyll_runner: [argyll] Added 38952/49576
2026-09-07 09:20:27,684 [DEBUG] core.argyll_runner: [argyll] Added 38963/49576
2026-09-07 09:20:27,843 [DEBUG] core.argyll_runner: [argyll] Added 38974/49576
2026-09-07 09:20:28,003 [DEBUG] core.argyll_runner: [argyll] Added 38985/49576
2026-09-07 09:20:28,162 [DEBUG] core.argyll_runner: [argyll] Added 38996/49576
2026-09-07 09:20:28,321 [DEBUG] core.argyll_runner: [argyll] Added 39007/49576
2026-09-07 09:20:28,481 [DEBUG] core.argyll_runner: [argyll] Added 39018/49576
2026-09-07 09:20:28,640 [DEBUG] core.argyll_runner: [argyll] Added 39029/49576
2026-09-07 09:20:28,801 [DEBUG] core.argyll_runner: [argyll] Added 39040/49576
2026-09-07 09:20:28,962 [DEBUG] core.argyll_runner: [argyll] Added 39051/49576
2026-09-07 09:20:29,123 [DEBUG] core.argyll_runner: [argyll] Added 39062/49576
2026-09-07 09:20:29,285 [DEBUG] core.argyll_runner: [argyll] Added 39073/49576
2026-09-07 09:20:29,446 [DEBUG] core.argyll_runner: [argyll] Added 39084/49576
2026-09-07 09:20:29,608 [DEBUG] core.argyll_runner: [argyll] Added 39095/49576
2026-09-07 09:20:29,770 [DEBUG] core.argyll_runner: [argyll] Added 39106/49576
2026-09-07 09:20:29,926 [DEBUG] core.argyll_runner: [argyll] Added 39117/49576
2026-09-07 09:20:30,079 [DEBUG] core.argyll_runner: [argyll] Added 39128/49576
2026-09-07 09:20:30,240 [DEBUG] core.argyll_runner: [argyll] Added 39139/49576
2026-09-07 09:20:30,402 [DEBUG] core.argyll_runner: [argyll] Added 39150/49576
2026-09-07 09:20:30,563 [DEBUG] core.argyll_runner: [argyll] Added 39161/49576
2026-09-07 09:20:30,726 [DEBUG] core.argyll_runner: [argyll] Added 39172/49576
2026-09-07 09:20:30,888 [DEBUG] core.argyll_runner: [argyll] Added 39183/49576
2026-09-07 09:20:31,051 [DEBUG] core.argyll_runner: [argyll] Added 39194/49576
2026-09-07 09:20:31,214 [DEBUG] core.argyll_runner: [argyll] Added 39205/49576
2026-09-07 09:20:31,377 [DEBUG] core.argyll_runner: [argyll] Added 39216/49576
2026-09-07 09:20:31,540 [DEBUG] core.argyll_runner: [argyll] Added 39227/49576
2026-09-07 09:20:31,704 [DEBUG] core.argyll_runner: [argyll] Added 39238/49576
2026-09-07 09:20:31,867 [DEBUG] core.argyll_runner: [argyll] Added 39249/49576
2026-09-07 09:20:32,031 [DEBUG] core.argyll_runner: [argyll] Added 39260/49576
2026-09-07 09:20:32,196 [DEBUG] core.argyll_runner: [argyll] Added 39271/49576
2026-09-07 09:20:32,363 [DEBUG] core.argyll_runner: [argyll] Added 39282/49576
2026-09-07 09:20:32,531 [DEBUG] core.argyll_runner: [argyll] Added 39293/49576
2026-09-07 09:20:32,698 [DEBUG] core.argyll_runner: [argyll] Added 39304/49576
2026-09-07 09:20:32,865 [DEBUG] core.argyll_runner: [argyll] Added 39315/49576
2026-09-07 09:20:33,031 [DEBUG] core.argyll_runner: [argyll] Added 39326/49576
2026-09-07 09:20:33,199 [DEBUG] core.argyll_runner: [argyll] Added 39337/49576
2026-09-07 09:20:33,366 [DEBUG] core.argyll_runner: [argyll] Added 39348/49576
2026-09-07 09:20:33,534 [DEBUG] core.argyll_runner: [argyll] Added 39359/49576
2026-09-07 09:20:33,700 [DEBUG] core.argyll_runner: [argyll] Added 39370/49576
2026-09-07 09:20:33,868 [DEBUG] core.argyll_runner: [argyll] Added 39381/49576
2026-09-07 09:20:34,036 [DEBUG] core.argyll_runner: [argyll] Added 39392/49576
2026-09-07 09:20:34,203 [DEBUG] core.argyll_runner: [argyll] Added 39403/49576
2026-09-07 09:20:34,371 [DEBUG] core.argyll_runner: [argyll] Added 39414/49576
2026-09-07 09:20:34,538 [DEBUG] core.argyll_runner: [argyll] Added 39425/49576
2026-09-07 09:20:34,705 [DEBUG] core.argyll_runner: [argyll] Added 39436/49576
2026-09-07 09:20:34,873 [DEBUG] core.argyll_runner: [argyll] Added 39447/49576
2026-09-07 09:20:35,041 [DEBUG] core.argyll_runner: [argyll] Added 39458/49576
2026-09-07 09:20:35,208 [DEBUG] core.argyll_runner: [argyll] Added 39469/49576
2026-09-07 09:20:35,376 [DEBUG] core.argyll_runner: [argyll] Added 39480/49576
2026-09-07 09:20:35,543 [DEBUG] core.argyll_runner: [argyll] Added 39491/49576
2026-09-07 09:20:35,713 [DEBUG] core.argyll_runner: [argyll] Added 39502/49576
2026-09-07 09:20:35,883 [DEBUG] core.argyll_runner: [argyll] Added 39513/49576
2026-09-07 09:20:36,054 [DEBUG] core.argyll_runner: [argyll] Added 39524/49576
2026-09-07 09:20:36,224 [DEBUG] core.argyll_runner: [argyll] Added 39535/49576
2026-09-07 09:20:36,393 [DEBUG] core.argyll_runner: [argyll] Added 39546/49576
2026-09-07 09:20:36,564 [DEBUG] core.argyll_runner: [argyll] Added 39557/49576
2026-09-07 09:20:36,734 [DEBUG] core.argyll_runner: [argyll] Added 39568/49576
2026-09-07 09:20:36,905 [DEBUG] core.argyll_runner: [argyll] Added 39579/49576
2026-09-07 09:20:37,075 [DEBUG] core.argyll_runner: [argyll] Added 39590/49576
2026-09-07 09:20:37,245 [DEBUG] core.argyll_runner: [argyll] Added 39601/49576
2026-09-07 09:20:37,410 [DEBUG] core.argyll_runner: [argyll] Added 39612/49576
2026-09-07 09:20:37,571 [DEBUG] core.argyll_runner: [argyll] Added 39623/49576
2026-09-07 09:20:37,730 [DEBUG] core.argyll_runner: [argyll] Added 39634/49576
2026-09-07 09:20:37,890 [DEBUG] core.argyll_runner: [argyll] Added 39645/49576
2026-09-07 09:20:38,050 [DEBUG] core.argyll_runner: [argyll] Added 39656/49576
2026-09-07 09:20:38,210 [DEBUG] core.argyll_runner: [argyll] Added 39667/49576
2026-09-07 09:20:38,371 [DEBUG] core.argyll_runner: [argyll] Added 39678/49576
2026-09-07 09:20:38,532 [DEBUG] core.argyll_runner: [argyll] Added 39689/49576
2026-09-07 09:20:38,693 [DEBUG] core.argyll_runner: [argyll] Added 39700/49576
2026-09-07 09:20:38,854 [DEBUG] core.argyll_runner: [argyll] Added 39711/49576
2026-09-07 09:20:39,014 [DEBUG] core.argyll_runner: [argyll] Added 39722/49576
2026-09-07 09:20:39,176 [DEBUG] core.argyll_runner: [argyll] Added 39733/49576
2026-09-07 09:20:39,337 [DEBUG] core.argyll_runner: [argyll] Added 39744/49576
2026-09-07 09:20:39,499 [DEBUG] core.argyll_runner: [argyll] Added 39755/49576
2026-09-07 09:20:39,660 [DEBUG] core.argyll_runner: [argyll] Added 39766/49576
2026-09-07 09:20:39,823 [DEBUG] core.argyll_runner: [argyll] Added 39777/49576
2026-09-07 09:20:39,985 [DEBUG] core.argyll_runner: [argyll] Added 39788/49576
2026-09-07 09:20:40,147 [DEBUG] core.argyll_runner: [argyll] Added 39799/49576
2026-09-07 09:20:40,309 [DEBUG] core.argyll_runner: [argyll] Added 39810/49576
2026-09-07 09:20:40,470 [DEBUG] core.argyll_runner: [argyll] Added 39821/49576
2026-09-07 09:20:40,632 [DEBUG] core.argyll_runner: [argyll] Added 39832/49576
2026-09-07 09:20:40,795 [DEBUG] core.argyll_runner: [argyll] Added 39843/49576
2026-09-07 09:20:40,958 [DEBUG] core.argyll_runner: [argyll] Added 39854/49576
2026-09-07 09:20:41,120 [DEBUG] core.argyll_runner: [argyll] Added 39865/49576
2026-09-07 09:20:41,283 [DEBUG] core.argyll_runner: [argyll] Added 39876/49576
2026-09-07 09:20:41,445 [DEBUG] core.argyll_runner: [argyll] Added 39887/49576
2026-09-07 09:20:41,606 [DEBUG] core.argyll_runner: [argyll] Added 39898/49576
2026-09-07 09:20:41,766 [DEBUG] core.argyll_runner: [argyll] Added 39909/49576
2026-09-07 09:20:41,926 [DEBUG] core.argyll_runner: [argyll] Added 39920/49576
2026-09-07 09:20:42,086 [DEBUG] core.argyll_runner: [argyll] Added 39931/49576
2026-09-07 09:20:42,246 [DEBUG] core.argyll_runner: [argyll] Added 39942/49576
2026-09-07 09:20:42,406 [DEBUG] core.argyll_runner: [argyll] Added 39953/49576
2026-09-07 09:20:42,567 [DEBUG] core.argyll_runner: [argyll] Added 39964/49576
2026-09-07 09:20:42,729 [DEBUG] core.argyll_runner: [argyll] Added 39975/49576
2026-09-07 09:20:42,892 [DEBUG] core.argyll_runner: [argyll] Added 39986/49576
2026-09-07 09:20:43,058 [DEBUG] core.argyll_runner: [argyll] Added 39997/49576
2026-09-07 09:20:43,222 [DEBUG] core.argyll_runner: [argyll] Added 40008/49576
2026-09-07 09:20:43,386 [DEBUG] core.argyll_runner: [argyll] Added 40019/49576
2026-09-07 09:20:43,545 [DEBUG] core.argyll_runner: [argyll] Added 40030/49576
2026-09-07 09:20:43,704 [DEBUG] core.argyll_runner: [argyll] Added 40041/49576
2026-09-07 09:20:43,866 [DEBUG] core.argyll_runner: [argyll] Added 40052/49576
2026-09-07 09:20:44,029 [DEBUG] core.argyll_runner: [argyll] Added 40063/49576
2026-09-07 09:20:44,193 [DEBUG] core.argyll_runner: [argyll] Added 40074/49576
2026-09-07 09:20:44,357 [DEBUG] core.argyll_runner: [argyll] Added 40085/49576
2026-09-07 09:20:44,521 [DEBUG] core.argyll_runner: [argyll] Added 40096/49576
2026-09-07 09:20:44,685 [DEBUG] core.argyll_runner: [argyll] Added 40107/49576
2026-09-07 09:20:44,850 [DEBUG] core.argyll_runner: [argyll] Added 40118/49576
2026-09-07 09:20:45,015 [DEBUG] core.argyll_runner: [argyll] Added 40129/49576
2026-09-07 09:20:45,181 [DEBUG] core.argyll_runner: [argyll] Added 40140/49576
2026-09-07 09:20:45,346 [DEBUG] core.argyll_runner: [argyll] Added 40151/49576
2026-09-07 09:20:45,510 [DEBUG] core.argyll_runner: [argyll] Added 40162/49576
2026-09-07 09:20:45,675 [DEBUG] core.argyll_runner: [argyll] Added 40173/49576
2026-09-07 09:20:45,841 [DEBUG] core.argyll_runner: [argyll] Added 40184/49576
2026-09-07 09:20:46,007 [DEBUG] core.argyll_runner: [argyll] Added 40195/49576
2026-09-07 09:20:46,175 [DEBUG] core.argyll_runner: [argyll] Added 40206/49576
2026-09-07 09:20:46,342 [DEBUG] core.argyll_runner: [argyll] Added 40217/49576
2026-09-07 09:20:46,509 [DEBUG] core.argyll_runner: [argyll] Added 40228/49576
2026-09-07 09:20:46,676 [DEBUG] core.argyll_runner: [argyll] Added 40239/49576
2026-09-07 09:20:46,844 [DEBUG] core.argyll_runner: [argyll] Added 40250/49576
2026-09-07 09:20:47,011 [DEBUG] core.argyll_runner: [argyll] Added 40261/49576
2026-09-07 09:20:47,178 [DEBUG] core.argyll_runner: [argyll] Added 40272/49576
2026-09-07 09:20:47,345 [DEBUG] core.argyll_runner: [argyll] Added 40283/49576
2026-09-07 09:20:47,512 [DEBUG] core.argyll_runner: [argyll] Added 40294/49576
2026-09-07 09:20:47,679 [DEBUG] core.argyll_runner: [argyll] Added 40305/49576
2026-09-07 09:20:47,847 [DEBUG] core.argyll_runner: [argyll] Added 40316/49576
2026-09-07 09:20:48,014 [DEBUG] core.argyll_runner: [argyll] Added 40327/49576
2026-09-07 09:20:48,182 [DEBUG] core.argyll_runner: [argyll] Added 40338/49576
2026-09-07 09:20:48,351 [DEBUG] core.argyll_runner: [argyll] Added 40349/49576
2026-09-07 09:20:48,518 [DEBUG] core.argyll_runner: [argyll] Added 40360/49576
2026-09-07 09:20:48,686 [DEBUG] core.argyll_runner: [argyll] Added 40371/49576
2026-09-07 09:20:48,854 [DEBUG] core.argyll_runner: [argyll] Added 40382/49576
2026-09-07 09:20:49,021 [DEBUG] core.argyll_runner: [argyll] Added 40393/49576
2026-09-07 09:20:49,186 [DEBUG] core.argyll_runner: [argyll] Added 40404/49576
2026-09-07 09:20:49,352 [DEBUG] core.argyll_runner: [argyll] Added 40415/49576
2026-09-07 09:20:49,519 [DEBUG] core.argyll_runner: [argyll] Added 40426/49576
2026-09-07 09:20:49,689 [DEBUG] core.argyll_runner: [argyll] Added 40437/49576
2026-09-07 09:20:49,859 [DEBUG] core.argyll_runner: [argyll] Added 40448/49576
2026-09-07 09:20:50,029 [DEBUG] core.argyll_runner: [argyll] Added 40459/49576
2026-09-07 09:20:50,199 [DEBUG] core.argyll_runner: [argyll] Added 40470/49576
2026-09-07 09:20:50,369 [DEBUG] core.argyll_runner: [argyll] Added 40481/49576
2026-09-07 09:20:50,539 [DEBUG] core.argyll_runner: [argyll] Added 40492/49576
2026-09-07 09:20:50,710 [DEBUG] core.argyll_runner: [argyll] Added 40503/49576
2026-09-07 09:20:50,880 [DEBUG] core.argyll_runner: [argyll] Added 40514/49576
2026-09-07 09:20:51,050 [DEBUG] core.argyll_runner: [argyll] Added 40525/49576
2026-09-07 09:20:51,221 [DEBUG] core.argyll_runner: [argyll] Added 40536/49576
2026-09-07 09:20:51,392 [DEBUG] core.argyll_runner: [argyll] Added 40547/49576
2026-09-07 09:20:51,563 [DEBUG] core.argyll_runner: [argyll] Added 40558/49576
2026-09-07 09:20:51,734 [DEBUG] core.argyll_runner: [argyll] Added 40569/49576
2026-09-07 09:20:51,905 [DEBUG] core.argyll_runner: [argyll] Added 40580/49576
2026-09-07 09:20:52,075 [DEBUG] core.argyll_runner: [argyll] Added 40591/49576
2026-09-07 09:20:52,246 [DEBUG] core.argyll_runner: [argyll] Added 40602/49576
2026-09-07 09:20:52,418 [DEBUG] core.argyll_runner: [argyll] Added 40613/49576
2026-09-07 09:20:52,590 [DEBUG] core.argyll_runner: [argyll] Added 40624/49576
2026-09-07 09:20:52,761 [DEBUG] core.argyll_runner: [argyll] Added 40635/49576
2026-09-07 09:20:52,932 [DEBUG] core.argyll_runner: [argyll] Added 40646/49576
2026-09-07 09:20:53,107 [DEBUG] core.argyll_runner: [argyll] Added 40657/49576
2026-09-07 09:20:53,282 [DEBUG] core.argyll_runner: [argyll] Added 40668/49576
2026-09-07 09:20:53,456 [DEBUG] core.argyll_runner: [argyll] Added 40679/49576
2026-09-07 09:20:53,631 [DEBUG] core.argyll_runner: [argyll] Added 40690/49576
2026-09-07 09:20:53,806 [DEBUG] core.argyll_runner: [argyll] Added 40701/49576
2026-09-07 09:20:53,981 [DEBUG] core.argyll_runner: [argyll] Added 40712/49576
2026-09-07 09:20:54,155 [DEBUG] core.argyll_runner: [argyll] Added 40723/49576
2026-09-07 09:20:54,330 [DEBUG] core.argyll_runner: [argyll] Added 40734/49576
2026-09-07 09:20:54,504 [DEBUG] core.argyll_runner: [argyll] Added 40745/49576
2026-09-07 09:20:54,679 [DEBUG] core.argyll_runner: [argyll] Added 40756/49576
2026-09-07 09:20:54,855 [DEBUG] core.argyll_runner: [argyll] Added 40767/49576
2026-09-07 09:20:55,030 [DEBUG] core.argyll_runner: [argyll] Added 40778/49576
2026-09-07 09:20:55,205 [DEBUG] core.argyll_runner: [argyll] Added 40789/49576
2026-09-07 09:20:55,380 [DEBUG] core.argyll_runner: [argyll] Added 40800/49576
2026-09-07 09:20:55,554 [DEBUG] core.argyll_runner: [argyll] Added 40811/49576
2026-09-07 09:20:55,730 [DEBUG] core.argyll_runner: [argyll] Added 40822/49576
2026-09-07 09:20:55,905 [DEBUG] core.argyll_runner: [argyll] Added 40833/49576
2026-09-07 09:20:56,080 [DEBUG] core.argyll_runner: [argyll] Added 40844/49576
2026-09-07 09:20:56,254 [DEBUG] core.argyll_runner: [argyll] Added 40855/49576
2026-09-07 09:20:56,430 [DEBUG] core.argyll_runner: [argyll] Added 40866/49576
2026-09-07 09:20:56,606 [DEBUG] core.argyll_runner: [argyll] Added 40877/49576
2026-09-07 09:20:56,783 [DEBUG] core.argyll_runner: [argyll] Added 40888/49576
2026-09-07 09:20:56,959 [DEBUG] core.argyll_runner: [argyll] Added 40899/49576
2026-09-07 09:20:57,128 [DEBUG] core.argyll_runner: [argyll] Added 40910/49576
2026-09-07 09:20:57,297 [DEBUG] core.argyll_runner: [argyll] Added 40921/49576
2026-09-07 09:20:57,469 [DEBUG] core.argyll_runner: [argyll] Added 40932/49576
2026-09-07 09:20:57,644 [DEBUG] core.argyll_runner: [argyll] Added 40943/49576
2026-09-07 09:20:57,821 [DEBUG] core.argyll_runner: [argyll] Added 40954/49576
2026-09-07 09:20:57,997 [DEBUG] core.argyll_runner: [argyll] Added 40965/49576
2026-09-07 09:20:58,173 [DEBUG] core.argyll_runner: [argyll] Added 40976/49576
2026-09-07 09:20:58,350 [DEBUG] core.argyll_runner: [argyll] Added 40987/49576
2026-09-07 09:20:58,527 [DEBUG] core.argyll_runner: [argyll] Added 40998/49576
2026-09-07 09:20:58,703 [DEBUG] core.argyll_runner: [argyll] Added 41009/49576
2026-09-07 09:20:58,880 [DEBUG] core.argyll_runner: [argyll] Added 41020/49576
2026-09-07 09:20:59,057 [DEBUG] core.argyll_runner: [argyll] Added 41031/49576
2026-09-07 09:20:59,234 [DEBUG] core.argyll_runner: [argyll] Added 41042/49576
2026-09-07 09:20:59,411 [DEBUG] core.argyll_runner: [argyll] Added 41053/49576
2026-09-07 09:20:59,588 [DEBUG] core.argyll_runner: [argyll] Added 41064/49576
2026-09-07 09:20:59,765 [DEBUG] core.argyll_runner: [argyll] Added 41075/49576
2026-09-07 09:20:59,944 [DEBUG] core.argyll_runner: [argyll] Added 41086/49576
2026-09-07 09:21:00,124 [DEBUG] core.argyll_runner: [argyll] Added 41097/49576
2026-09-07 09:21:00,304 [DEBUG] core.argyll_runner: [argyll] Added 41108/49576
2026-09-07 09:21:00,484 [DEBUG] core.argyll_runner: [argyll] Added 41119/49576
2026-09-07 09:21:00,665 [DEBUG] core.argyll_runner: [argyll] Added 41130/49576
2026-09-07 09:21:00,844 [DEBUG] core.argyll_runner: [argyll] Added 41141/49576
2026-09-07 09:21:01,024 [DEBUG] core.argyll_runner: [argyll] Added 41152/49576
2026-09-07 09:21:01,205 [DEBUG] core.argyll_runner: [argyll] Added 41163/49576
2026-09-07 09:21:01,385 [DEBUG] core.argyll_runner: [argyll] Added 41174/49576
2026-09-07 09:21:01,566 [DEBUG] core.argyll_runner: [argyll] Added 41185/49576
2026-09-07 09:21:01,748 [DEBUG] core.argyll_runner: [argyll] Added 41196/49576
2026-09-07 09:21:01,930 [DEBUG] core.argyll_runner: [argyll] Added 41207/49576
2026-09-07 09:21:02,112 [DEBUG] core.argyll_runner: [argyll] Added 41218/49576
2026-09-07 09:21:02,293 [DEBUG] core.argyll_runner: [argyll] Added 41229/49576
2026-09-07 09:21:02,474 [DEBUG] core.argyll_runner: [argyll] Added 41240/49576
2026-09-07 09:21:02,656 [DEBUG] core.argyll_runner: [argyll] Added 41251/49576
2026-09-07 09:21:02,839 [DEBUG] core.argyll_runner: [argyll] Added 41262/49576
2026-09-07 09:21:03,021 [DEBUG] core.argyll_runner: [argyll] Added 41273/49576
2026-09-07 09:21:03,204 [DEBUG] core.argyll_runner: [argyll] Added 41284/49576
2026-09-07 09:21:03,386 [DEBUG] core.argyll_runner: [argyll] Added 41295/49576
2026-09-07 09:21:03,566 [DEBUG] core.argyll_runner: [argyll] Added 41306/49576
2026-09-07 09:21:03,747 [DEBUG] core.argyll_runner: [argyll] Added 41317/49576
2026-09-07 09:21:03,928 [DEBUG] core.argyll_runner: [argyll] Added 41328/49576
2026-09-07 09:21:04,103 [DEBUG] core.argyll_runner: [argyll] Added 41339/49576
2026-09-07 09:21:04,279 [DEBUG] core.argyll_runner: [argyll] Added 41350/49576
2026-09-07 09:21:04,450 [DEBUG] core.argyll_runner: [argyll] Added 41361/49576
2026-09-07 09:21:04,620 [DEBUG] core.argyll_runner: [argyll] Added 41372/49576
2026-09-07 09:21:04,792 [DEBUG] core.argyll_runner: [argyll] Added 41383/49576
2026-09-07 09:21:04,963 [DEBUG] core.argyll_runner: [argyll] Added 41394/49576
2026-09-07 09:21:05,134 [DEBUG] core.argyll_runner: [argyll] Added 41405/49576
2026-09-07 09:21:05,305 [DEBUG] core.argyll_runner: [argyll] Added 41416/49576
2026-09-07 09:21:05,475 [DEBUG] core.argyll_runner: [argyll] Added 41427/49576
2026-09-07 09:21:05,645 [DEBUG] core.argyll_runner: [argyll] Added 41438/49576
2026-09-07 09:21:05,815 [DEBUG] core.argyll_runner: [argyll] Added 41449/49576
2026-09-07 09:21:05,986 [DEBUG] core.argyll_runner: [argyll] Added 41460/49576
2026-09-07 09:21:06,157 [DEBUG] core.argyll_runner: [argyll] Added 41471/49576
2026-09-07 09:21:06,329 [DEBUG] core.argyll_runner: [argyll] Added 41482/49576
2026-09-07 09:21:06,499 [DEBUG] core.argyll_runner: [argyll] Added 41493/49576
2026-09-07 09:21:06,670 [DEBUG] core.argyll_runner: [argyll] Added 41504/49576
2026-09-07 09:21:06,843 [DEBUG] core.argyll_runner: [argyll] Added 41515/49576
2026-09-07 09:21:07,019 [DEBUG] core.argyll_runner: [argyll] Added 41526/49576
2026-09-07 09:21:07,195 [DEBUG] core.argyll_runner: [argyll] Added 41537/49576
2026-09-07 09:21:07,371 [DEBUG] core.argyll_runner: [argyll] Added 41548/49576
2026-09-07 09:21:07,547 [DEBUG] core.argyll_runner: [argyll] Added 41559/49576
2026-09-07 09:21:07,722 [DEBUG] core.argyll_runner: [argyll] Added 41570/49576
2026-09-07 09:21:07,898 [DEBUG] core.argyll_runner: [argyll] Added 41581/49576
2026-09-07 09:21:08,075 [DEBUG] core.argyll_runner: [argyll] Added 41592/49576
2026-09-07 09:21:08,251 [DEBUG] core.argyll_runner: [argyll] Added 41603/49576
2026-09-07 09:21:08,428 [DEBUG] core.argyll_runner: [argyll] Added 41614/49576
2026-09-07 09:21:08,603 [DEBUG] core.argyll_runner: [argyll] Added 41625/49576
2026-09-07 09:21:08,780 [DEBUG] core.argyll_runner: [argyll] Added 41636/49576
2026-09-07 09:21:08,956 [DEBUG] core.argyll_runner: [argyll] Added 41647/49576
2026-09-07 09:21:09,133 [DEBUG] core.argyll_runner: [argyll] Added 41658/49576
2026-09-07 09:21:09,310 [DEBUG] core.argyll_runner: [argyll] Added 41669/49576
2026-09-07 09:21:09,487 [DEBUG] core.argyll_runner: [argyll] Added 41680/49576
2026-09-07 09:21:09,664 [DEBUG] core.argyll_runner: [argyll] Added 41691/49576
2026-09-07 09:21:09,842 [DEBUG] core.argyll_runner: [argyll] Added 41702/49576
2026-09-07 09:21:10,018 [DEBUG] core.argyll_runner: [argyll] Added 41713/49576
2026-09-07 09:21:10,192 [DEBUG] core.argyll_runner: [argyll] Added 41724/49576
2026-09-07 09:21:10,356 [DEBUG] core.argyll_runner: [argyll] Added 41735/49576
2026-09-07 09:21:10,517 [DEBUG] core.argyll_runner: [argyll] Added 41746/49576
2026-09-07 09:21:10,679 [DEBUG] core.argyll_runner: [argyll] Added 41757/49576
2026-09-07 09:21:10,839 [DEBUG] core.argyll_runner: [argyll] Added 41768/49576
2026-09-07 09:21:11,000 [DEBUG] core.argyll_runner: [argyll] Added 41779/49576
2026-09-07 09:21:11,162 [DEBUG] core.argyll_runner: [argyll] Added 41790/49576
2026-09-07 09:21:11,323 [DEBUG] core.argyll_runner: [argyll] Added 41801/49576
2026-09-07 09:21:11,486 [DEBUG] core.argyll_runner: [argyll] Added 41812/49576
2026-09-07 09:21:11,647 [DEBUG] core.argyll_runner: [argyll] Added 41823/49576
2026-09-07 09:21:11,809 [DEBUG] core.argyll_runner: [argyll] Added 41834/49576
2026-09-07 09:21:11,970 [DEBUG] core.argyll_runner: [argyll] Added 41845/49576
2026-09-07 09:21:12,132 [DEBUG] core.argyll_runner: [argyll] Added 41856/49576
2026-09-07 09:21:12,299 [DEBUG] core.argyll_runner: [argyll] Added 41867/49576
2026-09-07 09:21:12,467 [DEBUG] core.argyll_runner: [argyll] Added 41878/49576
2026-09-07 09:21:12,631 [DEBUG] core.argyll_runner: [argyll] Added 41889/49576
2026-09-07 09:21:12,793 [DEBUG] core.argyll_runner: [argyll] Added 41900/49576
2026-09-07 09:21:12,956 [DEBUG] core.argyll_runner: [argyll] Added 41911/49576
2026-09-07 09:21:13,118 [DEBUG] core.argyll_runner: [argyll] Added 41922/49576
2026-09-07 09:21:13,281 [DEBUG] core.argyll_runner: [argyll] Added 41933/49576
2026-09-07 09:21:13,446 [DEBUG] core.argyll_runner: [argyll] Added 41944/49576
2026-09-07 09:21:13,609 [DEBUG] core.argyll_runner: [argyll] Added 41955/49576
2026-09-07 09:21:13,772 [DEBUG] core.argyll_runner: [argyll] Added 41966/49576
2026-09-07 09:21:13,935 [DEBUG] core.argyll_runner: [argyll] Added 41977/49576
2026-09-07 09:21:14,099 [DEBUG] core.argyll_runner: [argyll] Added 41988/49576
2026-09-07 09:21:14,264 [DEBUG] core.argyll_runner: [argyll] Added 41999/49576
2026-09-07 09:21:14,427 [DEBUG] core.argyll_runner: [argyll] Added 42010/49576
2026-09-07 09:21:14,590 [DEBUG] core.argyll_runner: [argyll] Added 42021/49576
2026-09-07 09:21:14,753 [DEBUG] core.argyll_runner: [argyll] Added 42032/49576
2026-09-07 09:21:14,916 [DEBUG] core.argyll_runner: [argyll] Added 42043/49576
2026-09-07 09:21:15,081 [DEBUG] core.argyll_runner: [argyll] Added 42054/49576
2026-09-07 09:21:15,245 [DEBUG] core.argyll_runner: [argyll] Added 42065/49576
2026-09-07 09:21:15,408 [DEBUG] core.argyll_runner: [argyll] Added 42076/49576
2026-09-07 09:21:15,573 [DEBUG] core.argyll_runner: [argyll] Added 42087/49576
2026-09-07 09:21:15,737 [DEBUG] core.argyll_runner: [argyll] Added 42098/49576
2026-09-07 09:21:15,902 [DEBUG] core.argyll_runner: [argyll] Added 42109/49576
2026-09-07 09:21:16,067 [DEBUG] core.argyll_runner: [argyll] Added 42120/49576
2026-09-07 09:21:16,237 [DEBUG] core.argyll_runner: [argyll] Added 42131/49576
2026-09-07 09:21:16,402 [DEBUG] core.argyll_runner: [argyll] Added 42142/49576
2026-09-07 09:21:16,567 [DEBUG] core.argyll_runner: [argyll] Added 42153/49576
2026-09-07 09:21:16,738 [DEBUG] core.argyll_runner: [argyll] Added 42164/49576
2026-09-07 09:21:16,907 [DEBUG] core.argyll_runner: [argyll] Added 42175/49576
2026-09-07 09:21:17,076 [DEBUG] core.argyll_runner: [argyll] Added 42186/49576
2026-09-07 09:21:17,246 [DEBUG] core.argyll_runner: [argyll] Added 42197/49576
2026-09-07 09:21:17,412 [DEBUG] core.argyll_runner: [argyll] Added 42208/49576
2026-09-07 09:21:17,582 [DEBUG] core.argyll_runner: [argyll] Added 42219/49576
2026-09-07 09:21:17,750 [DEBUG] core.argyll_runner: [argyll] Added 42230/49576
2026-09-07 09:21:17,919 [DEBUG] core.argyll_runner: [argyll] Added 42241/49576
2026-09-07 09:21:18,088 [DEBUG] core.argyll_runner: [argyll] Added 42252/49576
2026-09-07 09:21:18,257 [DEBUG] core.argyll_runner: [argyll] Added 42263/49576
2026-09-07 09:21:18,426 [DEBUG] core.argyll_runner: [argyll] Added 42274/49576
2026-09-07 09:21:18,596 [DEBUG] core.argyll_runner: [argyll] Added 42285/49576
2026-09-07 09:21:18,770 [DEBUG] core.argyll_runner: [argyll] Added 42296/49576
2026-09-07 09:21:18,939 [DEBUG] core.argyll_runner: [argyll] Added 42307/49576
2026-09-07 09:21:19,108 [DEBUG] core.argyll_runner: [argyll] Added 42318/49576
2026-09-07 09:21:19,276 [DEBUG] core.argyll_runner: [argyll] Added 42329/49576
2026-09-07 09:21:19,446 [DEBUG] core.argyll_runner: [argyll] Added 42340/49576
2026-09-07 09:21:19,614 [DEBUG] core.argyll_runner: [argyll] Added 42351/49576
2026-09-07 09:21:19,783 [DEBUG] core.argyll_runner: [argyll] Added 42362/49576
2026-09-07 09:21:19,953 [DEBUG] core.argyll_runner: [argyll] Added 42373/49576
2026-09-07 09:21:20,123 [DEBUG] core.argyll_runner: [argyll] Added 42384/49576
2026-09-07 09:21:20,292 [DEBUG] core.argyll_runner: [argyll] Added 42395/49576
2026-09-07 09:21:20,461 [DEBUG] core.argyll_runner: [argyll] Added 42406/49576
2026-09-07 09:21:20,631 [DEBUG] core.argyll_runner: [argyll] Added 42417/49576
2026-09-07 09:21:20,799 [DEBUG] core.argyll_runner: [argyll] Added 42428/49576
2026-09-07 09:21:20,970 [DEBUG] core.argyll_runner: [argyll] Added 42439/49576
2026-09-07 09:21:21,140 [DEBUG] core.argyll_runner: [argyll] Added 42450/49576
2026-09-07 09:21:21,310 [DEBUG] core.argyll_runner: [argyll] Added 42461/49576
2026-09-07 09:21:21,480 [DEBUG] core.argyll_runner: [argyll] Added 42472/49576
2026-09-07 09:21:21,653 [DEBUG] core.argyll_runner: [argyll] Added 42483/49576
2026-09-07 09:21:21,825 [DEBUG] core.argyll_runner: [argyll] Added 42494/49576
2026-09-07 09:21:21,997 [DEBUG] core.argyll_runner: [argyll] Added 42505/49576
2026-09-07 09:21:22,167 [DEBUG] core.argyll_runner: [argyll] Added 42516/49576
2026-09-07 09:21:22,338 [DEBUG] core.argyll_runner: [argyll] Added 42527/49576
2026-09-07 09:21:22,511 [DEBUG] core.argyll_runner: [argyll] Added 42538/49576
2026-09-07 09:21:22,682 [DEBUG] core.argyll_runner: [argyll] Added 42549/49576
2026-09-07 09:21:22,854 [DEBUG] core.argyll_runner: [argyll] Added 42560/49576
2026-09-07 09:21:23,027 [DEBUG] core.argyll_runner: [argyll] Added 42571/49576
2026-09-07 09:21:23,198 [DEBUG] core.argyll_runner: [argyll] Added 42582/49576
2026-09-07 09:21:23,370 [DEBUG] core.argyll_runner: [argyll] Added 42593/49576
2026-09-07 09:21:23,543 [DEBUG] core.argyll_runner: [argyll] Added 42604/49576
2026-09-07 09:21:23,717 [DEBUG] core.argyll_runner: [argyll] Added 42615/49576
2026-09-07 09:21:23,891 [DEBUG] core.argyll_runner: [argyll] Added 42626/49576
2026-09-07 09:21:24,065 [DEBUG] core.argyll_runner: [argyll] Added 42637/49576
2026-09-07 09:21:24,237 [DEBUG] core.argyll_runner: [argyll] Added 42648/49576
2026-09-07 09:21:24,411 [DEBUG] core.argyll_runner: [argyll] Added 42659/49576
2026-09-07 09:21:24,586 [DEBUG] core.argyll_runner: [argyll] Added 42670/49576
2026-09-07 09:21:24,760 [DEBUG] core.argyll_runner: [argyll] Added 42681/49576
2026-09-07 09:21:24,934 [DEBUG] core.argyll_runner: [argyll] Added 42692/49576
2026-09-07 09:21:25,108 [DEBUG] core.argyll_runner: [argyll] Added 42703/49576
2026-09-07 09:21:25,282 [DEBUG] core.argyll_runner: [argyll] Added 42714/49576
2026-09-07 09:21:25,455 [DEBUG] core.argyll_runner: [argyll] Added 42725/49576
2026-09-07 09:21:25,629 [DEBUG] core.argyll_runner: [argyll] Added 42736/49576
2026-09-07 09:21:25,804 [DEBUG] core.argyll_runner: [argyll] Added 42747/49576
2026-09-07 09:21:25,979 [DEBUG] core.argyll_runner: [argyll] Added 42758/49576
2026-09-07 09:21:26,153 [DEBUG] core.argyll_runner: [argyll] Added 42769/49576
2026-09-07 09:21:26,327 [DEBUG] core.argyll_runner: [argyll] Added 42780/49576
2026-09-07 09:21:26,501 [DEBUG] core.argyll_runner: [argyll] Added 42791/49576
2026-09-07 09:21:26,677 [DEBUG] core.argyll_runner: [argyll] Added 42802/49576
2026-09-07 09:21:26,853 [DEBUG] core.argyll_runner: [argyll] Added 42813/49576
2026-09-07 09:21:27,027 [DEBUG] core.argyll_runner: [argyll] Added 42824/49576
2026-09-07 09:21:27,202 [DEBUG] core.argyll_runner: [argyll] Added 42835/49576
2026-09-07 09:21:27,377 [DEBUG] core.argyll_runner: [argyll] Added 42846/49576
2026-09-07 09:21:27,554 [DEBUG] core.argyll_runner: [argyll] Added 42857/49576
2026-09-07 09:21:27,731 [DEBUG] core.argyll_runner: [argyll] Added 42868/49576
2026-09-07 09:21:27,906 [DEBUG] core.argyll_runner: [argyll] Added 42879/49576
2026-09-07 09:21:28,081 [DEBUG] core.argyll_runner: [argyll] Added 42890/49576
2026-09-07 09:21:28,256 [DEBUG] core.argyll_runner: [argyll] Added 42901/49576
2026-09-07 09:21:28,432 [DEBUG] core.argyll_runner: [argyll] Added 42912/49576
2026-09-07 09:21:28,609 [DEBUG] core.argyll_runner: [argyll] Added 42923/49576
2026-09-07 09:21:28,785 [DEBUG] core.argyll_runner: [argyll] Added 42934/49576
2026-09-07 09:21:28,961 [DEBUG] core.argyll_runner: [argyll] Added 42945/49576
2026-09-07 09:21:29,137 [DEBUG] core.argyll_runner: [argyll] Added 42956/49576
2026-09-07 09:21:29,313 [DEBUG] core.argyll_runner: [argyll] Added 42967/49576
2026-09-07 09:21:29,491 [DEBUG] core.argyll_runner: [argyll] Added 42978/49576
2026-09-07 09:21:29,668 [DEBUG] core.argyll_runner: [argyll] Added 42989/49576
2026-09-07 09:21:29,844 [DEBUG] core.argyll_runner: [argyll] Added 43000/49576
2026-09-07 09:21:30,021 [DEBUG] core.argyll_runner: [argyll] Added 43011/49576
2026-09-07 09:21:30,198 [DEBUG] core.argyll_runner: [argyll] Added 43022/49576
2026-09-07 09:21:30,375 [DEBUG] core.argyll_runner: [argyll] Added 43033/49576
2026-09-07 09:21:30,555 [DEBUG] core.argyll_runner: [argyll] Added 43044/49576
2026-09-07 09:21:30,734 [DEBUG] core.argyll_runner: [argyll] Added 43055/49576
2026-09-07 09:21:30,912 [DEBUG] core.argyll_runner: [argyll] Added 43066/49576
2026-09-07 09:21:31,085 [DEBUG] core.argyll_runner: [argyll] Added 43077/49576
2026-09-07 09:21:31,254 [DEBUG] core.argyll_runner: [argyll] Added 43088/49576
2026-09-07 09:21:31,423 [DEBUG] core.argyll_runner: [argyll] Added 43099/49576
2026-09-07 09:21:31,593 [DEBUG] core.argyll_runner: [argyll] Added 43110/49576
2026-09-07 09:21:31,762 [DEBUG] core.argyll_runner: [argyll] Added 43121/49576
2026-09-07 09:21:31,931 [DEBUG] core.argyll_runner: [argyll] Added 43132/49576
2026-09-07 09:21:32,100 [DEBUG] core.argyll_runner: [argyll] Added 43143/49576
2026-09-07 09:21:32,269 [DEBUG] core.argyll_runner: [argyll] Added 43154/49576
2026-09-07 09:21:32,439 [DEBUG] core.argyll_runner: [argyll] Added 43165/49576
2026-09-07 09:21:32,609 [DEBUG] core.argyll_runner: [argyll] Added 43176/49576
2026-09-07 09:21:32,778 [DEBUG] core.argyll_runner: [argyll] Added 43187/49576
2026-09-07 09:21:32,948 [DEBUG] core.argyll_runner: [argyll] Added 43198/49576
2026-09-07 09:21:33,117 [DEBUG] core.argyll_runner: [argyll] Added 43209/49576
2026-09-07 09:21:33,287 [DEBUG] core.argyll_runner: [argyll] Added 43220/49576
2026-09-07 09:21:33,457 [DEBUG] core.argyll_runner: [argyll] Added 43231/49576
2026-09-07 09:21:33,628 [DEBUG] core.argyll_runner: [argyll] Added 43242/49576
2026-09-07 09:21:33,799 [DEBUG] core.argyll_runner: [argyll] Added 43253/49576
2026-09-07 09:21:33,973 [DEBUG] core.argyll_runner: [argyll] Added 43264/49576
2026-09-07 09:21:34,148 [DEBUG] core.argyll_runner: [argyll] Added 43275/49576
2026-09-07 09:21:34,319 [DEBUG] core.argyll_runner: [argyll] Added 43286/49576
2026-09-07 09:21:34,490 [DEBUG] core.argyll_runner: [argyll] Added 43297/49576
2026-09-07 09:21:34,661 [DEBUG] core.argyll_runner: [argyll] Added 43308/49576
2026-09-07 09:21:34,832 [DEBUG] core.argyll_runner: [argyll] Added 43319/49576
2026-09-07 09:21:35,003 [DEBUG] core.argyll_runner: [argyll] Added 43330/49576
2026-09-07 09:21:35,174 [DEBUG] core.argyll_runner: [argyll] Added 43341/49576
2026-09-07 09:21:35,346 [DEBUG] core.argyll_runner: [argyll] Added 43352/49576
2026-09-07 09:21:35,518 [DEBUG] core.argyll_runner: [argyll] Added 43363/49576
2026-09-07 09:21:35,689 [DEBUG] core.argyll_runner: [argyll] Added 43374/49576
2026-09-07 09:21:35,861 [DEBUG] core.argyll_runner: [argyll] Added 43385/49576
2026-09-07 09:21:36,032 [DEBUG] core.argyll_runner: [argyll] Added 43396/49576
2026-09-07 09:21:36,204 [DEBUG] core.argyll_runner: [argyll] Added 43407/49576
2026-09-07 09:21:36,378 [DEBUG] core.argyll_runner: [argyll] Added 43418/49576
2026-09-07 09:21:36,551 [DEBUG] core.argyll_runner: [argyll] Added 43429/49576
2026-09-07 09:21:36,723 [DEBUG] core.argyll_runner: [argyll] Added 43440/49576
2026-09-07 09:21:36,896 [DEBUG] core.argyll_runner: [argyll] Added 43451/49576
2026-09-07 09:21:37,069 [DEBUG] core.argyll_runner: [argyll] Added 43462/49576
2026-09-07 09:21:37,243 [DEBUG] core.argyll_runner: [argyll] Added 43473/49576
2026-09-07 09:21:37,418 [DEBUG] core.argyll_runner: [argyll] Added 43484/49576
2026-09-07 09:21:37,592 [DEBUG] core.argyll_runner: [argyll] Added 43495/49576
2026-09-07 09:21:37,769 [DEBUG] core.argyll_runner: [argyll] Added 43506/49576
2026-09-07 09:21:37,945 [DEBUG] core.argyll_runner: [argyll] Added 43517/49576
2026-09-07 09:21:38,120 [DEBUG] core.argyll_runner: [argyll] Added 43528/49576
2026-09-07 09:21:38,295 [DEBUG] core.argyll_runner: [argyll] Added 43539/49576
2026-09-07 09:21:38,469 [DEBUG] core.argyll_runner: [argyll] Added 43550/49576
2026-09-07 09:21:38,643 [DEBUG] core.argyll_runner: [argyll] Added 43561/49576
2026-09-07 09:21:38,819 [DEBUG] core.argyll_runner: [argyll] Added 43572/49576
2026-09-07 09:21:38,994 [DEBUG] core.argyll_runner: [argyll] Added 43583/49576
2026-09-07 09:21:39,169 [DEBUG] core.argyll_runner: [argyll] Added 43594/49576
2026-09-07 09:21:39,343 [DEBUG] core.argyll_runner: [argyll] Added 43605/49576
2026-09-07 09:21:39,519 [DEBUG] core.argyll_runner: [argyll] Added 43616/49576
2026-09-07 09:21:39,692 [DEBUG] core.argyll_runner: [argyll] Added 43627/49576
2026-09-07 09:21:39,866 [DEBUG] core.argyll_runner: [argyll] Added 43638/49576
2026-09-07 09:21:40,044 [DEBUG] core.argyll_runner: [argyll] Added 43649/49576
2026-09-07 09:21:40,219 [DEBUG] core.argyll_runner: [argyll] Added 43660/49576
2026-09-07 09:21:40,393 [DEBUG] core.argyll_runner: [argyll] Added 43671/49576
2026-09-07 09:21:40,569 [DEBUG] core.argyll_runner: [argyll] Added 43682/49576
2026-09-07 09:21:40,746 [DEBUG] core.argyll_runner: [argyll] Added 43693/49576
2026-09-07 09:21:40,922 [DEBUG] core.argyll_runner: [argyll] Added 43704/49576
2026-09-07 09:21:41,098 [DEBUG] core.argyll_runner: [argyll] Added 43715/49576
2026-09-07 09:21:41,273 [DEBUG] core.argyll_runner: [argyll] Added 43726/49576
2026-09-07 09:21:41,449 [DEBUG] core.argyll_runner: [argyll] Added 43737/49576
2026-09-07 09:21:41,625 [DEBUG] core.argyll_runner: [argyll] Added 43748/49576
2026-09-07 09:21:41,801 [DEBUG] core.argyll_runner: [argyll] Added 43759/49576
2026-09-07 09:21:41,977 [DEBUG] core.argyll_runner: [argyll] Added 43770/49576
2026-09-07 09:21:42,153 [DEBUG] core.argyll_runner: [argyll] Added 43781/49576
2026-09-07 09:21:42,330 [DEBUG] core.argyll_runner: [argyll] Added 43792/49576
2026-09-07 09:21:42,507 [DEBUG] core.argyll_runner: [argyll] Added 43803/49576
2026-09-07 09:21:42,683 [DEBUG] core.argyll_runner: [argyll] Added 43814/49576
2026-09-07 09:21:42,860 [DEBUG] core.argyll_runner: [argyll] Added 43825/49576
2026-09-07 09:21:43,036 [DEBUG] core.argyll_runner: [argyll] Added 43836/49576
2026-09-07 09:21:43,213 [DEBUG] core.argyll_runner: [argyll] Added 43847/49576
2026-09-07 09:21:43,389 [DEBUG] core.argyll_runner: [argyll] Added 43858/49576
2026-09-07 09:21:43,566 [DEBUG] core.argyll_runner: [argyll] Added 43869/49576
2026-09-07 09:21:43,743 [DEBUG] core.argyll_runner: [argyll] Added 43880/49576
2026-09-07 09:21:43,922 [DEBUG] core.argyll_runner: [argyll] Added 43891/49576
2026-09-07 09:21:44,099 [DEBUG] core.argyll_runner: [argyll] Added 43902/49576
2026-09-07 09:21:44,279 [DEBUG] core.argyll_runner: [argyll] Added 43913/49576
2026-09-07 09:21:44,459 [DEBUG] core.argyll_runner: [argyll] Added 43924/49576
2026-09-07 09:21:44,640 [DEBUG] core.argyll_runner: [argyll] Added 43935/49576
2026-09-07 09:21:44,819 [DEBUG] core.argyll_runner: [argyll] Added 43946/49576
2026-09-07 09:21:44,998 [DEBUG] core.argyll_runner: [argyll] Added 43957/49576
2026-09-07 09:21:45,177 [DEBUG] core.argyll_runner: [argyll] Added 43968/49576
2026-09-07 09:21:45,361 [DEBUG] core.argyll_runner: [argyll] Added 43979/49576
2026-09-07 09:21:45,546 [DEBUG] core.argyll_runner: [argyll] Added 43990/49576
2026-09-07 09:21:45,731 [DEBUG] core.argyll_runner: [argyll] Added 44001/49576
2026-09-07 09:21:45,911 [DEBUG] core.argyll_runner: [argyll] Added 44012/49576
2026-09-07 09:21:46,090 [DEBUG] core.argyll_runner: [argyll] Added 44023/49576
2026-09-07 09:21:46,272 [DEBUG] core.argyll_runner: [argyll] Added 44034/49576
2026-09-07 09:21:46,455 [DEBUG] core.argyll_runner: [argyll] Added 44045/49576
2026-09-07 09:21:46,636 [DEBUG] core.argyll_runner: [argyll] Added 44056/49576
2026-09-07 09:21:46,816 [DEBUG] core.argyll_runner: [argyll] Added 44067/49576
2026-09-07 09:21:46,996 [DEBUG] core.argyll_runner: [argyll] Added 44078/49576
2026-09-07 09:21:47,180 [DEBUG] core.argyll_runner: [argyll] Added 44089/49576
2026-09-07 09:21:47,366 [DEBUG] core.argyll_runner: [argyll] Added 44100/49576
2026-09-07 09:21:47,551 [DEBUG] core.argyll_runner: [argyll] Added 44111/49576
2026-09-07 09:21:47,740 [DEBUG] core.argyll_runner: [argyll] Added 44122/49576
2026-09-07 09:21:47,933 [DEBUG] core.argyll_runner: [argyll] Added 44133/49576
2026-09-07 09:21:48,125 [DEBUG] core.argyll_runner: [argyll] Added 44144/49576
2026-09-07 09:21:48,311 [DEBUG] core.argyll_runner: [argyll] Added 44155/49576
2026-09-07 09:21:48,500 [DEBUG] core.argyll_runner: [argyll] Added 44166/49576
2026-09-07 09:21:48,686 [DEBUG] core.argyll_runner: [argyll] Added 44177/49576
2026-09-07 09:21:48,868 [DEBUG] core.argyll_runner: [argyll] Added 44188/49576
2026-09-07 09:21:49,050 [DEBUG] core.argyll_runner: [argyll] Added 44199/49576
2026-09-07 09:21:49,234 [DEBUG] core.argyll_runner: [argyll] Added 44210/49576
2026-09-07 09:21:49,418 [DEBUG] core.argyll_runner: [argyll] Added 44221/49576
2026-09-07 09:21:49,605 [DEBUG] core.argyll_runner: [argyll] Added 44232/49576
2026-09-07 09:21:49,791 [DEBUG] core.argyll_runner: [argyll] Added 44243/49576
2026-09-07 09:21:49,975 [DEBUG] core.argyll_runner: [argyll] Added 44254/49576
2026-09-07 09:21:50,159 [DEBUG] core.argyll_runner: [argyll] Added 44265/49576
2026-09-07 09:21:50,344 [DEBUG] core.argyll_runner: [argyll] Added 44276/49576
2026-09-07 09:21:50,528 [DEBUG] core.argyll_runner: [argyll] Added 44287/49576
2026-09-07 09:21:50,712 [DEBUG] core.argyll_runner: [argyll] Added 44298/49576
2026-09-07 09:21:50,896 [DEBUG] core.argyll_runner: [argyll] Added 44309/49576
2026-09-07 09:21:51,080 [DEBUG] core.argyll_runner: [argyll] Added 44320/49576
2026-09-07 09:21:51,266 [DEBUG] core.argyll_runner: [argyll] Added 44331/49576
2026-09-07 09:21:51,450 [DEBUG] core.argyll_runner: [argyll] Added 44342/49576
2026-09-07 09:21:51,635 [DEBUG] core.argyll_runner: [argyll] Added 44353/49576
2026-09-07 09:21:51,819 [DEBUG] core.argyll_runner: [argyll] Added 44364/49576
2026-09-07 09:21:52,004 [DEBUG] core.argyll_runner: [argyll] Added 44375/49576
2026-09-07 09:21:52,188 [DEBUG] core.argyll_runner: [argyll] Added 44386/49576
2026-09-07 09:21:52,374 [DEBUG] core.argyll_runner: [argyll] Added 44397/49576
2026-09-07 09:21:52,564 [DEBUG] core.argyll_runner: [argyll] Added 44408/49576
2026-09-07 09:21:52,750 [DEBUG] core.argyll_runner: [argyll] Added 44419/49576
2026-09-07 09:21:52,935 [DEBUG] core.argyll_runner: [argyll] Added 44430/49576
2026-09-07 09:21:53,122 [DEBUG] core.argyll_runner: [argyll] Added 44441/49576
2026-09-07 09:21:53,309 [DEBUG] core.argyll_runner: [argyll] Added 44452/49576
2026-09-07 09:21:53,496 [DEBUG] core.argyll_runner: [argyll] Added 44463/49576
2026-09-07 09:21:53,687 [DEBUG] core.argyll_runner: [argyll] Added 44474/49576
2026-09-07 09:21:53,874 [DEBUG] core.argyll_runner: [argyll] Added 44485/49576
2026-09-07 09:21:54,062 [DEBUG] core.argyll_runner: [argyll] Added 44496/49576
2026-09-07 09:21:54,251 [DEBUG] core.argyll_runner: [argyll] Added 44507/49576
2026-09-07 09:21:54,436 [DEBUG] core.argyll_runner: [argyll] Added 44518/49576
2026-09-07 09:21:54,623 [DEBUG] core.argyll_runner: [argyll] Added 44529/49576
2026-09-07 09:21:54,808 [DEBUG] core.argyll_runner: [argyll] Added 44540/49576
2026-09-07 09:21:54,994 [DEBUG] core.argyll_runner: [argyll] Added 44551/49576
2026-09-07 09:21:55,182 [DEBUG] core.argyll_runner: [argyll] Added 44562/49576
2026-09-07 09:21:55,373 [DEBUG] core.argyll_runner: [argyll] Added 44573/49576
2026-09-07 09:21:55,560 [DEBUG] core.argyll_runner: [argyll] Added 44584/49576
2026-09-07 09:21:55,748 [DEBUG] core.argyll_runner: [argyll] Added 44595/49576
2026-09-07 09:21:55,936 [DEBUG] core.argyll_runner: [argyll] Added 44606/49576
2026-09-07 09:21:56,125 [DEBUG] core.argyll_runner: [argyll] Added 44617/49576
2026-09-07 09:21:56,313 [DEBUG] core.argyll_runner: [argyll] Added 44628/49576
2026-09-07 09:21:56,500 [DEBUG] core.argyll_runner: [argyll] Added 44639/49576
2026-09-07 09:21:56,689 [DEBUG] core.argyll_runner: [argyll] Added 44650/49576
2026-09-07 09:21:56,877 [DEBUG] core.argyll_runner: [argyll] Added 44661/49576
2026-09-07 09:21:57,066 [DEBUG] core.argyll_runner: [argyll] Added 44672/49576
2026-09-07 09:21:57,253 [DEBUG] core.argyll_runner: [argyll] Added 44683/49576
2026-09-07 09:21:57,441 [DEBUG] core.argyll_runner: [argyll] Added 44694/49576
2026-09-07 09:21:57,629 [DEBUG] core.argyll_runner: [argyll] Added 44705/49576
2026-09-07 09:21:57,816 [DEBUG] core.argyll_runner: [argyll] Added 44716/49576
2026-09-07 09:21:58,005 [DEBUG] core.argyll_runner: [argyll] Added 44727/49576
2026-09-07 09:21:58,195 [DEBUG] core.argyll_runner: [argyll] Added 44738/49576
2026-09-07 09:21:58,383 [DEBUG] core.argyll_runner: [argyll] Added 44749/49576
2026-09-07 09:21:58,571 [DEBUG] core.argyll_runner: [argyll] Added 44760/49576
2026-09-07 09:21:58,759 [DEBUG] core.argyll_runner: [argyll] Added 44771/49576
2026-09-07 09:21:58,948 [DEBUG] core.argyll_runner: [argyll] Added 44782/49576
2026-09-07 09:21:59,137 [DEBUG] core.argyll_runner: [argyll] Added 44793/49576
2026-09-07 09:21:59,325 [DEBUG] core.argyll_runner: [argyll] Added 44804/49576
2026-09-07 09:21:59,509 [DEBUG] core.argyll_runner: [argyll] Added 44815/49576
2026-09-07 09:21:59,690 [DEBUG] core.argyll_runner: [argyll] Added 44826/49576
2026-09-07 09:21:59,870 [DEBUG] core.argyll_runner: [argyll] Added 44837/49576
2026-09-07 09:22:00,051 [DEBUG] core.argyll_runner: [argyll] Added 44848/49576
2026-09-07 09:22:00,230 [DEBUG] core.argyll_runner: [argyll] Added 44859/49576
2026-09-07 09:22:00,409 [DEBUG] core.argyll_runner: [argyll] Added 44870/49576
2026-09-07 09:22:00,590 [DEBUG] core.argyll_runner: [argyll] Added 44881/49576
2026-09-07 09:22:00,770 [DEBUG] core.argyll_runner: [argyll] Added 44892/49576
2026-09-07 09:22:00,952 [DEBUG] core.argyll_runner: [argyll] Added 44903/49576
2026-09-07 09:22:01,132 [DEBUG] core.argyll_runner: [argyll] Added 44914/49576
2026-09-07 09:22:01,313 [DEBUG] core.argyll_runner: [argyll] Added 44925/49576
2026-09-07 09:22:01,493 [DEBUG] core.argyll_runner: [argyll] Added 44936/49576
2026-09-07 09:22:01,675 [DEBUG] core.argyll_runner: [argyll] Added 44947/49576
2026-09-07 09:22:01,857 [DEBUG] core.argyll_runner: [argyll] Added 44958/49576
2026-09-07 09:22:02,038 [DEBUG] core.argyll_runner: [argyll] Added 44969/49576
2026-09-07 09:22:02,218 [DEBUG] core.argyll_runner: [argyll] Added 44980/49576
2026-09-07 09:22:02,399 [DEBUG] core.argyll_runner: [argyll] Added 44991/49576
2026-09-07 09:22:02,581 [DEBUG] core.argyll_runner: [argyll] Added 45002/49576
2026-09-07 09:22:02,763 [DEBUG] core.argyll_runner: [argyll] Added 45013/49576
2026-09-07 09:22:02,947 [DEBUG] core.argyll_runner: [argyll] Added 45024/49576
2026-09-07 09:22:03,131 [DEBUG] core.argyll_runner: [argyll] Added 45035/49576
2026-09-07 09:22:03,315 [DEBUG] core.argyll_runner: [argyll] Added 45046/49576
2026-09-07 09:22:03,499 [DEBUG] core.argyll_runner: [argyll] Added 45057/49576
2026-09-07 09:22:03,684 [DEBUG] core.argyll_runner: [argyll] Added 45068/49576
2026-09-07 09:22:03,868 [DEBUG] core.argyll_runner: [argyll] Added 45079/49576
2026-09-07 09:22:04,050 [DEBUG] core.argyll_runner: [argyll] Added 45090/49576
2026-09-07 09:22:04,234 [DEBUG] core.argyll_runner: [argyll] Added 45101/49576
2026-09-07 09:22:04,417 [DEBUG] core.argyll_runner: [argyll] Added 45112/49576
2026-09-07 09:22:04,601 [DEBUG] core.argyll_runner: [argyll] Added 45123/49576
2026-09-07 09:22:04,786 [DEBUG] core.argyll_runner: [argyll] Added 45134/49576
2026-09-07 09:22:04,970 [DEBUG] core.argyll_runner: [argyll] Added 45145/49576
2026-09-07 09:22:05,154 [DEBUG] core.argyll_runner: [argyll] Added 45156/49576
2026-09-07 09:22:05,337 [DEBUG] core.argyll_runner: [argyll] Added 45167/49576
2026-09-07 09:22:05,522 [DEBUG] core.argyll_runner: [argyll] Added 45178/49576
2026-09-07 09:22:05,707 [DEBUG] core.argyll_runner: [argyll] Added 45189/49576
2026-09-07 09:22:05,891 [DEBUG] core.argyll_runner: [argyll] Added 45200/49576
2026-09-07 09:22:06,075 [DEBUG] core.argyll_runner: [argyll] Added 45211/49576
2026-09-07 09:22:06,259 [DEBUG] core.argyll_runner: [argyll] Added 45222/49576
2026-09-07 09:22:06,444 [DEBUG] core.argyll_runner: [argyll] Added 45233/49576
2026-09-07 09:22:06,629 [DEBUG] core.argyll_runner: [argyll] Added 45244/49576
2026-09-07 09:22:06,813 [DEBUG] core.argyll_runner: [argyll] Added 45255/49576
2026-09-07 09:22:06,998 [DEBUG] core.argyll_runner: [argyll] Added 45266/49576
2026-09-07 09:22:07,184 [DEBUG] core.argyll_runner: [argyll] Added 45277/49576
2026-09-07 09:22:07,369 [DEBUG] core.argyll_runner: [argyll] Added 45288/49576
2026-09-07 09:22:07,555 [DEBUG] core.argyll_runner: [argyll] Added 45299/49576
2026-09-07 09:22:07,740 [DEBUG] core.argyll_runner: [argyll] Added 45310/49576
2026-09-07 09:22:07,928 [DEBUG] core.argyll_runner: [argyll] Added 45321/49576
2026-09-07 09:22:08,113 [DEBUG] core.argyll_runner: [argyll] Added 45332/49576
2026-09-07 09:22:08,298 [DEBUG] core.argyll_runner: [argyll] Added 45343/49576
2026-09-07 09:22:08,485 [DEBUG] core.argyll_runner: [argyll] Added 45354/49576
2026-09-07 09:22:08,672 [DEBUG] core.argyll_runner: [argyll] Added 45365/49576
2026-09-07 09:22:08,858 [DEBUG] core.argyll_runner: [argyll] Added 45376/49576
2026-09-07 09:22:09,044 [DEBUG] core.argyll_runner: [argyll] Added 45387/49576
2026-09-07 09:22:09,230 [DEBUG] core.argyll_runner: [argyll] Added 45398/49576
2026-09-07 09:22:09,417 [DEBUG] core.argyll_runner: [argyll] Added 45409/49576
2026-09-07 09:22:09,605 [DEBUG] core.argyll_runner: [argyll] Added 45420/49576
2026-09-07 09:22:09,792 [DEBUG] core.argyll_runner: [argyll] Added 45431/49576
2026-09-07 09:22:09,986 [DEBUG] core.argyll_runner: [argyll] Added 45442/49576
2026-09-07 09:22:10,180 [DEBUG] core.argyll_runner: [argyll] Added 45453/49576
2026-09-07 09:22:10,370 [DEBUG] core.argyll_runner: [argyll] Added 45464/49576
2026-09-07 09:22:10,563 [DEBUG] core.argyll_runner: [argyll] Added 45475/49576
2026-09-07 09:22:10,754 [DEBUG] core.argyll_runner: [argyll] Added 45486/49576
2026-09-07 09:22:10,941 [DEBUG] core.argyll_runner: [argyll] Added 45497/49576
2026-09-07 09:22:11,129 [DEBUG] core.argyll_runner: [argyll] Added 45508/49576
2026-09-07 09:22:11,319 [DEBUG] core.argyll_runner: [argyll] Added 45519/49576
2026-09-07 09:22:11,508 [DEBUG] core.argyll_runner: [argyll] Added 45530/49576
2026-09-07 09:22:11,697 [DEBUG] core.argyll_runner: [argyll] Added 45541/49576
2026-09-07 09:22:11,886 [DEBUG] core.argyll_runner: [argyll] Added 45552/49576
2026-09-07 09:22:12,075 [DEBUG] core.argyll_runner: [argyll] Added 45563/49576
2026-09-07 09:22:12,265 [DEBUG] core.argyll_runner: [argyll] Added 45574/49576
2026-09-07 09:22:12,455 [DEBUG] core.argyll_runner: [argyll] Added 45585/49576
2026-09-07 09:22:12,645 [DEBUG] core.argyll_runner: [argyll] Added 45596/49576
2026-09-07 09:22:12,834 [DEBUG] core.argyll_runner: [argyll] Added 45607/49576
2026-09-07 09:22:13,023 [DEBUG] core.argyll_runner: [argyll] Added 45618/49576
2026-09-07 09:22:13,213 [DEBUG] core.argyll_runner: [argyll] Added 45629/49576
2026-09-07 09:22:13,403 [DEBUG] core.argyll_runner: [argyll] Added 45640/49576
2026-09-07 09:22:13,592 [DEBUG] core.argyll_runner: [argyll] Added 45651/49576
2026-09-07 09:22:13,782 [DEBUG] core.argyll_runner: [argyll] Added 45662/49576
2026-09-07 09:22:13,971 [DEBUG] core.argyll_runner: [argyll] Added 45673/49576
2026-09-07 09:22:14,162 [DEBUG] core.argyll_runner: [argyll] Added 45684/49576
2026-09-07 09:22:14,352 [DEBUG] core.argyll_runner: [argyll] Added 45695/49576
2026-09-07 09:22:14,542 [DEBUG] core.argyll_runner: [argyll] Added 45706/49576
2026-09-07 09:22:14,733 [DEBUG] core.argyll_runner: [argyll] Added 45717/49576
2026-09-07 09:22:14,926 [DEBUG] core.argyll_runner: [argyll] Added 45728/49576
2026-09-07 09:22:15,117 [DEBUG] core.argyll_runner: [argyll] Added 45739/49576
2026-09-07 09:22:15,308 [DEBUG] core.argyll_runner: [argyll] Added 45750/49576
2026-09-07 09:22:15,499 [DEBUG] core.argyll_runner: [argyll] Added 45761/49576
2026-09-07 09:22:15,692 [DEBUG] core.argyll_runner: [argyll] Added 45772/49576
2026-09-07 09:22:15,883 [DEBUG] core.argyll_runner: [argyll] Added 45783/49576
2026-09-07 09:22:16,076 [DEBUG] core.argyll_runner: [argyll] Added 45794/49576
2026-09-07 09:22:16,272 [DEBUG] core.argyll_runner: [argyll] Added 45805/49576
2026-09-07 09:22:16,466 [DEBUG] core.argyll_runner: [argyll] Added 45816/49576
2026-09-07 09:22:16,661 [DEBUG] core.argyll_runner: [argyll] Added 45827/49576
2026-09-07 09:22:16,856 [DEBUG] core.argyll_runner: [argyll] Added 45838/49576
2026-09-07 09:22:17,052 [DEBUG] core.argyll_runner: [argyll] Added 45849/49576
2026-09-07 09:22:17,247 [DEBUG] core.argyll_runner: [argyll] Added 45860/49576
2026-09-07 09:22:17,440 [DEBUG] core.argyll_runner: [argyll] Added 45871/49576
2026-09-07 09:22:17,635 [DEBUG] core.argyll_runner: [argyll] Added 45882/49576
2026-09-07 09:22:17,830 [DEBUG] core.argyll_runner: [argyll] Added 45893/49576
2026-09-07 09:22:18,025 [DEBUG] core.argyll_runner: [argyll] Added 45904/49576
2026-09-07 09:22:18,220 [DEBUG] core.argyll_runner: [argyll] Added 45915/49576
2026-09-07 09:22:18,415 [DEBUG] core.argyll_runner: [argyll] Added 45926/49576
2026-09-07 09:22:18,610 [DEBUG] core.argyll_runner: [argyll] Added 45937/49576
2026-09-07 09:22:18,805 [DEBUG] core.argyll_runner: [argyll] Added 45948/49576
2026-09-07 09:22:19,000 [DEBUG] core.argyll_runner: [argyll] Added 45959/49576
2026-09-07 09:22:19,195 [DEBUG] core.argyll_runner: [argyll] Added 45970/49576
2026-09-07 09:22:19,389 [DEBUG] core.argyll_runner: [argyll] Added 45981/49576
2026-09-07 09:22:19,584 [DEBUG] core.argyll_runner: [argyll] Added 45992/49576
2026-09-07 09:22:19,779 [DEBUG] core.argyll_runner: [argyll] Added 46003/49576
2026-09-07 09:22:19,974 [DEBUG] core.argyll_runner: [argyll] Added 46014/49576
2026-09-07 09:22:20,170 [DEBUG] core.argyll_runner: [argyll] Added 46025/49576
2026-09-07 09:22:20,365 [DEBUG] core.argyll_runner: [argyll] Added 46036/49576
2026-09-07 09:22:20,560 [DEBUG] core.argyll_runner: [argyll] Added 46047/49576
2026-09-07 09:22:20,756 [DEBUG] core.argyll_runner: [argyll] Added 46058/49576
2026-09-07 09:22:20,953 [DEBUG] core.argyll_runner: [argyll] Added 46069/49576
2026-09-07 09:22:21,149 [DEBUG] core.argyll_runner: [argyll] Added 46080/49576
2026-09-07 09:22:21,345 [DEBUG] core.argyll_runner: [argyll] Added 46091/49576
2026-09-07 09:22:21,541 [DEBUG] core.argyll_runner: [argyll] Added 46102/49576
2026-09-07 09:22:21,741 [DEBUG] core.argyll_runner: [argyll] Added 46113/49576
2026-09-07 09:22:21,937 [DEBUG] core.argyll_runner: [argyll] Added 46124/49576
2026-09-07 09:22:22,133 [DEBUG] core.argyll_runner: [argyll] Added 46135/49576
2026-09-07 09:22:22,329 [DEBUG] core.argyll_runner: [argyll] Added 46146/49576
2026-09-07 09:22:22,526 [DEBUG] core.argyll_runner: [argyll] Added 46157/49576
2026-09-07 09:22:22,723 [DEBUG] core.argyll_runner: [argyll] Added 46168/49576
2026-09-07 09:22:22,921 [DEBUG] core.argyll_runner: [argyll] Added 46179/49576
2026-09-07 09:22:23,120 [DEBUG] core.argyll_runner: [argyll] Added 46190/49576
2026-09-07 09:22:23,317 [DEBUG] core.argyll_runner: [argyll] Added 46201/49576
2026-09-07 09:22:23,514 [DEBUG] core.argyll_runner: [argyll] Added 46212/49576
2026-09-07 09:22:23,713 [DEBUG] core.argyll_runner: [argyll] Added 46223/49576
2026-09-07 09:22:23,910 [DEBUG] core.argyll_runner: [argyll] Added 46234/49576
2026-09-07 09:22:24,107 [DEBUG] core.argyll_runner: [argyll] Added 46245/49576
2026-09-07 09:22:24,304 [DEBUG] core.argyll_runner: [argyll] Added 46256/49576
2026-09-07 09:22:24,502 [DEBUG] core.argyll_runner: [argyll] Added 46267/49576
2026-09-07 09:22:24,701 [DEBUG] core.argyll_runner: [argyll] Added 46278/49576
2026-09-07 09:22:24,899 [DEBUG] core.argyll_runner: [argyll] Added 46289/49576
2026-09-07 09:22:25,099 [DEBUG] core.argyll_runner: [argyll] Added 46300/49576
2026-09-07 09:22:25,297 [DEBUG] core.argyll_runner: [argyll] Added 46311/49576
2026-09-07 09:22:25,497 [DEBUG] core.argyll_runner: [argyll] Added 46322/49576
2026-09-07 09:22:25,696 [DEBUG] core.argyll_runner: [argyll] Added 46333/49576
2026-09-07 09:22:25,894 [DEBUG] core.argyll_runner: [argyll] Added 46344/49576
2026-09-07 09:22:26,093 [DEBUG] core.argyll_runner: [argyll] Added 46355/49576
2026-09-07 09:22:26,291 [DEBUG] core.argyll_runner: [argyll] Added 46366/49576
2026-09-07 09:22:26,490 [DEBUG] core.argyll_runner: [argyll] Added 46377/49576
2026-09-07 09:22:26,690 [DEBUG] core.argyll_runner: [argyll] Added 46388/49576
2026-09-07 09:22:26,888 [DEBUG] core.argyll_runner: [argyll] Added 46399/49576
2026-09-07 09:22:27,086 [DEBUG] core.argyll_runner: [argyll] Added 46410/49576
2026-09-07 09:22:27,285 [DEBUG] core.argyll_runner: [argyll] Added 46421/49576
2026-09-07 09:22:27,485 [DEBUG] core.argyll_runner: [argyll] Added 46432/49576
2026-09-07 09:22:27,686 [DEBUG] core.argyll_runner: [argyll] Added 46443/49576
2026-09-07 09:22:27,885 [DEBUG] core.argyll_runner: [argyll] Added 46454/49576
2026-09-07 09:22:28,084 [DEBUG] core.argyll_runner: [argyll] Added 46465/49576
2026-09-07 09:22:28,284 [DEBUG] core.argyll_runner: [argyll] Added 46476/49576
2026-09-07 09:22:28,485 [DEBUG] core.argyll_runner: [argyll] Added 46487/49576
2026-09-07 09:22:28,686 [DEBUG] core.argyll_runner: [argyll] Added 46498/49576
2026-09-07 09:22:28,886 [DEBUG] core.argyll_runner: [argyll] Added 46509/49576
2026-09-07 09:22:29,085 [DEBUG] core.argyll_runner: [argyll] Added 46520/49576
2026-09-07 09:22:29,287 [DEBUG] core.argyll_runner: [argyll] Added 46531/49576
2026-09-07 09:22:29,490 [DEBUG] core.argyll_runner: [argyll] Added 46542/49576
2026-09-07 09:22:29,686 [DEBUG] core.argyll_runner: [argyll] Added 46553/49576
2026-09-07 09:22:29,881 [DEBUG] core.argyll_runner: [argyll] Added 46564/49576
2026-09-07 09:22:30,076 [DEBUG] core.argyll_runner: [argyll] Added 46575/49576
2026-09-07 09:22:30,271 [DEBUG] core.argyll_runner: [argyll] Added 46586/49576
2026-09-07 09:22:30,467 [DEBUG] core.argyll_runner: [argyll] Added 46597/49576
2026-09-07 09:22:30,661 [DEBUG] core.argyll_runner: [argyll] Added 46608/49576
2026-09-07 09:22:30,854 [DEBUG] core.argyll_runner: [argyll] Added 46619/49576
2026-09-07 09:22:31,049 [DEBUG] core.argyll_runner: [argyll] Added 46630/49576
2026-09-07 09:22:31,242 [DEBUG] core.argyll_runner: [argyll] Added 46641/49576
2026-09-07 09:22:31,435 [DEBUG] core.argyll_runner: [argyll] Added 46652/49576
2026-09-07 09:22:31,629 [DEBUG] core.argyll_runner: [argyll] Added 46663/49576
2026-09-07 09:22:31,823 [DEBUG] core.argyll_runner: [argyll] Added 46674/49576
2026-09-07 09:22:32,015 [DEBUG] core.argyll_runner: [argyll] Added 46685/49576
2026-09-07 09:22:32,210 [DEBUG] core.argyll_runner: [argyll] Added 46696/49576
2026-09-07 09:22:32,406 [DEBUG] core.argyll_runner: [argyll] Added 46707/49576
2026-09-07 09:22:32,602 [DEBUG] core.argyll_runner: [argyll] Added 46718/49576
2026-09-07 09:22:32,797 [DEBUG] core.argyll_runner: [argyll] Added 46729/49576
2026-09-07 09:22:32,992 [DEBUG] core.argyll_runner: [argyll] Added 46740/49576
2026-09-07 09:22:33,189 [DEBUG] core.argyll_runner: [argyll] Added 46751/49576
2026-09-07 09:22:33,385 [DEBUG] core.argyll_runner: [argyll] Added 46762/49576
2026-09-07 09:22:33,579 [DEBUG] core.argyll_runner: [argyll] Added 46773/49576
2026-09-07 09:22:33,773 [DEBUG] core.argyll_runner: [argyll] Added 46784/49576
2026-09-07 09:22:33,967 [DEBUG] core.argyll_runner: [argyll] Added 46795/49576
2026-09-07 09:22:34,162 [DEBUG] core.argyll_runner: [argyll] Added 46806/49576
2026-09-07 09:22:34,357 [DEBUG] core.argyll_runner: [argyll] Added 46817/49576
2026-09-07 09:22:34,553 [DEBUG] core.argyll_runner: [argyll] Added 46828/49576
2026-09-07 09:22:34,748 [DEBUG] core.argyll_runner: [argyll] Added 46839/49576
2026-09-07 09:22:34,943 [DEBUG] core.argyll_runner: [argyll] Added 46850/49576
2026-09-07 09:22:35,138 [DEBUG] core.argyll_runner: [argyll] Added 46861/49576
2026-09-07 09:22:35,334 [DEBUG] core.argyll_runner: [argyll] Added 46872/49576
2026-09-07 09:22:35,528 [DEBUG] core.argyll_runner: [argyll] Added 46883/49576
2026-09-07 09:22:35,724 [DEBUG] core.argyll_runner: [argyll] Added 46894/49576
2026-09-07 09:22:35,920 [DEBUG] core.argyll_runner: [argyll] Added 46905/49576
2026-09-07 09:22:36,116 [DEBUG] core.argyll_runner: [argyll] Added 46916/49576
2026-09-07 09:22:36,312 [DEBUG] core.argyll_runner: [argyll] Added 46927/49576
2026-09-07 09:22:36,511 [DEBUG] core.argyll_runner: [argyll] Added 46938/49576
2026-09-07 09:22:36,707 [DEBUG] core.argyll_runner: [argyll] Added 46949/49576
2026-09-07 09:22:36,904 [DEBUG] core.argyll_runner: [argyll] Added 46960/49576
2026-09-07 09:22:37,106 [DEBUG] core.argyll_runner: [argyll] Added 46971/49576
2026-09-07 09:22:37,307 [DEBUG] core.argyll_runner: [argyll] Added 46982/49576
2026-09-07 09:22:37,507 [DEBUG] core.argyll_runner: [argyll] Added 46993/49576
2026-09-07 09:22:37,707 [DEBUG] core.argyll_runner: [argyll] Added 47004/49576
2026-09-07 09:22:37,907 [DEBUG] core.argyll_runner: [argyll] Added 47015/49576
2026-09-07 09:22:38,109 [DEBUG] core.argyll_runner: [argyll] Added 47026/49576
2026-09-07 09:22:38,309 [DEBUG] core.argyll_runner: [argyll] Added 47037/49576
2026-09-07 09:22:38,509 [DEBUG] core.argyll_runner: [argyll] Added 47048/49576
2026-09-07 09:22:38,709 [DEBUG] core.argyll_runner: [argyll] Added 47059/49576
2026-09-07 09:22:38,910 [DEBUG] core.argyll_runner: [argyll] Added 47070/49576
2026-09-07 09:22:39,111 [DEBUG] core.argyll_runner: [argyll] Added 47081/49576
2026-09-07 09:22:39,311 [DEBUG] core.argyll_runner: [argyll] Added 47092/49576
2026-09-07 09:22:39,511 [DEBUG] core.argyll_runner: [argyll] Added 47103/49576
2026-09-07 09:22:39,715 [DEBUG] core.argyll_runner: [argyll] Added 47114/49576
2026-09-07 09:22:39,915 [DEBUG] core.argyll_runner: [argyll] Added 47125/49576
2026-09-07 09:22:40,116 [DEBUG] core.argyll_runner: [argyll] Added 47136/49576
2026-09-07 09:22:40,317 [DEBUG] core.argyll_runner: [argyll] Added 47147/49576
2026-09-07 09:22:40,518 [DEBUG] core.argyll_runner: [argyll] Added 47158/49576
2026-09-07 09:22:40,722 [DEBUG] core.argyll_runner: [argyll] Added 47169/49576
2026-09-07 09:22:40,925 [DEBUG] core.argyll_runner: [argyll] Added 47180/49576
2026-09-07 09:22:41,127 [DEBUG] core.argyll_runner: [argyll] Added 47191/49576
2026-09-07 09:22:41,328 [DEBUG] core.argyll_runner: [argyll] Added 47202/49576
2026-09-07 09:22:41,529 [DEBUG] core.argyll_runner: [argyll] Added 47213/49576
2026-09-07 09:22:41,731 [DEBUG] core.argyll_runner: [argyll] Added 47224/49576
2026-09-07 09:22:41,933 [DEBUG] core.argyll_runner: [argyll] Added 47235/49576
2026-09-07 09:22:42,135 [DEBUG] core.argyll_runner: [argyll] Added 47246/49576
2026-09-07 09:22:42,336 [DEBUG] core.argyll_runner: [argyll] Added 47257/49576
2026-09-07 09:22:42,538 [DEBUG] core.argyll_runner: [argyll] Added 47268/49576
2026-09-07 09:22:42,741 [DEBUG] core.argyll_runner: [argyll] Added 47279/49576
2026-09-07 09:22:42,943 [DEBUG] core.argyll_runner: [argyll] Added 47290/49576
2026-09-07 09:22:43,147 [DEBUG] core.argyll_runner: [argyll] Added 47301/49576
2026-09-07 09:22:43,349 [DEBUG] core.argyll_runner: [argyll] Added 47312/49576
2026-09-07 09:22:43,552 [DEBUG] core.argyll_runner: [argyll] Added 47323/49576
2026-09-07 09:22:43,756 [DEBUG] core.argyll_runner: [argyll] Added 47334/49576
2026-09-07 09:22:43,961 [DEBUG] core.argyll_runner: [argyll] Added 47345/49576
2026-09-07 09:22:44,163 [DEBUG] core.argyll_runner: [argyll] Added 47356/49576
2026-09-07 09:22:44,366 [DEBUG] core.argyll_runner: [argyll] Added 47367/49576
2026-09-07 09:22:44,569 [DEBUG] core.argyll_runner: [argyll] Added 47378/49576
2026-09-07 09:22:44,774 [DEBUG] core.argyll_runner: [argyll] Added 47389/49576
2026-09-07 09:22:44,977 [DEBUG] core.argyll_runner: [argyll] Added 47400/49576
2026-09-07 09:22:45,179 [DEBUG] core.argyll_runner: [argyll] Added 47411/49576
2026-09-07 09:22:45,386 [DEBUG] core.argyll_runner: [argyll] Added 47422/49576
2026-09-07 09:22:45,598 [DEBUG] core.argyll_runner: [argyll] Added 47433/49576
2026-09-07 09:22:45,802 [DEBUG] core.argyll_runner: [argyll] Added 47444/49576
2026-09-07 09:22:46,004 [DEBUG] core.argyll_runner: [argyll] Added 47455/49576
2026-09-07 09:22:46,207 [DEBUG] core.argyll_runner: [argyll] Added 47466/49576
2026-09-07 09:22:46,412 [DEBUG] core.argyll_runner: [argyll] Added 47477/49576
2026-09-07 09:22:46,616 [DEBUG] core.argyll_runner: [argyll] Added 47488/49576
2026-09-07 09:22:46,821 [DEBUG] core.argyll_runner: [argyll] Added 47499/49576
2026-09-07 09:22:47,025 [DEBUG] core.argyll_runner: [argyll] Added 47510/49576
2026-09-07 09:22:47,229 [DEBUG] core.argyll_runner: [argyll] Added 47521/49576
2026-09-07 09:22:47,431 [DEBUG] core.argyll_runner: [argyll] Added 47532/49576
2026-09-07 09:22:47,636 [DEBUG] core.argyll_runner: [argyll] Added 47543/49576
2026-09-07 09:22:47,844 [DEBUG] core.argyll_runner: [argyll] Added 47554/49576
2026-09-07 09:22:48,047 [DEBUG] core.argyll_runner: [argyll] Added 47565/49576
2026-09-07 09:22:48,250 [DEBUG] core.argyll_runner: [argyll] Added 47576/49576
2026-09-07 09:22:48,453 [DEBUG] core.argyll_runner: [argyll] Added 47587/49576
2026-09-07 09:22:48,658 [DEBUG] core.argyll_runner: [argyll] Added 47598/49576
2026-09-07 09:22:48,862 [DEBUG] core.argyll_runner: [argyll] Added 47609/49576
2026-09-07 09:22:49,071 [DEBUG] core.argyll_runner: [argyll] Added 47620/49576
2026-09-07 09:22:49,275 [DEBUG] core.argyll_runner: [argyll] Added 47631/49576
2026-09-07 09:22:49,480 [DEBUG] core.argyll_runner: [argyll] Added 47642/49576
2026-09-07 09:22:49,685 [DEBUG] core.argyll_runner: [argyll] Added 47653/49576
2026-09-07 09:22:49,891 [DEBUG] core.argyll_runner: [argyll] Added 47664/49576
2026-09-07 09:22:50,095 [DEBUG] core.argyll_runner: [argyll] Added 47675/49576
2026-09-07 09:22:50,299 [DEBUG] core.argyll_runner: [argyll] Added 47686/49576
2026-09-07 09:22:50,505 [DEBUG] core.argyll_runner: [argyll] Added 47697/49576
2026-09-07 09:22:50,712 [DEBUG] core.argyll_runner: [argyll] Added 47708/49576
2026-09-07 09:22:50,921 [DEBUG] core.argyll_runner: [argyll] Added 47719/49576
2026-09-07 09:22:51,129 [DEBUG] core.argyll_runner: [argyll] Added 47730/49576
2026-09-07 09:22:51,337 [DEBUG] core.argyll_runner: [argyll] Added 47741/49576
2026-09-07 09:22:51,545 [DEBUG] core.argyll_runner: [argyll] Added 47752/49576
2026-09-07 09:22:51,753 [DEBUG] core.argyll_runner: [argyll] Added 47763/49576
2026-09-07 09:22:51,960 [DEBUG] core.argyll_runner: [argyll] Added 47774/49576
2026-09-07 09:22:52,168 [DEBUG] core.argyll_runner: [argyll] Added 47785/49576
2026-09-07 09:22:52,377 [DEBUG] core.argyll_runner: [argyll] Added 47796/49576
2026-09-07 09:22:52,585 [DEBUG] core.argyll_runner: [argyll] Added 47807/49576
2026-09-07 09:22:52,793 [DEBUG] core.argyll_runner: [argyll] Added 47818/49576
2026-09-07 09:22:53,001 [DEBUG] core.argyll_runner: [argyll] Added 47829/49576
2026-09-07 09:22:53,209 [DEBUG] core.argyll_runner: [argyll] Added 47840/49576
2026-09-07 09:22:53,417 [DEBUG] core.argyll_runner: [argyll] Added 47851/49576
2026-09-07 09:22:53,625 [DEBUG] core.argyll_runner: [argyll] Added 47862/49576
2026-09-07 09:22:53,833 [DEBUG] core.argyll_runner: [argyll] Added 47873/49576
2026-09-07 09:22:54,042 [DEBUG] core.argyll_runner: [argyll] Added 47884/49576
2026-09-07 09:22:54,250 [DEBUG] core.argyll_runner: [argyll] Added 47895/49576
2026-09-07 09:22:54,460 [DEBUG] core.argyll_runner: [argyll] Added 47906/49576
2026-09-07 09:22:54,668 [DEBUG] core.argyll_runner: [argyll] Added 47917/49576
2026-09-07 09:22:54,876 [DEBUG] core.argyll_runner: [argyll] Added 47928/49576
2026-09-07 09:22:55,084 [DEBUG] core.argyll_runner: [argyll] Added 47939/49576
2026-09-07 09:22:55,294 [DEBUG] core.argyll_runner: [argyll] Added 47950/49576
2026-09-07 09:22:55,503 [DEBUG] core.argyll_runner: [argyll] Added 47961/49576
2026-09-07 09:22:55,712 [DEBUG] core.argyll_runner: [argyll] Added 47972/49576
2026-09-07 09:22:55,921 [DEBUG] core.argyll_runner: [argyll] Added 47983/49576
2026-09-07 09:22:56,131 [DEBUG] core.argyll_runner: [argyll] Added 47994/49576
2026-09-07 09:22:56,341 [DEBUG] core.argyll_runner: [argyll] Added 48005/49576
2026-09-07 09:22:56,550 [DEBUG] core.argyll_runner: [argyll] Added 48016/49576
2026-09-07 09:22:56,760 [DEBUG] core.argyll_runner: [argyll] Added 48027/49576
2026-09-07 09:22:56,970 [DEBUG] core.argyll_runner: [argyll] Added 48038/49576
2026-09-07 09:22:57,180 [DEBUG] core.argyll_runner: [argyll] Added 48049/49576
2026-09-07 09:22:57,391 [DEBUG] core.argyll_runner: [argyll] Added 48060/49576
2026-09-07 09:22:57,600 [DEBUG] core.argyll_runner: [argyll] Added 48071/49576
2026-09-07 09:22:57,812 [DEBUG] core.argyll_runner: [argyll] Added 48082/49576
2026-09-07 09:22:58,026 [DEBUG] core.argyll_runner: [argyll] Added 48093/49576
2026-09-07 09:22:58,239 [DEBUG] core.argyll_runner: [argyll] Added 48104/49576
2026-09-07 09:22:58,450 [DEBUG] core.argyll_runner: [argyll] Added 48115/49576
2026-09-07 09:22:58,661 [DEBUG] core.argyll_runner: [argyll] Added 48126/49576
2026-09-07 09:22:58,872 [DEBUG] core.argyll_runner: [argyll] Added 48137/49576
2026-09-07 09:22:59,083 [DEBUG] core.argyll_runner: [argyll] Added 48148/49576
2026-09-07 09:22:59,298 [DEBUG] core.argyll_runner: [argyll] Added 48159/49576
2026-09-07 09:22:59,513 [DEBUG] core.argyll_runner: [argyll] Added 48170/49576
2026-09-07 09:22:59,729 [DEBUG] core.argyll_runner: [argyll] Added 48181/49576
2026-09-07 09:22:59,944 [DEBUG] core.argyll_runner: [argyll] Added 48192/49576
2026-09-07 09:23:00,160 [DEBUG] core.argyll_runner: [argyll] Added 48203/49576
2026-09-07 09:23:00,372 [DEBUG] core.argyll_runner: [argyll] Added 48214/49576
2026-09-07 09:23:00,584 [DEBUG] core.argyll_runner: [argyll] Added 48225/49576
2026-09-07 09:23:00,798 [DEBUG] core.argyll_runner: [argyll] Added 48236/49576
2026-09-07 09:23:01,010 [DEBUG] core.argyll_runner: [argyll] Added 48247/49576
2026-09-07 09:23:01,226 [DEBUG] core.argyll_runner: [argyll] Added 48258/49576
2026-09-07 09:23:01,438 [DEBUG] core.argyll_runner: [argyll] Added 48269/49576
2026-09-07 09:23:01,647 [DEBUG] core.argyll_runner: [argyll] Added 48280/49576
2026-09-07 09:23:01,851 [DEBUG] core.argyll_runner: [argyll] Added 48291/49576
2026-09-07 09:23:02,056 [DEBUG] core.argyll_runner: [argyll] Added 48302/49576
2026-09-07 09:23:02,259 [DEBUG] core.argyll_runner: [argyll] Added 48313/49576
2026-09-07 09:23:02,463 [DEBUG] core.argyll_runner: [argyll] Added 48324/49576
2026-09-07 09:23:02,666 [DEBUG] core.argyll_runner: [argyll] Added 48335/49576
2026-09-07 09:23:02,870 [DEBUG] core.argyll_runner: [argyll] Added 48346/49576
2026-09-07 09:23:03,075 [DEBUG] core.argyll_runner: [argyll] Added 48357/49576
2026-09-07 09:23:03,279 [DEBUG] core.argyll_runner: [argyll] Added 48368/49576
2026-09-07 09:23:03,483 [DEBUG] core.argyll_runner: [argyll] Added 48379/49576
2026-09-07 09:23:03,687 [DEBUG] core.argyll_runner: [argyll] Added 48390/49576
2026-09-07 09:23:03,892 [DEBUG] core.argyll_runner: [argyll] Added 48401/49576
2026-09-07 09:23:04,103 [DEBUG] core.argyll_runner: [argyll] Added 48412/49576
2026-09-07 09:23:04,311 [DEBUG] core.argyll_runner: [argyll] Added 48423/49576
2026-09-07 09:23:04,518 [DEBUG] core.argyll_runner: [argyll] Added 48434/49576
2026-09-07 09:23:04,725 [DEBUG] core.argyll_runner: [argyll] Added 48445/49576
2026-09-07 09:23:04,932 [DEBUG] core.argyll_runner: [argyll] Added 48456/49576
2026-09-07 09:23:05,138 [DEBUG] core.argyll_runner: [argyll] Added 48467/49576
2026-09-07 09:23:05,344 [DEBUG] core.argyll_runner: [argyll] Added 48478/49576
2026-09-07 09:23:05,550 [DEBUG] core.argyll_runner: [argyll] Added 48489/49576
2026-09-07 09:23:05,757 [DEBUG] core.argyll_runner: [argyll] Added 48500/49576
2026-09-07 09:23:05,963 [DEBUG] core.argyll_runner: [argyll] Added 48511/49576
2026-09-07 09:23:06,170 [DEBUG] core.argyll_runner: [argyll] Added 48522/49576
2026-09-07 09:23:06,375 [DEBUG] core.argyll_runner: [argyll] Added 48533/49576
2026-09-07 09:23:06,586 [DEBUG] core.argyll_runner: [argyll] Added 48544/49576
2026-09-07 09:23:06,795 [DEBUG] core.argyll_runner: [argyll] Added 48555/49576
2026-09-07 09:23:07,002 [DEBUG] core.argyll_runner: [argyll] Added 48566/49576
2026-09-07 09:23:07,209 [DEBUG] core.argyll_runner: [argyll] Added 48577/49576
2026-09-07 09:23:07,416 [DEBUG] core.argyll_runner: [argyll] Added 48588/49576
2026-09-07 09:23:07,624 [DEBUG] core.argyll_runner: [argyll] Added 48599/49576
2026-09-07 09:23:07,834 [DEBUG] core.argyll_runner: [argyll] Added 48610/49576
2026-09-07 09:23:08,048 [DEBUG] core.argyll_runner: [argyll] Added 48621/49576
2026-09-07 09:23:08,256 [DEBUG] core.argyll_runner: [argyll] Added 48632/49576
2026-09-07 09:23:08,463 [DEBUG] core.argyll_runner: [argyll] Added 48643/49576
2026-09-07 09:23:08,673 [DEBUG] core.argyll_runner: [argyll] Added 48654/49576
2026-09-07 09:23:08,882 [DEBUG] core.argyll_runner: [argyll] Added 48665/49576
2026-09-07 09:23:09,089 [DEBUG] core.argyll_runner: [argyll] Added 48676/49576
2026-09-07 09:23:09,297 [DEBUG] core.argyll_runner: [argyll] Added 48687/49576
2026-09-07 09:23:09,507 [DEBUG] core.argyll_runner: [argyll] Added 48698/49576
2026-09-07 09:23:09,716 [DEBUG] core.argyll_runner: [argyll] Added 48709/49576
2026-09-07 09:23:09,926 [DEBUG] core.argyll_runner: [argyll] Added 48720/49576
2026-09-07 09:23:10,134 [DEBUG] core.argyll_runner: [argyll] Added 48731/49576
2026-09-07 09:23:10,342 [DEBUG] core.argyll_runner: [argyll] Added 48742/49576
2026-09-07 09:23:10,555 [DEBUG] core.argyll_runner: [argyll] Added 48753/49576
2026-09-07 09:23:10,766 [DEBUG] core.argyll_runner: [argyll] Added 48764/49576
2026-09-07 09:23:10,977 [DEBUG] core.argyll_runner: [argyll] Added 48775/49576
2026-09-07 09:23:11,189 [DEBUG] core.argyll_runner: [argyll] Added 48786/49576
2026-09-07 09:23:11,399 [DEBUG] core.argyll_runner: [argyll] Added 48797/49576
2026-09-07 09:23:11,611 [DEBUG] core.argyll_runner: [argyll] Added 48808/49576
2026-09-07 09:23:11,822 [DEBUG] core.argyll_runner: [argyll] Added 48819/49576
2026-09-07 09:23:12,034 [DEBUG] core.argyll_runner: [argyll] Added 48830/49576
2026-09-07 09:23:12,245 [DEBUG] core.argyll_runner: [argyll] Added 48841/49576
2026-09-07 09:23:12,457 [DEBUG] core.argyll_runner: [argyll] Added 48852/49576
2026-09-07 09:23:12,669 [DEBUG] core.argyll_runner: [argyll] Added 48863/49576
2026-09-07 09:23:12,881 [DEBUG] core.argyll_runner: [argyll] Added 48874/49576
2026-09-07 09:23:13,093 [DEBUG] core.argyll_runner: [argyll] Added 48885/49576
2026-09-07 09:23:13,305 [DEBUG] core.argyll_runner: [argyll] Added 48896/49576
2026-09-07 09:23:13,516 [DEBUG] core.argyll_runner: [argyll] Added 48907/49576
2026-09-07 09:23:13,729 [DEBUG] core.argyll_runner: [argyll] Added 48918/49576
2026-09-07 09:23:13,940 [DEBUG] core.argyll_runner: [argyll] Added 48929/49576
2026-09-07 09:23:14,152 [DEBUG] core.argyll_runner: [argyll] Added 48940/49576
2026-09-07 09:23:14,365 [DEBUG] core.argyll_runner: [argyll] Added 48951/49576
2026-09-07 09:23:14,578 [DEBUG] core.argyll_runner: [argyll] Added 48962/49576
2026-09-07 09:23:14,791 [DEBUG] core.argyll_runner: [argyll] Added 48973/49576
2026-09-07 09:23:15,004 [DEBUG] core.argyll_runner: [argyll] Added 48984/49576
2026-09-07 09:23:15,217 [DEBUG] core.argyll_runner: [argyll] Added 48995/49576
2026-09-07 09:23:15,430 [DEBUG] core.argyll_runner: [argyll] Added 49006/49576
2026-09-07 09:23:15,643 [DEBUG] core.argyll_runner: [argyll] Added 49017/49576
2026-09-07 09:23:15,858 [DEBUG] core.argyll_runner: [argyll] Added 49028/49576
2026-09-07 09:23:16,072 [DEBUG] core.argyll_runner: [argyll] Added 49039/49576
2026-09-07 09:23:16,285 [DEBUG] core.argyll_runner: [argyll] Added 49050/49576
2026-09-07 09:23:16,499 [DEBUG] core.argyll_runner: [argyll] Added 49061/49576
2026-09-07 09:23:16,714 [DEBUG] core.argyll_runner: [argyll] Added 49072/49576
2026-09-07 09:23:16,928 [DEBUG] core.argyll_runner: [argyll] Added 49083/49576
2026-09-07 09:23:17,142 [DEBUG] core.argyll_runner: [argyll] Added 49094/49576
2026-09-07 09:23:17,357 [DEBUG] core.argyll_runner: [argyll] Added 49105/49576
2026-09-07 09:23:17,574 [DEBUG] core.argyll_runner: [argyll] Added 49116/49576
2026-09-07 09:23:17,793 [DEBUG] core.argyll_runner: [argyll] Added 49127/49576
2026-09-07 09:23:18,009 [DEBUG] core.argyll_runner: [argyll] Added 49138/49576
2026-09-07 09:23:18,224 [DEBUG] core.argyll_runner: [argyll] Added 49149/49576
2026-09-07 09:23:18,439 [DEBUG] core.argyll_runner: [argyll] Added 49160/49576
2026-09-07 09:23:18,654 [DEBUG] core.argyll_runner: [argyll] Added 49171/49576
2026-09-07 09:23:18,869 [DEBUG] core.argyll_runner: [argyll] Added 49182/49576
2026-09-07 09:23:19,084 [DEBUG] core.argyll_runner: [argyll] Added 49193/49576
2026-09-07 09:23:19,299 [DEBUG] core.argyll_runner: [argyll] Added 49204/49576
2026-09-07 09:23:19,515 [DEBUG] core.argyll_runner: [argyll] Added 49215/49576
2026-09-07 09:23:19,731 [DEBUG] core.argyll_runner: [argyll] Added 49226/49576
2026-09-07 09:23:19,946 [DEBUG] core.argyll_runner: [argyll] Added 49237/49576
2026-09-07 09:23:20,163 [DEBUG] core.argyll_runner: [argyll] Added 49248/49576
2026-09-07 09:23:20,379 [DEBUG] core.argyll_runner: [argyll] Added 49259/49576
2026-09-07 09:23:20,596 [DEBUG] core.argyll_runner: [argyll] Added 49270/49576
2026-09-07 09:23:20,814 [DEBUG] core.argyll_runner: [argyll] Added 49281/49576
2026-09-07 09:23:21,037 [DEBUG] core.argyll_runner: [argyll] Added 49292/49576
2026-09-07 09:23:21,253 [DEBUG] core.argyll_runner: [argyll] Added 49303/49576
2026-09-07 09:23:21,469 [DEBUG] core.argyll_runner: [argyll] Added 49314/49576
2026-09-07 09:23:21,687 [DEBUG] core.argyll_runner: [argyll] Added 49325/49576
2026-09-07 09:23:21,906 [DEBUG] core.argyll_runner: [argyll] Added 49336/49576
2026-09-07 09:23:22,129 [DEBUG] core.argyll_runner: [argyll] Added 49347/49576
2026-09-07 09:23:22,350 [DEBUG] core.argyll_runner: [argyll] Added 49358/49576
2026-09-07 09:23:22,570 [DEBUG] core.argyll_runner: [argyll] Added 49369/49576
2026-09-07 09:23:22,790 [DEBUG] core.argyll_runner: [argyll] Added 49380/49576
2026-09-07 09:23:23,006 [DEBUG] core.argyll_runner: [argyll] Added 49391/49576
2026-09-07 09:23:23,223 [DEBUG] core.argyll_runner: [argyll] Added 49402/49576
2026-09-07 09:23:23,440 [DEBUG] core.argyll_runner: [argyll] Added 49413/49576
2026-09-07 09:23:23,658 [DEBUG] core.argyll_runner: [argyll] Added 49424/49576
2026-09-07 09:23:23,881 [DEBUG] core.argyll_runner: [argyll] Added 49435/49576
2026-09-07 09:23:24,100 [DEBUG] core.argyll_runner: [argyll] Added 49446/49576
2026-09-07 09:23:24,319 [DEBUG] core.argyll_runner: [argyll] Added 49457/49576
2026-09-07 09:23:24,539 [DEBUG] core.argyll_runner: [argyll] Added 49468/49576
2026-09-07 09:23:24,759 [DEBUG] core.argyll_runner: [argyll] Added 49479/49576
2026-09-07 09:23:24,977 [DEBUG] core.argyll_runner: [argyll] Added 49490/49576
2026-09-07 09:23:25,195 [DEBUG] core.argyll_runner: [argyll] Added 49501/49576
2026-09-07 09:23:25,414 [DEBUG] core.argyll_runner: [argyll] Added 49512/49576
2026-09-07 09:23:25,634 [DEBUG] core.argyll_runner: [argyll] Added 49523/49576
2026-09-07 09:23:25,853 [DEBUG] core.argyll_runner: [argyll] Added 49534/49576
2026-09-07 09:23:26,072 [DEBUG] core.argyll_runner: [argyll] Added 49545/49576
2026-09-07 09:23:26,290 [DEBUG] core.argyll_runner: [argyll] Added 49556/49576
2026-09-07 09:23:26,510 [DEBUG] core.argyll_runner: [argyll] Added 49567/49576
2026-09-07 09:23:26,730 [DEBUG] core.argyll_runner: [argyll] Added 49576/49576
2026-09-07 09:23:27,036 [DEBUG] core.argyll_runner: [argyll] 
2026-09-07 09:23:27,141 [DEBUG] core.argyll_runner: [argyll] After seeding points: MinPoint = 0.669, Min = 0.589, Avg. = 2.233, Max = 2.880, 11.1 secs
2026-09-07 09:23:27,141 [DEBUG] core.argyll_runner: [argyll] Re-seeding
2026-09-07 09:23:27,141 [DEBUG] core.argyll_runner: [argyll] It 1: Maxmv = 0.020728, MinPoint = 0.300, Min = 0.482, Avg. = 2.219, Max = 3.071, 12.9 secs.
2026-09-07 09:23:27,142 [DEBUG] core.argyll_runner: [argyll] Re-seeding
2026-09-07 09:23:27,142 [DEBUG] core.argyll_runner: [argyll] It 2: Maxmv = 0.022638, MinPoint = 0.429, Min = 0.811, Avg. = 2.203, Max = 2.992, 13.3 secs.
2026-09-07 09:23:27,142 [DEBUG] core.argyll_runner: [argyll] Re-seeding
2026-09-07 09:23:27,142 [DEBUG] core.argyll_runner: [argyll] It 3: Maxmv = 0.019451, MinPoint = 0.480, Min = 0.810, Avg. = 2.187, Max = 3.048, 13.5 secs.
2026-09-07 09:23:27,143 [DEBUG] core.argyll_runner: [argyll] Re-seeding
2026-09-07 09:23:27,143 [DEBUG] core.argyll_runner: [argyll] It 4: Maxmv = 0.016981, MinPoint = 0.435, Min = 0.926, Avg. = 2.171, Max = 2.856, 13.7 secs.
2026-09-07 09:23:27,143 [DEBUG] core.argyll_runner: [argyll] Re-seeding
2026-09-07 09:23:27,143 [DEBUG] core.argyll_runner: [argyll] It 5: Maxmv = 0.015708, MinPoint = 0.740, Min = 0.998, Avg. = 2.157, Max = 3.637, 13.9 secs.
2026-09-07 09:23:27,144 [DEBUG] core.argyll_runner: [argyll] Re-seeding
2026-09-07 09:23:27,144 [DEBUG] core.argyll_runner: [argyll] It 6: Maxmv = 0.014613, MinPoint = 0.842, Min = 1.033, Avg. = 2.145, Max = 2.761, 13.8 secs.
2026-09-07 09:23:27,144 [DEBUG] core.argyll_runner: [argyll] Re-seeding
2026-09-07 09:23:27,144 [DEBUG] core.argyll_runner: [argyll] It 7: Maxmv = 0.012423, MinPoint = 1.064, Min = 1.059, Avg. = 2.134, Max = 2.725, 13.6 secs.
2026-09-07 09:23:27,145 [DEBUG] core.argyll_runner: [argyll] Re-seeding
2026-09-07 09:23:27,145 [DEBUG] core.argyll_runner: [argyll] It 8: Maxmv = 0.010535, MinPoint = 1.307, Min = 0.761, Avg. = 2.124, Max = 3.644, 13.8 secs.
2026-09-07 09:23:27,145 [DEBUG] core.argyll_runner: [argyll] Re-seeding
2026-09-07 09:23:27,145 [DEBUG] core.argyll_runner: [argyll] It 9: Maxmv = 0.010450, MinPoint = 1.307, Min = 1.138, Avg. = 2.116, Max = 2.699, 13.8 secs.
2026-09-07 09:23:27,146 [DEBUG] core.argyll_runner: [argyll] Re-seeding
2026-09-07 09:23:27,146 [DEBUG] core.argyll_runner: [argyll] It 10: Maxmv = 0.007431, MinPoint = 1.307, Min = 1.181, Avg. = 2.110, Max = 2.827, 13.7 secs.
2026-09-07 09:23:27,146 [DEBUG] core.argyll_runner: [argyll] Re-seeding
2026-09-07 09:23:27,146 [DEBUG] core.argyll_runner: [argyll] It 11: Maxmv = 0.007239, MinPoint = 1.307, Min = 1.199, Avg. = 2.105, Max = 2.696, 13.7 secs.
2026-09-07 09:23:27,147 [DEBUG] core.argyll_runner: [argyll] Re-seeding
2026-09-07 09:23:27,147 [DEBUG] core.argyll_runner: [argyll] It 12: Maxmv = 0.005227, MinPoint = 1.307, Min = 1.199, Avg. = 2.101, Max = 2.519, 13.6 secs.
2026-09-07 09:23:27,147 [DEBUG] core.argyll_runner: [argyll] Re-seeding
2026-09-07 09:23:27,147 [DEBUG] core.argyll_runner: [argyll] It 13: Maxmv = 0.004303, MinPoint = 1.307, Min = 1.199, Avg. = 2.098, Max = 2.530, 13.5 secs.
2026-09-07 09:23:27,148 [DEBUG] core.argyll_runner: [argyll] Re-seeding
2026-09-07 09:23:27,148 [DEBUG] core.argyll_runner: [argyll] It 14: Maxmv = 0.003323, MinPoint = 1.307, Min = 1.199, Avg. = 2.096, Max = 2.449, 13.5 secs.
2026-09-07 09:23:27,148 [DEBUG] core.argyll_runner: [argyll] Re-seeding
2026-09-07 09:23:27,148 [DEBUG] core.argyll_runner: [argyll] It 15: Maxmv = 0.002957, MinPoint = 1.307, Min = 1.199, Avg. = 2.095, Max = 2.563, 13.6 secs.
2026-09-07 09:23:27,149 [DEBUG] core.argyll_runner: [argyll] Re-seeding
2026-09-07 09:23:27,149 [DEBUG] core.argyll_runner: [argyll] It 16: Maxmv = 0.002136, MinPoint = 1.307, Min = 1.199, Avg. = 2.094, Max = 2.427, 13.7 secs.
2026-09-07 09:23:27,149 [DEBUG] core.argyll_runner: [argyll] Re-seeding
2026-09-07 09:23:27,149 [DEBUG] core.argyll_runner: [argyll] It 17: Maxmv = 0.001511, MinPoint = 1.307, Min = 1.199, Avg. = 2.093, Max = 2.553, 13.6 secs.
2026-09-07 09:23:27,149 [DEBUG] core.argyll_runner: [argyll] Re-seeding
2026-09-07 09:23:27,150 [DEBUG] core.argyll_runner: [argyll] It 18: Maxmv = 0.000821, MinPoint = 1.307, Min = 1.199, Avg. = 2.093, Max = 2.418, 13.5 secs.
2026-09-07 09:23:27,150 [DEBUG] core.argyll_runner: [argyll] Re-seeding
2026-09-07 09:23:27,150 [DEBUG] core.argyll_runner: [argyll] It 19: Maxmv = 0.000280, MinPoint = 1.307, Min = 1.199, Avg. = 2.093, Max = 2.460, 13.7 secs.
2026-09-07 09:23:27,150 [DEBUG] core.argyll_runner: [argyll] After optimization: MinPoint = 1.307, Min = 1.199, Avg. = 2.093, Max = 2.460
2026-09-07 09:23:27,151 [DEBUG] core.argyll_runner: [argyll] Total number of patches = 49590
2026-09-07 09:23:27,151 [DEBUG] core.argyll_runner: [argyll] Execution time = 269.614692 seconds
2026-09-07 09:23:27,151 [INFO] core.argyll_runner: ArgyllRunner: finished with code 0
2026-09-07 09:23:27,729 [DEBUG] workflow.chart_creator: Wrote channel sidecar A10-Extremes.channels.json: ['r', 'g', 'b']
2026-09-07 09:23:27,838 [INFO] workflow.tiff_metadata: Right-edge stamp skipped (no usable right margin) for /Users/Basti/ChromIQ-assessment/A10-Extremes/runs/run1/A10-Extremes.tif
2026-09-07 09:23:27,885 [DEBUG] ui.tiff_preview: TiffPreview: loaded 1 page(s)
2026-09-07 09:23:27,886 [INFO] ui.tabs.tab_chart: Preview loaded: 1 TIFF(s)
2026-09-07 09:23:28,628 [DEBUG] ui.tiff_preview: TiffPreview: loaded 1 page(s)
2026-09-07 09:23:28,734 [DEBUG] ui.tiff_preview: TiffPreview: loaded 1 page(s)
2026-09-07 09:23:28,916 [DEBUG] ui.tabs.tab_chart: create-chart settings written for run1 (40 parameters + ui state)
2026-09-07 09:23:28,932 [INFO] assess:   TIMEOUT waiting 240000 ms for build to finish
2026-09-07 09:23:30,978 [INFO] assess: grid 200x500: {'estimate': {'total': 991800, 'fillup': 0, 'page_patches': 49590, 'rows': 285, 'cols': 174, 'pages': 20, 'patch': (1.0, 1.0), 'pitch': None}, 'info': '2 -f0 -e4 -B4 -G -g29 chart\nChromIQ layout engine · i1 · A4 portrait · 300 dpi · margin 6 mm · area-fit 200×500 · clip border on · align center-left\nLayout preset: i1 · A4 portrait · clip   ● modified', 'ok': False, 'stopped': False, 'secs': 410.5, 'actual': {'total': 49590, 'fillup': 0, 'page_patches': 49590, 'rows': 285, 'cols': 174, 'pages': 1, 'patch': (1.02, 1.02), 'pitch': None}, 'status': '', 'notes': '⚠ The left margin was widened from 6.0 mm to 29.7 mm to fit the row indicators. The labels start 26.0 mm in from the page edge and their text needs 2.7 mm. “Clip” is set to 4.0 mm and is not what is holding them out there, so lowering it moves nothing — the note under “Text distance from edge” names what is. To get that paper back, switch “Show row indicators” off or use a smaller label size.\n\n⚠ Bottom margin is too small for the sheet text — it overflows toward the page edge.\n\n⚠ Strip length 285 mm exceeds the 240 mm instrument ruler — the strip may not fit your jig', 'margin_text': 'mm | inch | min | Left (to first patch) | 29.7 | 1.170 | 6.0 | Right (to first patch) | 6.3 | 0.248 | 6.0 | Top (to first patch) | 6.0 | 0.237 | 6.0 | Bottom (to first patch) | 6.0 | 0.236 | 6.0 | Patch width (in strip reading direction) | 1.0 | 0.040 | Strip ', 'dialogs': [], 'serious': [], 'errors': [], 'engine': ['[ChromIQ layout engine] 49590 patches (285×174), 1 page, random start 1205384006', '[ChromIQ layout engine] note: low patch/spacer contrast in 74 strips']}
2026-09-07 09:23:31,164 [INFO] assess:   shot Screenshots/A10-extremes/x05-grid-200x500.png  (3400x2100)
2026-09-07 09:23:31,164 [INFO] assess:   json Test Runs/logs/d07b_results.json
2026-09-07 09:23:31,243 [DEBUG] core.settings: settings.set helper_markers_show = True
2026-09-07 09:23:31,243 [DEBUG] core.settings: settings.set helper_marker_edge_mm = 2.0
2026-09-07 09:23:31,243 [DEBUG] core.settings: settings.set helper_marker_len_mm = 2.0
2026-09-07 09:23:31,243 [DEBUG] core.settings: settings.set helper_marker_per_patch = 3
2026-09-07 09:23:31,243 [DEBUG] core.settings: settings.set helper_markers_top_bottom = True
2026-09-07 09:23:31,243 [DEBUG] core.settings: settings.set helper_markers_sides = True
2026-09-07 09:23:31,499 [DEBUG] core.settings: settings.set helper_markers_show = True
2026-09-07 09:23:31,499 [DEBUG] core.settings: settings.set helper_marker_edge_mm = 2.0
2026-09-07 09:23:31,499 [DEBUG] core.settings: settings.set helper_marker_len_mm = 2.0
2026-09-07 09:23:31,499 [DEBUG] core.settings: settings.set helper_marker_per_patch = 3
2026-09-07 09:23:31,499 [DEBUG] core.settings: settings.set helper_markers_top_bottom = True
2026-09-07 09:23:31,499 [DEBUG] core.settings: settings.set helper_markers_sides = True
2026-09-07 09:23:31,753 [DEBUG] core.settings: settings.set helper_markers_show = True
2026-09-07 09:23:31,753 [DEBUG] core.settings: settings.set helper_marker_edge_mm = 2.0
2026-09-07 09:23:31,753 [DEBUG] core.settings: settings.set helper_marker_len_mm = 2.0
2026-09-07 09:23:31,753 [DEBUG] core.settings: settings.set helper_marker_per_patch = 3
2026-09-07 09:23:31,753 [DEBUG] core.settings: settings.set helper_markers_top_bottom = True
2026-09-07 09:23:31,753 [DEBUG] core.settings: settings.set helper_markers_sides = True
2026-09-07 09:23:32,047 [DEBUG] core.settings: settings.set helper_markers_show = True
2026-09-07 09:23:32,047 [DEBUG] core.settings: settings.set helper_marker_edge_mm = 2.0
2026-09-07 09:23:32,047 [DEBUG] core.settings: settings.set helper_marker_len_mm = 2.0
2026-09-07 09:23:32,047 [DEBUG] core.settings: settings.set helper_marker_per_patch = 3
2026-09-07 09:23:32,047 [DEBUG] core.settings: settings.set helper_markers_top_bottom = True
2026-09-07 09:23:32,047 [DEBUG] core.settings: settings.set helper_markers_sides = True
2026-09-07 09:23:32,604 [DEBUG] core.settings: settings.set helper_markers_show = True
2026-09-07 09:23:32,604 [DEBUG] core.settings: settings.set helper_marker_edge_mm = 2.0
2026-09-07 09:23:32,604 [DEBUG] core.settings: settings.set helper_marker_len_mm = 2.0
2026-09-07 09:23:32,604 [DEBUG] core.settings: settings.set helper_marker_per_patch = 3
2026-09-07 09:23:32,604 [DEBUG] core.settings: settings.set helper_markers_top_bottom = True
2026-09-07 09:23:32,604 [DEBUG] core.settings: settings.set helper_markers_sides = True
2026-09-07 09:23:33,175 [INFO] assess:   armed: dialog ~'quite fill' -> click 'OK' 
2026-09-07 09:23:33,175 [INFO] assess:   armed: dialog ~'already' -> click 'Continue this project' 
2026-09-07 09:23:33,176 [INFO] ui.tabs.tab_chart: chart build (Generate Chart) in manual: patch set targen | manual panel: 100x100, 0x0 grid, margins T6.0 R6.0 B6.0 L6.0
2026-09-07 09:23:33,178 [DEBUG] core.settings: settings.set session_ti3_path = ''
2026-09-07 09:23:33,179 [DEBUG] core.settings: settings.set session_icc_path = ''
2026-09-07 09:23:33,179 [DEBUG] core.settings: settings.set session_cal_ti3_path = ''
2026-09-07 09:23:33,180 [DEBUG] core.file_manager: Target name set to: A10-Extremes (root /Users/Basti/ChromIQ-assessment/A10-Extremes)
2026-09-07 09:23:33,181 [INFO] core.file_manager: opened the EXISTING project at /Users/Basti/ChromIQ-assessment/A10-Extremes (1 run(s) on disk)
2026-09-07 09:23:33,240 [INFO] workflow.chart_creator: Chart generation: 63 patches, instrument=i1 paper=100x100 disable_lb=True
2026-09-07 09:23:33,240 [INFO] workflow.chart_creator: targen args: ['-v', '-d2', '-f63', '-e2', '-B2', '-G', '-g8', 'A10-Extremes']
2026-09-07 09:23:33,240 [INFO] core.argyll_runner: Run: /Applications/Argyll/bin/targen -v -d2 -f63 -e2 -B2 -G -g8 A10-Extremes  [cwd=/Users/Basti/ChromIQ-assessment/A10-Extremes/runs/run1]
2026-09-07 09:23:33,310 [DEBUG] core.argyll_runner: [argyll] iRGB test chart
2026-09-07 09:23:33,311 [DEBUG] core.argyll_runner: [argyll] White patches = 2
2026-09-07 09:23:33,311 [DEBUG] core.argyll_runner: [argyll] Black patches = 2
2026-09-07 09:23:33,311 [DEBUG] core.argyll_runner: [argyll] Composite Grey steps = 8
2026-09-07 09:23:33,311 [DEBUG] core.argyll_runner: [argyll] Full spread patches = 63
2026-09-07 09:23:33,311 [DEBUG] core.argyll_runner: [argyll] Degree of adaptation: 0.100
2026-09-07 09:23:33,312 [DEBUG] core.argyll_runner: [argyll] Adaptation weights: Device = 0.935, Perceptual = 0.065, Curvature = 0.010
2026-09-07 09:23:33,312 [DEBUG] core.argyll_runner: [argyll] Perceptual cache resolution = 7
2026-09-07 09:23:33,312 [DEBUG] core.argyll_runner: [argyll] Seeding cache...done
2026-09-07 09:23:33,312 [DEBUG] core.argyll_runner: [argyll] Acceleration grid res = 4
2026-09-07 09:23:33,312 [DEBUG] core.argyll_runner: [argyll] 
2026-09-07 09:23:33,312 [DEBUG] core.argyll_runner: [argyll] There are 8 unique fixed points to add (10 total fixed points)
2026-09-07 09:23:33,313 [DEBUG] core.argyll_runner: [argyll] There are 53 far spread points to add
2026-09-07 09:23:33,313 [DEBUG] core.argyll_runner: [argyll] 
2026-09-07 09:23:33,313 [DEBUG] core.argyll_runner: [argyll] Added 12/61
2026-09-07 09:23:33,313 [DEBUG] core.argyll_runner: [argyll] Added 23/61
2026-09-07 09:23:33,313 [DEBUG] core.argyll_runner: [argyll] Added 34/61
2026-09-07 09:23:33,314 [DEBUG] core.argyll_runner: [argyll] Added 45/61
2026-09-07 09:23:33,314 [DEBUG] core.argyll_runner: [argyll] Added 56/61
2026-09-07 09:23:33,315 [DEBUG] core.argyll_runner: [argyll] Added 61/61
2026-09-07 09:23:33,403 [DEBUG] core.argyll_runner: [argyll] 
2026-09-07 09:23:33,403 [DEBUG] core.argyll_runner: [argyll] After seeding points: MinPoint = 14.280, Min = 11.375, Avg. = 23.306, Max = 31.551, 0.0 secs
2026-09-07 09:23:33,403 [DEBUG] core.argyll_runner: [argyll] Re-seeding
2026-09-07 09:23:33,404 [DEBUG] core.argyll_runner: [argyll] It 1: Maxmv = 0.210469, MinPoint = 12.310, Min = 14.076, Avg. = 23.409, Max = 32.918, 0.0 secs.
2026-09-07 09:23:33,404 [DEBUG] core.argyll_runner: [argyll] Re-seeding
2026-09-07 09:23:33,404 [DEBUG] core.argyll_runner: [argyll] It 2: Maxmv = 0.208181, MinPoint = 14.378, Min = 15.123, Avg. = 23.329, Max = 30.574, 0.0 secs.
2026-09-07 09:23:33,404 [DEBUG] core.argyll_runner: [argyll] Re-seeding
2026-09-07 09:23:33,405 [DEBUG] core.argyll_runner: [argyll] It 3: Maxmv = 0.140425, MinPoint = 14.135, Min = 15.492, Avg. = 23.337, Max = 30.411, 0.0 secs.
2026-09-07 09:23:33,405 [DEBUG] core.argyll_runner: [argyll] Re-seeding
2026-09-07 09:23:33,405 [DEBUG] core.argyll_runner: [argyll] It 4: Maxmv = 0.121389, MinPoint = 17.703, Min = 15.206, Avg. = 23.395, Max = 30.360, 0.0 secs.
2026-09-07 09:23:33,405 [DEBUG] core.argyll_runner: [argyll] Re-seeding
2026-09-07 09:23:33,406 [DEBUG] core.argyll_runner: [argyll] It 5: Maxmv = 0.115960, MinPoint = 19.535, Min = 15.796, Avg. = 23.511, Max = 28.960, 0.0 secs.
2026-09-07 09:23:33,406 [DEBUG] core.argyll_runner: [argyll] Re-seeding
2026-09-07 09:23:33,406 [DEBUG] core.argyll_runner: [argyll] It 6: Maxmv = 0.107667, MinPoint = 18.389, Min = 15.234, Avg. = 23.037, Max = 28.263, 0.0 secs.
2026-09-07 09:23:33,407 [DEBUG] core.argyll_runner: [argyll] Re-seeding
2026-09-07 09:23:33,407 [DEBUG] core.argyll_runner: [argyll] It 7: Maxmv = 0.086229, MinPoint = 18.900, Min = 15.868, Avg. = 23.056, Max = 28.245, 0.0 secs.
2026-09-07 09:23:33,407 [DEBUG] core.argyll_runner: [argyll] Re-seeding
2026-09-07 09:23:33,407 [DEBUG] core.argyll_runner: [argyll] It 8: Maxmv = 0.096327, MinPoint = 22.588, Min = 16.085, Avg. = 23.057, Max = 29.903, 0.0 secs.
2026-09-07 09:23:33,408 [DEBUG] core.argyll_runner: [argyll] Re-seeding
2026-09-07 09:23:33,408 [DEBUG] core.argyll_runner: [argyll] It 9: Maxmv = 0.080250, MinPoint = 17.469, Min = 15.269, Avg. = 22.862, Max = 28.048, 0.0 secs.
2026-09-07 09:23:33,408 [DEBUG] core.argyll_runner: [argyll] Re-seeding
2026-09-07 09:23:33,408 [DEBUG] core.argyll_runner: [argyll] It 10: Maxmv = 0.072372, MinPoint = 22.122, Min = 15.738, Avg. = 22.961, Max = 28.153, 0.0 secs.
2026-09-07 09:23:33,409 [DEBUG] core.argyll_runner: [argyll] Re-seeding
2026-09-07 09:23:33,409 [DEBUG] core.argyll_runner: [argyll] It 11: Maxmv = 0.069836, MinPoint = 21.018, Min = 15.591, Avg. = 22.922, Max = 29.205, 0.0 secs.
2026-09-07 09:23:33,409 [DEBUG] core.argyll_runner: [argyll] Re-seeding
2026-09-07 09:23:33,409 [DEBUG] core.argyll_runner: [argyll] It 12: Maxmv = 0.044666, MinPoint = 21.029, Min = 15.883, Avg. = 22.983, Max = 27.838, 0.0 secs.
2026-09-07 09:23:33,410 [DEBUG] core.argyll_runner: [argyll] Re-seeding
2026-09-07 09:23:33,410 [DEBUG] core.argyll_runner: [argyll] It 13: Maxmv = 0.053498, MinPoint = 21.525, Min = 15.887, Avg. = 22.891, Max = 28.049, 0.0 secs.
2026-09-07 09:23:33,410 [DEBUG] core.argyll_runner: [argyll] Re-seeding
2026-09-07 09:23:33,410 [DEBUG] core.argyll_runner: [argyll] It 14: Maxmv = 0.049090, MinPoint = 22.226, Min = 16.046, Avg. = 22.860, Max = 28.658, 0.0 secs.
2026-09-07 09:23:33,411 [DEBUG] core.argyll_runner: [argyll] Re-seeding
2026-09-07 09:23:33,411 [DEBUG] core.argyll_runner: [argyll] It 15: Maxmv = 0.035763, MinPoint = 21.610, Min = 15.742, Avg. = 22.874, Max = 27.879, 0.0 secs.
2026-09-07 09:23:33,411 [DEBUG] core.argyll_runner: [argyll] Re-seeding
2026-09-07 09:23:33,411 [DEBUG] core.argyll_runner: [argyll] It 16: Maxmv = 0.023779, MinPoint = 22.202, Min = 15.877, Avg. = 22.875, Max = 28.390, 0.0 secs.
2026-09-07 09:23:33,412 [DEBUG] core.argyll_runner: [argyll] Re-seeding
2026-09-07 09:23:33,412 [DEBUG] core.argyll_runner: [argyll] It 17: Maxmv = 0.021252, MinPoint = 22.442, Min = 15.963, Avg. = 22.846, Max = 27.683, 0.0 secs.
2026-09-07 09:23:33,412 [DEBUG] core.argyll_runner: [argyll] Re-seeding
2026-09-07 09:23:33,412 [DEBUG] core.argyll_runner: [argyll] It 18: Maxmv = 0.011132, MinPoint = 22.820, Min = 16.001, Avg. = 22.834, Max = 27.284, 0.0 secs.
2026-09-07 09:23:33,413 [DEBUG] core.argyll_runner: [argyll] Re-seeding
2026-09-07 09:23:33,413 [DEBUG] core.argyll_runner: [argyll] It 19: Maxmv = 0.005161, MinPoint = 22.686, Min = 16.013, Avg. = 22.813, Max = 27.403, 0.0 secs.
2026-09-07 09:23:33,413 [DEBUG] core.argyll_runner: [argyll] Re-seeding
2026-09-07 09:23:33,414 [DEBUG] core.argyll_runner: [argyll] It 20: Maxmv = 0.005002, MinPoint = 22.798, Min = 16.023, Avg. = 22.810, Max = 27.532, 0.0 secs.
2026-09-07 09:23:33,414 [DEBUG] core.argyll_runner: [argyll] After optimization: MinPoint = 22.798, Min = 16.023, Avg. = 22.810, Max = 27.532
2026-09-07 09:23:33,414 [DEBUG] core.argyll_runner: [argyll] Total number of patches = 63
2026-09-07 09:23:33,415 [DEBUG] core.argyll_runner: [argyll] Execution time = 0.092065 seconds
2026-09-07 09:23:33,415 [INFO] core.argyll_runner: ArgyllRunner: finished with code 0
2026-09-07 09:23:33,592 [DEBUG] workflow.chart_creator: Wrote channel sidecar A10-Extremes.channels.json: ['r', 'g', 'b']
2026-09-07 09:23:33,594 [INFO] workflow.tiff_metadata: Right-edge stamp skipped (no usable right margin) for /Users/Basti/ChromIQ-assessment/A10-Extremes/runs/run1/A10-Extremes.tif
2026-09-07 09:23:33,595 [DEBUG] ui.tiff_preview: TiffPreview: loaded 1 page(s)
2026-09-07 09:23:33,595 [INFO] ui.tabs.tab_chart: Preview loaded: 1 TIFF(s)
2026-09-07 09:23:33,811 [DEBUG] ui.tiff_preview: TiffPreview: loaded 1 page(s)
2026-09-07 09:23:33,812 [DEBUG] ui.tiff_preview: TiffPreview: loaded 1 page(s)
2026-09-07 09:23:33,819 [DEBUG] ui.tabs.tab_chart: create-chart settings written for run1 (40 parameters + ui state)
2026-09-07 09:23:35,696 [INFO] assess: dpi 72: ok=True secs=2.5 tiffs=[{'file': 'A10-Extremes.tif', 'size_px': (283, 283), 'mode': 'RGB', 'dpi': (72.0, 72.0), 'bits': (8, 8, 8), 'compression': 'tiff_lzw', 'bytes': 20997}] actual={'total': 63, 'fillup': 0, 'page_patches': 63, 'rows': 9, 'cols': 7, 'pages': 1, 'patch': (8.82, 9.88), 'pitch': None}
2026-09-07 09:23:35,697 [INFO] assess:   json Test Runs/logs/d07b_results.json
2026-09-07 09:23:35,812 [DEBUG] core.settings: settings.set helper_markers_show = True
2026-09-07 09:23:35,812 [DEBUG] core.settings: settings.set helper_marker_edge_mm = 2.0
2026-09-07 09:23:35,812 [DEBUG] core.settings: settings.set helper_marker_len_mm = 2.0
2026-09-07 09:23:35,812 [DEBUG] core.settings: settings.set helper_marker_per_patch = 3
2026-09-07 09:23:35,812 [DEBUG] core.settings: settings.set helper_markers_top_bottom = True
2026-09-07 09:23:35,812 [DEBUG] core.settings: settings.set helper_markers_sides = True
2026-09-07 09:23:36,515 [INFO] assess:   armed: dialog ~'quite fill' -> click 'OK' 
2026-09-07 09:23:36,515 [INFO] assess:   armed: dialog ~'already' -> click 'Continue this project' 
2026-09-07 09:23:36,516 [INFO] ui.tabs.tab_chart: chart build (Generate Chart) in manual: patch set targen | manual panel: 100x100, 0x0 grid, margins T6.0 R6.0 B6.0 L6.0
2026-09-07 09:23:36,520 [DEBUG] core.settings: settings.set session_ti3_path = ''
2026-09-07 09:23:36,520 [DEBUG] core.settings: settings.set session_icc_path = ''
2026-09-07 09:23:36,520 [DEBUG] core.settings: settings.set session_cal_ti3_path = ''
2026-09-07 09:23:36,522 [DEBUG] core.file_manager: Target name set to: A10-Extremes (root /Users/Basti/ChromIQ-assessment/A10-Extremes)
2026-09-07 09:23:36,522 [INFO] core.file_manager: opened the EXISTING project at /Users/Basti/ChromIQ-assessment/A10-Extremes (1 run(s) on disk)
2026-09-07 09:23:36,584 [INFO] workflow.chart_creator: Chart generation: 80 patches, instrument=i1 paper=100x100 disable_lb=True
2026-09-07 09:23:36,584 [INFO] workflow.chart_creator: targen args: ['-v', '-d2', '-f80', '-e2', '-B2', '-G', '-g8', 'A10-Extremes']
2026-09-07 09:23:36,584 [INFO] core.argyll_runner: Run: /Applications/Argyll/bin/targen -v -d2 -f80 -e2 -B2 -G -g8 A10-Extremes  [cwd=/Users/Basti/ChromIQ-assessment/A10-Extremes/runs/run1]
2026-09-07 09:23:36,653 [DEBUG] core.argyll_runner: [argyll] iRGB test chart
2026-09-07 09:23:36,653 [DEBUG] core.argyll_runner: [argyll] White patches = 2
2026-09-07 09:23:36,653 [DEBUG] core.argyll_runner: [argyll] Black patches = 2
2026-09-07 09:23:36,653 [DEBUG] core.argyll_runner: [argyll] Composite Grey steps = 8
2026-09-07 09:23:36,654 [DEBUG] core.argyll_runner: [argyll] Full spread patches = 80
2026-09-07 09:23:36,654 [DEBUG] core.argyll_runner: [argyll] Degree of adaptation: 0.100
2026-09-07 09:23:36,654 [DEBUG] core.argyll_runner: [argyll] Adaptation weights: Device = 0.935, Perceptual = 0.065, Curvature = 0.010
2026-09-07 09:23:36,654 [DEBUG] core.argyll_runner: [argyll] Perceptual cache resolution = 7
2026-09-07 09:23:36,654 [DEBUG] core.argyll_runner: [argyll] Seeding cache...done
2026-09-07 09:23:36,654 [DEBUG] core.argyll_runner: [argyll] Acceleration grid res = 5
2026-09-07 09:23:36,655 [DEBUG] core.argyll_runner: [argyll] 
2026-09-07 09:23:36,655 [DEBUG] core.argyll_runner: [argyll] There are 8 unique fixed points to add (10 total fixed points)
2026-09-07 09:23:36,655 [DEBUG] core.argyll_runner: [argyll] There are 70 far spread points to add
2026-09-07 09:23:36,655 [DEBUG] core.argyll_runner: [argyll] 
2026-09-07 09:23:36,655 [DEBUG] core.argyll_runner: [argyll] Added 12/78
2026-09-07 09:23:36,655 [DEBUG] core.argyll_runner: [argyll] Added 23/78
2026-09-07 09:23:36,656 [DEBUG] core.argyll_runner: [argyll] Added 34/78
2026-09-07 09:23:36,656 [DEBUG] core.argyll_runner: [argyll] Added 45/78
2026-09-07 09:23:36,656 [DEBUG] core.argyll_runner: [argyll] Added 56/78
2026-09-07 09:23:36,657 [DEBUG] core.argyll_runner: [argyll] Added 67/78
2026-09-07 09:23:36,658 [DEBUG] core.argyll_runner: [argyll] Added 78/78
2026-09-07 09:23:36,768 [DEBUG] core.argyll_runner: [argyll] 
2026-09-07 09:23:36,769 [DEBUG] core.argyll_runner: [argyll] After seeding points: MinPoint = 13.871, Min = 10.285, Avg. = 21.611, Max = 27.435, 0.0 secs
2026-09-07 09:23:36,769 [DEBUG] core.argyll_runner: [argyll] Re-seeding
2026-09-07 09:23:36,769 [DEBUG] core.argyll_runner: [argyll] It 1: Maxmv = 0.209049, MinPoint = 11.312, Min = 9.469, Avg. = 21.689, Max = 28.157, 0.0 secs.
2026-09-07 09:23:36,770 [DEBUG] core.argyll_runner: [argyll] Re-seeding
2026-09-07 09:23:36,770 [DEBUG] core.argyll_runner: [argyll] It 2: Maxmv = 0.216923, MinPoint = 9.769, Min = 8.262, Avg. = 21.500, Max = 26.323, 0.0 secs.
2026-09-07 09:23:36,770 [DEBUG] core.argyll_runner: [argyll] Re-seeding
2026-09-07 09:23:36,770 [DEBUG] core.argyll_runner: [argyll] It 3: Maxmv = 0.145882, MinPoint = 8.695, Min = 13.593, Avg. = 21.244, Max = 26.995, 0.0 secs.
2026-09-07 09:23:36,771 [DEBUG] core.argyll_runner: [argyll] Re-seeding
2026-09-07 09:23:36,771 [DEBUG] core.argyll_runner: [argyll] It 4: Maxmv = 0.117369, MinPoint = 13.512, Min = 11.990, Avg. = 21.126, Max = 26.658, 0.0 secs.
2026-09-07 09:23:36,771 [DEBUG] core.argyll_runner: [argyll] Re-seeding
2026-09-07 09:23:36,771 [DEBUG] core.argyll_runner: [argyll] It 5: Maxmv = 0.126702, MinPoint = 15.671, Min = 13.476, Avg. = 21.100, Max = 26.051, 0.0 secs.
2026-09-07 09:23:36,772 [DEBUG] core.argyll_runner: [argyll] Re-seeding
2026-09-07 09:23:36,772 [DEBUG] core.argyll_runner: [argyll] It 6: Maxmv = 0.094325, MinPoint = 16.653, Min = 13.977, Avg. = 20.984, Max = 26.136, 0.0 secs.
2026-09-07 09:23:36,772 [DEBUG] core.argyll_runner: [argyll] Re-seeding
2026-09-07 09:23:36,772 [DEBUG] core.argyll_runner: [argyll] It 7: Maxmv = 0.084194, MinPoint = 18.397, Min = 14.010, Avg. = 21.041, Max = 26.039, 0.0 secs.
2026-09-07 09:23:36,773 [DEBUG] core.argyll_runner: [argyll] Re-seeding
2026-09-07 09:23:36,773 [DEBUG] core.argyll_runner: [argyll] It 8: Maxmv = 0.071776, MinPoint = 17.952, Min = 13.907, Avg. = 21.029, Max = 26.601, 0.0 secs.
2026-09-07 09:23:36,773 [DEBUG] core.argyll_runner: [argyll] Re-seeding
2026-09-07 09:23:36,773 [DEBUG] core.argyll_runner: [argyll] It 9: Maxmv = 0.070324, MinPoint = 17.510, Min = 14.218, Avg. = 20.975, Max = 25.889, 0.0 secs.
2026-09-07 09:23:36,774 [DEBUG] core.argyll_runner: [argyll] Re-seeding
2026-09-07 09:23:36,774 [DEBUG] core.argyll_runner: [argyll] It 10: Maxmv = 0.057766, MinPoint = 18.871, Min = 13.965, Avg. = 20.868, Max = 26.091, 0.0 secs.
2026-09-07 09:23:36,774 [DEBUG] core.argyll_runner: [argyll] Re-seeding
2026-09-07 09:23:36,774 [DEBUG] core.argyll_runner: [argyll] It 11: Maxmv = 0.046587, MinPoint = 20.146, Min = 13.819, Avg. = 20.811, Max = 25.944, 0.0 secs.
2026-09-07 09:23:36,775 [DEBUG] core.argyll_runner: [argyll] Re-seeding
2026-09-07 09:23:36,775 [DEBUG] core.argyll_runner: [argyll] It 12: Maxmv = 0.046025, MinPoint = 21.044, Min = 14.685, Avg. = 20.786, Max = 26.076, 0.0 secs.
2026-09-07 09:23:36,775 [DEBUG] core.argyll_runner: [argyll] Re-seeding
2026-09-07 09:23:36,775 [DEBUG] core.argyll_runner: [argyll] It 13: Maxmv = 0.036332, MinPoint = 20.929, Min = 15.153, Avg. = 20.801, Max = 25.655, 0.0 secs.
2026-09-07 09:23:36,776 [DEBUG] core.argyll_runner: [argyll] Re-seeding
2026-09-07 09:23:36,776 [DEBUG] core.argyll_runner: [argyll] It 14: Maxmv = 0.031119, MinPoint = 22.531, Min = 14.636, Avg. = 20.782, Max = 25.578, 0.0 secs.
2026-09-07 09:23:36,776 [DEBUG] core.argyll_runner: [argyll] Re-seeding
2026-09-07 09:23:36,776 [DEBUG] core.argyll_runner: [argyll] It 15: Maxmv = 0.026418, MinPoint = 21.309, Min = 15.342, Avg. = 20.832, Max = 26.052, 0.0 secs.
2026-09-07 09:23:36,777 [DEBUG] core.argyll_runner: [argyll] Re-seeding
2026-09-07 09:23:36,777 [DEBUG] core.argyll_runner: [argyll] It 16: Maxmv = 0.018905, MinPoint = 22.233, Min = 14.863, Avg. = 20.802, Max = 25.633, 0.0 secs.
2026-09-07 09:23:36,777 [DEBUG] core.argyll_runner: [argyll] Re-seeding
2026-09-07 09:23:36,777 [DEBUG] core.argyll_runner: [argyll] It 17: Maxmv = 0.013895, MinPoint = 21.726, Min = 14.623, Avg. = 20.784, Max = 25.711, 0.0 secs.
2026-09-07 09:23:36,778 [DEBUG] core.argyll_runner: [argyll] Re-seeding
2026-09-07 09:23:36,778 [DEBUG] core.argyll_runner: [argyll] It 18: Maxmv = 0.008278, MinPoint = 21.767, Min = 14.508, Avg. = 20.802, Max = 25.862, 0.0 secs.
2026-09-07 09:23:36,778 [DEBUG] core.argyll_runner: [argyll] Re-seeding
2026-09-07 09:23:36,778 [DEBUG] core.argyll_runner: [argyll] It 19: Maxmv = 0.003605, MinPoint = 21.762, Min = 14.471, Avg. = 20.815, Max = 25.886, 0.0 secs.
2026-09-07 09:23:36,779 [DEBUG] core.argyll_runner: [argyll] Re-seeding
2026-09-07 09:23:36,779 [DEBUG] core.argyll_runner: [argyll] It 20: Maxmv = 0.003079, MinPoint = 21.763, Min = 14.437, Avg. = 20.797, Max = 25.834, 0.0 secs.
2026-09-07 09:23:36,779 [DEBUG] core.argyll_runner: [argyll] After optimization: MinPoint = 21.763, Min = 14.437, Avg. = 20.797, Max = 25.834
2026-09-07 09:23:36,780 [DEBUG] core.argyll_runner: [argyll] Total number of patches = 80
2026-09-07 09:23:36,780 [DEBUG] core.argyll_runner: [argyll] Execution time = 0.122925 seconds
2026-09-07 09:23:36,780 [INFO] core.argyll_runner: ArgyllRunner: finished with code 0
2026-09-07 09:23:37,110 [DEBUG] workflow.chart_creator: Wrote channel sidecar A10-Extremes.channels.json: ['r', 'g', 'b']
2026-09-07 09:23:37,295 [DEBUG] ui.tiff_preview: TiffPreview: loaded 1 page(s)
2026-09-07 09:23:37,295 [INFO] ui.tabs.tab_chart: Preview loaded: 1 TIFF(s)
2026-09-07 09:23:37,564 [DEBUG] ui.tiff_preview: TiffPreview: loaded 1 page(s)
2026-09-07 09:23:37,565 [DEBUG] ui.tiff_preview: TiffPreview: loaded 1 page(s)
2026-09-07 09:23:37,568 [DEBUG] ui.tabs.tab_chart: create-chart settings written for run1 (40 parameters + ui state)
2026-09-07 09:23:41,382 [INFO] assess: dpi 1200: ok=True secs=4.9 tiffs=[{'file': 'A10-Extremes.tif', 'size_px': (4724, 4724), 'mode': 'RGB', 'dpi': (1200.0, 1200.0), 'bits': (8, 8, 8), 'compression': 'tiff_lzw', 'bytes': 1378108}] actual={'total': 80, 'fillup': 0, 'page_patches': 80, 'rows': 10, 'cols': 8, 'pages': 1, 'patch': (8.04, 8.81), 'pitch': None}
2026-09-07 09:23:41,383 [INFO] assess:   json Test Runs/logs/d07b_results.json
2026-09-07 09:23:41,489 [DEBUG] core.settings: settings.set helper_markers_show = True
2026-09-07 09:23:41,489 [DEBUG] core.settings: settings.set helper_marker_edge_mm = 2.0
2026-09-07 09:23:41,489 [DEBUG] core.settings: settings.set helper_marker_len_mm = 2.0
2026-09-07 09:23:41,489 [DEBUG] core.settings: settings.set helper_marker_per_patch = 3
2026-09-07 09:23:41,489 [DEBUG] core.settings: settings.set helper_markers_top_bottom = True
2026-09-07 09:23:41,489 [DEBUG] core.settings: settings.set helper_markers_sides = True
2026-09-07 09:23:41,921 [DEBUG] core.settings: settings.set helper_markers_show = True
2026-09-07 09:23:41,921 [DEBUG] core.settings: settings.set helper_marker_edge_mm = 2.0
2026-09-07 09:23:41,921 [DEBUG] core.settings: settings.set helper_marker_len_mm = 2.0
2026-09-07 09:23:41,921 [DEBUG] core.settings: settings.set helper_marker_per_patch = 3
2026-09-07 09:23:41,921 [DEBUG] core.settings: settings.set helper_markers_top_bottom = True
2026-09-07 09:23:41,921 [DEBUG] core.settings: settings.set helper_markers_sides = True
2026-09-07 09:23:42,389 [DEBUG] core.settings: settings.set helper_markers_show = True
2026-09-07 09:23:42,389 [DEBUG] core.settings: settings.set helper_marker_edge_mm = 2.0
2026-09-07 09:23:42,389 [DEBUG] core.settings: settings.set helper_marker_len_mm = 2.0
2026-09-07 09:23:42,389 [DEBUG] core.settings: settings.set helper_marker_per_patch = 3
2026-09-07 09:23:42,389 [DEBUG] core.settings: settings.set helper_markers_top_bottom = True
2026-09-07 09:23:42,389 [DEBUG] core.settings: settings.set helper_markers_sides = True
2026-09-07 09:23:42,850 [DEBUG] core.settings: settings.set helper_markers_show = True
2026-09-07 09:23:42,850 [DEBUG] core.settings: settings.set helper_marker_edge_mm = 2.0
2026-09-07 09:23:42,850 [DEBUG] core.settings: settings.set helper_marker_len_mm = 2.0
2026-09-07 09:23:42,850 [DEBUG] core.settings: settings.set helper_marker_per_patch = 3
2026-09-07 09:23:42,850 [DEBUG] core.settings: settings.set helper_markers_top_bottom = True
2026-09-07 09:23:42,850 [DEBUG] core.settings: settings.set helper_markers_sides = True
2026-09-07 09:23:43,474 [DEBUG] core.settings: settings.set helper_markers_show = True
2026-09-07 09:23:43,475 [DEBUG] core.settings: settings.set helper_marker_edge_mm = 2.0
2026-09-07 09:23:43,475 [DEBUG] core.settings: settings.set helper_marker_len_mm = 2.0
2026-09-07 09:23:43,475 [DEBUG] core.settings: settings.set helper_marker_per_patch = 3
2026-09-07 09:23:43,475 [DEBUG] core.settings: settings.set helper_markers_top_bottom = True
2026-09-07 09:23:43,475 [DEBUG] core.settings: settings.set helper_markers_sides = True
2026-09-07 09:23:44,425 [INFO] assess:   armed: dialog ~'quite fill' -> click 'OK' 
2026-09-07 09:23:44,426 [INFO] assess:   armed: dialog ~'already' -> click 'Continue this project' 
2026-09-07 09:23:44,427 [INFO] ui.tabs.tab_chart: chart build (Generate Chart) in manual: patch set targen | manual panel: A4, 0x0 grid, margins T33.0 R6.0 B10.0 L6.0
2026-09-07 09:23:44,430 [DEBUG] core.settings: settings.set session_ti3_path = ''
2026-09-07 09:23:44,431 [DEBUG] core.settings: settings.set session_icc_path = ''
2026-09-07 09:23:44,431 [DEBUG] core.settings: settings.set session_cal_ti3_path = ''
2026-09-07 09:23:44,432 [DEBUG] core.file_manager: Target name set to: A10-Extremes (root /Users/Basti/ChromIQ-assessment/A10-Extremes)
2026-09-07 09:23:44,433 [INFO] core.file_manager: opened the EXISTING project at /Users/Basti/ChromIQ-assessment/A10-Extremes (1 run(s) on disk)
2026-09-07 09:23:44,487 [INFO] workflow.chart_creator: Chart generation: 960 patches, instrument=CM paper=A4 disable_lb=True
2026-09-07 09:23:44,487 [INFO] workflow.chart_creator: targen args: ['-v', '-d2', '-f960', '-e8', '-B8', '-G', '-g55', 'A10-Extremes']
2026-09-07 09:23:44,487 [INFO] core.argyll_runner: Run: /Applications/Argyll/bin/targen -v -d2 -f960 -e8 -B8 -G -g55 A10-Extremes  [cwd=/Users/Basti/ChromIQ-assessment/A10-Extremes/runs/run1]
2026-09-07 09:23:44,554 [DEBUG] core.argyll_runner: [argyll] iRGB test chart
2026-09-07 09:23:44,555 [DEBUG] core.argyll_runner: [argyll] White patches = 8
2026-09-07 09:23:44,555 [DEBUG] core.argyll_runner: [argyll] Black patches = 8
2026-09-07 09:23:44,555 [DEBUG] core.argyll_runner: [argyll] Composite Grey steps = 55
2026-09-07 09:23:44,555 [DEBUG] core.argyll_runner: [argyll] Full spread patches = 960
2026-09-07 09:23:44,555 [DEBUG] core.argyll_runner: [argyll] Degree of adaptation: 0.100
2026-09-07 09:23:44,555 [DEBUG] core.argyll_runner: [argyll] Adaptation weights: Device = 0.935, Perceptual = 0.065, Curvature = 0.010
2026-09-07 09:23:44,556 [DEBUG] core.argyll_runner: [argyll] Perceptual cache resolution = 11
2026-09-07 09:23:44,556 [DEBUG] core.argyll_runner: [argyll] Seeding cache...
2026-09-07 09:23:44,576 [DEBUG] core.argyll_runner: [argyll] done
2026-09-07 09:23:44,576 [DEBUG] core.argyll_runner: [argyll] Acceleration grid res = 11
2026-09-07 09:23:44,576 [DEBUG] core.argyll_runner: [argyll] 
2026-09-07 09:23:44,576 [DEBUG] core.argyll_runner: [argyll] There are 55 unique fixed points to add (69 total fixed points)
2026-09-07 09:23:44,576 [DEBUG] core.argyll_runner: [argyll] There are 891 far spread points to add
2026-09-07 09:23:44,576 [DEBUG] core.argyll_runner: [argyll] 
2026-09-07 09:23:44,577 [DEBUG] core.argyll_runner: [argyll] Added 12/946
2026-09-07 09:23:44,577 [DEBUG] core.argyll_runner: [argyll] Added 23/946
2026-09-07 09:23:44,577 [DEBUG] core.argyll_runner: [argyll] Added 34/946
2026-09-07 09:23:44,577 [DEBUG] core.argyll_runner: [argyll] Added 45/946
2026-09-07 09:23:44,578 [DEBUG] core.argyll_runner: [argyll] Added 56/946
2026-09-07 09:23:44,578 [DEBUG] core.argyll_runner: [argyll] Added 67/946
2026-09-07 09:23:44,579 [DEBUG] core.argyll_runner: [argyll] Added 78/946
2026-09-07 09:23:44,579 [DEBUG] core.argyll_runner: [argyll] Added 89/946
2026-09-07 09:23:44,580 [DEBUG] core.argyll_runner: [argyll] Added 100/946
2026-09-07 09:23:44,581 [DEBUG] core.argyll_runner: [argyll] Added 111/946
2026-09-07 09:23:44,582 [DEBUG] core.argyll_runner: [argyll] Added 122/946
2026-09-07 09:23:44,583 [DEBUG] core.argyll_runner: [argyll] Added 133/946
2026-09-07 09:23:44,584 [DEBUG] core.argyll_runner: [argyll] Added 144/946
2026-09-07 09:23:44,585 [DEBUG] core.argyll_runner: [argyll] Added 155/946
2026-09-07 09:23:44,618 [DEBUG] core.argyll_runner: [argyll] 
2026-09-07 09:23:44,619 [DEBUG] core.argyll_runner: [argyll] Added 166/946
2026-09-07 09:23:44,619 [DEBUG] core.argyll_runner: [argyll] Added 177/946
2026-09-07 09:23:44,619 [DEBUG] core.argyll_runner: [argyll] Added 188/946
2026-09-07 09:23:44,620 [DEBUG] core.argyll_runner: [argyll] Added 199/946
2026-09-07 09:23:44,620 [DEBUG] core.argyll_runner: [argyll] Added 210/946
2026-09-07 09:23:44,621 [DEBUG] core.argyll_runner: [argyll] Added 221/946
2026-09-07 09:23:44,622 [DEBUG] core.argyll_runner: [argyll] Added 232/946
2026-09-07 09:23:44,622 [DEBUG] core.argyll_runner: [argyll] Added 243/946
2026-09-07 09:23:44,624 [DEBUG] core.argyll_runner: [argyll] Added 254/946
2026-09-07 09:23:44,625 [DEBUG] core.argyll_runner: [argyll] Added 265/946
2026-09-07 09:23:44,626 [DEBUG] core.argyll_runner: [argyll] Added 276/946
2026-09-07 09:23:44,628 [DEBUG] core.argyll_runner: [argyll] Added 287/946
2026-09-07 09:23:44,629 [DEBUG] core.argyll_runner: [argyll] Added 298/946
2026-09-07 09:23:44,631 [DEBUG] core.argyll_runner: [argyll] Added 309/946
2026-09-07 09:23:44,633 [DEBUG] core.argyll_runner: [argyll] Added 320/946
2026-09-07 09:23:44,635 [DEBUG] core.argyll_runner: [argyll] Added 331/946
2026-09-07 09:23:44,637 [DEBUG] core.argyll_runner: [argyll] Added 342/946
2026-09-07 09:23:44,639 [DEBUG] core.argyll_runner: [argyll] Added 353/946
2026-09-07 09:23:44,642 [DEBUG] core.argyll_runner: [argyll] Added 364/946
2026-09-07 09:23:44,644 [DEBUG] core.argyll_runner: [argyll] Added 375/946
2026-09-07 09:23:44,647 [DEBUG] core.argyll_runner: [argyll] Added 386/946
2026-09-07 09:23:44,650 [DEBUG] core.argyll_runner: [argyll] Added 397/946
2026-09-07 09:23:44,653 [DEBUG] core.argyll_runner: [argyll] Added 408/946
2026-09-07 09:23:44,656 [DEBUG] core.argyll_runner: [argyll] Added 419/946
2026-09-07 09:23:44,659 [DEBUG] core.argyll_runner: [argyll] Added 430/946
2026-09-07 09:23:44,663 [DEBUG] core.argyll_runner: [argyll] Added 441/946
2026-09-07 09:23:44,666 [DEBUG] core.argyll_runner: [argyll] Added 452/946
2026-09-07 09:23:44,670 [DEBUG] core.argyll_runner: [argyll] Added 463/946
2026-09-07 09:23:44,674 [DEBUG] core.argyll_runner: [argyll] Added 474/946
2026-09-07 09:23:44,678 [DEBUG] core.argyll_runner: [argyll] Added 485/946
2026-09-07 09:23:44,682 [DEBUG] core.argyll_runner: [argyll] Added 496/946
2026-09-07 09:23:44,686 [DEBUG] core.argyll_runner: [argyll] Added 507/946
2026-09-07 09:23:44,690 [DEBUG] core.argyll_runner: [argyll] Added 518/946
2026-09-07 09:23:44,695 [DEBUG] core.argyll_runner: [argyll] Added 529/946
2026-09-07 09:23:44,699 [DEBUG] core.argyll_runner: [argyll] Added 540/946
2026-09-07 09:23:44,704 [DEBUG] core.argyll_runner: [argyll] Added 551/946
2026-09-07 09:23:44,709 [DEBUG] core.argyll_runner: [argyll] Added 562/946
2026-09-07 09:23:44,714 [DEBUG] core.argyll_runner: [argyll] Added 573/946
2026-09-07 09:23:44,719 [DEBUG] core.argyll_runner: [argyll] Added 584/946
2026-09-07 09:23:44,724 [DEBUG] core.argyll_runner: [argyll] Added 595/946
2026-09-07 09:23:44,730 [DEBUG] core.argyll_runner: [argyll] Added 606/946
2026-09-07 09:23:44,749 [DEBUG] core.argyll_runner: [argyll] 
2026-09-07 09:23:44,751 [DEBUG] core.argyll_runner: [argyll] Added 617/946
2026-09-07 09:23:44,751 [DEBUG] core.argyll_runner: [argyll] Added 628/946
2026-09-07 09:23:44,751 [DEBUG] core.argyll_runner: [argyll] Added 639/946
2026-09-07 09:23:44,751 [DEBUG] core.argyll_runner: [argyll] Added 650/946
2026-09-07 09:23:44,752 [DEBUG] core.argyll_runner: [argyll] Added 661/946
2026-09-07 09:23:44,753 [DEBUG] core.argyll_runner: [argyll] Added 672/946
2026-09-07 09:23:44,753 [DEBUG] core.argyll_runner: [argyll] Added 683/946
2026-09-07 09:23:44,754 [DEBUG] core.argyll_runner: [argyll] Added 694/946
2026-09-07 09:23:44,755 [DEBUG] core.argyll_runner: [argyll] Added 705/946
2026-09-07 09:23:44,757 [DEBUG] core.argyll_runner: [argyll] Added 716/946
2026-09-07 09:23:44,758 [DEBUG] core.argyll_runner: [argyll] Added 727/946
2026-09-07 09:23:44,760 [DEBUG] core.argyll_runner: [argyll] Added 738/946
2026-09-07 09:23:44,761 [DEBUG] core.argyll_runner: [argyll] Added 749/946
2026-09-07 09:23:44,763 [DEBUG] core.argyll_runner: [argyll] Added 760/946
2026-09-07 09:23:44,765 [DEBUG] core.argyll_runner: [argyll] Added 771/946
2026-09-07 09:23:44,767 [DEBUG] core.argyll_runner: [argyll] Added 782/946
2026-09-07 09:23:44,769 [DEBUG] core.argyll_runner: [argyll] Added 793/946
2026-09-07 09:23:44,771 [DEBUG] core.argyll_runner: [argyll] Added 804/946
2026-09-07 09:23:44,774 [DEBUG] core.argyll_runner: [argyll] Added 815/946
2026-09-07 09:23:44,776 [DEBUG] core.argyll_runner: [argyll] Added 826/946
2026-09-07 09:23:44,779 [DEBUG] core.argyll_runner: [argyll] Added 837/946
2026-09-07 09:23:44,782 [DEBUG] core.argyll_runner: [argyll] Added 848/946
2026-09-07 09:23:44,785 [DEBUG] core.argyll_runner: [argyll] Added 859/946
2026-09-07 09:23:44,788 [DEBUG] core.argyll_runner: [argyll] Added 870/946
2026-09-07 09:23:44,791 [DEBUG] core.argyll_runner: [argyll] Added 881/946
2026-09-07 09:23:44,795 [DEBUG] core.argyll_runner: [argyll] Added 892/946
2026-09-07 09:23:44,798 [DEBUG] core.argyll_runner: [argyll] Added 903/946
2026-09-07 09:23:44,802 [DEBUG] core.argyll_runner: [argyll] Added 914/946
2026-09-07 09:23:44,806 [DEBUG] core.argyll_runner: [argyll] Added 925/946
2026-09-07 09:23:44,809 [DEBUG] core.argyll_runner: [argyll] Added 936/946
2026-09-07 09:23:44,813 [DEBUG] core.argyll_runner: [argyll] Added 946/946
2026-09-07 09:23:46,622 [DEBUG] core.argyll_runner: [argyll] 
2026-09-07 09:23:46,623 [DEBUG] core.argyll_runner: [argyll] After seeding points: MinPoint = 3.080, Min = 2.829, Avg. = 8.834, Max = 11.365, 0.1 secs
2026-09-07 09:23:46,623 [DEBUG] core.argyll_runner: [argyll] Re-seeding
2026-09-07 09:23:46,624 [DEBUG] core.argyll_runner: [argyll] It 1: Maxmv = 0.077226, MinPoint = 2.519, Min = 2.829, Avg. = 8.774, Max = 11.912, 0.1 secs.
2026-09-07 09:23:46,624 [DEBUG] core.argyll_runner: [argyll] Re-seeding
2026-09-07 09:23:46,624 [DEBUG] core.argyll_runner: [argyll] It 2: Maxmv = 0.080576, MinPoint = 3.080, Min = 2.829, Avg. = 8.704, Max = 11.978, 0.1 secs.
2026-09-07 09:23:46,624 [DEBUG] core.argyll_runner: [argyll] Re-seeding
2026-09-07 09:23:46,625 [DEBUG] core.argyll_runner: [argyll] It 3: Maxmv = 0.092291, MinPoint = 3.080, Min = 2.829, Avg. = 8.649, Max = 11.705, 0.1 secs.
2026-09-07 09:23:46,625 [DEBUG] core.argyll_runner: [argyll] Re-seeding
2026-09-07 09:23:46,625 [DEBUG] core.argyll_runner: [argyll] It 4: Maxmv = 0.059698, MinPoint = 2.763, Min = 2.829, Avg. = 8.600, Max = 11.540, 0.1 secs.
2026-09-07 09:23:46,626 [DEBUG] core.argyll_runner: [argyll] Re-seeding
2026-09-07 09:23:46,626 [DEBUG] core.argyll_runner: [argyll] It 5: Maxmv = 0.062693, MinPoint = 3.080, Min = 2.829, Avg. = 8.568, Max = 11.112, 0.1 secs.
2026-09-07 09:23:46,626 [DEBUG] core.argyll_runner: [argyll] Re-seeding
2026-09-07 09:23:46,626 [DEBUG] core.argyll_runner: [argyll] It 6: Maxmv = 0.053268, MinPoint = 3.080, Min = 2.829, Avg. = 8.516, Max = 10.975, 0.1 secs.
2026-09-07 09:23:46,627 [DEBUG] core.argyll_runner: [argyll] Re-seeding
2026-09-07 09:23:46,627 [DEBUG] core.argyll_runner: [argyll] It 7: Maxmv = 0.044972, MinPoint = 3.080, Min = 2.829, Avg. = 8.490, Max = 11.218, 0.1 secs.
2026-09-07 09:23:46,627 [DEBUG] core.argyll_runner: [argyll] Re-seeding
2026-09-07 09:23:46,627 [DEBUG] core.argyll_runner: [argyll] It 8: Maxmv = 0.039278, MinPoint = 3.080, Min = 2.829, Avg. = 8.448, Max = 10.669, 0.1 secs.
2026-09-07 09:23:46,628 [DEBUG] core.argyll_runner: [argyll] Re-seeding
2026-09-07 09:23:46,628 [DEBUG] core.argyll_runner: [argyll] It 9: Maxmv = 0.040422, MinPoint = 3.080, Min = 2.829, Avg. = 8.428, Max = 10.471, 0.1 secs.
2026-09-07 09:23:46,628 [DEBUG] core.argyll_runner: [argyll] Re-seeding
2026-09-07 09:23:46,628 [DEBUG] core.argyll_runner: [argyll] It 10: Maxmv = 0.026767, MinPoint = 3.080, Min = 2.829, Avg. = 8.408, Max = 10.739, 0.1 secs.
2026-09-07 09:23:46,629 [DEBUG] core.argyll_runner: [argyll] Re-seeding
2026-09-07 09:23:46,629 [DEBUG] core.argyll_runner: [argyll] It 11: Maxmv = 0.027255, MinPoint = 3.080, Min = 2.829, Avg. = 8.403, Max = 10.213, 0.1 secs.
2026-09-07 09:23:46,629 [DEBUG] core.argyll_runner: [argyll] Re-seeding
2026-09-07 09:23:46,629 [DEBUG] core.argyll_runner: [argyll] It 12: Maxmv = 0.025281, MinPoint = 3.080, Min = 2.829, Avg. = 8.385, Max = 10.543, 0.1 secs.
2026-09-07 09:23:46,630 [DEBUG] core.argyll_runner: [argyll] Re-seeding
2026-09-07 09:23:46,630 [DEBUG] core.argyll_runner: [argyll] It 13: Maxmv = 0.017159, MinPoint = 3.080, Min = 2.829, Avg. = 8.376, Max = 10.186, 0.1 secs.
2026-09-07 09:23:46,630 [DEBUG] core.argyll_runner: [argyll] Re-seeding
2026-09-07 09:23:46,630 [DEBUG] core.argyll_runner: [argyll] It 14: Maxmv = 0.015642, MinPoint = 3.080, Min = 2.829, Avg. = 8.370, Max = 10.407, 0.1 secs.
2026-09-07 09:23:46,631 [DEBUG] core.argyll_runner: [argyll] Re-seeding
2026-09-07 09:23:46,631 [DEBUG] core.argyll_runner: [argyll] It 15: Maxmv = 0.012550, MinPoint = 3.080, Min = 2.829, Avg. = 8.365, Max = 10.080, 0.1 secs.
2026-09-07 09:23:46,631 [DEBUG] core.argyll_runner: [argyll] Re-seeding
2026-09-07 09:23:46,631 [DEBUG] core.argyll_runner: [argyll] It 16: Maxmv = 0.009771, MinPoint = 3.080, Min = 2.829, Avg. = 8.364, Max = 10.063, 0.1 secs.
2026-09-07 09:23:46,632 [DEBUG] core.argyll_runner: [argyll] Re-seeding
2026-09-07 09:23:46,632 [DEBUG] core.argyll_runner: [argyll] It 17: Maxmv = 0.005608, MinPoint = 3.080, Min = 2.829, Avg. = 8.362, Max = 10.043, 0.1 secs.
2026-09-07 09:23:46,632 [DEBUG] core.argyll_runner: [argyll] Re-seeding
2026-09-07 09:23:46,632 [DEBUG] core.argyll_runner: [argyll] It 18: Maxmv = 0.003586, MinPoint = 3.080, Min = 2.829, Avg. = 8.362, Max = 10.189, 0.1 secs.
2026-09-07 09:23:46,633 [DEBUG] core.argyll_runner: [argyll] Re-seeding
2026-09-07 09:23:46,633 [DEBUG] core.argyll_runner: [argyll] It 19: Maxmv = 0.001303, MinPoint = 3.080, Min = 2.829, Avg. = 8.362, Max = 10.135, 0.1 secs.
2026-09-07 09:23:46,633 [DEBUG] core.argyll_runner: [argyll] Re-seeding
2026-09-07 09:23:46,633 [DEBUG] core.argyll_runner: [argyll] It 20: Maxmv = 0.001189, MinPoint = 3.080, Min = 2.829, Avg. = 8.361, Max = 10.083, 0.1 secs.
2026-09-07 09:23:46,634 [DEBUG] core.argyll_runner: [argyll] After optimization: MinPoint = 3.080, Min = 2.829, Avg. = 8.361, Max = 10.083
2026-09-07 09:23:46,634 [DEBUG] core.argyll_runner: [argyll] Total number of patches = 960
2026-09-07 09:23:46,634 [DEBUG] core.argyll_runner: [argyll] Execution time = 2.061871 seconds
2026-09-07 09:23:46,635 [INFO] core.argyll_runner: ArgyllRunner: finished with code 0
2026-09-07 09:23:47,697 [DEBUG] workflow.chart_creator: Wrote channel sidecar A10-Extremes.channels.json: ['r', 'g', 'b']
2026-09-07 09:23:47,748 [INFO] workflow.tiff_metadata: Right-edge stamp skipped (no usable right margin) for /Users/Basti/ChromIQ-assessment/A10-Extremes/runs/run1/A10-Extremes_01.tif
2026-09-07 09:23:47,801 [INFO] workflow.tiff_metadata: Right-edge stamp skipped (no usable right margin) for /Users/Basti/ChromIQ-assessment/A10-Extremes/runs/run1/A10-Extremes_02.tif
2026-09-07 09:23:47,853 [INFO] workflow.tiff_metadata: Right-edge stamp skipped (no usable right margin) for /Users/Basti/ChromIQ-assessment/A10-Extremes/runs/run1/A10-Extremes_03.tif
2026-09-07 09:23:47,906 [INFO] workflow.tiff_metadata: Right-edge stamp skipped (no usable right margin) for /Users/Basti/ChromIQ-assessment/A10-Extremes/runs/run1/A10-Extremes_04.tif
2026-09-07 09:23:47,957 [INFO] workflow.tiff_metadata: Right-edge stamp skipped (no usable right margin) for /Users/Basti/ChromIQ-assessment/A10-Extremes/runs/run1/A10-Extremes_05.tif
2026-09-07 09:23:48,005 [INFO] workflow.tiff_metadata: Right-edge stamp skipped (no usable right margin) for /Users/Basti/ChromIQ-assessment/A10-Extremes/runs/run1/A10-Extremes_06.tif
2026-09-07 09:23:48,056 [INFO] workflow.tiff_metadata: Right-edge stamp skipped (no usable right margin) for /Users/Basti/ChromIQ-assessment/A10-Extremes/runs/run1/A10-Extremes_07.tif
2026-09-07 09:23:48,109 [INFO] workflow.tiff_metadata: Right-edge stamp skipped (no usable right margin) for /Users/Basti/ChromIQ-assessment/A10-Extremes/runs/run1/A10-Extremes_08.tif
2026-09-07 09:23:48,160 [INFO] workflow.tiff_metadata: Right-edge stamp skipped (no usable right margin) for /Users/Basti/ChromIQ-assessment/A10-Extremes/runs/run1/A10-Extremes_09.tif
2026-09-07 09:23:48,208 [INFO] workflow.tiff_metadata: Right-edge stamp skipped (no usable right margin) for /Users/Basti/ChromIQ-assessment/A10-Extremes/runs/run1/A10-Extremes_10.tif
2026-09-07 09:23:48,262 [INFO] workflow.tiff_metadata: Right-edge stamp skipped (no usable right margin) for /Users/Basti/ChromIQ-assessment/A10-Extremes/runs/run1/A10-Extremes_11.tif
2026-09-07 09:23:48,312 [INFO] workflow.tiff_metadata: Right-edge stamp skipped (no usable right margin) for /Users/Basti/ChromIQ-assessment/A10-Extremes/runs/run1/A10-Extremes_12.tif
2026-09-07 09:23:48,366 [INFO] workflow.tiff_metadata: Right-edge stamp skipped (no usable right margin) for /Users/Basti/ChromIQ-assessment/A10-Extremes/runs/run1/A10-Extremes_13.tif
2026-09-07 09:23:48,417 [INFO] workflow.tiff_metadata: Right-edge stamp skipped (no usable right margin) for /Users/Basti/ChromIQ-assessment/A10-Extremes/runs/run1/A10-Extremes_14.tif
2026-09-07 09:23:48,468 [INFO] workflow.tiff_metadata: Right-edge stamp skipped (no usable right margin) for /Users/Basti/ChromIQ-assessment/A10-Extremes/runs/run1/A10-Extremes_15.tif
2026-09-07 09:23:48,520 [INFO] workflow.tiff_metadata: Right-edge stamp skipped (no usable right margin) for /Users/Basti/ChromIQ-assessment/A10-Extremes/runs/run1/A10-Extremes_16.tif
2026-09-07 09:23:48,571 [INFO] workflow.tiff_metadata: Right-edge stamp skipped (no usable right margin) for /Users/Basti/ChromIQ-assessment/A10-Extremes/runs/run1/A10-Extremes_17.tif
2026-09-07 09:23:48,621 [INFO] workflow.tiff_metadata: Right-edge stamp skipped (no usable right margin) for /Users/Basti/ChromIQ-assessment/A10-Extremes/runs/run1/A10-Extremes_18.tif
2026-09-07 09:23:48,671 [INFO] workflow.tiff_metadata: Right-edge stamp skipped (no usable right margin) for /Users/Basti/ChromIQ-assessment/A10-Extremes/runs/run1/A10-Extremes_19.tif
2026-09-07 09:23:48,722 [INFO] workflow.tiff_metadata: Right-edge stamp skipped (no usable right margin) for /Users/Basti/ChromIQ-assessment/A10-Extremes/runs/run1/A10-Extremes_20.tif
2026-09-07 09:23:48,726 [DEBUG] ui.tiff_preview: TiffPreview: loaded 20 page(s)
2026-09-07 09:23:48,727 [INFO] ui.tabs.tab_chart: Preview loaded: 20 TIFF(s)
2026-09-07 09:23:48,945 [DEBUG] ui.tiff_preview: TiffPreview: loaded 20 page(s)
2026-09-07 09:23:48,949 [DEBUG] ui.tiff_preview: TiffPreview: loaded 20 page(s)
2026-09-07 09:23:48,957 [DEBUG] ui.tabs.tab_chart: create-chart settings written for run1 (40 parameters + ui state)
2026-09-07 09:23:51,133 [INFO] assess: 20 pages CM: {'estimate': {'total': 960, 'fillup': 0, 'page_patches': 48, 'rows': 8, 'cols': 6, 'pages': 20, 'patch': (29.04, 31.75), 'pitch': None}, 'ok': True, 'stopped': False, 'secs': 6.7, 'actual': {'total': 960, 'fillup': 0, 'page_patches': 48, 'rows': 8, 'cols': 6, 'pages': 20, 'patch': (29.04, 31.75), 'pitch': None}, 'status': '', 'notes': '⚠ The left margin was widened from 6.0 mm to 29.7 mm to fit the row indicators. The labels start 26.0 mm in from the page edge and their text needs 2.7 mm. “Clip” is set to 4.0 mm and is not what is holding them out there, so lowering it moves nothing — the note under “Text distance from edge” names what is. To get that paper back, switch “Show row indicators” off or use a smaller label size.', 'margin_text': 'mm | inch | min | Left (to first patch) | 29.7 | 1.170 | 6.0 | Right (to first patch) | 6.0 | 0.238 | 6.0 | Top (to first patch) | 33.0 | 1.300 | 33.0 | Bottom (to first patch) | 10.0 | 0.393 | 10.0 | Patch width (in strip reading direction) | 29.0 | 1.143 | S', 'dialogs': [], 'serious': [], 'errors': [], 'engine': ['[ChromIQ layout engine] 960 patches (8×6), 20 pages, random start 1205384006', '[ChromIQ layout engine] note: low patch/spacer contrast in 6 strips']}
2026-09-07 09:23:51,303 [INFO] assess:   shot Screenshots/A10-extremes/x06-20-pages-CM.png  (3400x2100)
2026-09-07 09:23:51,303 [INFO] assess:   json Test Runs/logs/d07b_results.json
2026-09-07 09:23:51,383 [DEBUG] core.settings: settings.set helper_markers_show = True
2026-09-07 09:23:51,383 [DEBUG] core.settings: settings.set helper_marker_edge_mm = 2.0
2026-09-07 09:23:51,383 [DEBUG] core.settings: settings.set helper_marker_len_mm = 2.0
2026-09-07 09:23:51,383 [DEBUG] core.settings: settings.set helper_marker_per_patch = 3
2026-09-07 09:23:51,383 [DEBUG] core.settings: settings.set helper_markers_top_bottom = True
2026-09-07 09:23:51,383 [DEBUG] core.settings: settings.set helper_markers_sides = True
2026-09-07 09:23:51,759 [DEBUG] core.settings: settings.set helper_markers_show = True
2026-09-07 09:23:51,759 [DEBUG] core.settings: settings.set helper_marker_edge_mm = 2.0
2026-09-07 09:23:51,759 [DEBUG] core.settings: settings.set helper_marker_len_mm = 2.0
2026-09-07 09:23:51,759 [DEBUG] core.settings: settings.set helper_marker_per_patch = 3
2026-09-07 09:23:51,759 [DEBUG] core.settings: settings.set helper_markers_top_bottom = True
2026-09-07 09:23:51,759 [DEBUG] core.settings: settings.set helper_markers_sides = True
2026-09-07 09:23:52,318 [DEBUG] core.settings: settings.set helper_markers_show = True
2026-09-07 09:23:52,318 [DEBUG] core.settings: settings.set helper_marker_edge_mm = 2.0
2026-09-07 09:23:52,318 [DEBUG] core.settings: settings.set helper_marker_len_mm = 2.0
2026-09-07 09:23:52,318 [DEBUG] core.settings: settings.set helper_marker_per_patch = 3
2026-09-07 09:23:52,318 [DEBUG] core.settings: settings.set helper_markers_top_bottom = True
2026-09-07 09:23:52,318 [DEBUG] core.settings: settings.set helper_markers_sides = True
2026-09-07 09:23:52,652 [DEBUG] core.settings: settings.set helper_markers_show = True
2026-09-07 09:23:52,652 [DEBUG] core.settings: settings.set helper_marker_edge_mm = 2.0
2026-09-07 09:23:52,652 [DEBUG] core.settings: settings.set helper_marker_len_mm = 2.0
2026-09-07 09:23:52,652 [DEBUG] core.settings: settings.set helper_marker_per_patch = 3
2026-09-07 09:23:52,652 [DEBUG] core.settings: settings.set helper_markers_top_bottom = True
2026-09-07 09:23:52,652 [DEBUG] core.settings: settings.set helper_markers_sides = True
2026-09-07 09:23:52,963 [DEBUG] core.settings: settings.set helper_markers_show = True
2026-09-07 09:23:52,964 [DEBUG] core.settings: settings.set helper_marker_edge_mm = 2.0
2026-09-07 09:23:52,964 [DEBUG] core.settings: settings.set helper_marker_len_mm = 2.0
2026-09-07 09:23:52,964 [DEBUG] core.settings: settings.set helper_marker_per_patch = 3
2026-09-07 09:23:52,964 [DEBUG] core.settings: settings.set helper_markers_top_bottom = True
2026-09-07 09:23:52,964 [DEBUG] core.settings: settings.set helper_markers_sides = True
2026-09-07 09:23:53,859 [INFO] assess:   armed: dialog ~'quite fill' -> click 'OK' 
2026-09-07 09:23:53,859 [INFO] assess:   armed: dialog ~'already' -> click 'Continue this project' 
2026-09-07 09:23:53,860 [INFO] ui.tabs.tab_chart: chart build (Generate Chart) in manual: patch set targen | manual panel: 20x20, 0x0 grid, margins T6.0 R6.0 B6.0 L26.0
2026-09-07 09:23:53,863 [DEBUG] core.settings: settings.set session_ti3_path = ''
2026-09-07 09:23:53,863 [DEBUG] core.settings: settings.set session_icc_path = ''
2026-09-07 09:23:53,863 [DEBUG] core.settings: settings.set session_cal_ti3_path = ''
2026-09-07 09:23:53,864 [DEBUG] core.file_manager: Target name set to: A10-Extremes (root /Users/Basti/ChromIQ-assessment/A10-Extremes)
2026-09-07 09:23:53,865 [INFO] core.file_manager: opened the EXISTING project at /Users/Basti/ChromIQ-assessment/A10-Extremes (1 run(s) on disk)
2026-09-07 09:23:53,889 [WARNING] workflow.chart_creator: engine patch estimate failed: paper too short: a single pass of patches does not fit (8.0 mm available)
2026-09-07 09:23:56,227 [WARNING] workflow.chart_creator: _binary_search found no valid capacity in [221, 1107]; falling back to scaled estimate 443
2026-09-07 09:23:56,229 [INFO] workflow.chart_creator: Chart generation: 443 patches, instrument=i1 paper=20x20 disable_lb=True
2026-09-07 09:23:56,229 [INFO] workflow.chart_creator: targen args: ['-v', '-d2', '-f443', '-e3', '-B3', '-G', '-g25', 'A10-Extremes']
2026-09-07 09:23:56,229 [INFO] core.argyll_runner: Run: /Applications/Argyll/bin/targen -v -d2 -f443 -e3 -B3 -G -g25 A10-Extremes  [cwd=/Users/Basti/ChromIQ-assessment/A10-Extremes/runs/run1]
2026-09-07 09:23:56,299 [DEBUG] core.argyll_runner: [argyll] iRGB test chart
2026-09-07 09:23:56,300 [DEBUG] core.argyll_runner: [argyll] White patches = 3
2026-09-07 09:23:56,300 [DEBUG] core.argyll_runner: [argyll] Black patches = 3
2026-09-07 09:23:56,300 [DEBUG] core.argyll_runner: [argyll] Composite Grey steps = 25
2026-09-07 09:23:56,300 [DEBUG] core.argyll_runner: [argyll] Full spread patches = 443
2026-09-07 09:23:56,300 [DEBUG] core.argyll_runner: [argyll] Degree of adaptation: 0.100
2026-09-07 09:23:56,300 [DEBUG] core.argyll_runner: [argyll] Adaptation weights: Device = 0.935, Perceptual = 0.065, Curvature = 0.010
2026-09-07 09:23:56,301 [DEBUG] core.argyll_runner: [argyll] Perceptual cache resolution = 9
2026-09-07 09:23:56,301 [DEBUG] core.argyll_runner: [argyll] Seeding cache...done
2026-09-07 09:23:56,301 [DEBUG] core.argyll_runner: [argyll] Acceleration grid res = 8
2026-09-07 09:23:56,301 [DEBUG] core.argyll_runner: [argyll] 
2026-09-07 09:23:56,301 [DEBUG] core.argyll_runner: [argyll] There are 25 unique fixed points to add (29 total fixed points)
2026-09-07 09:23:56,302 [DEBUG] core.argyll_runner: [argyll] There are 414 far spread points to add
2026-09-07 09:23:56,302 [DEBUG] core.argyll_runner: [argyll] 
2026-09-07 09:23:56,302 [DEBUG] core.argyll_runner: [argyll] Added 12/439
2026-09-07 09:23:56,302 [DEBUG] core.argyll_runner: [argyll] Added 23/439
2026-09-07 09:23:56,302 [DEBUG] core.argyll_runner: [argyll] Added 34/439
2026-09-07 09:23:56,303 [DEBUG] core.argyll_runner: [argyll] Added 45/439
2026-09-07 09:23:56,303 [DEBUG] core.argyll_runner: [argyll] Added 56/439
2026-09-07 09:23:56,303 [DEBUG] core.argyll_runner: [argyll] Added 67/439
2026-09-07 09:23:56,304 [DEBUG] core.argyll_runner: [argyll] Added 78/439
2026-09-07 09:23:56,305 [DEBUG] core.argyll_runner: [argyll] Added 89/439
2026-09-07 09:23:56,306 [DEBUG] core.argyll_runner: [argyll] Added 100/439
2026-09-07 09:23:56,307 [DEBUG] core.argyll_runner: [argyll] Added 111/439
2026-09-07 09:23:56,308 [DEBUG] core.argyll_runner: [argyll] Added 122/439
2026-09-07 09:23:56,310 [DEBUG] core.argyll_runner: [argyll] Added 133/439
2026-09-07 09:23:56,311 [DEBUG] core.argyll_runner: [argyll] Added 144/439
2026-09-07 09:23:56,313 [DEBUG] core.argyll_runner: [argyll] Added 155/439
2026-09-07 09:23:56,314 [DEBUG] core.argyll_runner: [argyll] Added 166/439
2026-09-07 09:23:56,316 [DEBUG] core.argyll_runner: [argyll] Added 177/439
2026-09-07 09:23:56,318 [DEBUG] core.argyll_runner: [argyll] Added 188/439
2026-09-07 09:23:56,348 [DEBUG] core.argyll_runner: [argyll] 
2026-09-07 09:23:56,349 [DEBUG] core.argyll_runner: [argyll] Added 199/439
2026-09-07 09:23:56,349 [DEBUG] core.argyll_runner: [argyll] Added 210/439
2026-09-07 09:23:56,349 [DEBUG] core.argyll_runner: [argyll] Added 221/439
2026-09-07 09:23:56,350 [DEBUG] core.argyll_runner: [argyll] Added 232/439
2026-09-07 09:23:56,350 [DEBUG] core.argyll_runner: [argyll] Added 243/439
2026-09-07 09:23:56,351 [DEBUG] core.argyll_runner: [argyll] Added 254/439
2026-09-07 09:23:56,352 [DEBUG] core.argyll_runner: [argyll] Added 265/439
2026-09-07 09:23:56,353 [DEBUG] core.argyll_runner: [argyll] Added 276/439
2026-09-07 09:23:56,354 [DEBUG] core.argyll_runner: [argyll] Added 287/439
2026-09-07 09:23:56,355 [DEBUG] core.argyll_runner: [argyll] Added 298/439
2026-09-07 09:23:56,357 [DEBUG] core.argyll_runner: [argyll] Added 309/439
2026-09-07 09:23:56,358 [DEBUG] core.argyll_runner: [argyll] Added 320/439
2026-09-07 09:23:56,360 [DEBUG] core.argyll_runner: [argyll] Added 331/439
2026-09-07 09:23:56,361 [DEBUG] core.argyll_runner: [argyll] Added 342/439
2026-09-07 09:23:56,363 [DEBUG] core.argyll_runner: [argyll] Added 353/439
2026-09-07 09:23:56,365 [DEBUG] core.argyll_runner: [argyll] Added 364/439
2026-09-07 09:23:56,367 [DEBUG] core.argyll_runner: [argyll] Added 375/439
2026-09-07 09:23:56,370 [DEBUG] core.argyll_runner: [argyll] Added 386/439
2026-09-07 09:23:56,372 [DEBUG] core.argyll_runner: [argyll] Added 397/439
2026-09-07 09:23:56,375 [DEBUG] core.argyll_runner: [argyll] Added 408/439
2026-09-07 09:23:56,378 [DEBUG] core.argyll_runner: [argyll] Added 419/439
2026-09-07 09:23:56,380 [DEBUG] core.argyll_runner: [argyll] Added 430/439
2026-09-07 09:23:56,383 [DEBUG] core.argyll_runner: [argyll] Added 439/439
2026-09-07 09:23:57,140 [DEBUG] core.argyll_runner: [argyll] 
2026-09-07 09:23:57,142 [DEBUG] core.argyll_runner: [argyll] After seeding points: MinPoint = 4.996, Min = 4.482, Avg. = 11.539, Max = 15.806, 0.1 secs
2026-09-07 09:23:57,142 [DEBUG] core.argyll_runner: [argyll] Re-seeding
2026-09-07 09:23:57,142 [DEBUG] core.argyll_runner: [argyll] It 1: Maxmv = 0.105559, MinPoint = 3.574, Min = 4.819, Avg. = 11.556, Max = 15.443, 0.0 secs.
2026-09-07 09:23:57,142 [DEBUG] core.argyll_runner: [argyll] Re-seeding
2026-09-07 09:23:57,143 [DEBUG] core.argyll_runner: [argyll] It 2: Maxmv = 0.096779, MinPoint = 4.647, Min = 5.927, Avg. = 11.387, Max = 14.646, 0.0 secs.
2026-09-07 09:23:57,143 [DEBUG] core.argyll_runner: [argyll] Re-seeding
2026-09-07 09:23:57,143 [DEBUG] core.argyll_runner: [argyll] It 3: Maxmv = 0.081249, MinPoint = 5.405, Min = 6.380, Avg. = 11.331, Max = 14.904, 0.0 secs.
2026-09-07 09:23:57,143 [DEBUG] core.argyll_runner: [argyll] Re-seeding
2026-09-07 09:23:57,144 [DEBUG] core.argyll_runner: [argyll] It 4: Maxmv = 0.072545, MinPoint = 6.939, Min = 6.236, Avg. = 11.285, Max = 14.863, 0.0 secs.
2026-09-07 09:23:57,144 [DEBUG] core.argyll_runner: [argyll] Re-seeding
2026-09-07 09:23:57,144 [DEBUG] core.argyll_runner: [argyll] It 5: Maxmv = 0.075272, MinPoint = 5.357, Min = 6.380, Avg. = 11.229, Max = 14.297, 0.0 secs.
2026-09-07 09:23:57,145 [DEBUG] core.argyll_runner: [argyll] Re-seeding
2026-09-07 09:23:57,145 [DEBUG] core.argyll_runner: [argyll] It 6: Maxmv = 0.061024, MinPoint = 6.939, Min = 6.380, Avg. = 11.210, Max = 15.106, 0.0 secs.
2026-09-07 09:23:57,145 [DEBUG] core.argyll_runner: [argyll] Re-seeding
2026-09-07 09:23:57,145 [DEBUG] core.argyll_runner: [argyll] It 7: Maxmv = 0.057356, MinPoint = 6.939, Min = 6.380, Avg. = 11.157, Max = 14.416, 0.0 secs.
2026-09-07 09:23:57,146 [DEBUG] core.argyll_runner: [argyll] Re-seeding
2026-09-07 09:23:57,146 [DEBUG] core.argyll_runner: [argyll] It 8: Maxmv = 0.046724, MinPoint = 6.939, Min = 6.380, Avg. = 11.111, Max = 14.305, 0.0 secs.
2026-09-07 09:23:57,146 [DEBUG] core.argyll_runner: [argyll] Re-seeding
2026-09-07 09:23:57,146 [DEBUG] core.argyll_runner: [argyll] It 9: Maxmv = 0.043764, MinPoint = 6.939, Min = 6.380, Avg. = 11.083, Max = 13.838, 0.0 secs.
2026-09-07 09:23:57,147 [DEBUG] core.argyll_runner: [argyll] Re-seeding
2026-09-07 09:23:57,147 [DEBUG] core.argyll_runner: [argyll] It 10: Maxmv = 0.040178, MinPoint = 6.939, Min = 6.380, Avg. = 11.066, Max = 14.301, 0.0 secs.
2026-09-07 09:23:57,147 [DEBUG] core.argyll_runner: [argyll] Re-seeding
2026-09-07 09:23:57,147 [DEBUG] core.argyll_runner: [argyll] It 11: Maxmv = 0.036076, MinPoint = 6.939, Min = 6.380, Avg. = 11.037, Max = 13.522, 0.0 secs.
2026-09-07 09:23:57,148 [DEBUG] core.argyll_runner: [argyll] Re-seeding
2026-09-07 09:23:57,148 [DEBUG] core.argyll_runner: [argyll] It 12: Maxmv = 0.028746, MinPoint = 6.939, Min = 6.380, Avg. = 11.024, Max = 13.564, 0.0 secs.
2026-09-07 09:23:57,148 [DEBUG] core.argyll_runner: [argyll] Re-seeding
2026-09-07 09:23:57,148 [DEBUG] core.argyll_runner: [argyll] It 13: Maxmv = 0.023465, MinPoint = 6.939, Min = 6.380, Avg. = 11.005, Max = 13.400, 0.0 secs.
2026-09-07 09:23:57,149 [DEBUG] core.argyll_runner: [argyll] Re-seeding
2026-09-07 09:23:57,149 [DEBUG] core.argyll_runner: [argyll] It 14: Maxmv = 0.021018, MinPoint = 6.939, Min = 6.380, Avg. = 11.001, Max = 13.772, 0.0 secs.
2026-09-07 09:23:57,149 [DEBUG] core.argyll_runner: [argyll] Re-seeding
2026-09-07 09:23:57,149 [DEBUG] core.argyll_runner: [argyll] It 15: Maxmv = 0.015079, MinPoint = 6.939, Min = 6.380, Avg. = 10.996, Max = 13.778, 0.0 secs.
2026-09-07 09:23:57,150 [DEBUG] core.argyll_runner: [argyll] Re-seeding
2026-09-07 09:23:57,150 [DEBUG] core.argyll_runner: [argyll] It 16: Maxmv = 0.010928, MinPoint = 6.939, Min = 6.380, Avg. = 10.996, Max = 13.940, 0.0 secs.
2026-09-07 09:23:57,150 [DEBUG] core.argyll_runner: [argyll] Re-seeding
2026-09-07 09:23:57,150 [DEBUG] core.argyll_runner: [argyll] It 17: Maxmv = 0.008212, MinPoint = 6.939, Min = 6.380, Avg. = 10.993, Max = 13.747, 0.0 secs.
2026-09-07 09:23:57,151 [DEBUG] core.argyll_runner: [argyll] Re-seeding
2026-09-07 09:23:57,151 [DEBUG] core.argyll_runner: [argyll] It 18: Maxmv = 0.004748, MinPoint = 6.939, Min = 6.380, Avg. = 10.993, Max = 13.766, 0.0 secs.
2026-09-07 09:23:57,151 [DEBUG] core.argyll_runner: [argyll] Re-seeding
2026-09-07 09:23:57,151 [DEBUG] core.argyll_runner: [argyll] It 19: Maxmv = 0.001690, MinPoint = 6.939, Min = 6.380, Avg. = 10.993, Max = 13.758, 0.0 secs.
2026-09-07 09:23:57,152 [DEBUG] core.argyll_runner: [argyll] Re-seeding
2026-09-07 09:23:57,152 [DEBUG] core.argyll_runner: [argyll] It 20: Maxmv = 0.001679, MinPoint = 6.939, Min = 6.380, Avg. = 10.991, Max = 13.725, 0.0 secs.
2026-09-07 09:23:57,152 [DEBUG] core.argyll_runner: [argyll] After optimization: MinPoint = 6.939, Min = 6.380, Avg. = 10.991, Max = 13.725
2026-09-07 09:23:57,153 [DEBUG] core.argyll_runner: [argyll] Total number of patches = 443
2026-09-07 09:23:57,153 [DEBUG] core.argyll_runner: [argyll] Execution time = 0.850017 seconds
2026-09-07 09:23:57,153 [INFO] core.argyll_runner: ArgyllRunner: finished with code 0
2026-09-07 09:23:57,156 [ERROR] workflow.chart_creator: ChromIQ layout engine failed
Traceback (most recent call last):
  File "/Users/Basti/develop/ChromIQ/workflow/chart_creator.py", line 1446, in _run_engine
    result = le_chart.build_chart(
        ti1, work_dir / stem, **engine_kwargs)
  File "/Users/Basti/develop/ChromIQ/workflow/layout_engine/chart.py", line 246, in build_chart
    layout = geometry.compute(geom, w_mm, h_mm, len(target.patches))
  File "/Users/Basti/develop/ChromIQ/workflow/layout_engine/geometry.py", line 111, in compute
    raise LayoutError(
    ...<2 lines>...
    )
workflow.layout_engine.geometry.LayoutError: paper too short: a single pass of patches does not fit (8.0 mm available)
2026-09-07 09:23:57,158 [DEBUG] core.file_manager: preset undo: discarding A10-Extremes.ti1 left by the unfinished build
2026-09-07 09:23:57,159 [INFO] core.file_manager: Chart build did not finish — the previous chart was put back in /Users/Basti/ChromIQ-assessment/A10-Extremes/runs/run1
2026-09-07 09:23:57,162 [DEBUG] ui.tabs.tab_chart: create-chart settings written for run1 (40 parameters + ui state)
2026-09-07 09:23:58,583 [INFO] ui.main_window: Chart-build lock released by watchdog — no chart_finished arrived after the last tool ended
2026-09-07 09:23:58,602 [INFO] assess: custom 20.0x20.0: {'estimate': None, 'info': 'ChromIQ layout engine · i1 · 20x20 · 300 dpi · margins 6/6/6/26 mm · area-fit · clip border on · align center-left\nLayout preset: i1 · 20x20 · clip   ● modified', 'ok': True, 'stopped': False, 'secs': 4.7, 'actual': None, 'status': '', 'notes': '', 'margin_text': 'Generate a preview to measure its margins.', 'dialogs': [], 'serious': ['[ERROR] workflow.chart_creator: ChromIQ layout engine failed'], 'errors': ['[ERROR] ChromIQ layout engine: paper too short: a single pass of patches does not fit (8.0 mm available)', '[ERROR] Chart generation failed.'], 'engine': ['[ChromIQ layout engine] building chart from the targen .ti1…', '[ChromIQ layout engine] Drawing the pages. This part runs in one go and cannot be stopped, so the window will not respond until it is finished.']}
2026-09-07 09:23:58,798 [DEBUG] core.settings: settings.set helper_markers_show = True
2026-09-07 09:23:58,798 [DEBUG] core.settings: settings.set helper_marker_edge_mm = 2.0
2026-09-07 09:23:58,798 [DEBUG] core.settings: settings.set helper_marker_len_mm = 2.0
2026-09-07 09:23:58,798 [DEBUG] core.settings: settings.set helper_marker_per_patch = 3
2026-09-07 09:23:58,798 [DEBUG] core.settings: settings.set helper_markers_top_bottom = True
2026-09-07 09:23:58,798 [DEBUG] core.settings: settings.set helper_markers_sides = True
2026-09-07 09:23:59,032 [DEBUG] core.settings: settings.set helper_markers_show = True
2026-09-07 09:23:59,032 [DEBUG] core.settings: settings.set helper_marker_edge_mm = 2.0
2026-09-07 09:23:59,032 [DEBUG] core.settings: settings.set helper_marker_len_mm = 2.0
2026-09-07 09:23:59,032 [DEBUG] core.settings: settings.set helper_marker_per_patch = 3
2026-09-07 09:23:59,032 [DEBUG] core.settings: settings.set helper_markers_top_bottom = True
2026-09-07 09:23:59,032 [DEBUG] core.settings: settings.set helper_markers_sides = True
2026-09-07 09:23:59,757 [INFO] assess: custom 2000.0x2000.0: {'estimate': {'total': 1210300, 'fillup': 0, 'page_patches': 60515, 'rows': 247, 'cols': 245, 'pages': 20, 'patch': (8.01, 8.04), 'pitch': None}, 'info': 'layout engine · i1 · 2000x2000 · 300 dpi · margins 6/6/6/26 mm · area-fit · clip border on · align center-left\nLayout preset: i1 · 2000x2000 · clip   ● modified'}
2026-09-07 09:23:59,758 [INFO] assess:   json Test Runs/logs/d07b_results.json
2026-09-07 09:23:59,864 [DEBUG] core.settings: settings.set helper_markers_show = True
2026-09-07 09:23:59,864 [DEBUG] core.settings: settings.set helper_marker_edge_mm = 2.0
2026-09-07 09:23:59,864 [DEBUG] core.settings: settings.set helper_marker_len_mm = 2.0
2026-09-07 09:23:59,864 [DEBUG] core.settings: settings.set helper_marker_per_patch = 3
2026-09-07 09:23:59,864 [DEBUG] core.settings: settings.set helper_markers_top_bottom = True
2026-09-07 09:23:59,864 [DEBUG] core.settings: settings.set helper_markers_sides = True
2026-09-07 09:24:00,027 [DEBUG] core.settings: settings.set use_chromiq_layout_engine = True
2026-09-07 09:24:00,027 [DEBUG] ui.dialogs.layout_options_panel: layout panel set_recipe: spacer=none/False gaps=0.0/0.0  [load_target_settings:14638  ←  _apply_ui_state:14991  ←  _set_engine_recipe:17986]
2026-09-07 09:24:00,063 [DEBUG] core.settings: settings.set helper_markers_show = True
2026-09-07 09:24:00,063 [DEBUG] core.settings: settings.set helper_marker_edge_mm = 2.0
2026-09-07 09:24:00,063 [DEBUG] core.settings: settings.set helper_marker_len_mm = 2.0
2026-09-07 09:24:00,063 [DEBUG] core.settings: settings.set helper_marker_per_patch = 3
2026-09-07 09:24:00,063 [DEBUG] core.settings: settings.set helper_markers_top_bottom = True
2026-09-07 09:24:00,063 [DEBUG] core.settings: settings.set helper_markers_sides = True
2026-09-07 09:24:00,068 [DEBUG] core.settings: settings.set helper_markers_show = True
2026-09-07 09:24:00,068 [DEBUG] core.settings: settings.set helper_marker_edge_mm = 2.0
2026-09-07 09:24:00,068 [DEBUG] core.settings: settings.set helper_marker_len_mm = 2.0
2026-09-07 09:24:00,068 [DEBUG] core.settings: settings.set helper_marker_per_patch = 3
2026-09-07 09:24:00,068 [DEBUG] core.settings: settings.set helper_markers_top_bottom = True
2026-09-07 09:24:00,068 [DEBUG] core.settings: settings.set helper_markers_sides = True
2026-09-07 09:24:00,083 [DEBUG] core.settings: settings.set use_chromiq_layout_engine = True
2026-09-07 09:24:00,083 [DEBUG] ui.dialogs.layout_options_panel: layout panel set_recipe: spacer=none/False gaps=0.0/0.0  [load_target_settings:14638  ←  _apply_ui_state:14991  ←  _set_engine_recipe:17986]
2026-09-07 09:24:00,090 [DEBUG] core.settings: settings.set helper_markers_show = True
2026-09-07 09:24:00,090 [DEBUG] core.settings: settings.set helper_marker_edge_mm = 2.0
2026-09-07 09:24:00,090 [DEBUG] core.settings: settings.set helper_marker_len_mm = 2.0
2026-09-07 09:24:00,090 [DEBUG] core.settings: settings.set helper_marker_per_patch = 3
2026-09-07 09:24:00,090 [DEBUG] core.settings: settings.set helper_markers_top_bottom = True
2026-09-07 09:24:00,090 [DEBUG] core.settings: settings.set helper_markers_sides = True
2026-09-07 09:24:00,092 [DEBUG] core.settings: settings.set helper_markers_show = True
2026-09-07 09:24:00,092 [DEBUG] core.settings: settings.set helper_marker_edge_mm = 2.0
2026-09-07 09:24:00,092 [DEBUG] core.settings: settings.set helper_marker_len_mm = 2.0
2026-09-07 09:24:00,092 [DEBUG] core.settings: settings.set helper_marker_per_patch = 3
2026-09-07 09:24:00,092 [DEBUG] core.settings: settings.set helper_markers_top_bottom = True
2026-09-07 09:24:00,093 [DEBUG] core.settings: settings.set helper_markers_sides = True
2026-09-07 09:24:00,418 [INFO] assess:   armed: dialog ~'Give this project a name' -> click '<reject>' 
2026-09-07 09:24:00,418 [INFO] assess:   armed: dialog ~'Rename Printer Profile' -> click 'Cancel' 
2026-09-07 09:24:00,418 [INFO] assess:   armed: dialog ~'already' -> click 'Cancel' 
2026-09-07 09:24:00,419 [INFO] ui.tabs.tab_chart: chart build (Generate Chart) in manual: patch set targen | manual panel: 20x20, 0x0 grid, margins T6.0 R6.0 B6.0 L26.0
2026-09-07 09:24:00,423 [DEBUG] core.settings: settings.set session_ti3_path = ''
2026-09-07 09:24:00,423 [DEBUG] core.settings: settings.set session_icc_path = ''
2026-09-07 09:24:00,423 [DEBUG] core.settings: settings.set session_cal_ti3_path = ''
2026-09-07 09:24:00,438 [WARNING] workflow.chart_creator: engine patch estimate failed: paper too short: a single pass of patches does not fit (8.0 mm available)
2026-09-07 09:24:02,804 [WARNING] workflow.chart_creator: _binary_search found no valid capacity in [221, 1107]; falling back to scaled estimate 443
2026-09-07 09:24:02,806 [INFO] workflow.chart_creator: Chart generation: 443 patches, instrument=i1 paper=20x20 disable_lb=True
2026-09-07 09:24:02,806 [INFO] workflow.chart_creator: targen args: ['-v', '-d2', '-f443', '-e3', '-B3', '-G', '-g25', 'A10-Extremes']
2026-09-07 09:24:02,806 [INFO] core.argyll_runner: Run: /Applications/Argyll/bin/targen -v -d2 -f443 -e3 -B3 -G -g25 A10-Extremes  [cwd=/Users/Basti/ChromIQ-assessment/A10-Extremes/runs/run1]
2026-09-07 09:24:02,873 [DEBUG] core.argyll_runner: [argyll] iRGB test chart
2026-09-07 09:24:02,874 [DEBUG] core.argyll_runner: [argyll] White patches = 3
2026-09-07 09:24:02,874 [DEBUG] core.argyll_runner: [argyll] Black patches = 3
2026-09-07 09:24:02,874 [DEBUG] core.argyll_runner: [argyll] Composite Grey steps = 25
2026-09-07 09:24:02,874 [DEBUG] core.argyll_runner: [argyll] Full spread patches = 443
2026-09-07 09:24:02,874 [DEBUG] core.argyll_runner: [argyll] Degree of adaptation: 0.100
2026-09-07 09:24:02,875 [DEBUG] core.argyll_runner: [argyll] Adaptation weights: Device = 0.935, Perceptual = 0.065, Curvature = 0.010
2026-09-07 09:24:02,875 [DEBUG] core.argyll_runner: [argyll] Perceptual cache resolution = 9
2026-09-07 09:24:02,875 [DEBUG] core.argyll_runner: [argyll] Seeding cache...done
2026-09-07 09:24:02,875 [DEBUG] core.argyll_runner: [argyll] Acceleration grid res = 8
2026-09-07 09:24:02,875 [DEBUG] core.argyll_runner: [argyll] 
2026-09-07 09:24:02,875 [DEBUG] core.argyll_runner: [argyll] There are 25 unique fixed points to add (29 total fixed points)
2026-09-07 09:24:02,876 [DEBUG] core.argyll_runner: [argyll] There are 414 far spread points to add
2026-09-07 09:24:02,876 [DEBUG] core.argyll_runner: [argyll] 
2026-09-07 09:24:02,876 [DEBUG] core.argyll_runner: [argyll] Added 12/439
2026-09-07 09:24:02,876 [DEBUG] core.argyll_runner: [argyll] Added 23/439
2026-09-07 09:24:02,876 [DEBUG] core.argyll_runner: [argyll] Added 34/439
2026-09-07 09:24:02,877 [DEBUG] core.argyll_runner: [argyll] Added 45/439
2026-09-07 09:24:02,877 [DEBUG] core.argyll_runner: [argyll] Added 56/439
2026-09-07 09:24:02,878 [DEBUG] core.argyll_runner: [argyll] Added 67/439
2026-09-07 09:24:02,878 [DEBUG] core.argyll_runner: [argyll] Added 78/439
2026-09-07 09:24:02,879 [DEBUG] core.argyll_runner: [argyll] Added 89/439
2026-09-07 09:24:02,880 [DEBUG] core.argyll_runner: [argyll] Added 100/439
2026-09-07 09:24:02,881 [DEBUG] core.argyll_runner: [argyll] Added 111/439
2026-09-07 09:24:02,882 [DEBUG] core.argyll_runner: [argyll] Added 122/439
2026-09-07 09:24:02,883 [DEBUG] core.argyll_runner: [argyll] Added 133/439
2026-09-07 09:24:02,913 [DEBUG] core.argyll_runner: [argyll] 
2026-09-07 09:24:02,913 [DEBUG] core.argyll_runner: [argyll] Added 144/439
2026-09-07 09:24:02,913 [DEBUG] core.argyll_runner: [argyll] Added 155/439
2026-09-07 09:24:02,913 [DEBUG] core.argyll_runner: [argyll] Added 166/439
2026-09-07 09:24:02,914 [DEBUG] core.argyll_runner: [argyll] Added 177/439
2026-09-07 09:24:02,914 [DEBUG] core.argyll_runner: [argyll] Added 188/439
2026-09-07 09:24:02,915 [DEBUG] core.argyll_runner: [argyll] Added 199/439
2026-09-07 09:24:02,916 [DEBUG] core.argyll_runner: [argyll] Added 210/439
2026-09-07 09:24:02,917 [DEBUG] core.argyll_runner: [argyll] Added 221/439
2026-09-07 09:24:02,918 [DEBUG] core.argyll_runner: [argyll] Added 232/439
2026-09-07 09:24:02,919 [DEBUG] core.argyll_runner: [argyll] Added 243/439
2026-09-07 09:24:02,920 [DEBUG] core.argyll_runner: [argyll] Added 254/439
2026-09-07 09:24:02,922 [DEBUG] core.argyll_runner: [argyll] Added 265/439
2026-09-07 09:24:02,923 [DEBUG] core.argyll_runner: [argyll] Added 276/439
2026-09-07 09:24:02,925 [DEBUG] core.argyll_runner: [argyll] Added 287/439
2026-09-07 09:24:02,927 [DEBUG] core.argyll_runner: [argyll] Added 298/439
2026-09-07 09:24:02,929 [DEBUG] core.argyll_runner: [argyll] Added 309/439
2026-09-07 09:24:02,931 [DEBUG] core.argyll_runner: [argyll] Added 320/439
2026-09-07 09:24:02,934 [DEBUG] core.argyll_runner: [argyll] Added 331/439
2026-09-07 09:24:02,936 [DEBUG] core.argyll_runner: [argyll] Added 342/439
2026-09-07 09:24:02,939 [DEBUG] core.argyll_runner: [argyll] Added 353/439
2026-09-07 09:24:02,941 [DEBUG] core.argyll_runner: [argyll] Added 364/439
2026-09-07 09:24:02,944 [DEBUG] core.argyll_runner: [argyll] Added 375/439
2026-09-07 09:24:02,947 [DEBUG] core.argyll_runner: [argyll] Added 386/439
2026-09-07 09:24:02,950 [DEBUG] core.argyll_runner: [argyll] Added 397/439
2026-09-07 09:24:02,953 [DEBUG] core.argyll_runner: [argyll] Added 408/439
2026-09-07 09:24:02,957 [DEBUG] core.argyll_runner: [argyll] Added 419/439
2026-09-07 09:24:02,960 [DEBUG] core.argyll_runner: [argyll] Added 430/439
2026-09-07 09:24:02,964 [DEBUG] core.argyll_runner: [argyll] Added 439/439
2026-09-07 09:24:03,724 [DEBUG] core.argyll_runner: [argyll] 
2026-09-07 09:24:03,725 [DEBUG] core.argyll_runner: [argyll] After seeding points: MinPoint = 4.996, Min = 4.482, Avg. = 11.539, Max = 15.806, 0.0 secs
2026-09-07 09:24:03,725 [DEBUG] core.argyll_runner: [argyll] Re-seeding
2026-09-07 09:24:03,726 [DEBUG] core.argyll_runner: [argyll] It 1: Maxmv = 0.105559, MinPoint = 3.574, Min = 4.819, Avg. = 11.556, Max = 15.443, 0.0 secs.
2026-09-07 09:24:03,726 [DEBUG] core.argyll_runner: [argyll] Re-seeding
2026-09-07 09:24:03,726 [DEBUG] core.argyll_runner: [argyll] It 2: Maxmv = 0.096779, MinPoint = 4.647, Min = 5.927, Avg. = 11.387, Max = 14.646, 0.0 secs.
2026-09-07 09:24:03,726 [DEBUG] core.argyll_runner: [argyll] Re-seeding
2026-09-07 09:24:03,727 [DEBUG] core.argyll_runner: [argyll] It 3: Maxmv = 0.081249, MinPoint = 5.405, Min = 6.380, Avg. = 11.331, Max = 14.904, 0.0 secs.
2026-09-07 09:24:03,727 [DEBUG] core.argyll_runner: [argyll] Re-seeding
2026-09-07 09:24:03,727 [DEBUG] core.argyll_runner: [argyll] It 4: Maxmv = 0.072545, MinPoint = 6.939, Min = 6.236, Avg. = 11.285, Max = 14.863, 0.0 secs.
2026-09-07 09:24:03,727 [DEBUG] core.argyll_runner: [argyll] Re-seeding
2026-09-07 09:24:03,728 [DEBUG] core.argyll_runner: [argyll] It 5: Maxmv = 0.075272, MinPoint = 5.357, Min = 6.380, Avg. = 11.229, Max = 14.297, 0.0 secs.
2026-09-07 09:24:03,728 [DEBUG] core.argyll_runner: [argyll] Re-seeding
2026-09-07 09:24:03,728 [DEBUG] core.argyll_runner: [argyll] It 6: Maxmv = 0.061024, MinPoint = 6.939, Min = 6.380, Avg. = 11.210, Max = 15.106, 0.0 secs.
2026-09-07 09:24:03,728 [DEBUG] core.argyll_runner: [argyll] Re-seeding
2026-09-07 09:24:03,729 [DEBUG] core.argyll_runner: [argyll] It 7: Maxmv = 0.057356, MinPoint = 6.939, Min = 6.380, Avg. = 11.157, Max = 14.416, 0.0 secs.
2026-09-07 09:24:03,729 [DEBUG] core.argyll_runner: [argyll] Re-seeding
2026-09-07 09:24:03,729 [DEBUG] core.argyll_runner: [argyll] It 8: Maxmv = 0.046724, MinPoint = 6.939, Min = 6.380, Avg. = 11.111, Max = 14.305, 0.0 secs.
2026-09-07 09:24:03,730 [DEBUG] core.argyll_runner: [argyll] Re-seeding
2026-09-07 09:24:03,730 [DEBUG] core.argyll_runner: [argyll] It 9: Maxmv = 0.043764, MinPoint = 6.939, Min = 6.380, Avg. = 11.083, Max = 13.838, 0.0 secs.
2026-09-07 09:24:03,730 [DEBUG] core.argyll_runner: [argyll] Re-seeding
2026-09-07 09:24:03,730 [DEBUG] core.argyll_runner: [argyll] It 10: Maxmv = 0.040178, MinPoint = 6.939, Min = 6.380, Avg. = 11.066, Max = 14.301, 0.0 secs.
2026-09-07 09:24:03,731 [DEBUG] core.argyll_runner: [argyll] Re-seeding
2026-09-07 09:24:03,731 [DEBUG] core.argyll_runner: [argyll] It 11: Maxmv = 0.036076, MinPoint = 6.939, Min = 6.380, Avg. = 11.037, Max = 13.522, 0.0 secs.
2026-09-07 09:24:03,731 [DEBUG] core.argyll_runner: [argyll] Re-seeding
2026-09-07 09:24:03,731 [DEBUG] core.argyll_runner: [argyll] It 12: Maxmv = 0.028746, MinPoint = 6.939, Min = 6.380, Avg. = 11.024, Max = 13.564, 0.0 secs.
2026-09-07 09:24:03,732 [DEBUG] core.argyll_runner: [argyll] Re-seeding
2026-09-07 09:24:03,732 [DEBUG] core.argyll_runner: [argyll] It 13: Maxmv = 0.023465, MinPoint = 6.939, Min = 6.380, Avg. = 11.005, Max = 13.400, 0.0 secs.
2026-09-07 09:24:03,732 [DEBUG] core.argyll_runner: [argyll] Re-seeding
2026-09-07 09:24:03,732 [DEBUG] core.argyll_runner: [argyll] It 14: Maxmv = 0.021018, MinPoint = 6.939, Min = 6.380, Avg. = 11.001, Max = 13.772, 0.0 secs.
2026-09-07 09:24:03,733 [DEBUG] core.argyll_runner: [argyll] Re-seeding
2026-09-07 09:24:03,733 [DEBUG] core.argyll_runner: [argyll] It 15: Maxmv = 0.015079, MinPoint = 6.939, Min = 6.380, Avg. = 10.996, Max = 13.778, 0.0 secs.
2026-09-07 09:24:03,733 [DEBUG] core.argyll_runner: [argyll] Re-seeding
2026-09-07 09:24:03,733 [DEBUG] core.argyll_runner: [argyll] It 16: Maxmv = 0.010928, MinPoint = 6.939, Min = 6.380, Avg. = 10.996, Max = 13.940, 0.0 secs.
2026-09-07 09:24:03,734 [DEBUG] core.argyll_runner: [argyll] Re-seeding
2026-09-07 09:24:03,734 [DEBUG] core.argyll_runner: [argyll] It 17: Maxmv = 0.008212, MinPoint = 6.939, Min = 6.380, Avg. = 10.993, Max = 13.747, 0.0 secs.
2026-09-07 09:24:03,734 [DEBUG] core.argyll_runner: [argyll] Re-seeding
2026-09-07 09:24:03,734 [DEBUG] core.argyll_runner: [argyll] It 18: Maxmv = 0.004748, MinPoint = 6.939, Min = 6.380, Avg. = 10.993, Max = 13.766, 0.0 secs.
2026-09-07 09:24:03,735 [DEBUG] core.argyll_runner: [argyll] Re-seeding
2026-09-07 09:24:03,735 [DEBUG] core.argyll_runner: [argyll] It 19: Maxmv = 0.001690, MinPoint = 6.939, Min = 6.380, Avg. = 10.993, Max = 13.758, 0.0 secs.
2026-09-07 09:24:03,735 [DEBUG] core.argyll_runner: [argyll] Re-seeding
2026-09-07 09:24:03,735 [DEBUG] core.argyll_runner: [argyll] It 20: Maxmv = 0.001679, MinPoint = 6.939, Min = 6.380, Avg. = 10.991, Max = 13.725, 0.0 secs.
2026-09-07 09:24:03,736 [DEBUG] core.argyll_runner: [argyll] After optimization: MinPoint = 6.939, Min = 6.380, Avg. = 10.991, Max = 13.725
2026-09-07 09:24:03,736 [DEBUG] core.argyll_runner: [argyll] Total number of patches = 443
2026-09-07 09:24:03,736 [DEBUG] core.argyll_runner: [argyll] Execution time = 0.856735 seconds
2026-09-07 09:24:03,736 [INFO] core.argyll_runner: ArgyllRunner: finished with code 0
2026-09-07 09:24:03,740 [ERROR] workflow.chart_creator: ChromIQ layout engine failed
Traceback (most recent call last):
  File "/Users/Basti/develop/ChromIQ/workflow/chart_creator.py", line 1446, in _run_engine
    result = le_chart.build_chart(
        ti1, work_dir / stem, **engine_kwargs)
  File "/Users/Basti/develop/ChromIQ/workflow/layout_engine/chart.py", line 246, in build_chart
    layout = geometry.compute(geom, w_mm, h_mm, len(target.patches))
  File "/Users/Basti/develop/ChromIQ/workflow/layout_engine/geometry.py", line 111, in compute
    raise LayoutError(
    ...<2 lines>...
    )
workflow.layout_engine.geometry.LayoutError: paper too short: a single pass of patches does not fit (8.0 mm available)
2026-09-07 09:24:03,741 [DEBUG] core.file_manager: preset undo: discarding A10-Extremes.ti1 left by the unfinished build
2026-09-07 09:24:03,742 [INFO] core.file_manager: Chart build did not finish — the previous chart was put back in /Users/Basti/ChromIQ-assessment/A10-Extremes/runs/run1
2026-09-07 09:24:04,538 [INFO] assess: name empty: dialogs=[] field_after='' loc='ion being edited: ChromIQ-assessment/A10-Extremes/runs/run1/'
2026-09-07 09:24:04,693 [INFO] assess:   shot Screenshots/B12-names-files/n-empty.png  (3400x2100)
2026-09-07 09:24:04,694 [INFO] assess:   json Test Runs/logs/d07b_results.json
2026-09-07 09:24:04,696 [DEBUG] core.settings: settings.set use_chromiq_layout_engine = True
2026-09-07 09:24:04,696 [DEBUG] ui.dialogs.layout_options_panel: layout panel set_recipe: spacer=none/False gaps=0.0/0.0  [load_target_settings:14638  ←  _apply_ui_state:14991  ←  _set_engine_recipe:17986]
2026-09-07 09:24:04,701 [DEBUG] core.settings: settings.set helper_markers_show = True
2026-09-07 09:24:04,701 [DEBUG] core.settings: settings.set helper_marker_edge_mm = 2.0
2026-09-07 09:24:04,702 [DEBUG] core.settings: settings.set helper_marker_len_mm = 2.0
2026-09-07 09:24:04,702 [DEBUG] core.settings: settings.set helper_marker_per_patch = 3
2026-09-07 09:24:04,702 [DEBUG] core.settings: settings.set helper_markers_top_bottom = True
2026-09-07 09:24:04,702 [DEBUG] core.settings: settings.set helper_markers_sides = True
2026-09-07 09:24:04,704 [DEBUG] core.settings: settings.set helper_markers_show = True
2026-09-07 09:24:04,704 [DEBUG] core.settings: settings.set helper_marker_edge_mm = 2.0
2026-09-07 09:24:04,704 [DEBUG] core.settings: settings.set helper_marker_len_mm = 2.0
2026-09-07 09:24:04,704 [DEBUG] core.settings: settings.set helper_marker_per_patch = 3
2026-09-07 09:24:04,704 [DEBUG] core.settings: settings.set helper_markers_top_bottom = True
2026-09-07 09:24:04,704 [DEBUG] core.settings: settings.set helper_markers_sides = True
2026-09-07 09:24:04,718 [DEBUG] core.settings: settings.set use_chromiq_layout_engine = True
2026-09-07 09:24:04,718 [DEBUG] ui.dialogs.layout_options_panel: layout panel set_recipe: spacer=none/False gaps=0.0/0.0  [load_target_settings:14638  ←  _apply_ui_state:14991  ←  _set_engine_recipe:17986]
2026-09-07 09:24:04,724 [DEBUG] core.settings: settings.set helper_markers_show = True
2026-09-07 09:24:04,724 [DEBUG] core.settings: settings.set helper_marker_edge_mm = 2.0
2026-09-07 09:24:04,724 [DEBUG] core.settings: settings.set helper_marker_len_mm = 2.0
2026-09-07 09:24:04,724 [DEBUG] core.settings: settings.set helper_marker_per_patch = 3
2026-09-07 09:24:04,724 [DEBUG] core.settings: settings.set helper_markers_top_bottom = True
2026-09-07 09:24:04,724 [DEBUG] core.settings: settings.set helper_markers_sides = True
2026-09-07 09:24:04,726 [DEBUG] core.settings: settings.set helper_markers_show = True
2026-09-07 09:24:04,726 [DEBUG] core.settings: settings.set helper_marker_edge_mm = 2.0
2026-09-07 09:24:04,726 [DEBUG] core.settings: settings.set helper_marker_len_mm = 2.0
2026-09-07 09:24:04,726 [DEBUG] core.settings: settings.set helper_marker_per_patch = 3
2026-09-07 09:24:04,726 [DEBUG] core.settings: settings.set helper_markers_top_bottom = True
2026-09-07 09:24:04,726 [DEBUG] core.settings: settings.set helper_markers_sides = True
2026-09-07 09:24:05,052 [INFO] assess:   armed: dialog ~'Give this project a name' -> click '<reject>' 
2026-09-07 09:24:05,052 [INFO] assess:   armed: dialog ~'Rename Printer Profile' -> click 'Cancel' 
2026-09-07 09:24:05,052 [INFO] assess:   armed: dialog ~'already' -> click 'Cancel' 
2026-09-07 09:24:05,053 [INFO] ui.tabs.tab_chart: chart build (Generate Chart) in manual: patch set targen | manual panel: 20x20, 0x0 grid, margins T6.0 R6.0 B6.0 L26.0
2026-09-07 09:24:05,057 [DEBUG] core.settings: settings.set session_ti3_path = ''
2026-09-07 09:24:05,057 [DEBUG] core.settings: settings.set session_icc_path = ''
2026-09-07 09:24:05,057 [DEBUG] core.settings: settings.set session_cal_ti3_path = ''
2026-09-07 09:24:05,059 [DEBUG] core.file_manager: Target name set to: A10-Extremes (root /Users/Basti/ChromIQ-assessment/A10-Extremes)
2026-09-07 09:24:05,059 [INFO] core.file_manager: opened the EXISTING project at /Users/Basti/ChromIQ-assessment/A10-Extremes (1 run(s) on disk)
2026-09-07 09:24:05,072 [WARNING] workflow.chart_creator: engine patch estimate failed: paper too short: a single pass of patches does not fit (8.0 mm available)
2026-09-07 09:24:05,566 [INFO] ui.main_window: Chart-build lock released by watchdog — no chart_finished arrived after the last tool ended
2026-09-07 09:24:07,470 [WARNING] workflow.chart_creator: _binary_search found no valid capacity in [221, 1107]; falling back to scaled estimate 443
2026-09-07 09:24:07,472 [INFO] workflow.chart_creator: Chart generation: 443 patches, instrument=i1 paper=20x20 disable_lb=True
2026-09-07 09:24:07,472 [INFO] workflow.chart_creator: targen args: ['-v', '-d2', '-f443', '-e3', '-B3', '-G', '-g25', 'A10-Extremes']
2026-09-07 09:24:07,472 [INFO] core.argyll_runner: Run: /Applications/Argyll/bin/targen -v -d2 -f443 -e3 -B3 -G -g25 A10-Extremes  [cwd=/Users/Basti/ChromIQ-assessment/A10-Extremes/runs/run1]
2026-09-07 09:24:07,533 [DEBUG] core.argyll_runner: [argyll] iRGB test chart
2026-09-07 09:24:07,533 [DEBUG] core.argyll_runner: [argyll] White patches = 3
2026-09-07 09:24:07,533 [DEBUG] core.argyll_runner: [argyll] Black patches = 3
2026-09-07 09:24:07,534 [DEBUG] core.argyll_runner: [argyll] Composite Grey steps = 25
2026-09-07 09:24:07,534 [DEBUG] core.argyll_runner: [argyll] Full spread patches = 443
2026-09-07 09:24:07,534 [DEBUG] core.argyll_runner: [argyll] Degree of adaptation: 0.100
2026-09-07 09:24:07,534 [DEBUG] core.argyll_runner: [argyll] Adaptation weights: Device = 0.935, Perceptual = 0.065, Curvature = 0.010
2026-09-07 09:24:07,534 [DEBUG] core.argyll_runner: [argyll] Perceptual cache resolution = 9
2026-09-07 09:24:07,535 [DEBUG] core.argyll_runner: [argyll] Seeding cache...done
2026-09-07 09:24:07,535 [DEBUG] core.argyll_runner: [argyll] Acceleration grid res = 8
2026-09-07 09:24:07,535 [DEBUG] core.argyll_runner: [argyll] 
2026-09-07 09:24:07,535 [DEBUG] core.argyll_runner: [argyll] There are 25 unique fixed points to add (29 total fixed points)
2026-09-07 09:24:07,535 [DEBUG] core.argyll_runner: [argyll] There are 414 far spread points to add
2026-09-07 09:24:07,535 [DEBUG] core.argyll_runner: [argyll] 
2026-09-07 09:24:07,535 [DEBUG] core.argyll_runner: [argyll] Added 12/439
2026-09-07 09:24:07,536 [DEBUG] core.argyll_runner: [argyll] Added 23/439
2026-09-07 09:24:07,536 [DEBUG] core.argyll_runner: [argyll] Added 34/439
2026-09-07 09:24:07,536 [DEBUG] core.argyll_runner: [argyll] Added 45/439
2026-09-07 09:24:07,560 [DEBUG] core.argyll_runner: [argyll] 
2026-09-07 09:24:07,560 [DEBUG] core.argyll_runner: [argyll] Added 56/439
2026-09-07 09:24:07,561 [DEBUG] core.argyll_runner: [argyll] Added 67/439
2026-09-07 09:24:07,561 [DEBUG] core.argyll_runner: [argyll] Added 78/439
2026-09-07 09:24:07,561 [DEBUG] core.argyll_runner: [argyll] Added 89/439
2026-09-07 09:24:07,562 [DEBUG] core.argyll_runner: [argyll] Added 100/439
2026-09-07 09:24:07,562 [DEBUG] core.argyll_runner: [argyll] Added 111/439
2026-09-07 09:24:07,563 [DEBUG] core.argyll_runner: [argyll] Added 122/439
2026-09-07 09:24:07,564 [DEBUG] core.argyll_runner: [argyll] Added 133/439
2026-09-07 09:24:07,565 [DEBUG] core.argyll_runner: [argyll] Added 144/439
2026-09-07 09:24:07,566 [DEBUG] core.argyll_runner: [argyll] Added 155/439
2026-09-07 09:24:07,568 [DEBUG] core.argyll_runner: [argyll] Added 166/439
2026-09-07 09:24:07,569 [DEBUG] core.argyll_runner: [argyll] Added 177/439
2026-09-07 09:24:07,571 [DEBUG] core.argyll_runner: [argyll] Added 188/439
2026-09-07 09:24:07,573 [DEBUG] core.argyll_runner: [argyll] Added 199/439
2026-09-07 09:24:07,574 [DEBUG] core.argyll_runner: [argyll] Added 210/439
2026-09-07 09:24:07,577 [DEBUG] core.argyll_runner: [argyll] Added 221/439
2026-09-07 09:24:07,579 [DEBUG] core.argyll_runner: [argyll] Added 232/439
2026-09-07 09:24:07,581 [DEBUG] core.argyll_runner: [argyll] Added 243/439
2026-09-07 09:24:07,584 [DEBUG] core.argyll_runner: [argyll] Added 254/439
2026-09-07 09:24:07,586 [DEBUG] core.argyll_runner: [argyll] Added 265/439
2026-09-07 09:24:07,589 [DEBUG] core.argyll_runner: [argyll] Added 276/439
2026-09-07 09:24:07,592 [DEBUG] core.argyll_runner: [argyll] Added 287/439
2026-09-07 09:24:07,595 [DEBUG] core.argyll_runner: [argyll] Added 298/439
2026-09-07 09:24:07,598 [DEBUG] core.argyll_runner: [argyll] Added 309/439
2026-09-07 09:24:07,601 [DEBUG] core.argyll_runner: [argyll] Added 320/439
2026-09-07 09:24:07,605 [DEBUG] core.argyll_runner: [argyll] Added 331/439
2026-09-07 09:24:07,608 [DEBUG] core.argyll_runner: [argyll] Added 342/439
2026-09-07 09:24:07,612 [DEBUG] core.argyll_runner: [argyll] Added 353/439
2026-09-07 09:24:07,616 [DEBUG] core.argyll_runner: [argyll] Added 364/439
2026-09-07 09:24:07,645 [DEBUG] core.argyll_runner: [argyll] 
2026-09-07 09:24:07,646 [DEBUG] core.argyll_runner: [argyll] Added 375/439
2026-09-07 09:24:07,646 [DEBUG] core.argyll_runner: [argyll] Added 386/439
2026-09-07 09:24:07,646 [DEBUG] core.argyll_runner: [argyll] Added 397/439
2026-09-07 09:24:07,647 [DEBUG] core.argyll_runner: [argyll] Added 408/439
2026-09-07 09:24:07,647 [DEBUG] core.argyll_runner: [argyll] Added 419/439
2026-09-07 09:24:07,648 [DEBUG] core.argyll_runner: [argyll] Added 430/439
2026-09-07 09:24:07,649 [DEBUG] core.argyll_runner: [argyll] Added 439/439
2026-09-07 09:24:08,378 [DEBUG] core.argyll_runner: [argyll] 
2026-09-07 09:24:08,378 [DEBUG] core.argyll_runner: [argyll] After seeding points: MinPoint = 4.996, Min = 4.482, Avg. = 11.539, Max = 15.806, 0.0 secs
2026-09-07 09:24:08,378 [DEBUG] core.argyll_runner: [argyll] Re-seeding
2026-09-07 09:24:08,379 [DEBUG] core.argyll_runner: [argyll] It 1: Maxmv = 0.105559, MinPoint = 3.574, Min = 4.819, Avg. = 11.556, Max = 15.443, 0.0 secs.
2026-09-07 09:24:08,379 [DEBUG] core.argyll_runner: [argyll] Re-seeding
2026-09-07 09:24:08,379 [DEBUG] core.argyll_runner: [argyll] It 2: Maxmv = 0.096779, MinPoint = 4.647, Min = 5.927, Avg. = 11.387, Max = 14.646, 0.0 secs.
2026-09-07 09:24:08,379 [DEBUG] core.argyll_runner: [argyll] Re-seeding
2026-09-07 09:24:08,380 [DEBUG] core.argyll_runner: [argyll] It 3: Maxmv = 0.081249, MinPoint = 5.405, Min = 6.380, Avg. = 11.331, Max = 14.904, 0.0 secs.
2026-09-07 09:24:08,380 [DEBUG] core.argyll_runner: [argyll] Re-seeding
2026-09-07 09:24:08,380 [DEBUG] core.argyll_runner: [argyll] It 4: Maxmv = 0.072545, MinPoint = 6.939, Min = 6.236, Avg. = 11.285, Max = 14.863, 0.0 secs.
2026-09-07 09:24:08,380 [DEBUG] core.argyll_runner: [argyll] Re-seeding
2026-09-07 09:24:08,381 [DEBUG] core.argyll_runner: [argyll] It 5: Maxmv = 0.075272, MinPoint = 5.357, Min = 6.380, Avg. = 11.229, Max = 14.297, 0.0 secs.
2026-09-07 09:24:08,381 [DEBUG] core.argyll_runner: [argyll] Re-seeding
2026-09-07 09:24:08,381 [DEBUG] core.argyll_runner: [argyll] It 6: Maxmv = 0.061024, MinPoint = 6.939, Min = 6.380, Avg. = 11.210, Max = 15.106, 0.0 secs.
2026-09-07 09:24:08,381 [DEBUG] core.argyll_runner: [argyll] Re-seeding
2026-09-07 09:24:08,382 [DEBUG] core.argyll_runner: [argyll] It 7: Maxmv = 0.057356, MinPoint = 6.939, Min = 6.380, Avg. = 11.157, Max = 14.416, 0.0 secs.
2026-09-07 09:24:08,382 [DEBUG] core.argyll_runner: [argyll] Re-seeding
2026-09-07 09:24:08,382 [DEBUG] core.argyll_runner: [argyll] It 8: Maxmv = 0.046724, MinPoint = 6.939, Min = 6.380, Avg. = 11.111, Max = 14.305, 0.0 secs.
2026-09-07 09:24:08,382 [DEBUG] core.argyll_runner: [argyll] Re-seeding
2026-09-07 09:24:08,383 [DEBUG] core.argyll_runner: [argyll] It 9: Maxmv = 0.043764, MinPoint = 6.939, Min = 6.380, Avg. = 11.083, Max = 13.838, 0.0 secs.
2026-09-07 09:24:08,383 [DEBUG] core.argyll_runner: [argyll] Re-seeding
2026-09-07 09:24:08,383 [DEBUG] core.argyll_runner: [argyll] It 10: Maxmv = 0.040178, MinPoint = 6.939, Min = 6.380, Avg. = 11.066, Max = 14.301, 0.0 secs.
2026-09-07 09:24:08,383 [DEBUG] core.argyll_runner: [argyll] Re-seeding
2026-09-07 09:24:08,384 [DEBUG] core.argyll_runner: [argyll] It 11: Maxmv = 0.036076, MinPoint = 6.939, Min = 6.380, Avg. = 11.037, Max = 13.522, 0.0 secs.
2026-09-07 09:24:08,384 [DEBUG] core.argyll_runner: [argyll] Re-seeding
2026-09-07 09:24:08,384 [DEBUG] core.argyll_runner: [argyll] It 12: Maxmv = 0.028746, MinPoint = 6.939, Min = 6.380, Avg. = 11.024, Max = 13.564, 0.0 secs.
2026-09-07 09:24:08,384 [DEBUG] core.argyll_runner: [argyll] Re-seeding
2026-09-07 09:24:08,385 [DEBUG] core.argyll_runner: [argyll] It 13: Maxmv = 0.023465, MinPoint = 6.939, Min = 6.380, Avg. = 11.005, Max = 13.400, 0.0 secs.
2026-09-07 09:24:08,385 [DEBUG] core.argyll_runner: [argyll] Re-seeding
2026-09-07 09:24:08,385 [DEBUG] core.argyll_runner: [argyll] It 14: Maxmv = 0.021018, MinPoint = 6.939, Min = 6.380, Avg. = 11.001, Max = 13.772, 0.0 secs.
2026-09-07 09:24:08,385 [DEBUG] core.argyll_runner: [argyll] Re-seeding
2026-09-07 09:24:08,386 [DEBUG] core.argyll_runner: [argyll] It 15: Maxmv = 0.015079, MinPoint = 6.939, Min = 6.380, Avg. = 10.996, Max = 13.778, 0.0 secs.
2026-09-07 09:24:08,386 [DEBUG] core.argyll_runner: [argyll] Re-seeding
2026-09-07 09:24:08,386 [DEBUG] core.argyll_runner: [argyll] It 16: Maxmv = 0.010928, MinPoint = 6.939, Min = 6.380, Avg. = 10.996, Max = 13.940, 0.0 secs.
2026-09-07 09:24:08,386 [DEBUG] core.argyll_runner: [argyll] Re-seeding
2026-09-07 09:24:08,387 [DEBUG] core.argyll_runner: [argyll] It 17: Maxmv = 0.008212, MinPoint = 6.939, Min = 6.380, Avg. = 10.993, Max = 13.747, 0.0 secs.
2026-09-07 09:24:08,387 [DEBUG] core.argyll_runner: [argyll] Re-seeding
2026-09-07 09:24:08,387 [DEBUG] core.argyll_runner: [argyll] It 18: Maxmv = 0.004748, MinPoint = 6.939, Min = 6.380, Avg. = 10.993, Max = 13.766, 0.0 secs.
2026-09-07 09:24:08,387 [DEBUG] core.argyll_runner: [argyll] Re-seeding
2026-09-07 09:24:08,388 [DEBUG] core.argyll_runner: [argyll] It 19: Maxmv = 0.001690, MinPoint = 6.939, Min = 6.380, Avg. = 10.993, Max = 13.758, 0.0 secs.
2026-09-07 09:24:08,388 [DEBUG] core.argyll_runner: [argyll] Re-seeding
2026-09-07 09:24:08,388 [DEBUG] core.argyll_runner: [argyll] It 20: Maxmv = 0.001679, MinPoint = 6.939, Min = 6.380, Avg. = 10.991, Max = 13.725, 0.0 secs.
2026-09-07 09:24:08,388 [DEBUG] core.argyll_runner: [argyll] After optimization: MinPoint = 6.939, Min = 6.380, Avg. = 10.991, Max = 13.725
2026-09-07 09:24:08,389 [DEBUG] core.argyll_runner: [argyll] Total number of patches = 443
2026-09-07 09:24:08,389 [DEBUG] core.argyll_runner: [argyll] Execution time = 0.846795 seconds
2026-09-07 09:24:08,389 [INFO] core.argyll_runner: ArgyllRunner: finished with code 0
2026-09-07 09:24:08,393 [ERROR] workflow.chart_creator: ChromIQ layout engine failed
Traceback (most recent call last):
  File "/Users/Basti/develop/ChromIQ/workflow/chart_creator.py", line 1446, in _run_engine
    result = le_chart.build_chart(
        ti1, work_dir / stem, **engine_kwargs)
  File "/Users/Basti/develop/ChromIQ/workflow/layout_engine/chart.py", line 246, in build_chart
    layout = geometry.compute(geom, w_mm, h_mm, len(target.patches))
  File "/Users/Basti/develop/ChromIQ/workflow/layout_engine/geometry.py", line 111, in compute
    raise LayoutError(
    ...<2 lines>...
    )
workflow.layout_engine.geometry.LayoutError: paper too short: a single pass of patches does not fit (8.0 mm available)
2026-09-07 09:24:08,394 [DEBUG] core.file_manager: preset undo: discarding A10-Extremes.ti1 left by the unfinished build
2026-09-07 09:24:08,395 [INFO] core.file_manager: Chart build did not finish — the previous chart was put back in /Users/Basti/ChromIQ-assessment/A10-Extremes/runs/run1
2026-09-07 09:24:09,189 [INFO] assess: name duplicate-open: dialogs=[] field_after='A10-Extremes' loc='ion being edited: ChromIQ-assessment/A10-Extremes/runs/run1/'
2026-09-07 09:24:09,342 [INFO] assess:   shot Screenshots/B12-names-files/n-duplicate-open.png  (3400x2100)
2026-09-07 09:24:09,343 [INFO] assess:   json Test Runs/logs/d07b_results.json
2026-09-07 09:24:09,346 [DEBUG] core.settings: settings.set use_chromiq_layout_engine = True
2026-09-07 09:24:09,347 [DEBUG] ui.dialogs.layout_options_panel: layout panel set_recipe: spacer=none/False gaps=0.0/0.0  [load_target_settings:14638  ←  _apply_ui_state:14991  ←  _set_engine_recipe:17986]
2026-09-07 09:24:09,352 [DEBUG] core.settings: settings.set helper_markers_show = True
2026-09-07 09:24:09,352 [DEBUG] core.settings: settings.set helper_marker_edge_mm = 2.0
2026-09-07 09:24:09,352 [DEBUG] core.settings: settings.set helper_marker_len_mm = 2.0
2026-09-07 09:24:09,352 [DEBUG] core.settings: settings.set helper_marker_per_patch = 3
2026-09-07 09:24:09,352 [DEBUG] core.settings: settings.set helper_markers_top_bottom = True
2026-09-07 09:24:09,352 [DEBUG] core.settings: settings.set helper_markers_sides = True
2026-09-07 09:24:09,355 [DEBUG] core.settings: settings.set helper_markers_show = True
2026-09-07 09:24:09,355 [DEBUG] core.settings: settings.set helper_marker_edge_mm = 2.0
2026-09-07 09:24:09,355 [DEBUG] core.settings: settings.set helper_marker_len_mm = 2.0
2026-09-07 09:24:09,355 [DEBUG] core.settings: settings.set helper_marker_per_patch = 3
2026-09-07 09:24:09,355 [DEBUG] core.settings: settings.set helper_markers_top_bottom = True
2026-09-07 09:24:09,355 [DEBUG] core.settings: settings.set helper_markers_sides = True
2026-09-07 09:24:09,369 [DEBUG] core.settings: settings.set use_chromiq_layout_engine = True
2026-09-07 09:24:09,370 [DEBUG] ui.dialogs.layout_options_panel: layout panel set_recipe: spacer=none/False gaps=0.0/0.0  [load_target_settings:14638  ←  _apply_ui_state:14991  ←  _set_engine_recipe:17986]
2026-09-07 09:24:09,375 [DEBUG] core.settings: settings.set helper_markers_show = True
2026-09-07 09:24:09,375 [DEBUG] core.settings: settings.set helper_marker_edge_mm = 2.0
2026-09-07 09:24:09,375 [DEBUG] core.settings: settings.set helper_marker_len_mm = 2.0
2026-09-07 09:24:09,375 [DEBUG] core.settings: settings.set helper_marker_per_patch = 3
2026-09-07 09:24:09,375 [DEBUG] core.settings: settings.set helper_markers_top_bottom = True
2026-09-07 09:24:09,375 [DEBUG] core.settings: settings.set helper_markers_sides = True
2026-09-07 09:24:09,377 [DEBUG] core.settings: settings.set helper_markers_show = True
2026-09-07 09:24:09,377 [DEBUG] core.settings: settings.set helper_marker_edge_mm = 2.0
2026-09-07 09:24:09,377 [DEBUG] core.settings: settings.set helper_marker_len_mm = 2.0
2026-09-07 09:24:09,377 [DEBUG] core.settings: settings.set helper_marker_per_patch = 3
2026-09-07 09:24:09,377 [DEBUG] core.settings: settings.set helper_markers_top_bottom = True
2026-09-07 09:24:09,377 [DEBUG] core.settings: settings.set helper_markers_sides = True
2026-09-07 09:24:09,700 [INFO] assess:   armed: dialog ~'Give this project a name' -> click '<reject>' 
2026-09-07 09:24:09,700 [INFO] assess:   armed: dialog ~'Rename Printer Profile' -> click 'Cancel' 
2026-09-07 09:24:09,701 [INFO] assess:   armed: dialog ~'already' -> click 'Cancel' 
2026-09-07 09:24:09,701 [INFO] ui.tabs.tab_chart: chart build (Generate Chart) in manual: patch set targen | manual panel: 20x20, 0x0 grid, margins T6.0 R6.0 B6.0 L26.0
2026-09-07 09:24:09,706 [DEBUG] core.settings: settings.set session_ti3_path = ''
2026-09-07 09:24:09,706 [DEBUG] core.settings: settings.set session_icc_path = ''
2026-09-07 09:24:09,706 [DEBUG] core.settings: settings.set session_cal_ti3_path = ''
2026-09-07 09:24:09,707 [DEBUG] core.file_manager: Target name set to: A1-EngineVsPrinttarg (root /Users/Basti/ChromIQ-assessment/A1-EngineVsPrinttarg)
2026-09-07 09:24:09,709 [INFO] core.file_manager: opened the EXISTING project at /Users/Basti/ChromIQ-assessment/A1-EngineVsPrinttarg (2 run(s) on disk)
2026-09-07 09:24:09,714 [INFO] ui.tabs.tab_chart: run description + chart notes written to run2
2026-09-07 09:24:09,715 [INFO] ui.tabs.tab_chart: create-chart settings seeded into the new project's run2
2026-09-07 09:24:09,733 [WARNING] workflow.chart_creator: engine patch estimate failed: paper too short: a single pass of patches does not fit (8.0 mm available)
2026-09-07 09:24:12,130 [WARNING] workflow.chart_creator: _binary_search found no valid capacity in [221, 1107]; falling back to scaled estimate 443
2026-09-07 09:24:12,135 [INFO] workflow.chart_creator: Chart generation: 443 patches, instrument=i1 paper=20x20 disable_lb=True
2026-09-07 09:24:12,135 [INFO] workflow.chart_creator: targen args: ['-v', '-d2', '-f443', '-e3', '-B3', '-G', '-g25', 'A1-EngineVsPrinttarg']
2026-09-07 09:24:12,135 [INFO] core.argyll_runner: Run: /Applications/Argyll/bin/targen -v -d2 -f443 -e3 -B3 -G -g25 A1-EngineVsPrinttarg  [cwd=/Users/Basti/ChromIQ-assessment/A1-EngineVsPrinttarg/runs/run2]
2026-09-07 09:24:12,199 [DEBUG] core.argyll_runner: [argyll] iRGB test chart
2026-09-07 09:24:12,199 [DEBUG] core.argyll_runner: [argyll] White patches = 3
2026-09-07 09:24:12,199 [DEBUG] core.argyll_runner: [argyll] Black patches = 3
2026-09-07 09:24:12,200 [DEBUG] core.argyll_runner: [argyll] Composite Grey steps = 25
2026-09-07 09:24:12,200 [DEBUG] core.argyll_runner: [argyll] Full spread patches = 443
2026-09-07 09:24:12,200 [DEBUG] core.argyll_runner: [argyll] Degree of adaptation: 0.100
2026-09-07 09:24:12,200 [DEBUG] core.argyll_runner: [argyll] Adaptation weights: Device = 0.935, Perceptual = 0.065, Curvature = 0.010
2026-09-07 09:24:12,200 [DEBUG] core.argyll_runner: [argyll] Perceptual cache resolution = 9
2026-09-07 09:24:12,200 [DEBUG] core.argyll_runner: [argyll] Seeding cache...done
2026-09-07 09:24:12,201 [DEBUG] core.argyll_runner: [argyll] Acceleration grid res = 8
2026-09-07 09:24:12,201 [DEBUG] core.argyll_runner: [argyll] 
2026-09-07 09:24:12,201 [DEBUG] core.argyll_runner: [argyll] There are 25 unique fixed points to add (29 total fixed points)
2026-09-07 09:24:12,201 [DEBUG] core.argyll_runner: [argyll] There are 414 far spread points to add
2026-09-07 09:24:12,201 [DEBUG] core.argyll_runner: [argyll] 
2026-09-07 09:24:12,201 [DEBUG] core.argyll_runner: [argyll] Added 12/439
2026-09-07 09:24:12,201 [DEBUG] core.argyll_runner: [argyll] Added 23/439
2026-09-07 09:24:12,202 [DEBUG] core.argyll_runner: [argyll] Added 34/439
2026-09-07 09:24:12,202 [DEBUG] core.argyll_runner: [argyll] Added 45/439
2026-09-07 09:24:12,202 [DEBUG] core.argyll_runner: [argyll] Added 56/439
2026-09-07 09:24:12,203 [DEBUG] core.argyll_runner: [argyll] Added 67/439
2026-09-07 09:24:12,203 [DEBUG] core.argyll_runner: [argyll] Added 78/439
2026-09-07 09:24:12,229 [DEBUG] core.argyll_runner: [argyll] 
2026-09-07 09:24:12,229 [DEBUG] core.argyll_runner: [argyll] Added 89/439
2026-09-07 09:24:12,229 [DEBUG] core.argyll_runner: [argyll] Added 100/439
2026-09-07 09:24:12,229 [DEBUG] core.argyll_runner: [argyll] Added 111/439
2026-09-07 09:24:12,230 [DEBUG] core.argyll_runner: [argyll] Added 122/439
2026-09-07 09:24:12,230 [DEBUG] core.argyll_runner: [argyll] Added 133/439
2026-09-07 09:24:12,231 [DEBUG] core.argyll_runner: [argyll] Added 144/439
2026-09-07 09:24:12,232 [DEBUG] core.argyll_runner: [argyll] Added 155/439
2026-09-07 09:24:12,233 [DEBUG] core.argyll_runner: [argyll] Added 166/439
2026-09-07 09:24:12,234 [DEBUG] core.argyll_runner: [argyll] Added 177/439
2026-09-07 09:24:12,235 [DEBUG] core.argyll_runner: [argyll] Added 188/439
2026-09-07 09:24:12,236 [DEBUG] core.argyll_runner: [argyll] Added 199/439
2026-09-07 09:24:12,238 [DEBUG] core.argyll_runner: [argyll] Added 210/439
2026-09-07 09:24:12,239 [DEBUG] core.argyll_runner: [argyll] Added 221/439
2026-09-07 09:24:12,241 [DEBUG] core.argyll_runner: [argyll] Added 232/439
2026-09-07 09:24:12,243 [DEBUG] core.argyll_runner: [argyll] Added 243/439
2026-09-07 09:24:12,245 [DEBUG] core.argyll_runner: [argyll] Added 254/439
2026-09-07 09:24:12,247 [DEBUG] core.argyll_runner: [argyll] Added 265/439
2026-09-07 09:24:12,250 [DEBUG] core.argyll_runner: [argyll] Added 276/439
2026-09-07 09:24:12,252 [DEBUG] core.argyll_runner: [argyll] Added 287/439
2026-09-07 09:24:12,255 [DEBUG] core.argyll_runner: [argyll] Added 298/439
2026-09-07 09:24:12,257 [DEBUG] core.argyll_runner: [argyll] Added 309/439
2026-09-07 09:24:12,260 [DEBUG] core.argyll_runner: [argyll] Added 320/439
2026-09-07 09:24:12,263 [DEBUG] core.argyll_runner: [argyll] Added 331/439
2026-09-07 09:24:12,266 [DEBUG] core.argyll_runner: [argyll] Added 342/439
2026-09-07 09:24:12,269 [DEBUG] core.argyll_runner: [argyll] Added 353/439
2026-09-07 09:24:12,273 [DEBUG] core.argyll_runner: [argyll] Added 364/439
2026-09-07 09:24:12,276 [DEBUG] core.argyll_runner: [argyll] Added 375/439
2026-09-07 09:24:12,280 [DEBUG] core.argyll_runner: [argyll] Added 386/439
2026-09-07 09:24:12,284 [DEBUG] core.argyll_runner: [argyll] Added 397/439
2026-09-07 09:24:12,288 [DEBUG] core.argyll_runner: [argyll] Added 408/439
2026-09-07 09:24:12,292 [DEBUG] core.argyll_runner: [argyll] Added 419/439
2026-09-07 09:24:12,296 [DEBUG] core.argyll_runner: [argyll] Added 430/439
2026-09-07 09:24:12,300 [DEBUG] core.argyll_runner: [argyll] Added 439/439
2026-09-07 09:24:13,048 [DEBUG] core.argyll_runner: [argyll] 
2026-09-07 09:24:13,049 [DEBUG] core.argyll_runner: [argyll] After seeding points: MinPoint = 4.996, Min = 4.482, Avg. = 11.539, Max = 15.806, 0.0 secs
2026-09-07 09:24:13,050 [DEBUG] core.argyll_runner: [argyll] Re-seeding
2026-09-07 09:24:13,050 [DEBUG] core.argyll_runner: [argyll] It 1: Maxmv = 0.105559, MinPoint = 3.574, Min = 4.819, Avg. = 11.556, Max = 15.443, 0.0 secs.
2026-09-07 09:24:13,050 [DEBUG] core.argyll_runner: [argyll] Re-seeding
2026-09-07 09:24:13,051 [DEBUG] core.argyll_runner: [argyll] It 2: Maxmv = 0.096779, MinPoint = 4.647, Min = 5.927, Avg. = 11.387, Max = 14.646, 0.0 secs.
2026-09-07 09:24:13,051 [DEBUG] core.argyll_runner: [argyll] Re-seeding
2026-09-07 09:24:13,051 [DEBUG] core.argyll_runner: [argyll] It 3: Maxmv = 0.081249, MinPoint = 5.405, Min = 6.380, Avg. = 11.331, Max = 14.904, 0.0 secs.
2026-09-07 09:24:13,051 [DEBUG] core.argyll_runner: [argyll] Re-seeding
2026-09-07 09:24:13,052 [DEBUG] core.argyll_runner: [argyll] It 4: Maxmv = 0.072545, MinPoint = 6.939, Min = 6.236, Avg. = 11.285, Max = 14.863, 0.0 secs.
2026-09-07 09:24:13,052 [DEBUG] core.argyll_runner: [argyll] Re-seeding
2026-09-07 09:24:13,052 [DEBUG] core.argyll_runner: [argyll] It 5: Maxmv = 0.075272, MinPoint = 5.357, Min = 6.380, Avg. = 11.229, Max = 14.297, 0.0 secs.
2026-09-07 09:24:13,052 [DEBUG] core.argyll_runner: [argyll] Re-seeding
2026-09-07 09:24:13,053 [DEBUG] core.argyll_runner: [argyll] It 6: Maxmv = 0.061024, MinPoint = 6.939, Min = 6.380, Avg. = 11.210, Max = 15.106, 0.0 secs.
2026-09-07 09:24:13,053 [DEBUG] core.argyll_runner: [argyll] Re-seeding
2026-09-07 09:24:13,053 [DEBUG] core.argyll_runner: [argyll] It 7: Maxmv = 0.057356, MinPoint = 6.939, Min = 6.380, Avg. = 11.157, Max = 14.416, 0.0 secs.
2026-09-07 09:24:13,054 [DEBUG] core.argyll_runner: [argyll] Re-seeding
2026-09-07 09:24:13,054 [DEBUG] core.argyll_runner: [argyll] It 8: Maxmv = 0.046724, MinPoint = 6.939, Min = 6.380, Avg. = 11.111, Max = 14.305, 0.0 secs.
2026-09-07 09:24:13,054 [DEBUG] core.argyll_runner: [argyll] Re-seeding
2026-09-07 09:24:13,054 [DEBUG] core.argyll_runner: [argyll] It 9: Maxmv = 0.043764, MinPoint = 6.939, Min = 6.380, Avg. = 11.083, Max = 13.838, 0.0 secs.
2026-09-07 09:24:13,055 [DEBUG] core.argyll_runner: [argyll] Re-seeding
2026-09-07 09:24:13,055 [DEBUG] core.argyll_runner: [argyll] It 10: Maxmv = 0.040178, MinPoint = 6.939, Min = 6.380, Avg. = 11.066, Max = 14.301, 0.0 secs.
2026-09-07 09:24:13,055 [DEBUG] core.argyll_runner: [argyll] Re-seeding
2026-09-07 09:24:13,055 [DEBUG] core.argyll_runner: [argyll] It 11: Maxmv = 0.036076, MinPoint = 6.939, Min = 6.380, Avg. = 11.037, Max = 13.522, 0.0 secs.
2026-09-07 09:24:13,056 [DEBUG] core.argyll_runner: [argyll] Re-seeding
2026-09-07 09:24:13,056 [DEBUG] core.argyll_runner: [argyll] It 12: Maxmv = 0.028746, MinPoint = 6.939, Min = 6.380, Avg. = 11.024, Max = 13.564, 0.0 secs.
2026-09-07 09:24:13,056 [DEBUG] core.argyll_runner: [argyll] Re-seeding
2026-09-07 09:24:13,056 [DEBUG] core.argyll_runner: [argyll] It 13: Maxmv = 0.023465, MinPoint = 6.939, Min = 6.380, Avg. = 11.005, Max = 13.400, 0.0 secs.
2026-09-07 09:24:13,057 [DEBUG] core.argyll_runner: [argyll] Re-seeding
2026-09-07 09:24:13,057 [DEBUG] core.argyll_runner: [argyll] It 14: Maxmv = 0.021018, MinPoint = 6.939, Min = 6.380, Avg. = 11.001, Max = 13.772, 0.0 secs.
2026-09-07 09:24:13,057 [DEBUG] core.argyll_runner: [argyll] Re-seeding
2026-09-07 09:24:13,057 [DEBUG] core.argyll_runner: [argyll] It 15: Maxmv = 0.015079, MinPoint = 6.939, Min = 6.380, Avg. = 10.996, Max = 13.778, 0.0 secs.
2026-09-07 09:24:13,058 [DEBUG] core.argyll_runner: [argyll] Re-seeding
2026-09-07 09:24:13,058 [DEBUG] core.argyll_runner: [argyll] It 16: Maxmv = 0.010928, MinPoint = 6.939, Min = 6.380, Avg. = 10.996, Max = 13.940, 0.0 secs.
2026-09-07 09:24:13,058 [DEBUG] core.argyll_runner: [argyll] Re-seeding
2026-09-07 09:24:13,058 [DEBUG] core.argyll_runner: [argyll] It 17: Maxmv = 0.008212, MinPoint = 6.939, Min = 6.380, Avg. = 10.993, Max = 13.747, 0.0 secs.
2026-09-07 09:24:13,059 [DEBUG] core.argyll_runner: [argyll] Re-seeding
2026-09-07 09:24:13,059 [DEBUG] core.argyll_runner: [argyll] It 18: Maxmv = 0.004748, MinPoint = 6.939, Min = 6.380, Avg. = 10.993, Max = 13.766, 0.0 secs.
2026-09-07 09:24:13,059 [DEBUG] core.argyll_runner: [argyll] Re-seeding
2026-09-07 09:24:13,060 [DEBUG] core.argyll_runner: [argyll] It 19: Maxmv = 0.001690, MinPoint = 6.939, Min = 6.380, Avg. = 10.993, Max = 13.758, 0.0 secs.
2026-09-07 09:24:13,060 [DEBUG] core.argyll_runner: [argyll] Re-seeding
2026-09-07 09:24:13,060 [DEBUG] core.argyll_runner: [argyll] It 20: Maxmv = 0.001679, MinPoint = 6.939, Min = 6.380, Avg. = 10.991, Max = 13.725, 0.0 secs.
2026-09-07 09:24:13,060 [DEBUG] core.argyll_runner: [argyll] After optimization: MinPoint = 6.939, Min = 6.380, Avg. = 10.991, Max = 13.725
2026-09-07 09:24:13,061 [DEBUG] core.argyll_runner: [argyll] Total number of patches = 443
2026-09-07 09:24:13,061 [DEBUG] core.argyll_runner: [argyll] Execution time = 0.847752 seconds
2026-09-07 09:24:13,061 [INFO] core.argyll_runner: ArgyllRunner: finished with code 0
2026-09-07 09:24:13,065 [ERROR] workflow.chart_creator: ChromIQ layout engine failed
Traceback (most recent call last):
  File "/Users/Basti/develop/ChromIQ/workflow/chart_creator.py", line 1446, in _run_engine
    result = le_chart.build_chart(
        ti1, work_dir / stem, **engine_kwargs)
  File "/Users/Basti/develop/ChromIQ/workflow/layout_engine/chart.py", line 246, in build_chart
    layout = geometry.compute(geom, w_mm, h_mm, len(target.patches))
  File "/Users/Basti/develop/ChromIQ/workflow/layout_engine/geometry.py", line 111, in compute
    raise LayoutError(
    ...<2 lines>...
    )
workflow.layout_engine.geometry.LayoutError: paper too short: a single pass of patches does not fit (8.0 mm available)
2026-09-07 09:24:13,066 [DEBUG] core.file_manager: preset undo: discarding A1-EngineVsPrinttarg.ti1 left by the unfinished build
2026-09-07 09:24:13,066 [INFO] core.file_manager: Chart build did not finish — the previous chart was put back in /Users/Basti/ChromIQ-assessment/A1-EngineVsPrinttarg/runs/run2
2026-09-07 09:24:13,069 [DEBUG] ui.tabs.tab_chart: create-chart settings written for run1 (40 parameters + ui state)
2026-09-07 09:24:13,865 [INFO] assess: name duplicate-other: dialogs=[] field_after='A1-EngineVsPrinttarg' loc='g edited: ChromIQ-assessment/A1-EngineVsPrinttarg/runs/run1/'
2026-09-07 09:24:14,020 [INFO] assess:   shot Screenshots/B12-names-files/n-duplicate-other.png  (3400x2100)
2026-09-07 09:24:14,021 [INFO] assess:   json Test Runs/logs/d07b_results.json
2026-09-07 09:24:14,024 [DEBUG] core.settings: settings.set use_chromiq_layout_engine = True
2026-09-07 09:24:14,024 [DEBUG] ui.dialogs.layout_options_panel: layout panel set_recipe: spacer=none/False gaps=0.0/0.0  [load_target_settings:14638  ←  _apply_ui_state:14991  ←  _set_engine_recipe:17986]
2026-09-07 09:24:14,030 [DEBUG] core.settings: settings.set helper_markers_show = True
2026-09-07 09:24:14,030 [DEBUG] core.settings: settings.set helper_marker_edge_mm = 2.0
2026-09-07 09:24:14,030 [DEBUG] core.settings: settings.set helper_marker_len_mm = 2.0
2026-09-07 09:24:14,030 [DEBUG] core.settings: settings.set helper_marker_per_patch = 3
2026-09-07 09:24:14,030 [DEBUG] core.settings: settings.set helper_markers_top_bottom = True
2026-09-07 09:24:14,030 [DEBUG] core.settings: settings.set helper_markers_sides = True
2026-09-07 09:24:14,032 [DEBUG] core.settings: settings.set helper_markers_show = True
2026-09-07 09:24:14,032 [DEBUG] core.settings: settings.set helper_marker_edge_mm = 2.0
2026-09-07 09:24:14,032 [DEBUG] core.settings: settings.set helper_marker_len_mm = 2.0
2026-09-07 09:24:14,032 [DEBUG] core.settings: settings.set helper_marker_per_patch = 3
2026-09-07 09:24:14,032 [DEBUG] core.settings: settings.set helper_markers_top_bottom = True
2026-09-07 09:24:14,032 [DEBUG] core.settings: settings.set helper_markers_sides = True
2026-09-07 09:24:14,047 [DEBUG] core.settings: settings.set use_chromiq_layout_engine = True
2026-09-07 09:24:14,047 [DEBUG] ui.dialogs.layout_options_panel: layout panel set_recipe: spacer=none/False gaps=0.0/0.0  [load_target_settings:14638  ←  _apply_ui_state:14991  ←  _set_engine_recipe:17986]
2026-09-07 09:24:14,052 [DEBUG] core.settings: settings.set helper_markers_show = True
2026-09-07 09:24:14,052 [DEBUG] core.settings: settings.set helper_marker_edge_mm = 2.0
2026-09-07 09:24:14,052 [DEBUG] core.settings: settings.set helper_marker_len_mm = 2.0
2026-09-07 09:24:14,052 [DEBUG] core.settings: settings.set helper_marker_per_patch = 3
2026-09-07 09:24:14,052 [DEBUG] core.settings: settings.set helper_markers_top_bottom = True
2026-09-07 09:24:14,052 [DEBUG] core.settings: settings.set helper_markers_sides = True
2026-09-07 09:24:14,054 [DEBUG] core.settings: settings.set helper_markers_show = True
2026-09-07 09:24:14,054 [DEBUG] core.settings: settings.set helper_marker_edge_mm = 2.0
2026-09-07 09:24:14,054 [DEBUG] core.settings: settings.set helper_marker_len_mm = 2.0
2026-09-07 09:24:14,054 [DEBUG] core.settings: settings.set helper_marker_per_patch = 3
2026-09-07 09:24:14,054 [DEBUG] core.settings: settings.set helper_markers_top_bottom = True
2026-09-07 09:24:14,054 [DEBUG] core.settings: settings.set helper_markers_sides = True
2026-09-07 09:24:14,070 [DEBUG] ui.tiff_preview: TiffPreview: loaded 1 page(s)
2026-09-07 09:24:14,444 [DEBUG] ui.dialogs.layout_options_panel: layout panel set_recipe: spacer=colored/True gaps=0.0/0.0  [_display_run_chart:6588  ←  _restore_chart_settings:11047  ←  _set_engine_recipe:17986]
2026-09-07 09:24:14,446 [DEBUG] core.settings: settings.set helper_markers_show = False
2026-09-07 09:24:14,446 [DEBUG] core.settings: settings.set helper_marker_edge_mm = 2.0
2026-09-07 09:24:14,446 [DEBUG] core.settings: settings.set helper_marker_len_mm = 2.0
2026-09-07 09:24:14,446 [DEBUG] core.settings: settings.set helper_marker_per_patch = 3
2026-09-07 09:24:14,446 [DEBUG] core.settings: settings.set helper_markers_top_bottom = True
2026-09-07 09:24:14,446 [DEBUG] core.settings: settings.set helper_markers_sides = True
2026-09-07 09:24:14,454 [DEBUG] core.settings: settings.set helper_markers_show = False
2026-09-07 09:24:14,454 [DEBUG] core.settings: settings.set helper_marker_edge_mm = 2.0
2026-09-07 09:24:14,454 [DEBUG] core.settings: settings.set helper_marker_len_mm = 2.0
2026-09-07 09:24:14,454 [DEBUG] core.settings: settings.set helper_marker_per_patch = 3
2026-09-07 09:24:14,454 [DEBUG] core.settings: settings.set helper_markers_top_bottom = True
2026-09-07 09:24:14,454 [DEBUG] core.settings: settings.set helper_markers_sides = True
2026-09-07 09:24:14,489 [DEBUG] core.settings: settings.set helper_markers_show = False
2026-09-07 09:24:14,489 [DEBUG] core.settings: settings.set helper_marker_edge_mm = 2.0
2026-09-07 09:24:14,489 [DEBUG] core.settings: settings.set helper_marker_len_mm = 2.0
2026-09-07 09:24:14,489 [DEBUG] core.settings: settings.set helper_marker_per_patch = 3
2026-09-07 09:24:14,489 [DEBUG] core.settings: settings.set helper_markers_top_bottom = True
2026-09-07 09:24:14,489 [DEBUG] core.settings: settings.set helper_markers_sides = True
2026-09-07 09:24:14,534 [INFO] ui.tabs.tab_chart: chart loaded: 1 page(s) counted from the page images (field was 1, now 1)
2026-09-07 09:24:14,552 [DEBUG] ui.tiff_preview: TiffPreview: loaded 1 page(s)
2026-09-07 09:24:14,554 [DEBUG] ui.tiff_preview: TiffPreview: loaded 1 page(s)
2026-09-07 09:24:14,559 [DEBUG] ui.tabs.tab_chart: the chart sidecar moved 1 parameters and 2 ui values away from the target's own
2026-09-07 09:24:15,409 [INFO] assess:   armed: dialog ~'Give this project a name' -> click '<reject>' 
2026-09-07 09:24:15,409 [INFO] assess:   armed: dialog ~'Rename Printer Profile' -> click 'Cancel' 
2026-09-07 09:24:15,409 [INFO] assess:   armed: dialog ~'already' -> click 'Cancel' 
2026-09-07 09:24:15,409 [INFO] ui.tabs.tab_chart: chart build (Generate Chart) in manual: patch set targen | manual panel: A4, 0x0 grid, margins T38.0 R9.0 B19.0 L26.0
2026-09-07 09:24:15,461 [INFO] assess:   DIALOG expected [TargetChangeDialog] 'Rename Printer Profile' -> clicked 'Cancel'
2026-09-07 09:24:17,177 [INFO] assess: name umlauts: dialogs=[('Rename Printer Profile', "clicked 'Cancel'")] field_after='Ümläut Äpfel Øre' loc='g edited: ChromIQ-assessment/A1-EngineVsPrinttarg/runs/run1/'
2026-09-07 09:24:17,346 [INFO] assess:   shot Screenshots/B12-names-files/n-umlauts.png  (3400x2100)
2026-09-07 09:24:17,347 [INFO] assess:   json Test Runs/logs/d07b_results.json
2026-09-07 09:24:17,350 [DEBUG] core.settings: settings.set use_chromiq_layout_engine = True
2026-09-07 09:24:17,350 [DEBUG] ui.dialogs.layout_options_panel: layout panel set_recipe: spacer=none/False gaps=0.0/0.0  [load_target_settings:14638  ←  _apply_ui_state:14991  ←  _set_engine_recipe:17986]
2026-09-07 09:24:17,368 [DEBUG] core.settings: settings.set helper_markers_show = True
2026-09-07 09:24:17,368 [DEBUG] core.settings: settings.set helper_marker_edge_mm = 2.0
2026-09-07 09:24:17,368 [DEBUG] core.settings: settings.set helper_marker_len_mm = 2.0
2026-09-07 09:24:17,368 [DEBUG] core.settings: settings.set helper_marker_per_patch = 3
2026-09-07 09:24:17,368 [DEBUG] core.settings: settings.set helper_markers_top_bottom = True
2026-09-07 09:24:17,368 [DEBUG] core.settings: settings.set helper_markers_sides = True
2026-09-07 09:24:17,772 [DEBUG] core.settings: settings.set helper_markers_show = True
2026-09-07 09:24:17,772 [DEBUG] core.settings: settings.set helper_marker_edge_mm = 2.0
2026-09-07 09:24:17,772 [DEBUG] core.settings: settings.set helper_marker_len_mm = 2.0
2026-09-07 09:24:17,772 [DEBUG] core.settings: settings.set helper_marker_per_patch = 3
2026-09-07 09:24:17,772 [DEBUG] core.settings: settings.set helper_markers_top_bottom = True
2026-09-07 09:24:17,772 [DEBUG] core.settings: settings.set helper_markers_sides = True
2026-09-07 09:24:18,143 [DEBUG] core.settings: settings.set helper_markers_show = True
2026-09-07 09:24:18,143 [DEBUG] core.settings: settings.set helper_marker_edge_mm = 2.0
2026-09-07 09:24:18,143 [DEBUG] core.settings: settings.set helper_marker_len_mm = 2.0
2026-09-07 09:24:18,143 [DEBUG] core.settings: settings.set helper_marker_per_patch = 3
2026-09-07 09:24:18,143 [DEBUG] core.settings: settings.set helper_markers_top_bottom = True
2026-09-07 09:24:18,143 [DEBUG] core.settings: settings.set helper_markers_sides = True
2026-09-07 09:24:18,524 [DEBUG] core.settings: settings.set use_chromiq_layout_engine = True
2026-09-07 09:24:18,524 [DEBUG] ui.dialogs.layout_options_panel: layout panel set_recipe: spacer=none/False gaps=0.0/0.0  [load_target_settings:14638  ←  _apply_ui_state:14991  ←  _set_engine_recipe:17986]
2026-09-07 09:24:18,532 [DEBUG] core.settings: settings.set helper_markers_show = True
2026-09-07 09:24:18,532 [DEBUG] core.settings: settings.set helper_marker_edge_mm = 2.0
2026-09-07 09:24:18,532 [DEBUG] core.settings: settings.set helper_marker_len_mm = 2.0
2026-09-07 09:24:18,532 [DEBUG] core.settings: settings.set helper_marker_per_patch = 3
2026-09-07 09:24:18,532 [DEBUG] core.settings: settings.set helper_markers_top_bottom = True
2026-09-07 09:24:18,532 [DEBUG] core.settings: settings.set helper_markers_sides = True
2026-09-07 09:24:18,900 [DEBUG] core.settings: settings.set helper_markers_show = True
2026-09-07 09:24:18,900 [DEBUG] core.settings: settings.set helper_marker_edge_mm = 2.0
2026-09-07 09:24:18,900 [DEBUG] core.settings: settings.set helper_marker_len_mm = 2.0
2026-09-07 09:24:18,900 [DEBUG] core.settings: settings.set helper_marker_per_patch = 3
2026-09-07 09:24:18,900 [DEBUG] core.settings: settings.set helper_markers_top_bottom = True
2026-09-07 09:24:18,900 [DEBUG] core.settings: settings.set helper_markers_sides = True
2026-09-07 09:24:19,580 [INFO] assess:   armed: dialog ~'Give this project a name' -> click '<reject>' 
2026-09-07 09:24:19,580 [INFO] assess:   armed: dialog ~'Rename Printer Profile' -> click 'Cancel' 
2026-09-07 09:24:19,580 [INFO] assess:   armed: dialog ~'already' -> click 'Cancel' 
2026-09-07 09:24:19,582 [INFO] ui.tabs.tab_chart: chart build (Generate Chart) in manual: patch set targen | manual panel: 20x20, 0x0 grid, margins T6.0 R6.0 B6.0 L26.0
2026-09-07 09:24:19,686 [INFO] assess:   DIALOG expected [QDialog] 'Give this project a name' -> reject()
2026-09-07 09:24:21,403 [INFO] assess: name long250: dialogs=[('Give this project a name', 'reject()')] field_after='xxxxxxxxxxxxxxxxxxxxxxxxxxxxxxxxxxxxxxxxxxxxxxxxxxxxxxxxxxxxxxxxxxxxxxxxxxxxxxxxxxxxxxxxxxxxxxxxxxxxxxxxxxxxxxxxxxxxxxxxxxxxxxxxxxxxxxxxxxxxxxxxxxxxxxxxxxxxxxxxxxxxxxxxxxxxxxxxxxxxxxxxxxxxxxxxxxxxxxxxxxxxxxxxxxxxxxxxxxxxxxxxxxxxxxxxxxxxxxxxxxxxxxxxxx' loc='g edited: ChromIQ-assessment/A1-EngineVsPrinttarg/runs/run1/'
2026-09-07 09:24:21,564 [INFO] assess:   shot Screenshots/B12-names-files/n-long250.png  (3400x2100)
2026-09-07 09:24:21,565 [INFO] assess:   json Test Runs/logs/d07b_results.json
2026-09-07 09:24:21,567 [DEBUG] core.settings: settings.set use_chromiq_layout_engine = True
2026-09-07 09:24:21,567 [DEBUG] ui.dialogs.layout_options_panel: layout panel set_recipe: spacer=none/False gaps=0.0/0.0  [load_target_settings:14638  ←  _apply_ui_state:14991  ←  _set_engine_recipe:17986]
2026-09-07 09:24:21,573 [DEBUG] core.settings: settings.set helper_markers_show = True
2026-09-07 09:24:21,573 [DEBUG] core.settings: settings.set helper_marker_edge_mm = 2.0
2026-09-07 09:24:21,573 [DEBUG] core.settings: settings.set helper_marker_len_mm = 2.0
2026-09-07 09:24:21,573 [DEBUG] core.settings: settings.set helper_marker_per_patch = 3
2026-09-07 09:24:21,573 [DEBUG] core.settings: settings.set helper_markers_top_bottom = True
2026-09-07 09:24:21,573 [DEBUG] core.settings: settings.set helper_markers_sides = True
2026-09-07 09:24:21,942 [DEBUG] core.settings: settings.set helper_markers_show = True
2026-09-07 09:24:21,942 [DEBUG] core.settings: settings.set helper_marker_edge_mm = 2.0
2026-09-07 09:24:21,942 [DEBUG] core.settings: settings.set helper_marker_len_mm = 2.0
2026-09-07 09:24:21,942 [DEBUG] core.settings: settings.set helper_marker_per_patch = 3
2026-09-07 09:24:21,942 [DEBUG] core.settings: settings.set helper_markers_top_bottom = True
2026-09-07 09:24:21,942 [DEBUG] core.settings: settings.set helper_markers_sides = True
2026-09-07 09:24:22,323 [DEBUG] core.settings: settings.set use_chromiq_layout_engine = True
2026-09-07 09:24:22,323 [DEBUG] ui.dialogs.layout_options_panel: layout panel set_recipe: spacer=none/False gaps=0.0/0.0  [load_target_settings:14638  ←  _apply_ui_state:14991  ←  _set_engine_recipe:17986]
2026-09-07 09:24:22,329 [DEBUG] core.settings: settings.set helper_markers_show = True
2026-09-07 09:24:22,329 [DEBUG] core.settings: settings.set helper_marker_edge_mm = 2.0
2026-09-07 09:24:22,329 [DEBUG] core.settings: settings.set helper_marker_len_mm = 2.0
2026-09-07 09:24:22,329 [DEBUG] core.settings: settings.set helper_marker_per_patch = 3
2026-09-07 09:24:22,329 [DEBUG] core.settings: settings.set helper_markers_top_bottom = True
2026-09-07 09:24:22,329 [DEBUG] core.settings: settings.set helper_markers_sides = True
2026-09-07 09:24:22,701 [DEBUG] core.settings: settings.set helper_markers_show = True
2026-09-07 09:24:22,701 [DEBUG] core.settings: settings.set helper_marker_edge_mm = 2.0
2026-09-07 09:24:22,701 [DEBUG] core.settings: settings.set helper_marker_len_mm = 2.0
2026-09-07 09:24:22,701 [DEBUG] core.settings: settings.set helper_marker_per_patch = 3
2026-09-07 09:24:22,701 [DEBUG] core.settings: settings.set helper_markers_top_bottom = True
2026-09-07 09:24:22,701 [DEBUG] core.settings: settings.set helper_markers_sides = True
2026-09-07 09:24:23,389 [INFO] assess:   armed: dialog ~'Give this project a name' -> click '<reject>' 
2026-09-07 09:24:23,390 [INFO] assess:   armed: dialog ~'Rename Printer Profile' -> click 'Cancel' 
2026-09-07 09:24:23,390 [INFO] assess:   armed: dialog ~'already' -> click 'Cancel' 
2026-09-07 09:24:23,391 [INFO] ui.tabs.tab_chart: chart build (Generate Chart) in manual: patch set targen | manual panel: 20x20, 0x0 grid, margins T6.0 R6.0 B6.0 L26.0
2026-09-07 09:24:23,493 [INFO] assess:   DIALOG expected [QDialog] 'Give this project a name' -> reject()
2026-09-07 09:24:25,209 [INFO] assess: name slash-colon: dialogs=[('Give this project a name', 'reject()')] field_after='a/b:c' loc='g edited: ChromIQ-assessment/A1-EngineVsPrinttarg/runs/run1/'
2026-09-07 09:24:25,376 [INFO] assess:   shot Screenshots/B12-names-files/n-slash-colon.png  (3400x2100)
2026-09-07 09:24:25,377 [INFO] assess:   json Test Runs/logs/d07b_results.json
2026-09-07 09:24:25,379 [DEBUG] core.settings: settings.set use_chromiq_layout_engine = True
2026-09-07 09:24:25,379 [DEBUG] ui.dialogs.layout_options_panel: layout panel set_recipe: spacer=none/False gaps=0.0/0.0  [load_target_settings:14638  ←  _apply_ui_state:14991  ←  _set_engine_recipe:17986]
2026-09-07 09:24:25,385 [DEBUG] core.settings: settings.set helper_markers_show = True
2026-09-07 09:24:25,385 [DEBUG] core.settings: settings.set helper_marker_edge_mm = 2.0
2026-09-07 09:24:25,385 [DEBUG] core.settings: settings.set helper_marker_len_mm = 2.0
2026-09-07 09:24:25,385 [DEBUG] core.settings: settings.set helper_marker_per_patch = 3
2026-09-07 09:24:25,385 [DEBUG] core.settings: settings.set helper_markers_top_bottom = True
2026-09-07 09:24:25,385 [DEBUG] core.settings: settings.set helper_markers_sides = True
2026-09-07 09:24:25,757 [DEBUG] core.settings: settings.set helper_markers_show = True
2026-09-07 09:24:25,757 [DEBUG] core.settings: settings.set helper_marker_edge_mm = 2.0
2026-09-07 09:24:25,757 [DEBUG] core.settings: settings.set helper_marker_len_mm = 2.0
2026-09-07 09:24:25,757 [DEBUG] core.settings: settings.set helper_marker_per_patch = 3
2026-09-07 09:24:25,757 [DEBUG] core.settings: settings.set helper_markers_top_bottom = True
2026-09-07 09:24:25,757 [DEBUG] core.settings: settings.set helper_markers_sides = True
2026-09-07 09:24:26,138 [DEBUG] core.settings: settings.set use_chromiq_layout_engine = True
2026-09-07 09:24:26,138 [DEBUG] ui.dialogs.layout_options_panel: layout panel set_recipe: spacer=none/False gaps=0.0/0.0  [load_target_settings:14638  ←  _apply_ui_state:14991  ←  _set_engine_recipe:17986]
2026-09-07 09:24:26,144 [DEBUG] core.settings: settings.set helper_markers_show = True
2026-09-07 09:24:26,144 [DEBUG] core.settings: settings.set helper_marker_edge_mm = 2.0
2026-09-07 09:24:26,144 [DEBUG] core.settings: settings.set helper_marker_len_mm = 2.0
2026-09-07 09:24:26,144 [DEBUG] core.settings: settings.set helper_marker_per_patch = 3
2026-09-07 09:24:26,144 [DEBUG] core.settings: settings.set helper_markers_top_bottom = True
2026-09-07 09:24:26,144 [DEBUG] core.settings: settings.set helper_markers_sides = True
2026-09-07 09:24:26,513 [DEBUG] core.settings: settings.set helper_markers_show = True
2026-09-07 09:24:26,513 [DEBUG] core.settings: settings.set helper_marker_edge_mm = 2.0
2026-09-07 09:24:26,513 [DEBUG] core.settings: settings.set helper_marker_len_mm = 2.0
2026-09-07 09:24:26,513 [DEBUG] core.settings: settings.set helper_marker_per_patch = 3
2026-09-07 09:24:26,513 [DEBUG] core.settings: settings.set helper_markers_top_bottom = True
2026-09-07 09:24:26,513 [DEBUG] core.settings: settings.set helper_markers_sides = True
2026-09-07 09:24:27,204 [INFO] assess:   armed: dialog ~'Give this project a name' -> click '<reject>' 
2026-09-07 09:24:27,204 [INFO] assess:   armed: dialog ~'Rename Printer Profile' -> click 'Cancel' 
2026-09-07 09:24:27,204 [INFO] assess:   armed: dialog ~'already' -> click 'Cancel' 
2026-09-07 09:24:27,205 [INFO] ui.tabs.tab_chart: chart build (Generate Chart) in manual: patch set targen | manual panel: 20x20, 0x0 grid, margins T6.0 R6.0 B6.0 L26.0
2026-09-07 09:24:27,286 [INFO] assess:   DIALOG expected [TargetChangeDialog] 'Rename Printer Profile' -> clicked 'Cancel'
2026-09-07 09:24:28,999 [INFO] assess: name trailing-spaces: dialogs=[('Rename Printer Profile', "clicked 'Cancel'")] field_after='  trailing  ' loc='g edited: ChromIQ-assessment/A1-EngineVsPrinttarg/runs/run1/'
2026-09-07 09:24:29,168 [INFO] assess:   shot Screenshots/B12-names-files/n-trailing-spaces.png  (3400x2100)
2026-09-07 09:24:29,169 [INFO] assess:   json Test Runs/logs/d07b_results.json
2026-09-07 09:24:29,171 [DEBUG] core.settings: settings.set use_chromiq_layout_engine = True
2026-09-07 09:24:29,171 [DEBUG] ui.dialogs.layout_options_panel: layout panel set_recipe: spacer=none/False gaps=0.0/0.0  [load_target_settings:14638  ←  _apply_ui_state:14991  ←  _set_engine_recipe:17986]
2026-09-07 09:24:29,177 [DEBUG] core.settings: settings.set helper_markers_show = True
2026-09-07 09:24:29,177 [DEBUG] core.settings: settings.set helper_marker_edge_mm = 2.0
2026-09-07 09:24:29,177 [DEBUG] core.settings: settings.set helper_marker_len_mm = 2.0
2026-09-07 09:24:29,177 [DEBUG] core.settings: settings.set helper_marker_per_patch = 3
2026-09-07 09:24:29,177 [DEBUG] core.settings: settings.set helper_markers_top_bottom = True
2026-09-07 09:24:29,177 [DEBUG] core.settings: settings.set helper_markers_sides = True
2026-09-07 09:24:29,543 [DEBUG] core.settings: settings.set helper_markers_show = True
2026-09-07 09:24:29,543 [DEBUG] core.settings: settings.set helper_marker_edge_mm = 2.0
2026-09-07 09:24:29,543 [DEBUG] core.settings: settings.set helper_marker_len_mm = 2.0
2026-09-07 09:24:29,543 [DEBUG] core.settings: settings.set helper_marker_per_patch = 3
2026-09-07 09:24:29,543 [DEBUG] core.settings: settings.set helper_markers_top_bottom = True
2026-09-07 09:24:29,543 [DEBUG] core.settings: settings.set helper_markers_sides = True
2026-09-07 09:24:29,925 [DEBUG] core.settings: settings.set use_chromiq_layout_engine = True
2026-09-07 09:24:29,925 [DEBUG] ui.dialogs.layout_options_panel: layout panel set_recipe: spacer=none/False gaps=0.0/0.0  [load_target_settings:14638  ←  _apply_ui_state:14991  ←  _set_engine_recipe:17986]
2026-09-07 09:24:29,931 [DEBUG] core.settings: settings.set helper_markers_show = True
2026-09-07 09:24:29,931 [DEBUG] core.settings: settings.set helper_marker_edge_mm = 2.0
2026-09-07 09:24:29,931 [DEBUG] core.settings: settings.set helper_marker_len_mm = 2.0
2026-09-07 09:24:29,931 [DEBUG] core.settings: settings.set helper_marker_per_patch = 3
2026-09-07 09:24:29,931 [DEBUG] core.settings: settings.set helper_markers_top_bottom = True
2026-09-07 09:24:29,931 [DEBUG] core.settings: settings.set helper_markers_sides = True
2026-09-07 09:24:30,302 [DEBUG] core.settings: settings.set helper_markers_show = True
2026-09-07 09:24:30,302 [DEBUG] core.settings: settings.set helper_marker_edge_mm = 2.0
2026-09-07 09:24:30,302 [DEBUG] core.settings: settings.set helper_marker_len_mm = 2.0
2026-09-07 09:24:30,302 [DEBUG] core.settings: settings.set helper_marker_per_patch = 3
2026-09-07 09:24:30,302 [DEBUG] core.settings: settings.set helper_markers_top_bottom = True
2026-09-07 09:24:30,302 [DEBUG] core.settings: settings.set helper_markers_sides = True
2026-09-07 09:24:30,986 [INFO] assess:   armed: dialog ~'Give this project a name' -> click '<reject>' 
2026-09-07 09:24:30,986 [INFO] assess:   armed: dialog ~'Rename Printer Profile' -> click 'Cancel' 
2026-09-07 09:24:30,986 [INFO] assess:   armed: dialog ~'already' -> click 'Cancel' 
2026-09-07 09:24:30,987 [INFO] ui.tabs.tab_chart: chart build (Generate Chart) in manual: patch set targen | manual panel: 20x20, 0x0 grid, margins T6.0 R6.0 B6.0 L26.0
2026-09-07 09:24:31,088 [INFO] assess:   DIALOG expected [QDialog] 'Give this project a name' -> reject()
2026-09-07 09:24:32,802 [INFO] assess: name windows-reserved: dialogs=[('Give this project a name', 'reject()')] field_after='CON' loc='g edited: ChromIQ-assessment/A1-EngineVsPrinttarg/runs/run1/'
2026-09-07 09:24:32,972 [INFO] assess:   shot Screenshots/B12-names-files/n-windows-reserved.png  (3400x2100)
2026-09-07 09:24:32,972 [INFO] assess:   json Test Runs/logs/d07b_results.json
2026-09-07 09:24:32,974 [DEBUG] core.settings: settings.set use_chromiq_layout_engine = True
2026-09-07 09:24:32,974 [DEBUG] ui.dialogs.layout_options_panel: layout panel set_recipe: spacer=none/False gaps=0.0/0.0  [load_target_settings:14638  ←  _apply_ui_state:14991  ←  _set_engine_recipe:17986]
2026-09-07 09:24:32,980 [DEBUG] core.settings: settings.set helper_markers_show = True
2026-09-07 09:24:32,980 [DEBUG] core.settings: settings.set helper_marker_edge_mm = 2.0
2026-09-07 09:24:32,980 [DEBUG] core.settings: settings.set helper_marker_len_mm = 2.0
2026-09-07 09:24:32,980 [DEBUG] core.settings: settings.set helper_marker_per_patch = 3
2026-09-07 09:24:32,980 [DEBUG] core.settings: settings.set helper_markers_top_bottom = True
2026-09-07 09:24:32,980 [DEBUG] core.settings: settings.set helper_markers_sides = True
2026-09-07 09:24:33,350 [DEBUG] core.settings: settings.set helper_markers_show = True
2026-09-07 09:24:33,350 [DEBUG] core.settings: settings.set helper_marker_edge_mm = 2.0
2026-09-07 09:24:33,350 [DEBUG] core.settings: settings.set helper_marker_len_mm = 2.0
2026-09-07 09:24:33,350 [DEBUG] core.settings: settings.set helper_marker_per_patch = 3
2026-09-07 09:24:33,350 [DEBUG] core.settings: settings.set helper_markers_top_bottom = True
2026-09-07 09:24:33,350 [DEBUG] core.settings: settings.set helper_markers_sides = True
2026-09-07 09:24:33,730 [DEBUG] core.settings: settings.set use_chromiq_layout_engine = True
2026-09-07 09:24:33,730 [DEBUG] ui.dialogs.layout_options_panel: layout panel set_recipe: spacer=none/False gaps=0.0/0.0  [load_target_settings:14638  ←  _apply_ui_state:14991  ←  _set_engine_recipe:17986]
2026-09-07 09:24:33,737 [DEBUG] core.settings: settings.set helper_markers_show = True
2026-09-07 09:24:33,737 [DEBUG] core.settings: settings.set helper_marker_edge_mm = 2.0
2026-09-07 09:24:33,737 [DEBUG] core.settings: settings.set helper_marker_len_mm = 2.0
2026-09-07 09:24:33,737 [DEBUG] core.settings: settings.set helper_marker_per_patch = 3
2026-09-07 09:24:33,737 [DEBUG] core.settings: settings.set helper_markers_top_bottom = True
2026-09-07 09:24:33,737 [DEBUG] core.settings: settings.set helper_markers_sides = True
2026-09-07 09:24:34,107 [DEBUG] core.settings: settings.set helper_markers_show = True
2026-09-07 09:24:34,107 [DEBUG] core.settings: settings.set helper_marker_edge_mm = 2.0
2026-09-07 09:24:34,107 [DEBUG] core.settings: settings.set helper_marker_len_mm = 2.0
2026-09-07 09:24:34,107 [DEBUG] core.settings: settings.set helper_marker_per_patch = 3
2026-09-07 09:24:34,107 [DEBUG] core.settings: settings.set helper_markers_top_bottom = True
2026-09-07 09:24:34,107 [DEBUG] core.settings: settings.set helper_markers_sides = True
2026-09-07 09:24:34,786 [INFO] assess:   armed: dialog ~'Give this project a name' -> click '<reject>' 
2026-09-07 09:24:34,786 [INFO] assess:   armed: dialog ~'Rename Printer Profile' -> click 'Cancel' 
2026-09-07 09:24:34,786 [INFO] assess:   armed: dialog ~'already' -> click 'Cancel' 
2026-09-07 09:24:34,787 [INFO] ui.tabs.tab_chart: chart build (Generate Chart) in manual: patch set targen | manual panel: 20x20, 0x0 grid, margins T6.0 R6.0 B6.0 L26.0
2026-09-07 09:24:34,891 [INFO] assess:   DIALOG expected [QDialog] 'Give this project a name' -> reject()
2026-09-07 09:24:36,602 [INFO] assess: name leading-dot: dialogs=[('Give this project a name', 'reject()')] field_after='.dot' loc='g edited: ChromIQ-assessment/A1-EngineVsPrinttarg/runs/run1/'
2026-09-07 09:24:36,772 [INFO] assess:   shot Screenshots/B12-names-files/n-leading-dot.png  (3400x2100)
2026-09-07 09:24:36,773 [INFO] assess:   json Test Runs/logs/d07b_results.json
2026-09-07 09:24:36,773 [INFO] assess: projects on disk now: ['A1-EngineVsPrinttarg', 'A10-Extremes', 'A2-Instruments', 'A3-LayoutModes', 'A5-Furniture', 'B1-Guided', 'Demo-Full-RGB', 'Demo-Legacy-v1', 'Demo-Legacy-v2', 'Demo-Verify-History']
2026-09-07 09:24:36,773 [DEBUG] core.settings: settings.set session_target_name = 'A1-EngineVsPrinttarg'
2026-09-07 09:24:36,773 [DEBUG] core.settings: settings.set session_project_root = ''
2026-09-07 09:24:36,773 [DEBUG] core.file_manager: Target name set to: A1-EngineVsPrinttarg (root /Users/Basti/ChromIQ-assessment/A1-EngineVsPrinttarg)
2026-09-07 09:24:36,773 [INFO] core.file_manager: opened the EXISTING project at /Users/Basti/ChromIQ-assessment/A1-EngineVsPrinttarg (2 run(s) on disk)
2026-09-07 09:24:36,776 [DEBUG] core.settings: settings.set use_chromiq_layout_engine = False
2026-09-07 09:24:36,776 [DEBUG] core.settings: settings.set use_chromiq_layout_engine = False
2026-09-07 09:24:36,777 [DEBUG] ui.dialogs.layout_options_panel: layout panel set_recipe: spacer=colored/True gaps=0.0/0.0  [load_target_settings:14638  ←  _apply_ui_state:14991  ←  _set_engine_recipe:17986]
2026-09-07 09:24:36,778 [DEBUG] core.settings: settings.set helper_markers_show = False
2026-09-07 09:24:36,778 [DEBUG] core.settings: settings.set helper_marker_edge_mm = 2.0
2026-09-07 09:24:36,778 [DEBUG] core.settings: settings.set helper_marker_len_mm = 2.0
2026-09-07 09:24:36,778 [DEBUG] core.settings: settings.set helper_marker_per_patch = 3
2026-09-07 09:24:36,778 [DEBUG] core.settings: settings.set helper_markers_top_bottom = True
2026-09-07 09:24:36,778 [DEBUG] core.settings: settings.set helper_markers_sides = True
2026-09-07 09:24:36,782 [DEBUG] core.settings: settings.set helper_markers_show = False
2026-09-07 09:24:36,782 [DEBUG] core.settings: settings.set helper_marker_edge_mm = 2.0
2026-09-07 09:24:36,782 [DEBUG] core.settings: settings.set helper_marker_len_mm = 2.0
2026-09-07 09:24:36,782 [DEBUG] core.settings: settings.set helper_marker_per_patch = 3
2026-09-07 09:24:36,782 [DEBUG] core.settings: settings.set helper_markers_top_bottom = True
2026-09-07 09:24:36,782 [DEBUG] core.settings: settings.set helper_markers_sides = True
2026-09-07 09:24:36,801 [DEBUG] core.settings: settings.set helper_markers_show = False
2026-09-07 09:24:36,801 [DEBUG] core.settings: settings.set helper_marker_edge_mm = 2.0
2026-09-07 09:24:36,801 [DEBUG] core.settings: settings.set helper_marker_len_mm = 2.0
2026-09-07 09:24:36,801 [DEBUG] core.settings: settings.set helper_marker_per_patch = 3
2026-09-07 09:24:36,801 [DEBUG] core.settings: settings.set helper_markers_top_bottom = True
2026-09-07 09:24:36,801 [DEBUG] core.settings: settings.set helper_markers_sides = True
2026-09-07 09:24:36,830 [DEBUG] core.settings: settings.set use_chromiq_layout_engine = False
2026-09-07 09:24:36,830 [DEBUG] ui.dialogs.layout_options_panel: layout panel set_recipe: spacer=colored/True gaps=0.0/0.0  [load_target_settings:14638  ←  _apply_ui_state:14991  ←  _set_engine_recipe:17986]
2026-09-07 09:24:36,848 [DEBUG] core.settings: settings.set helper_markers_show = False
2026-09-07 09:24:36,848 [DEBUG] core.settings: settings.set helper_marker_edge_mm = 2.0
2026-09-07 09:24:36,848 [DEBUG] core.settings: settings.set helper_marker_len_mm = 2.0
2026-09-07 09:24:36,849 [DEBUG] core.settings: settings.set helper_marker_per_patch = 3
2026-09-07 09:24:36,849 [DEBUG] core.settings: settings.set helper_markers_top_bottom = True
2026-09-07 09:24:36,849 [DEBUG] core.settings: settings.set helper_markers_sides = True
2026-09-07 09:24:36,868 [DEBUG] core.settings: settings.set helper_markers_show = False
2026-09-07 09:24:36,868 [DEBUG] core.settings: settings.set helper_marker_edge_mm = 2.0
2026-09-07 09:24:36,868 [DEBUG] core.settings: settings.set helper_marker_len_mm = 2.0
2026-09-07 09:24:36,868 [DEBUG] core.settings: settings.set helper_marker_per_patch = 3
2026-09-07 09:24:36,869 [DEBUG] core.settings: settings.set helper_markers_top_bottom = True
2026-09-07 09:24:36,869 [DEBUG] core.settings: settings.set helper_markers_sides = True
2026-09-07 09:24:36,897 [DEBUG] core.settings: settings.set use_chromiq_layout_engine = False
2026-09-07 09:24:36,898 [DEBUG] ui.dialogs.layout_options_panel: layout panel set_recipe: spacer=colored/True gaps=0.0/0.0  [load_target_settings:14638  ←  _apply_ui_state:14991  ←  _set_engine_recipe:17986]
2026-09-07 09:24:36,916 [DEBUG] core.settings: settings.set helper_markers_show = False
2026-09-07 09:24:36,916 [DEBUG] core.settings: settings.set helper_marker_edge_mm = 2.0
2026-09-07 09:24:36,916 [DEBUG] core.settings: settings.set helper_marker_len_mm = 2.0
2026-09-07 09:24:36,916 [DEBUG] core.settings: settings.set helper_marker_per_patch = 3
2026-09-07 09:24:36,916 [DEBUG] core.settings: settings.set helper_markers_top_bottom = True
2026-09-07 09:24:36,916 [DEBUG] core.settings: settings.set helper_markers_sides = True
2026-09-07 09:24:36,935 [DEBUG] core.settings: settings.set helper_markers_show = False
2026-09-07 09:24:36,935 [DEBUG] core.settings: settings.set helper_marker_edge_mm = 2.0
2026-09-07 09:24:36,935 [DEBUG] core.settings: settings.set helper_marker_len_mm = 2.0
2026-09-07 09:24:36,935 [DEBUG] core.settings: settings.set helper_marker_per_patch = 3
2026-09-07 09:24:36,935 [DEBUG] core.settings: settings.set helper_markers_top_bottom = True
2026-09-07 09:24:36,935 [DEBUG] core.settings: settings.set helper_markers_sides = True
2026-09-07 09:24:36,964 [DEBUG] core.settings: settings.set use_chromiq_layout_engine = False
2026-09-07 09:24:36,964 [DEBUG] ui.dialogs.layout_options_panel: layout panel set_recipe: spacer=colored/True gaps=0.0/0.0  [load_target_settings:14638  ←  _apply_ui_state:14991  ←  _set_engine_recipe:17986]
2026-09-07 09:24:36,982 [DEBUG] core.settings: settings.set helper_markers_show = False
2026-09-07 09:24:36,982 [DEBUG] core.settings: settings.set helper_marker_edge_mm = 2.0
2026-09-07 09:24:36,982 [DEBUG] core.settings: settings.set helper_marker_len_mm = 2.0
2026-09-07 09:24:36,982 [DEBUG] core.settings: settings.set helper_marker_per_patch = 3
2026-09-07 09:24:36,982 [DEBUG] core.settings: settings.set helper_markers_top_bottom = True
2026-09-07 09:24:36,982 [DEBUG] core.settings: settings.set helper_markers_sides = True
2026-09-07 09:24:37,002 [DEBUG] core.settings: settings.set helper_markers_show = False
2026-09-07 09:24:37,002 [DEBUG] core.settings: settings.set helper_marker_edge_mm = 2.0
2026-09-07 09:24:37,002 [DEBUG] core.settings: settings.set helper_marker_len_mm = 2.0
2026-09-07 09:24:37,002 [DEBUG] core.settings: settings.set helper_marker_per_patch = 3
2026-09-07 09:24:37,002 [DEBUG] core.settings: settings.set helper_markers_top_bottom = True
2026-09-07 09:24:37,002 [DEBUG] core.settings: settings.set helper_markers_sides = True
2026-09-07 09:24:37,029 [DEBUG] ui.tiff_preview: TiffPreview: loaded 1 page(s)
2026-09-07 09:24:37,257 [INFO] ui.tabs.tab_chart: chart loaded: 1 page(s) counted from the page images (field was 1, now 1)
2026-09-07 09:24:37,259 [DEBUG] ui.tiff_preview: TiffPreview: loaded 1 page(s)
2026-09-07 09:24:37,260 [DEBUG] ui.tiff_preview: TiffPreview: loaded 1 page(s)
2026-09-07 09:24:37,374 [INFO] ui.tabs.tab_measure: Uniform strip detection: 20 strips, block x=123–885 (scaled)
2026-09-07 09:24:37,377 [DEBUG] ui.tabs.tab_chart: the chart sidecar moved 4 parameters and 0 ui values away from the target's own
2026-09-07 09:24:37,379 [DEBUG] ui.tiff_preview: TiffPreview: loaded 1 page(s)
2026-09-07 09:24:37,494 [INFO] ui.tabs.tab_measure: Uniform strip detection: 20 strips, block x=123–885 (scaled)
2026-09-07 09:24:37,495 [DEBUG] ui.tiff_preview: TiffPreview: loaded 1 page(s)
2026-09-07 09:24:37,495 [INFO] ui.main_window: Session restored: target=A1-EngineVsPrinttarg run=run2
2026-09-07 09:24:38,707 [INFO] assess: open_project('A1-EngineVsPrinttarg') -> run bar reads 'Run 2 (overwrite)' ok=True
2026-09-07 09:24:39,421 [DEBUG] ui.tabs.tab_chart: create-chart settings written for run2 (40 parameters + ui state)
2026-09-07 09:24:39,423 [DEBUG] core.settings: settings.set use_chromiq_layout_engine = True
2026-09-07 09:24:39,423 [DEBUG] core.settings: settings.set use_chromiq_layout_engine = True
2026-09-07 09:24:39,445 [DEBUG] ui.dialogs.layout_options_panel: layout panel set_recipe: spacer=none/False gaps=0.0/0.0  [load_target_settings:14638  ←  _apply_ui_state:14991  ←  _set_engine_recipe:17986]
2026-09-07 09:24:39,462 [DEBUG] core.settings: settings.set helper_markers_show = True
2026-09-07 09:24:39,462 [DEBUG] core.settings: settings.set helper_marker_edge_mm = 2.0
2026-09-07 09:24:39,462 [DEBUG] core.settings: settings.set helper_marker_len_mm = 2.0
2026-09-07 09:24:39,463 [DEBUG] core.settings: settings.set helper_marker_per_patch = 3
2026-09-07 09:24:39,463 [DEBUG] core.settings: settings.set helper_markers_top_bottom = True
2026-09-07 09:24:39,463 [DEBUG] core.settings: settings.set helper_markers_sides = True
2026-09-07 09:24:39,503 [DEBUG] core.settings: settings.set helper_markers_show = True
2026-09-07 09:24:39,503 [DEBUG] core.settings: settings.set helper_marker_edge_mm = 2.0
2026-09-07 09:24:39,503 [DEBUG] core.settings: settings.set helper_marker_len_mm = 2.0
2026-09-07 09:24:39,503 [DEBUG] core.settings: settings.set helper_marker_per_patch = 3
2026-09-07 09:24:39,503 [DEBUG] core.settings: settings.set helper_markers_top_bottom = True
2026-09-07 09:24:39,503 [DEBUG] core.settings: settings.set helper_markers_sides = True
2026-09-07 09:24:39,509 [DEBUG] core.settings: settings.set helper_markers_show = True
2026-09-07 09:24:39,509 [DEBUG] core.settings: settings.set helper_marker_edge_mm = 2.0
2026-09-07 09:24:39,509 [DEBUG] core.settings: settings.set helper_marker_len_mm = 2.0
2026-09-07 09:24:39,509 [DEBUG] core.settings: settings.set helper_marker_per_patch = 3
2026-09-07 09:24:39,509 [DEBUG] core.settings: settings.set helper_markers_top_bottom = True
2026-09-07 09:24:39,509 [DEBUG] core.settings: settings.set helper_markers_sides = True
2026-09-07 09:24:39,526 [DEBUG] core.settings: settings.set use_chromiq_layout_engine = True
2026-09-07 09:24:39,526 [DEBUG] ui.dialogs.layout_options_panel: layout panel set_recipe: spacer=none/False gaps=0.0/0.0  [load_target_settings:14638  ←  _apply_ui_state:14991  ←  _set_engine_recipe:17986]
2026-09-07 09:24:39,533 [DEBUG] core.settings: settings.set helper_markers_show = True
2026-09-07 09:24:39,533 [DEBUG] core.settings: settings.set helper_marker_edge_mm = 2.0
2026-09-07 09:24:39,533 [DEBUG] core.settings: settings.set helper_marker_len_mm = 2.0
2026-09-07 09:24:39,533 [DEBUG] core.settings: settings.set helper_marker_per_patch = 3
2026-09-07 09:24:39,533 [DEBUG] core.settings: settings.set helper_markers_top_bottom = True
2026-09-07 09:24:39,533 [DEBUG] core.settings: settings.set helper_markers_sides = True
2026-09-07 09:24:39,539 [DEBUG] core.settings: settings.set helper_markers_show = True
2026-09-07 09:24:39,539 [DEBUG] core.settings: settings.set helper_marker_edge_mm = 2.0
2026-09-07 09:24:39,539 [DEBUG] core.settings: settings.set helper_marker_len_mm = 2.0
2026-09-07 09:24:39,539 [DEBUG] core.settings: settings.set helper_marker_per_patch = 3
2026-09-07 09:24:39,539 [DEBUG] core.settings: settings.set helper_markers_top_bottom = True
2026-09-07 09:24:39,539 [DEBUG] core.settings: settings.set helper_markers_sides = True
2026-09-07 09:24:39,556 [DEBUG] ui.tiff_preview: TiffPreview: loaded 1 page(s)
2026-09-07 09:24:39,936 [DEBUG] ui.dialogs.layout_options_panel: layout panel set_recipe: spacer=colored/True gaps=0.0/0.0  [_display_run_chart:6588  ←  _restore_chart_settings:11047  ←  _set_engine_recipe:17986]
2026-09-07 09:24:39,938 [DEBUG] core.settings: settings.set helper_markers_show = False
2026-09-07 09:24:39,938 [DEBUG] core.settings: settings.set helper_marker_edge_mm = 2.0
2026-09-07 09:24:39,938 [DEBUG] core.settings: settings.set helper_marker_len_mm = 2.0
2026-09-07 09:24:39,938 [DEBUG] core.settings: settings.set helper_marker_per_patch = 3
2026-09-07 09:24:39,938 [DEBUG] core.settings: settings.set helper_markers_top_bottom = True
2026-09-07 09:24:39,938 [DEBUG] core.settings: settings.set helper_markers_sides = True
2026-09-07 09:24:39,947 [DEBUG] core.settings: settings.set helper_markers_show = False
2026-09-07 09:24:39,947 [DEBUG] core.settings: settings.set helper_marker_edge_mm = 2.0
2026-09-07 09:24:39,947 [DEBUG] core.settings: settings.set helper_marker_len_mm = 2.0
2026-09-07 09:24:39,947 [DEBUG] core.settings: settings.set helper_marker_per_patch = 3
2026-09-07 09:24:39,947 [DEBUG] core.settings: settings.set helper_markers_top_bottom = True
2026-09-07 09:24:39,947 [DEBUG] core.settings: settings.set helper_markers_sides = True
2026-09-07 09:24:39,984 [DEBUG] core.settings: settings.set helper_markers_show = False
2026-09-07 09:24:39,984 [DEBUG] core.settings: settings.set helper_marker_edge_mm = 2.0
2026-09-07 09:24:39,984 [DEBUG] core.settings: settings.set helper_marker_len_mm = 2.0
2026-09-07 09:24:39,984 [DEBUG] core.settings: settings.set helper_marker_per_patch = 3
2026-09-07 09:24:39,984 [DEBUG] core.settings: settings.set helper_markers_top_bottom = True
2026-09-07 09:24:39,984 [DEBUG] core.settings: settings.set helper_markers_sides = True
2026-09-07 09:24:40,013 [INFO] ui.tabs.tab_chart: chart loaded: 1 page(s) counted from the page images (field was 1, now 1)
2026-09-07 09:24:40,032 [DEBUG] ui.tiff_preview: TiffPreview: loaded 1 page(s)
2026-09-07 09:24:40,033 [DEBUG] ui.tiff_preview: TiffPreview: loaded 1 page(s)
2026-09-07 09:24:40,037 [DEBUG] ui.tabs.tab_chart: the chart sidecar moved 1 parameters and 2 ui values away from the target's own
2026-09-07 09:24:41,969 [DEBUG] core.settings: settings.set helper_markers_show = False
2026-09-07 09:24:41,969 [DEBUG] core.settings: settings.set helper_marker_edge_mm = 2.0
2026-09-07 09:24:41,969 [DEBUG] core.settings: settings.set helper_marker_len_mm = 2.0
2026-09-07 09:24:41,969 [DEBUG] core.settings: settings.set helper_marker_per_patch = 3
2026-09-07 09:24:41,969 [DEBUG] core.settings: settings.set helper_markers_top_bottom = True
2026-09-07 09:24:41,969 [DEBUG] core.settings: settings.set helper_markers_sides = True
2026-09-07 09:24:42,199 [DEBUG] core.settings: settings.set helper_markers_show = False
2026-09-07 09:24:42,199 [DEBUG] core.settings: settings.set helper_marker_edge_mm = 2.0
2026-09-07 09:24:42,199 [DEBUG] core.settings: settings.set helper_marker_len_mm = 2.0
2026-09-07 09:24:42,199 [DEBUG] core.settings: settings.set helper_marker_per_patch = 3
2026-09-07 09:24:42,199 [DEBUG] core.settings: settings.set helper_markers_top_bottom = True
2026-09-07 09:24:42,199 [DEBUG] core.settings: settings.set helper_markers_sides = True
2026-09-07 09:24:42,406 [DEBUG] core.settings: settings.set helper_markers_show = False
2026-09-07 09:24:42,406 [DEBUG] core.settings: settings.set helper_marker_edge_mm = 2.0
2026-09-07 09:24:42,406 [DEBUG] core.settings: settings.set helper_marker_len_mm = 2.0
2026-09-07 09:24:42,406 [DEBUG] core.settings: settings.set helper_marker_per_patch = 3
2026-09-07 09:24:42,406 [DEBUG] core.settings: settings.set helper_markers_top_bottom = True
2026-09-07 09:24:42,406 [DEBUG] core.settings: settings.set helper_markers_sides = True
2026-09-07 09:24:42,824 [DEBUG] ui.tabs.tab_chart: create-chart settings written for run1 (40 parameters + ui state)
2026-09-07 09:24:42,830 [DEBUG] core.settings: settings.set use_chromiq_layout_engine = False
2026-09-07 09:24:42,830 [DEBUG] core.settings: settings.set use_chromiq_layout_engine = False
2026-09-07 09:24:42,836 [DEBUG] ui.dialogs.layout_options_panel: layout panel set_recipe: spacer=colored/True gaps=0.0/0.0  [load_target_settings:14638  ←  _apply_ui_state:14991  ←  _set_engine_recipe:17986]
2026-09-07 09:24:42,867 [DEBUG] core.settings: settings.set helper_markers_show = False
2026-09-07 09:24:42,867 [DEBUG] core.settings: settings.set helper_marker_edge_mm = 2.0
2026-09-07 09:24:42,867 [DEBUG] core.settings: settings.set helper_marker_len_mm = 2.0
2026-09-07 09:24:42,867 [DEBUG] core.settings: settings.set helper_marker_per_patch = 3
2026-09-07 09:24:42,867 [DEBUG] core.settings: settings.set helper_markers_top_bottom = True
2026-09-07 09:24:42,867 [DEBUG] core.settings: settings.set helper_markers_sides = True
2026-09-07 09:24:42,893 [DEBUG] core.settings: settings.set helper_markers_show = False
2026-09-07 09:24:42,893 [DEBUG] core.settings: settings.set helper_marker_edge_mm = 2.0
2026-09-07 09:24:42,893 [DEBUG] core.settings: settings.set helper_marker_len_mm = 2.0
2026-09-07 09:24:42,893 [DEBUG] core.settings: settings.set helper_marker_per_patch = 3
2026-09-07 09:24:42,893 [DEBUG] core.settings: settings.set helper_markers_top_bottom = True
2026-09-07 09:24:42,893 [DEBUG] core.settings: settings.set helper_markers_sides = True
2026-09-07 09:24:42,926 [DEBUG] ui.tabs.tab_chart: create-chart settings written for run2 (40 parameters + ui state)
2026-09-07 09:24:42,929 [DEBUG] core.settings: settings.set use_chromiq_layout_engine = False
2026-09-07 09:24:42,929 [DEBUG] ui.dialogs.layout_options_panel: layout panel set_recipe: spacer=none/False gaps=0.0/0.0  [load_target_settings:14638  ←  _apply_ui_state:14991  ←  _set_engine_recipe:17986]
2026-09-07 09:24:42,929 [DEBUG] core.settings: settings.set helper_markers_show = True
2026-09-07 09:24:42,929 [DEBUG] core.settings: settings.set helper_marker_edge_mm = 2.0
2026-09-07 09:24:42,930 [DEBUG] core.settings: settings.set helper_marker_len_mm = 2.0
2026-09-07 09:24:42,930 [DEBUG] core.settings: settings.set helper_marker_per_patch = 3
2026-09-07 09:24:42,930 [DEBUG] core.settings: settings.set helper_markers_top_bottom = True
2026-09-07 09:24:42,930 [DEBUG] core.settings: settings.set helper_markers_sides = True
2026-09-07 09:24:43,315 [DEBUG] core.settings: settings.set helper_markers_show = True
2026-09-07 09:24:43,315 [DEBUG] core.settings: settings.set helper_marker_edge_mm = 2.0
2026-09-07 09:24:43,315 [DEBUG] core.settings: settings.set helper_marker_len_mm = 2.0
2026-09-07 09:24:43,315 [DEBUG] core.settings: settings.set helper_marker_per_patch = 3
2026-09-07 09:24:43,315 [DEBUG] core.settings: settings.set helper_markers_top_bottom = True
2026-09-07 09:24:43,315 [DEBUG] core.settings: settings.set helper_markers_sides = True
2026-09-07 09:24:43,681 [DEBUG] core.settings: settings.set helper_markers_show = True
2026-09-07 09:24:43,681 [DEBUG] core.settings: settings.set helper_marker_edge_mm = 2.0
2026-09-07 09:24:43,681 [DEBUG] core.settings: settings.set helper_marker_len_mm = 2.0
2026-09-07 09:24:43,681 [DEBUG] core.settings: settings.set helper_marker_per_patch = 3
2026-09-07 09:24:43,681 [DEBUG] core.settings: settings.set helper_markers_top_bottom = True
2026-09-07 09:24:43,681 [DEBUG] core.settings: settings.set helper_markers_sides = True
2026-09-07 09:24:44,064 [DEBUG] ui.tiff_preview: TiffPreview: loaded 1 page(s)
2026-09-07 09:24:44,285 [INFO] ui.tabs.tab_chart: chart loaded: 1 page(s) counted from the page images (field was 1, now 1)
2026-09-07 09:24:44,287 [DEBUG] ui.tiff_preview: TiffPreview: loaded 1 page(s)
2026-09-07 09:24:44,288 [DEBUG] ui.tiff_preview: TiffPreview: loaded 1 page(s)
2026-09-07 09:24:44,404 [INFO] ui.tabs.tab_measure: Uniform strip detection: 20 strips, block x=123–885 (scaled)
2026-09-07 09:24:44,407 [DEBUG] ui.tabs.tab_chart: the chart sidecar moved 0 parameters and 1 ui values away from the target's own
2026-09-07 09:24:46,384 [DEBUG] ui.tabs.tab_chart: create-chart settings written for run2 (40 parameters + ui state)
2026-09-07 09:24:46,390 [DEBUG] core.settings: settings.set use_chromiq_layout_engine = True
2026-09-07 09:24:46,390 [DEBUG] core.settings: settings.set use_chromiq_layout_engine = True
2026-09-07 09:24:46,495 [DEBUG] core.settings: settings.set helper_markers_show = True
2026-09-07 09:24:46,495 [DEBUG] core.settings: settings.set helper_marker_edge_mm = 2.0
2026-09-07 09:24:46,495 [DEBUG] core.settings: settings.set helper_marker_len_mm = 2.0
2026-09-07 09:24:46,495 [DEBUG] core.settings: settings.set helper_marker_per_patch = 3
2026-09-07 09:24:46,495 [DEBUG] core.settings: settings.set helper_markers_top_bottom = True
2026-09-07 09:24:46,495 [DEBUG] core.settings: settings.set helper_markers_sides = True
2026-09-07 09:24:46,524 [DEBUG] ui.dialogs.layout_options_panel: layout panel set_recipe: spacer=none/False gaps=0.0/0.0  [load_target_settings:14638  ←  _apply_ui_state:14991  ←  _set_engine_recipe:17986]
2026-09-07 09:24:46,555 [DEBUG] core.settings: settings.set helper_markers_show = True
2026-09-07 09:24:46,555 [DEBUG] core.settings: settings.set helper_marker_edge_mm = 2.0
2026-09-07 09:24:46,555 [DEBUG] core.settings: settings.set helper_marker_len_mm = 2.0
2026-09-07 09:24:46,555 [DEBUG] core.settings: settings.set helper_marker_per_patch = 3
2026-09-07 09:24:46,555 [DEBUG] core.settings: settings.set helper_markers_top_bottom = True
2026-09-07 09:24:46,555 [DEBUG] core.settings: settings.set helper_markers_sides = True
2026-09-07 09:24:46,562 [DEBUG] core.settings: settings.set helper_markers_show = True
2026-09-07 09:24:46,562 [DEBUG] core.settings: settings.set helper_marker_edge_mm = 2.0
2026-09-07 09:24:46,562 [DEBUG] core.settings: settings.set helper_marker_len_mm = 2.0
2026-09-07 09:24:46,562 [DEBUG] core.settings: settings.set helper_marker_per_patch = 3
2026-09-07 09:24:46,562 [DEBUG] core.settings: settings.set helper_markers_top_bottom = True
2026-09-07 09:24:46,562 [DEBUG] core.settings: settings.set helper_markers_sides = True
2026-09-07 09:24:46,580 [DEBUG] core.settings: settings.set use_chromiq_layout_engine = True
2026-09-07 09:24:46,580 [DEBUG] ui.dialogs.layout_options_panel: layout panel set_recipe: spacer=none/False gaps=0.0/0.0  [load_target_settings:14638  ←  _apply_ui_state:14991  ←  _set_engine_recipe:17986]
2026-09-07 09:24:46,586 [DEBUG] core.settings: settings.set helper_markers_show = True
2026-09-07 09:24:46,586 [DEBUG] core.settings: settings.set helper_marker_edge_mm = 2.0
2026-09-07 09:24:46,586 [DEBUG] core.settings: settings.set helper_marker_len_mm = 2.0
2026-09-07 09:24:46,586 [DEBUG] core.settings: settings.set helper_marker_per_patch = 3
2026-09-07 09:24:46,586 [DEBUG] core.settings: settings.set helper_markers_top_bottom = True
2026-09-07 09:24:46,586 [DEBUG] core.settings: settings.set helper_markers_sides = True
2026-09-07 09:24:46,592 [DEBUG] core.settings: settings.set helper_markers_show = True
2026-09-07 09:24:46,592 [DEBUG] core.settings: settings.set helper_marker_edge_mm = 2.0
2026-09-07 09:24:46,592 [DEBUG] core.settings: settings.set helper_marker_len_mm = 2.0
2026-09-07 09:24:46,592 [DEBUG] core.settings: settings.set helper_marker_per_patch = 3
2026-09-07 09:24:46,592 [DEBUG] core.settings: settings.set helper_markers_top_bottom = True
2026-09-07 09:24:46,592 [DEBUG] core.settings: settings.set helper_markers_sides = True
2026-09-07 09:24:46,610 [DEBUG] ui.tiff_preview: TiffPreview: loaded 1 page(s)
2026-09-07 09:24:46,987 [DEBUG] ui.dialogs.layout_options_panel: layout panel set_recipe: spacer=colored/True gaps=0.0/0.0  [_display_run_chart:6588  ←  _restore_chart_settings:11047  ←  _set_engine_recipe:17986]
2026-09-07 09:24:46,989 [DEBUG] core.settings: settings.set helper_markers_show = False
2026-09-07 09:24:46,989 [DEBUG] core.settings: settings.set helper_marker_edge_mm = 2.0
2026-09-07 09:24:46,989 [DEBUG] core.settings: settings.set helper_marker_len_mm = 2.0
2026-09-07 09:24:46,989 [DEBUG] core.settings: settings.set helper_marker_per_patch = 3
2026-09-07 09:24:46,989 [DEBUG] core.settings: settings.set helper_markers_top_bottom = True
2026-09-07 09:24:46,989 [DEBUG] core.settings: settings.set helper_markers_sides = True
2026-09-07 09:24:46,996 [DEBUG] core.settings: settings.set helper_markers_show = False
2026-09-07 09:24:46,996 [DEBUG] core.settings: settings.set helper_marker_edge_mm = 2.0
2026-09-07 09:24:46,996 [DEBUG] core.settings: settings.set helper_marker_len_mm = 2.0
2026-09-07 09:24:46,996 [DEBUG] core.settings: settings.set helper_marker_per_patch = 3
2026-09-07 09:24:46,996 [DEBUG] core.settings: settings.set helper_markers_top_bottom = True
2026-09-07 09:24:46,996 [DEBUG] core.settings: settings.set helper_markers_sides = True
2026-09-07 09:24:47,033 [DEBUG] core.settings: settings.set helper_markers_show = False
2026-09-07 09:24:47,033 [DEBUG] core.settings: settings.set helper_marker_edge_mm = 2.0
2026-09-07 09:24:47,033 [DEBUG] core.settings: settings.set helper_marker_len_mm = 2.0
2026-09-07 09:24:47,033 [DEBUG] core.settings: settings.set helper_marker_per_patch = 3
2026-09-07 09:24:47,033 [DEBUG] core.settings: settings.set helper_markers_top_bottom = True
2026-09-07 09:24:47,033 [DEBUG] core.settings: settings.set helper_markers_sides = True
2026-09-07 09:24:47,063 [INFO] ui.tabs.tab_chart: chart loaded: 1 page(s) counted from the page images (field was 1, now 1)
2026-09-07 09:24:47,082 [DEBUG] ui.tiff_preview: TiffPreview: loaded 1 page(s)
2026-09-07 09:24:47,083 [DEBUG] ui.tiff_preview: TiffPreview: loaded 1 page(s)
2026-09-07 09:24:47,087 [DEBUG] ui.tabs.tab_chart: the chart sidecar moved 1 parameters and 2 ui values away from the target's own
2026-09-07 09:24:49,134 [INFO] assess: run bar mid-edit: {'before': {'margin_t': 38.0, 'use_instr': True, 'text': ''}, 'on_run2': {'margin_t': 6.0, 'text': '', 'engine': False}, 'back_on_run1': {'margin_t': 38.0, 'use_instr': True, 'text': '', 'engine': True}, 'stored_run1': {'margin_top': 44.0, 'chart_text': 'mid-edit', 'use_instr': False}}
2026-09-07 09:24:49,302 [INFO] assess:   shot Screenshots/B7-runbar/r01-back-on-run1.png  (3400x2100)
2026-09-07 09:24:49,303 [INFO] assess:   json Test Runs/logs/d07b_results.json
2026-09-07 09:24:49,305 [DEBUG] core.settings: settings.set use_chromiq_layout_engine = True
2026-09-07 09:24:49,306 [DEBUG] ui.dialogs.layout_options_panel: layout panel set_recipe: spacer=none/False gaps=0.0/0.0  [load_target_settings:14638  ←  _apply_ui_state:14991  ←  _set_engine_recipe:17986]
2026-09-07 09:24:49,324 [DEBUG] core.settings: settings.set helper_markers_show = True
2026-09-07 09:24:49,324 [DEBUG] core.settings: settings.set helper_marker_edge_mm = 2.0
2026-09-07 09:24:49,324 [DEBUG] core.settings: settings.set helper_marker_len_mm = 2.0
2026-09-07 09:24:49,324 [DEBUG] core.settings: settings.set helper_marker_per_patch = 3
2026-09-07 09:24:49,324 [DEBUG] core.settings: settings.set helper_markers_top_bottom = True
2026-09-07 09:24:49,324 [DEBUG] core.settings: settings.set helper_markers_sides = True
2026-09-07 09:24:49,728 [DEBUG] core.settings: settings.set helper_markers_show = True
2026-09-07 09:24:49,728 [DEBUG] core.settings: settings.set helper_marker_edge_mm = 2.0
2026-09-07 09:24:49,728 [DEBUG] core.settings: settings.set helper_marker_len_mm = 2.0
2026-09-07 09:24:49,728 [DEBUG] core.settings: settings.set helper_marker_per_patch = 3
2026-09-07 09:24:49,728 [DEBUG] core.settings: settings.set helper_markers_top_bottom = True
2026-09-07 09:24:49,728 [DEBUG] core.settings: settings.set helper_markers_sides = True
2026-09-07 09:24:50,097 [DEBUG] core.settings: settings.set helper_markers_show = True
2026-09-07 09:24:50,097 [DEBUG] core.settings: settings.set helper_marker_edge_mm = 2.0
2026-09-07 09:24:50,097 [DEBUG] core.settings: settings.set helper_marker_len_mm = 2.0
2026-09-07 09:24:50,097 [DEBUG] core.settings: settings.set helper_marker_per_patch = 3
2026-09-07 09:24:50,097 [DEBUG] core.settings: settings.set helper_markers_top_bottom = True
2026-09-07 09:24:50,097 [DEBUG] core.settings: settings.set helper_markers_sides = True
2026-09-07 09:24:50,485 [DEBUG] core.settings: settings.set use_chromiq_layout_engine = True
2026-09-07 09:24:50,485 [DEBUG] ui.dialogs.layout_options_panel: layout panel set_recipe: spacer=none/False gaps=0.0/0.0  [load_target_settings:14638  ←  _apply_ui_state:14991  ←  _set_engine_recipe:17986]
2026-09-07 09:24:50,492 [DEBUG] core.settings: settings.set helper_markers_show = True
2026-09-07 09:24:50,492 [DEBUG] core.settings: settings.set helper_marker_edge_mm = 2.0
2026-09-07 09:24:50,492 [DEBUG] core.settings: settings.set helper_marker_len_mm = 2.0
2026-09-07 09:24:50,492 [DEBUG] core.settings: settings.set helper_marker_per_patch = 3
2026-09-07 09:24:50,492 [DEBUG] core.settings: settings.set helper_markers_top_bottom = True
2026-09-07 09:24:50,492 [DEBUG] core.settings: settings.set helper_markers_sides = True
2026-09-07 09:24:50,861 [DEBUG] core.settings: settings.set helper_markers_show = True
2026-09-07 09:24:50,861 [DEBUG] core.settings: settings.set helper_marker_edge_mm = 2.0
2026-09-07 09:24:50,861 [DEBUG] core.settings: settings.set helper_marker_len_mm = 2.0
2026-09-07 09:24:50,861 [DEBUG] core.settings: settings.set helper_marker_per_patch = 3
2026-09-07 09:24:50,861 [DEBUG] core.settings: settings.set helper_markers_top_bottom = True
2026-09-07 09:24:50,861 [DEBUG] core.settings: settings.set helper_markers_sides = True
2026-09-07 09:24:51,449 [INFO] assess:   armed: dialog ~'Rename Printer Profile' -> click 'Create "B7-Delete" and keep' 
2026-09-07 09:24:51,449 [INFO] assess:   armed: dialog ~'quite fill' -> click 'OK' 
2026-09-07 09:24:51,450 [INFO] assess:   armed: dialog ~'already' -> click 'Continue this project' 
2026-09-07 09:24:51,450 [INFO] ui.tabs.tab_chart: chart build (Generate Chart) in manual: patch set targen | manual panel: 20x20, 0x0 grid, margins T44.0 R6.0 B6.0 L26.0
2026-09-07 09:24:51,503 [INFO] assess:   DIALOG expected [TargetChangeDialog] 'Rename Printer Profile' -> clicked 'Create "B7-Delete" and keep "A1-EngineVsPrinttarg"'
2026-09-07 09:24:51,504 [DEBUG] core.settings: settings.set session_ti3_path = ''
2026-09-07 09:24:51,504 [DEBUG] core.settings: settings.set session_icc_path = ''
2026-09-07 09:24:51,504 [DEBUG] core.settings: settings.set session_cal_ti3_path = ''
2026-09-07 09:24:51,505 [DEBUG] core.file_manager: Target name set to: B7-Delete (root /Users/Basti/ChromIQ-assessment/B7-Delete)
2026-09-07 09:24:51,506 [INFO] core.file_manager: created a NEW project 'B7-Delete' at /Users/Basti/ChromIQ-assessment/B7-Delete
2026-09-07 09:24:51,509 [INFO] core.file_manager: Created project at /Users/Basti/ChromIQ-assessment/B7-Delete
2026-09-07 09:24:51,509 [INFO] ui.tabs.tab_chart: run description + chart notes written to run1
2026-09-07 09:24:51,510 [INFO] ui.tabs.tab_chart: create-chart settings seeded into the new project's run1
2026-09-07 09:24:51,511 [INFO] workflow.chart_creator: Chart generation: 0 patches, instrument=i1 paper=20x20 disable_lb=True
2026-09-07 09:24:51,511 [INFO] workflow.chart_creator: targen args: ['-v', '-d2', '-f0', '-e4', '-B4', '-G', '-g8', 'B7-Delete']
2026-09-07 09:24:51,511 [INFO] core.argyll_runner: Run: /Applications/Argyll/bin/targen -v -d2 -f0 -e4 -B4 -G -g8 B7-Delete  [cwd=/Users/Basti/ChromIQ-assessment/B7-Delete/runs/run1]
2026-09-07 09:24:51,616 [DEBUG] core.argyll_runner: [argyll] iRGB test chart
2026-09-07 09:24:51,617 [DEBUG] core.argyll_runner: [argyll] White patches = 4
2026-09-07 09:24:51,617 [DEBUG] core.argyll_runner: [argyll] Black patches = 4
2026-09-07 09:24:51,617 [DEBUG] core.argyll_runner: [argyll] Composite Grey steps = 8
2026-09-07 09:24:51,617 [DEBUG] core.argyll_runner: [argyll] Total number of patches = 14
2026-09-07 09:24:51,617 [DEBUG] core.argyll_runner: [argyll] Execution time = 0.000313 seconds
2026-09-07 09:24:51,618 [INFO] core.argyll_runner: ArgyllRunner: finished with code 0
2026-09-07 09:24:51,621 [ERROR] workflow.chart_creator: ChromIQ layout engine failed
Traceback (most recent call last):
  File "/Users/Basti/develop/ChromIQ/workflow/chart_creator.py", line 1446, in _run_engine
    result = le_chart.build_chart(
        ti1, work_dir / stem, **engine_kwargs)
  File "/Users/Basti/develop/ChromIQ/workflow/layout_engine/chart.py", line 246, in build_chart
    layout = geometry.compute(geom, w_mm, h_mm, len(target.patches))
  File "/Users/Basti/develop/ChromIQ/workflow/layout_engine/geometry.py", line 111, in compute
    raise LayoutError(
    ...<2 lines>...
    )
workflow.layout_engine.geometry.LayoutError: paper too short: a single pass of patches does not fit (-30.0 mm available)
2026-09-07 09:24:51,626 [DEBUG] ui.tabs.tab_chart: create-chart settings written for run1 (40 parameters + ui state)
2026-09-07 09:24:53,053 [INFO] ui.main_window: Chart-build lock released by watchdog — no chart_finished arrived after the last tool ended
2026-09-07 09:24:53,572 [INFO] assess:   removed project folder B7-Delete while it is open
2026-09-07 09:24:55,078 [INFO] assess:   armed: dialog ~'Give this project a name' -> click '<reject>' 
2026-09-07 09:24:55,079 [INFO] assess:   armed: dialog ~'already' -> click 'Cancel' 
2026-09-07 09:24:55,079 [INFO] assess:   armed: dialog ~'Rename' -> click 'Cancel' 
2026-09-07 09:24:55,079 [INFO] ui.tabs.tab_chart: chart build (Generate Chart) in manual: patch set targen | manual panel: 20x20, 0x0 grid, margins T44.0 R6.0 B6.0 L26.0
2026-09-07 09:24:55,082 [DEBUG] core.settings: settings.set session_ti3_path = ''
2026-09-07 09:24:55,082 [DEBUG] core.settings: settings.set session_icc_path = ''
2026-09-07 09:24:55,082 [DEBUG] core.settings: settings.set session_cal_ti3_path = ''
2026-09-07 09:24:55,084 [DEBUG] core.file_manager: Target name set to: B7-Delete (root /Users/Basti/ChromIQ-assessment/B7-Delete)
2026-09-07 09:24:55,084 [INFO] core.file_manager: created a NEW project 'B7-Delete' at /Users/Basti/ChromIQ-assessment/B7-Delete
2026-09-07 09:24:55,088 [INFO] core.file_manager: Created project at /Users/Basti/ChromIQ-assessment/B7-Delete
2026-09-07 09:24:55,088 [INFO] ui.tabs.tab_chart: run description + chart notes written to run1
2026-09-07 09:24:55,090 [INFO] ui.tabs.tab_chart: create-chart settings seeded into the new project's run1
2026-09-07 09:24:55,091 [INFO] workflow.chart_creator: Chart generation: 0 patches, instrument=i1 paper=20x20 disable_lb=True
2026-09-07 09:24:55,092 [INFO] workflow.chart_creator: targen args: ['-v', '-d2', '-f0', '-e4', '-B4', '-G', '-g8', 'B7-Delete']
2026-09-07 09:24:55,092 [INFO] core.argyll_runner: Run: /Applications/Argyll/bin/targen -v -d2 -f0 -e4 -B4 -G -g8 B7-Delete  [cwd=/Users/Basti/ChromIQ-assessment/B7-Delete/runs/run1]
2026-09-07 09:24:55,191 [DEBUG] core.argyll_runner: [argyll] iRGB test chart
2026-09-07 09:24:55,192 [DEBUG] core.argyll_runner: [argyll] White patches = 4
2026-09-07 09:24:55,192 [DEBUG] core.argyll_runner: [argyll] Black patches = 4
2026-09-07 09:24:55,192 [DEBUG] core.argyll_runner: [argyll] Composite Grey steps = 8
2026-09-07 09:24:55,192 [DEBUG] core.argyll_runner: [argyll] Total number of patches = 14
2026-09-07 09:24:55,192 [DEBUG] core.argyll_runner: [argyll] Execution time = 0.000320 seconds
2026-09-07 09:24:55,193 [INFO] core.argyll_runner: ArgyllRunner: finished with code 0
2026-09-07 09:24:55,196 [ERROR] workflow.chart_creator: ChromIQ layout engine failed
Traceback (most recent call last):
  File "/Users/Basti/develop/ChromIQ/workflow/chart_creator.py", line 1446, in _run_engine
    result = le_chart.build_chart(
        ti1, work_dir / stem, **engine_kwargs)
  File "/Users/Basti/develop/ChromIQ/workflow/layout_engine/chart.py", line 246, in build_chart
    layout = geometry.compute(geom, w_mm, h_mm, len(target.patches))
  File "/Users/Basti/develop/ChromIQ/workflow/layout_engine/geometry.py", line 111, in compute
    raise LayoutError(
    ...<2 lines>...
    )
workflow.layout_engine.geometry.LayoutError: paper too short: a single pass of patches does not fit (-30.0 mm available)
2026-09-07 09:24:56,625 [INFO] ui.main_window: Chart-build lock released by watchdog — no chart_finished arrived after the last tool ended
2026-09-07 09:24:57,713 [INFO] assess:   shot Screenshots/B7-runbar/r02-after-folder-deleted-and-generate.png  (3400x2100)
2026-09-07 09:24:57,716 [DEBUG] ui.tiff_preview: TiffPreview: loaded 0 page(s)
2026-09-07 09:24:57,716 [DEBUG] core.settings: settings.set session_ti1_path = ''
2026-09-07 09:24:59,231 [INFO] assess:   shot Screenshots/B7-runbar/r03-new-run-after-folder-deleted.png  (3400x2100)
2026-09-07 09:24:59,231 [INFO] assess: deleted folder: {'built': None, 'existed': True, 'run_bar_after_rm': 'Run 1 (overwrite)', 'location_after_rm': 'Location being edited: ChromIQ-assessment/B7-Delete/runs/run1/', 'generate_after_rm': {'dialogs': [], 'folder_recreated': True, 'files': ['Where are my files.txt', 'project.json', 'runs/run1/B7-Delete.ti1', 'runs/run1/cache/new_run.json', 'runs/run1/meta.json'], 'log_tail': 'iRGB test chart\nWhite patches = 4\nBlack patches = 4\nComposite Grey steps = 8\nTotal number of patches = 14\nExecution time = 0.000320 seconds\n[ChromIQ layout engine] building chart from the targen .ti1…\n[ChromIQ layout engine] Drawing the pages. This part runs in one go and cannot be stopped, so the window will not respond until it is finished.\n[ERROR] ChromIQ layout engine: paper too short: a single pass of patches does not fit (-30.0 mm available)\n[ERROR] Chart generation failed.', 'serious': ['[ERROR] workflow.chart_creator: ChromIQ layout engine failed', '[ERROR] workflow.chart_creator: ChromIQ layout engine failed', '[ERROR] workflow.chart_creator: ChromIQ layout engine failed']}, 'new_run_after_rm': {'run_bar': 'New run', 'location': 'Location being edited: ChromIQ-assessment/B7-Delete/runs/run2/', 'serious': ['[ERROR] workflow.chart_creator: ChromIQ layout engine failed', '[ERROR] workflow.chart_creator: ChromIQ layout engine failed', '[ERROR] workflow.chart_creator: ChromIQ layout engine failed']}}
2026-09-07 09:24:59,231 [INFO] assess:   json Test Runs/logs/d07b_results.json
2026-09-07 09:24:59,231 [INFO] assess: unexpected: [] serious: ['[ERROR] workflow.chart_creator: ChromIQ layout engine failed', '[ERROR] workflow.chart_creator: ChromIQ layout engine failed', '[ERROR] workflow.chart_creator: ChromIQ layout engine failed', '[ERROR] workflow.chart_creator: ChromIQ layout engine failed', '[ERROR] workflow.chart_creator: ChromIQ layout engine failed', '[ERROR] workflow.chart_creator: ChromIQ layout engine failed', '[ERROR] workflow.chart_creator: ChromIQ layout engine failed', '[ERROR] workflow.chart_creator: ChromIQ layout engine failed']
2026-09-07 09:24:59,232 [DEBUG] core.settings: settings.set window_geometry = PyQt6.QtCore.QByteArray(b'\x01\xd9\xd0\xcb\x00\x03\x00\x00\x00\x00\x00\n\x00\x00\x00&\x00\x00\x06\xad\x00\x00\x04[\x00\x00\x00\n\x00\x00\x00B\x00\x00\x06\xad\x00\x00\x04[\x00\x00\x00\x00\x00\x00\x00\x00\x06\xc0\x00\x00\x00\n\x00\x00\x00B\x00\x00\x06\xad\x00\x00\x04[')
2026-09-07 09:24:59,232 [DEBUG] core.settings: settings.set window_maximized = False
2026-09-07 09:24:59,232 [DEBUG] core.settings: settings.set window_fullscreen = False
2026-09-07 09:24:59,443 [DEBUG] core.settings: settings.set active_tab = 0
2026-09-07 09:24:59,443 [DEBUG] core.settings: settings.set session_target_name = 'B7-Delete'
2026-09-07 09:24:59,443 [DEBUG] core.settings: settings.set session_project_root = ''
2026-09-07 09:24:59,443 [INFO] core.argyll_runner: ArgyllRunner: cleanup complete
