2026-09-07 10:12:11,850 [WARNING] core.settings: Settings SANDBOXED to /Users/Basti/Desktop/Create Chart Assessment/Test Runs/sandbox/chromiq-assessment.ini (CHROMIQ_SETTINGS_FILE is set) — the real preferences are untouched
2026-09-07 10:12:11,850 [DEBUG] core.settings: Settings loaded from /Users/Basti/Desktop/Create Chart Assessment/Test Runs/sandbox/chromiq-assessment.ini
2026-09-07 10:12:11,851 [DEBUG] ui.theme: Appearance applied: setting=neutral mode=neutral
2026-09-07 10:12:11,851 [INFO] review: app built: v4.2.0 appearance=neutral lang=en settings=/Users/Basti/Desktop/Create Chart Assessment/Test Runs/sandbox/chromiq-assessment.ini presets=/Users/Basti/Desktop/Create Chart Assessment/Test Runs/sandbox/presets projects=/Users/Basti/ChromIQ-assessment
2026-09-07 10:12:12,294 [DEBUG] ui.dialogs.layout_options_panel: layout panel set_recipe: spacer=colored/True gaps=0.0/0.0  [_refresh_manual_command_preview:5501  ←  _init_manual_layout_panel:5630  ←  _set_engine_recipe:17986]
2026-09-07 10:12:12,315 [DEBUG] core.settings: settings.set helper_markers_show = False
2026-09-07 10:12:12,315 [DEBUG] core.settings: settings.set helper_marker_edge_mm = 2.0
2026-09-07 10:12:12,315 [DEBUG] core.settings: settings.set helper_marker_len_mm = 2.0
2026-09-07 10:12:12,315 [DEBUG] core.settings: settings.set helper_marker_per_patch = 3
2026-09-07 10:12:12,315 [DEBUG] core.settings: settings.set helper_markers_top_bottom = True
2026-09-07 10:12:12,315 [DEBUG] core.settings: settings.set helper_markers_sides = True
2026-09-07 10:12:12,332 [DEBUG] core.settings: settings.set helper_markers_show = False
2026-09-07 10:12:12,332 [DEBUG] core.settings: settings.set helper_marker_edge_mm = 2.0
2026-09-07 10:12:12,332 [DEBUG] core.settings: settings.set helper_marker_len_mm = 2.0
2026-09-07 10:12:12,332 [DEBUG] core.settings: settings.set helper_marker_per_patch = 3
2026-09-07 10:12:12,332 [DEBUG] core.settings: settings.set helper_markers_top_bottom = True
2026-09-07 10:12:12,332 [DEBUG] core.settings: settings.set helper_markers_sides = True
2026-09-07 10:12:13,670 [INFO] ui.main_window: MainWindow initialised
2026-09-07 10:12:14,177 [INFO] ui.main_window: ---- Tab → 1. Create Chart ----
2026-09-07 10:12:14,191 [DEBUG] ui.theme: Appearance applied: setting=neutral mode=neutral
2026-09-07 10:12:14,335 [INFO] ui.main_window: ---- Tab → 1. Create Chart ----
2026-09-07 10:12:18,778 [INFO] review: paper items: [('A2 (420 × 594 mm) Portrait', 'A2'), ('A2 (594 × 420 mm) Landscape', '594x420'), ('A3+ (329 × 483 mm) Portrait', '329x483'), ('A3+ (483 × 329 mm) Landscape', '483x329'), ('A3 (297 × 420 mm) Portrait', 'A3'), ('A3 (420 × 297 mm) Landscape', '420x297'), ('Tabloid / 11 × 17"', '11x17'), ('Legal (8.5 × 14")', 'Legal'), ('A4 (210 × 297 mm) Portrait', 'A4'), ('A4 (297 × 210 mm) Landscape', 'A4R'), ('Letter (8.5 × 11") Portrait', 'Letter'), ('Letter (11 × 8.5") Landscape', 'LetterR'), ('8×10" (203 × 254 mm)', '203x254'), ('5×7" (127 × 178 mm)', '127x178'), ('4×6" (102 × 152 mm)', '4x6'), ('Custom…', '__custom__')]
2026-09-07 10:12:20,057 [INFO] review:   armed: dialog ~'quite fill' -> click 'OK' (last page hint)
2026-09-07 10:12:20,057 [INFO] review:   armed: dialog ~'already' -> click 'Continue' 
2026-09-07 10:12:20,058 [INFO] ui.tabs.tab_chart: chart build (Generate Chart) in manual: patch set targen | manual panel: A4, 0x0 grid, margins T38.0 R9.0 B19.0 L26.0
2026-09-07 10:12:20,061 [DEBUG] core.settings: settings.set session_ti3_path = ''
2026-09-07 10:12:20,061 [DEBUG] core.settings: settings.set session_icc_path = ''
2026-09-07 10:12:20,061 [DEBUG] core.settings: settings.set session_cal_ti3_path = ''
2026-09-07 10:12:20,062 [DEBUG] core.file_manager: Target name set to: R2-Engine (root /Users/Basti/ChromIQ-assessment/R2-Engine)
2026-09-07 10:12:20,063 [INFO] core.file_manager: created a NEW project 'R2-Engine' at /Users/Basti/ChromIQ-assessment/R2-Engine
2026-09-07 10:12:20,072 [INFO] core.file_manager: Created project at /Users/Basti/ChromIQ-assessment/R2-Engine
2026-09-07 10:12:20,073 [INFO] ui.tabs.tab_chart: run description + chart notes written to run1
2026-09-07 10:12:20,074 [INFO] ui.tabs.tab_chart: create-chart settings seeded into the new project's run1
2026-09-07 10:12:20,107 [INFO] workflow.chart_creator: Chart generation: 525 patches, instrument=i1 paper=A4 disable_lb=True
2026-09-07 10:12:20,107 [INFO] workflow.chart_creator: targen args: ['-v', '-d2', '-f525', '-e4', '-B4', '-G', '-g30', 'R2-Engine']
2026-09-07 10:12:20,107 [INFO] core.argyll_runner: Run: /Applications/Argyll/bin/targen -v -d2 -f525 -e4 -B4 -G -g30 R2-Engine  [cwd=/Users/Basti/ChromIQ-assessment/R2-Engine/runs/run1]
2026-09-07 10:12:20,160 [DEBUG] core.argyll_runner: [argyll] iRGB test chart
2026-09-07 10:12:20,160 [DEBUG] core.argyll_runner: [argyll] White patches = 4
2026-09-07 10:12:20,160 [DEBUG] core.argyll_runner: [argyll] Black patches = 4
2026-09-07 10:12:20,160 [DEBUG] core.argyll_runner: [argyll] Composite Grey steps = 30
2026-09-07 10:12:20,161 [DEBUG] core.argyll_runner: [argyll] Full spread patches = 525
2026-09-07 10:12:20,161 [DEBUG] core.argyll_runner: [argyll] Degree of adaptation: 0.100
2026-09-07 10:12:20,161 [DEBUG] core.argyll_runner: [argyll] Adaptation weights: Device = 0.935, Perceptual = 0.065, Curvature = 0.010
2026-09-07 10:12:20,161 [DEBUG] core.argyll_runner: [argyll] Perceptual cache resolution = 9
2026-09-07 10:12:20,161 [DEBUG] core.argyll_runner: [argyll] Seeding cache...done
2026-09-07 10:12:20,161 [DEBUG] core.argyll_runner: [argyll] Acceleration grid res = 9
2026-09-07 10:12:20,162 [DEBUG] core.argyll_runner: [argyll] 
2026-09-07 10:12:20,162 [DEBUG] core.argyll_runner: [argyll] There are 30 unique fixed points to add (36 total fixed points)
2026-09-07 10:12:20,162 [DEBUG] core.argyll_runner: [argyll] There are 489 far spread points to add
2026-09-07 10:12:20,162 [DEBUG] core.argyll_runner: [argyll] 
2026-09-07 10:12:20,162 [DEBUG] core.argyll_runner: [argyll] Added 12/519
2026-09-07 10:12:20,162 [DEBUG] core.argyll_runner: [argyll] Added 23/519
2026-09-07 10:12:20,163 [DEBUG] core.argyll_runner: [argyll] Added 34/519
2026-09-07 10:12:20,163 [DEBUG] core.argyll_runner: [argyll] Added 45/519
2026-09-07 10:12:20,187 [DEBUG] core.argyll_runner: [argyll] 
2026-09-07 10:12:20,187 [DEBUG] core.argyll_runner: [argyll] Added 56/519
2026-09-07 10:12:20,188 [DEBUG] core.argyll_runner: [argyll] Added 67/519
2026-09-07 10:12:20,188 [DEBUG] core.argyll_runner: [argyll] Added 78/519
2026-09-07 10:12:20,188 [DEBUG] core.argyll_runner: [argyll] Added 89/519
2026-09-07 10:12:20,188 [DEBUG] core.argyll_runner: [argyll] Added 100/519
2026-09-07 10:12:20,188 [DEBUG] core.argyll_runner: [argyll] Added 111/519
2026-09-07 10:12:20,188 [DEBUG] core.argyll_runner: [argyll] Added 122/519
2026-09-07 10:12:20,188 [DEBUG] core.argyll_runner: [argyll] Added 133/519
2026-09-07 10:12:20,188 [DEBUG] core.argyll_runner: [argyll] Added 144/519
2026-09-07 10:12:20,188 [DEBUG] core.argyll_runner: [argyll] Added 155/519
2026-09-07 10:12:20,188 [DEBUG] core.argyll_runner: [argyll] Added 166/519
2026-09-07 10:12:20,188 [DEBUG] core.argyll_runner: [argyll] Added 177/519
2026-09-07 10:12:20,189 [DEBUG] core.argyll_runner: [argyll] Added 188/519
2026-09-07 10:12:20,189 [DEBUG] core.argyll_runner: [argyll] Added 199/519
2026-09-07 10:12:20,189 [DEBUG] core.argyll_runner: [argyll] Added 210/519
2026-09-07 10:12:20,189 [DEBUG] core.argyll_runner: [argyll] Added 221/519
2026-09-07 10:12:20,189 [DEBUG] core.argyll_runner: [argyll] Added 232/519
2026-09-07 10:12:20,189 [DEBUG] core.argyll_runner: [argyll] Added 243/519
2026-09-07 10:12:20,189 [DEBUG] core.argyll_runner: [argyll] Added 254/519
2026-09-07 10:12:20,189 [DEBUG] core.argyll_runner: [argyll] Added 265/519
2026-09-07 10:12:20,189 [DEBUG] core.argyll_runner: [argyll] Added 276/519
2026-09-07 10:12:20,189 [DEBUG] core.argyll_runner: [argyll] Added 287/519
2026-09-07 10:12:20,189 [DEBUG] core.argyll_runner: [argyll] Added 298/519
2026-09-07 10:12:20,190 [DEBUG] core.argyll_runner: [argyll] Added 309/519
2026-09-07 10:12:20,190 [DEBUG] core.argyll_runner: [argyll] Added 320/519
2026-09-07 10:12:20,190 [DEBUG] core.argyll_runner: [argyll] Added 331/519
2026-09-07 10:12:20,190 [DEBUG] core.argyll_runner: [argyll] Added 342/519
2026-09-07 10:12:20,190 [DEBUG] core.argyll_runner: [argyll] Added 353/519
2026-09-07 10:12:20,190 [DEBUG] core.argyll_runner: [argyll] Added 364/519
2026-09-07 10:12:20,202 [DEBUG] core.argyll_runner: [argyll] 
2026-09-07 10:12:20,202 [DEBUG] core.argyll_runner: [argyll] Added 375/519
2026-09-07 10:12:20,202 [DEBUG] core.argyll_runner: [argyll] Added 386/519
2026-09-07 10:12:20,203 [DEBUG] core.argyll_runner: [argyll] Added 397/519
2026-09-07 10:12:20,203 [DEBUG] core.argyll_runner: [argyll] Added 408/519
2026-09-07 10:12:20,203 [DEBUG] core.argyll_runner: [argyll] Added 419/519
2026-09-07 10:12:20,203 [DEBUG] core.argyll_runner: [argyll] Added 430/519
2026-09-07 10:12:20,203 [DEBUG] core.argyll_runner: [argyll] Added 441/519
2026-09-07 10:12:20,203 [DEBUG] core.argyll_runner: [argyll] Added 452/519
2026-09-07 10:12:20,203 [DEBUG] core.argyll_runner: [argyll] Added 463/519
2026-09-07 10:12:20,203 [DEBUG] core.argyll_runner: [argyll] Added 474/519
2026-09-07 10:12:20,203 [DEBUG] core.argyll_runner: [argyll] Added 485/519
2026-09-07 10:12:20,203 [DEBUG] core.argyll_runner: [argyll] Added 496/519
2026-09-07 10:12:20,203 [DEBUG] core.argyll_runner: [argyll] Added 507/519
2026-09-07 10:12:20,204 [DEBUG] core.argyll_runner: [argyll] Added 518/519
2026-09-07 10:12:20,204 [DEBUG] core.argyll_runner: [argyll] Added 519/519
2026-09-07 10:12:21,132 [DEBUG] core.argyll_runner: [argyll] 
2026-09-07 10:12:21,133 [DEBUG] core.argyll_runner: [argyll] After seeding points: MinPoint = 4.448, Min = 4.322, Avg. = 10.848, Max = 14.666, 0.1 secs
2026-09-07 10:12:21,133 [DEBUG] core.argyll_runner: [argyll] Re-seeding
2026-09-07 10:12:21,133 [DEBUG] core.argyll_runner: [argyll] It 1: Maxmv = 0.103363, MinPoint = 3.460, Min = 4.005, Avg. = 10.861, Max = 14.358, 0.0 secs.
2026-09-07 10:12:21,133 [DEBUG] core.argyll_runner: [argyll] Re-seeding
2026-09-07 10:12:21,134 [DEBUG] core.argyll_runner: [argyll] It 2: Maxmv = 0.084402, MinPoint = 5.380, Min = 5.280, Avg. = 10.758, Max = 13.964, 0.0 secs.
2026-09-07 10:12:21,134 [DEBUG] core.argyll_runner: [argyll] Re-seeding
2026-09-07 10:12:21,134 [DEBUG] core.argyll_runner: [argyll] It 3: Maxmv = 0.076162, MinPoint = 5.428, Min = 5.280, Avg. = 10.700, Max = 13.835, 0.0 secs.
2026-09-07 10:12:21,134 [DEBUG] core.argyll_runner: [argyll] Re-seeding
2026-09-07 10:12:21,135 [DEBUG] core.argyll_runner: [argyll] It 4: Maxmv = 0.072726, MinPoint = 5.743, Min = 5.280, Avg. = 10.603, Max = 14.075, 0.0 secs.
2026-09-07 10:12:21,135 [DEBUG] core.argyll_runner: [argyll] Re-seeding
2026-09-07 10:12:21,135 [DEBUG] core.argyll_runner: [argyll] It 5: Maxmv = 0.068513, MinPoint = 5.743, Min = 5.280, Avg. = 10.535, Max = 13.679, 0.0 secs.
2026-09-07 10:12:21,135 [DEBUG] core.argyll_runner: [argyll] Re-seeding
2026-09-07 10:12:21,136 [DEBUG] core.argyll_runner: [argyll] It 6: Maxmv = 0.056321, MinPoint = 5.743, Min = 5.280, Avg. = 10.518, Max = 13.779, 0.0 secs.
2026-09-07 10:12:21,136 [DEBUG] core.argyll_runner: [argyll] Re-seeding
2026-09-07 10:12:21,136 [DEBUG] core.argyll_runner: [argyll] It 7: Maxmv = 0.059854, MinPoint = 5.743, Min = 5.280, Avg. = 10.461, Max = 13.725, 0.0 secs.
2026-09-07 10:12:21,136 [DEBUG] core.argyll_runner: [argyll] Re-seeding
2026-09-07 10:12:21,137 [DEBUG] core.argyll_runner: [argyll] It 8: Maxmv = 0.051345, MinPoint = 5.743, Min = 5.280, Avg. = 10.437, Max = 13.448, 0.0 secs.
2026-09-07 10:12:21,137 [DEBUG] core.argyll_runner: [argyll] Re-seeding
2026-09-07 10:12:21,137 [DEBUG] core.argyll_runner: [argyll] It 9: Maxmv = 0.040554, MinPoint = 5.743, Min = 5.280, Avg. = 10.411, Max = 13.065, 0.0 secs.
2026-09-07 10:12:21,137 [DEBUG] core.argyll_runner: [argyll] Re-seeding
2026-09-07 10:12:21,137 [DEBUG] core.argyll_runner: [argyll] It 10: Maxmv = 0.030994, MinPoint = 5.743, Min = 5.280, Avg. = 10.383, Max = 12.735, 0.0 secs.
2026-09-07 10:12:21,138 [DEBUG] core.argyll_runner: [argyll] Re-seeding
2026-09-07 10:12:21,138 [DEBUG] core.argyll_runner: [argyll] It 11: Maxmv = 0.032989, MinPoint = 5.743, Min = 5.280, Avg. = 10.373, Max = 12.994, 0.0 secs.
2026-09-07 10:12:21,138 [DEBUG] core.argyll_runner: [argyll] Re-seeding
2026-09-07 10:12:21,138 [DEBUG] core.argyll_runner: [argyll] It 12: Maxmv = 0.030487, MinPoint = 5.743, Min = 5.280, Avg. = 10.349, Max = 12.936, 0.0 secs.
2026-09-07 10:12:21,139 [DEBUG] core.argyll_runner: [argyll] Re-seeding
2026-09-07 10:12:21,139 [DEBUG] core.argyll_runner: [argyll] It 13: Maxmv = 0.021481, MinPoint = 5.743, Min = 5.280, Avg. = 10.346, Max = 12.600, 0.0 secs.
2026-09-07 10:12:21,139 [DEBUG] core.argyll_runner: [argyll] Re-seeding
2026-09-07 10:12:21,139 [DEBUG] core.argyll_runner: [argyll] It 14: Maxmv = 0.016377, MinPoint = 5.743, Min = 5.280, Avg. = 10.329, Max = 12.441, 0.0 secs.
2026-09-07 10:12:21,140 [DEBUG] core.argyll_runner: [argyll] Re-seeding
2026-09-07 10:12:21,140 [DEBUG] core.argyll_runner: [argyll] It 15: Maxmv = 0.013408, MinPoint = 5.743, Min = 5.280, Avg. = 10.331, Max = 12.462, 0.0 secs.
2026-09-07 10:12:21,140 [DEBUG] core.argyll_runner: [argyll] Re-seeding
2026-09-07 10:12:21,140 [DEBUG] core.argyll_runner: [argyll] It 16: Maxmv = 0.011614, MinPoint = 5.743, Min = 5.280, Avg. = 10.321, Max = 12.261, 0.0 secs.
2026-09-07 10:12:21,140 [DEBUG] core.argyll_runner: [argyll] Re-seeding
2026-09-07 10:12:21,141 [DEBUG] core.argyll_runner: [argyll] It 17: Maxmv = 0.006463, MinPoint = 5.743, Min = 5.280, Avg. = 10.321, Max = 12.391, 0.0 secs.
2026-09-07 10:12:21,141 [DEBUG] core.argyll_runner: [argyll] Re-seeding
2026-09-07 10:12:21,141 [DEBUG] core.argyll_runner: [argyll] It 18: Maxmv = 0.005609, MinPoint = 5.743, Min = 5.280, Avg. = 10.319, Max = 12.293, 0.0 secs.
2026-09-07 10:12:21,141 [DEBUG] core.argyll_runner: [argyll] Re-seeding
2026-09-07 10:12:21,142 [DEBUG] core.argyll_runner: [argyll] It 19: Maxmv = 0.001380, MinPoint = 5.743, Min = 5.280, Avg. = 10.320, Max = 12.323, 0.0 secs.
2026-09-07 10:12:21,142 [DEBUG] core.argyll_runner: [argyll] Re-seeding
2026-09-07 10:12:21,142 [DEBUG] core.argyll_runner: [argyll] It 20: Maxmv = 0.001368, MinPoint = 5.743, Min = 5.280, Avg. = 10.321, Max = 12.343, 0.0 secs.
2026-09-07 10:12:21,142 [DEBUG] core.argyll_runner: [argyll] After optimization: MinPoint = 5.743, Min = 5.280, Avg. = 10.321, Max = 12.343
2026-09-07 10:12:21,143 [DEBUG] core.argyll_runner: [argyll] Total number of patches = 525
2026-09-07 10:12:21,143 [DEBUG] core.argyll_runner: [argyll] Execution time = 0.972467 seconds
2026-09-07 10:12:21,143 [INFO] core.argyll_runner: ArgyllRunner: finished with code 0
2026-09-07 10:12:21,540 [DEBUG] workflow.chart_creator: Wrote channel sidecar R2-Engine.channels.json: ['r', 'g', 'b']
2026-09-07 10:12:21,620 [DEBUG] ui.tiff_preview: TiffPreview: loaded 1 page(s)
2026-09-07 10:12:21,620 [INFO] ui.tabs.tab_chart: Preview loaded: 1 TIFF(s)
2026-09-07 10:12:21,668 [DEBUG] ui.tabs.tab_chart: create-chart settings written for run1 (40 parameters + ui state)
2026-09-07 10:12:21,668 [DEBUG] ui.tabs.tab_chart: ui-state: kept the Guided row this build used (the run's stored copy is the older one)
2026-09-07 10:12:21,668 [DEBUG] ui.tabs.tab_chart: ui-state: kept the layout this build used (the run's stored copy is the older one)
2026-09-07 10:12:21,670 [DEBUG] ui.tiff_preview: TiffPreview: loaded 1 page(s)
2026-09-07 10:12:21,673 [DEBUG] ui.tiff_preview: TiffPreview: loaded 1 page(s)
2026-09-07 10:12:23,307 [INFO] review:   [i1 A4 clip] built ok=True actual={'total': 525, 'fillup': 0, 'page_patches': 525, 'rows': 25, 'cols': 21, 'pages': 1, 'patch': (8.3, 8.55), 'pitch': None} est={'total': 525, 'fillup': 0, 'page_patches': 525, 'rows': 25, 'cols': 21, 'pages': 1, 'patch': (8.33, 8.56), 'pitch': None}
      margins=mm | inch | min | Left (to first patch) | 26.0 | 1.023 | 26.0 | Right (to first patch) | 9.1 | 0.358 | 9.0 | Top (to first patch) | 39.0 | 1.537 | 38.0 | Bottom (to first patch) | 20.0 | 0.786 | 19.0 | Patch width (in strip reading direction) | 8.3 | 0.327 | S
      status='Margins: OK' notes=''
2026-09-07 10:12:23,307 [INFO] review:   MATRIX i1/A4/clip: same=True est=(525, 25, 21, 1, (8.33, 8.56)) actual=(525, 25, 21, 1, (8.3, 8.55))
2026-09-07 10:12:23,508 [INFO] review:   shot Review/Screenshots/R04-engine/m-i1-A4-clip.png  (3400x2100)
2026-09-07 10:12:23,589 [DEBUG] core.settings: settings.set helper_markers_show = False
2026-09-07 10:12:23,589 [DEBUG] core.settings: settings.set helper_marker_edge_mm = 2.0
2026-09-07 10:12:23,589 [DEBUG] core.settings: settings.set helper_marker_len_mm = 2.0
2026-09-07 10:12:23,589 [DEBUG] core.settings: settings.set helper_marker_per_patch = 3
2026-09-07 10:12:23,589 [DEBUG] core.settings: settings.set helper_markers_top_bottom = True
2026-09-07 10:12:23,589 [DEBUG] core.settings: settings.set helper_markers_sides = True
2026-09-07 10:12:24,154 [DEBUG] core.settings: settings.set helper_markers_show = False
2026-09-07 10:12:24,154 [DEBUG] core.settings: settings.set helper_marker_edge_mm = 2.0
2026-09-07 10:12:24,154 [DEBUG] core.settings: settings.set helper_marker_len_mm = 2.0
2026-09-07 10:12:24,154 [DEBUG] core.settings: settings.set helper_marker_per_patch = 3
2026-09-07 10:12:24,154 [DEBUG] core.settings: settings.set helper_markers_top_bottom = True
2026-09-07 10:12:24,154 [DEBUG] core.settings: settings.set helper_markers_sides = True
2026-09-07 10:12:24,966 [INFO] review:   armed: dialog ~'quite fill' -> click 'OK' (last page hint)
2026-09-07 10:12:24,966 [INFO] review:   armed: dialog ~'already' -> click 'Continue' 
2026-09-07 10:12:24,967 [INFO] ui.tabs.tab_chart: chart build (Generate Chart) in manual: patch set targen | manual panel: 420x297, 0x0 grid, margins T40.0 R9.0 B9.0 L28.0
2026-09-07 10:12:24,974 [DEBUG] core.settings: settings.set session_ti3_path = ''
2026-09-07 10:12:24,974 [DEBUG] core.settings: settings.set session_icc_path = ''
2026-09-07 10:12:24,974 [DEBUG] core.settings: settings.set session_cal_ti3_path = ''
2026-09-07 10:12:24,976 [DEBUG] core.file_manager: Target name set to: R2-Engine (root /Users/Basti/ChromIQ-assessment/R2-Engine)
2026-09-07 10:12:24,977 [INFO] core.file_manager: opened the EXISTING project at /Users/Basti/ChromIQ-assessment/R2-Engine (1 run(s) on disk)
2026-09-07 10:12:25,025 [INFO] workflow.chart_creator: Chart generation: 299 patches, instrument=p3 paper=420x297 disable_lb=True
2026-09-07 10:12:25,025 [INFO] workflow.chart_creator: targen args: ['-v', '-d2', '-f299', '-e2', '-B2', '-G', '-g17', 'R2-Engine']
2026-09-07 10:12:25,025 [INFO] core.argyll_runner: Run: /Applications/Argyll/bin/targen -v -d2 -f299 -e2 -B2 -G -g17 R2-Engine  [cwd=/Users/Basti/ChromIQ-assessment/R2-Engine/runs/run1]
2026-09-07 10:12:25,090 [DEBUG] core.argyll_runner: [argyll] iRGB test chart
2026-09-07 10:12:25,091 [DEBUG] core.argyll_runner: [argyll] White patches = 2
2026-09-07 10:12:25,091 [DEBUG] core.argyll_runner: [argyll] Black patches = 2
2026-09-07 10:12:25,091 [DEBUG] core.argyll_runner: [argyll] Composite Grey steps = 17
2026-09-07 10:12:25,091 [DEBUG] core.argyll_runner: [argyll] Full spread patches = 299
2026-09-07 10:12:25,091 [DEBUG] core.argyll_runner: [argyll] Degree of adaptation: 0.100
2026-09-07 10:12:25,091 [DEBUG] core.argyll_runner: [argyll] Adaptation weights: Device = 0.935, Perceptual = 0.065, Curvature = 0.010
2026-09-07 10:12:25,092 [DEBUG] core.argyll_runner: [argyll] Perceptual cache resolution = 7
2026-09-07 10:12:25,092 [DEBUG] core.argyll_runner: [argyll] Seeding cache...done
2026-09-07 10:12:25,092 [DEBUG] core.argyll_runner: [argyll] Acceleration grid res = 7
2026-09-07 10:12:25,092 [DEBUG] core.argyll_runner: [argyll] 
2026-09-07 10:12:25,092 [DEBUG] core.argyll_runner: [argyll] There are 17 unique fixed points to add (19 total fixed points)
2026-09-07 10:12:25,093 [DEBUG] core.argyll_runner: [argyll] There are 280 far spread points to add
2026-09-07 10:12:25,093 [DEBUG] core.argyll_runner: [argyll] 
2026-09-07 10:12:25,093 [DEBUG] core.argyll_runner: [argyll] Added 12/297
2026-09-07 10:12:25,093 [DEBUG] core.argyll_runner: [argyll] Added 23/297
2026-09-07 10:12:25,093 [DEBUG] core.argyll_runner: [argyll] Added 34/297
2026-09-07 10:12:25,093 [DEBUG] core.argyll_runner: [argyll] Added 45/297
2026-09-07 10:12:25,094 [DEBUG] core.argyll_runner: [argyll] Added 56/297
2026-09-07 10:12:25,094 [DEBUG] core.argyll_runner: [argyll] Added 67/297
2026-09-07 10:12:25,095 [DEBUG] core.argyll_runner: [argyll] Added 78/297
2026-09-07 10:12:25,096 [DEBUG] core.argyll_runner: [argyll] Added 89/297
2026-09-07 10:12:25,097 [DEBUG] core.argyll_runner: [argyll] Added 100/297
2026-09-07 10:12:25,098 [DEBUG] core.argyll_runner: [argyll] Added 111/297
2026-09-07 10:12:25,099 [DEBUG] core.argyll_runner: [argyll] Added 122/297
2026-09-07 10:12:25,100 [DEBUG] core.argyll_runner: [argyll] Added 133/297
2026-09-07 10:12:25,102 [DEBUG] core.argyll_runner: [argyll] Added 144/297
2026-09-07 10:12:25,103 [DEBUG] core.argyll_runner: [argyll] Added 155/297
2026-09-07 10:12:25,125 [DEBUG] core.argyll_runner: [argyll] 
2026-09-07 10:12:25,125 [DEBUG] core.argyll_runner: [argyll] Added 166/297
2026-09-07 10:12:25,125 [DEBUG] core.argyll_runner: [argyll] Added 177/297
2026-09-07 10:12:25,126 [DEBUG] core.argyll_runner: [argyll] Added 188/297
2026-09-07 10:12:25,126 [DEBUG] core.argyll_runner: [argyll] Added 199/297
2026-09-07 10:12:25,127 [DEBUG] core.argyll_runner: [argyll] Added 210/297
2026-09-07 10:12:25,127 [DEBUG] core.argyll_runner: [argyll] Added 221/297
2026-09-07 10:12:25,128 [DEBUG] core.argyll_runner: [argyll] Added 232/297
2026-09-07 10:12:25,129 [DEBUG] core.argyll_runner: [argyll] Added 243/297
2026-09-07 10:12:25,130 [DEBUG] core.argyll_runner: [argyll] Added 254/297
2026-09-07 10:12:25,131 [DEBUG] core.argyll_runner: [argyll] Added 265/297
2026-09-07 10:12:25,132 [DEBUG] core.argyll_runner: [argyll] Added 276/297
2026-09-07 10:12:25,134 [DEBUG] core.argyll_runner: [argyll] Added 287/297
2026-09-07 10:12:25,135 [DEBUG] core.argyll_runner: [argyll] Added 297/297
2026-09-07 10:12:25,588 [DEBUG] core.argyll_runner: [argyll] 
2026-09-07 10:12:25,589 [DEBUG] core.argyll_runner: [argyll] After seeding points: MinPoint = 5.207, Min = 3.996, Avg. = 13.262, Max = 17.493, 0.0 secs
2026-09-07 10:12:25,589 [DEBUG] core.argyll_runner: [argyll] Re-seeding
2026-09-07 10:12:25,590 [DEBUG] core.argyll_runner: [argyll] It 1: Maxmv = 0.128648, MinPoint = 4.897, Min = 7.510, Avg. = 13.212, Max = 17.046, 0.0 secs.
2026-09-07 10:12:25,590 [DEBUG] core.argyll_runner: [argyll] Re-seeding
2026-09-07 10:12:25,590 [DEBUG] core.argyll_runner: [argyll] It 2: Maxmv = 0.112188, MinPoint = 6.958, Min = 7.819, Avg. = 13.190, Max = 17.397, 0.0 secs.
2026-09-07 10:12:25,591 [DEBUG] core.argyll_runner: [argyll] Re-seeding
2026-09-07 10:12:25,591 [DEBUG] core.argyll_runner: [argyll] It 3: Maxmv = 0.105358, MinPoint = 8.443, Min = 8.109, Avg. = 13.100, Max = 17.105, 0.0 secs.
2026-09-07 10:12:25,591 [DEBUG] core.argyll_runner: [argyll] Re-seeding
2026-09-07 10:12:25,591 [DEBUG] core.argyll_runner: [argyll] It 4: Maxmv = 0.088926, MinPoint = 6.194, Min = 7.125, Avg. = 13.061, Max = 17.282, 0.0 secs.
2026-09-07 10:12:25,592 [DEBUG] core.argyll_runner: [argyll] Re-seeding
2026-09-07 10:12:25,592 [DEBUG] core.argyll_runner: [argyll] It 5: Maxmv = 0.100532, MinPoint = 9.565, Min = 8.211, Avg. = 12.921, Max = 16.914, 0.0 secs.
2026-09-07 10:12:25,592 [DEBUG] core.argyll_runner: [argyll] Re-seeding
2026-09-07 10:12:25,592 [DEBUG] core.argyll_runner: [argyll] It 6: Maxmv = 0.073937, MinPoint = 8.017, Min = 8.173, Avg. = 12.867, Max = 16.444, 0.0 secs.
2026-09-07 10:12:25,593 [DEBUG] core.argyll_runner: [argyll] Re-seeding
2026-09-07 10:12:25,593 [DEBUG] core.argyll_runner: [argyll] It 7: Maxmv = 0.059232, MinPoint = 9.407, Min = 8.776, Avg. = 12.794, Max = 16.158, 0.0 secs.
2026-09-07 10:12:25,593 [DEBUG] core.argyll_runner: [argyll] Re-seeding
2026-09-07 10:12:25,593 [DEBUG] core.argyll_runner: [argyll] It 8: Maxmv = 0.057280, MinPoint = 9.233, Min = 7.965, Avg. = 12.790, Max = 16.218, 0.0 secs.
2026-09-07 10:12:25,594 [DEBUG] core.argyll_runner: [argyll] Re-seeding
2026-09-07 10:12:25,594 [DEBUG] core.argyll_runner: [argyll] It 9: Maxmv = 0.051813, MinPoint = 9.150, Min = 9.022, Avg. = 12.739, Max = 15.350, 0.0 secs.
2026-09-07 10:12:25,594 [DEBUG] core.argyll_runner: [argyll] Re-seeding
2026-09-07 10:12:25,594 [DEBUG] core.argyll_runner: [argyll] It 10: Maxmv = 0.042415, MinPoint = 10.429, Min = 8.373, Avg. = 12.738, Max = 16.974, 0.0 secs.
2026-09-07 10:12:25,595 [DEBUG] core.argyll_runner: [argyll] Re-seeding
2026-09-07 10:12:25,595 [DEBUG] core.argyll_runner: [argyll] It 11: Maxmv = 0.042810, MinPoint = 10.429, Min = 8.108, Avg. = 12.701, Max = 15.798, 0.0 secs.
2026-09-07 10:12:25,595 [DEBUG] core.argyll_runner: [argyll] Re-seeding
2026-09-07 10:12:25,595 [DEBUG] core.argyll_runner: [argyll] It 12: Maxmv = 0.028053, MinPoint = 10.429, Min = 8.039, Avg. = 12.717, Max = 16.765, 0.0 secs.
2026-09-07 10:12:25,596 [DEBUG] core.argyll_runner: [argyll] Re-seeding
2026-09-07 10:12:25,596 [DEBUG] core.argyll_runner: [argyll] It 13: Maxmv = 0.028666, MinPoint = 10.429, Min = 7.955, Avg. = 12.695, Max = 15.667, 0.0 secs.
2026-09-07 10:12:25,596 [DEBUG] core.argyll_runner: [argyll] Re-seeding
2026-09-07 10:12:25,596 [DEBUG] core.argyll_runner: [argyll] It 14: Maxmv = 0.020085, MinPoint = 10.429, Min = 8.132, Avg. = 12.683, Max = 15.473, 0.0 secs.
2026-09-07 10:12:25,597 [DEBUG] core.argyll_runner: [argyll] Re-seeding
2026-09-07 10:12:25,597 [DEBUG] core.argyll_runner: [argyll] It 15: Maxmv = 0.017972, MinPoint = 10.429, Min = 8.078, Avg. = 12.675, Max = 15.071, 0.0 secs.
2026-09-07 10:12:25,597 [DEBUG] core.argyll_runner: [argyll] Re-seeding
2026-09-07 10:12:25,597 [DEBUG] core.argyll_runner: [argyll] It 16: Maxmv = 0.015043, MinPoint = 10.429, Min = 8.398, Avg. = 12.676, Max = 14.904, 0.0 secs.
2026-09-07 10:12:25,598 [DEBUG] core.argyll_runner: [argyll] Re-seeding
2026-09-07 10:12:25,598 [DEBUG] core.argyll_runner: [argyll] It 17: Maxmv = 0.009254, MinPoint = 10.429, Min = 8.364, Avg. = 12.671, Max = 15.052, 0.0 secs.
2026-09-07 10:12:25,598 [DEBUG] core.argyll_runner: [argyll] Re-seeding
2026-09-07 10:12:25,598 [DEBUG] core.argyll_runner: [argyll] It 18: Maxmv = 0.005644, MinPoint = 10.429, Min = 8.403, Avg. = 12.671, Max = 15.086, 0.0 secs.
2026-09-07 10:12:25,599 [DEBUG] core.argyll_runner: [argyll] Re-seeding
2026-09-07 10:12:25,599 [DEBUG] core.argyll_runner: [argyll] It 19: Maxmv = 0.002456, MinPoint = 10.429, Min = 8.482, Avg. = 12.673, Max = 15.084, 0.0 secs.
2026-09-07 10:12:25,599 [DEBUG] core.argyll_runner: [argyll] Re-seeding
2026-09-07 10:12:25,599 [DEBUG] core.argyll_runner: [argyll] It 20: Maxmv = 0.001876, MinPoint = 10.429, Min = 8.501, Avg. = 12.675, Max = 15.064, 0.0 secs.
2026-09-07 10:12:25,600 [DEBUG] core.argyll_runner: [argyll] After optimization: MinPoint = 10.429, Min = 8.501, Avg. = 12.675, Max = 15.064
2026-09-07 10:12:25,600 [DEBUG] core.argyll_runner: [argyll] Total number of patches = 299
2026-09-07 10:12:25,600 [DEBUG] core.argyll_runner: [argyll] Execution time = 0.499799 seconds
2026-09-07 10:12:25,601 [INFO] core.argyll_runner: ArgyllRunner: finished with code 0
2026-09-07 10:12:26,061 [DEBUG] workflow.chart_creator: Wrote channel sidecar R2-Engine.channels.json: ['r', 'g', 'b']
2026-09-07 10:12:26,200 [DEBUG] ui.tiff_preview: TiffPreview: loaded 1 page(s)
2026-09-07 10:12:26,200 [INFO] ui.tabs.tab_chart: Preview loaded: 1 TIFF(s)
2026-09-07 10:12:26,243 [DEBUG] ui.tiff_preview: TiffPreview: loaded 1 page(s)
2026-09-07 10:12:26,244 [DEBUG] ui.tiff_preview: TiffPreview: loaded 1 page(s)
2026-09-07 10:12:26,249 [DEBUG] ui.tabs.tab_chart: create-chart settings written for run1 (40 parameters + ui state)
2026-09-07 10:12:28,628 [INFO] review:   [p3 420x297 clip] built ok=True actual={'total': 299, 'fillup': 0, 'page_patches': 299, 'rows': 13, 'cols': 23, 'pages': 1, 'patch': (16.59, 16.93), 'pitch': None} est={'total': 299, 'fillup': 0, 'page_patches': 299, 'rows': 13, 'cols': 23, 'pages': 1, 'patch': (16.65, 16.92), 'pitch': None}
      margins=mm | inch | min | Left (to first patch) | 28.0 | 1.103 | 28.0 | Right (to first patch) | 9.0 | 0.355 | 9.0 | Top (to first patch) | 42.0 | 1.653 | 40.0 | Bottom (to first patch) | 11.1 | 0.436 | 9.0 | Patch width (in strip reading direction) | 16.6 | 0.653 | S
      status='' notes='⚠ Strip length 244 mm exceeds the 220 mm instrument ruler — the strip may not fit your jig'
2026-09-07 10:12:28,629 [INFO] review:   MATRIX p3/420x297/clip: same=True est=(299, 13, 23, 1, (16.65, 16.92)) actual=(299, 13, 23, 1, (16.59, 16.93))
2026-09-07 10:12:28,793 [INFO] review:   shot Review/Screenshots/R04-engine/m-p3-420x297-clip.png  (3400x2100)
2026-09-07 10:12:28,875 [DEBUG] core.settings: settings.set helper_markers_show = False
2026-09-07 10:12:28,875 [DEBUG] core.settings: settings.set helper_marker_edge_mm = 2.0
2026-09-07 10:12:28,875 [DEBUG] core.settings: settings.set helper_marker_len_mm = 2.0
2026-09-07 10:12:28,875 [DEBUG] core.settings: settings.set helper_marker_per_patch = 3
2026-09-07 10:12:28,875 [DEBUG] core.settings: settings.set helper_markers_top_bottom = True
2026-09-07 10:12:28,875 [DEBUG] core.settings: settings.set helper_markers_sides = True
2026-09-07 10:12:29,440 [DEBUG] core.settings: settings.set helper_markers_show = False
2026-09-07 10:12:29,440 [DEBUG] core.settings: settings.set helper_marker_edge_mm = 2.0
2026-09-07 10:12:29,440 [DEBUG] core.settings: settings.set helper_marker_len_mm = 2.0
2026-09-07 10:12:29,440 [DEBUG] core.settings: settings.set helper_marker_per_patch = 3
2026-09-07 10:12:29,440 [DEBUG] core.settings: settings.set helper_markers_top_bottom = True
2026-09-07 10:12:29,440 [DEBUG] core.settings: settings.set helper_markers_sides = True
2026-09-07 10:12:29,675 [DEBUG] core.settings: settings.set helper_markers_show = False
2026-09-07 10:12:29,675 [DEBUG] core.settings: settings.set helper_marker_edge_mm = 2.0
2026-09-07 10:12:29,675 [DEBUG] core.settings: settings.set helper_marker_len_mm = 2.0
2026-09-07 10:12:29,675 [DEBUG] core.settings: settings.set helper_marker_per_patch = 3
2026-09-07 10:12:29,675 [DEBUG] core.settings: settings.set helper_markers_top_bottom = True
2026-09-07 10:12:29,675 [DEBUG] core.settings: settings.set helper_markers_sides = True
2026-09-07 10:12:30,362 [INFO] review:   armed: dialog ~'quite fill' -> click 'OK' (last page hint)
2026-09-07 10:12:30,363 [INFO] review:   armed: dialog ~'already' -> click 'Continue' 
2026-09-07 10:12:30,364 [INFO] ui.tabs.tab_chart: chart build (Generate Chart) in manual: patch set targen | manual panel: A4R, 0x0 grid, margins T33.0 R6.0 B10.0 L6.0
2026-09-07 10:12:30,367 [DEBUG] core.settings: settings.set session_ti3_path = ''
2026-09-07 10:12:30,367 [DEBUG] core.settings: settings.set session_icc_path = ''
2026-09-07 10:12:30,367 [DEBUG] core.settings: settings.set session_cal_ti3_path = ''
2026-09-07 10:12:30,368 [DEBUG] core.file_manager: Target name set to: R2-Engine (root /Users/Basti/ChromIQ-assessment/R2-Engine)
2026-09-07 10:12:30,369 [INFO] core.file_manager: opened the EXISTING project at /Users/Basti/ChromIQ-assessment/R2-Engine (1 run(s) on disk)
2026-09-07 10:12:30,416 [INFO] workflow.chart_creator: Chart generation: 209 patches, instrument=CM paper=A4R disable_lb=True
2026-09-07 10:12:30,416 [INFO] workflow.chart_creator: targen args: ['-v', '-d2', '-f209', '-e2', '-B2', '-G', '-g12', 'R2-Engine']
2026-09-07 10:12:30,416 [INFO] core.argyll_runner: Run: /Applications/Argyll/bin/targen -v -d2 -f209 -e2 -B2 -G -g12 R2-Engine  [cwd=/Users/Basti/ChromIQ-assessment/R2-Engine/runs/run1]
2026-09-07 10:12:30,480 [DEBUG] core.argyll_runner: [argyll] iRGB test chart
2026-09-07 10:12:30,480 [DEBUG] core.argyll_runner: [argyll] White patches = 2
2026-09-07 10:12:30,480 [DEBUG] core.argyll_runner: [argyll] Black patches = 2
2026-09-07 10:12:30,480 [DEBUG] core.argyll_runner: [argyll] Composite Grey steps = 12
2026-09-07 10:12:30,480 [DEBUG] core.argyll_runner: [argyll] Full spread patches = 209
2026-09-07 10:12:30,480 [DEBUG] core.argyll_runner: [argyll] Degree of adaptation: 0.100
2026-09-07 10:12:30,481 [DEBUG] core.argyll_runner: [argyll] Adaptation weights: Device = 0.935, Perceptual = 0.065, Curvature = 0.010
2026-09-07 10:12:30,481 [DEBUG] core.argyll_runner: [argyll] Perceptual cache resolution = 7
2026-09-07 10:12:30,481 [DEBUG] core.argyll_runner: [argyll] Seeding cache...done
2026-09-07 10:12:30,481 [DEBUG] core.argyll_runner: [argyll] Acceleration grid res = 6
2026-09-07 10:12:30,481 [DEBUG] core.argyll_runner: [argyll] 
2026-09-07 10:12:30,481 [DEBUG] core.argyll_runner: [argyll] There are 12 unique fixed points to add (14 total fixed points)
2026-09-07 10:12:30,482 [DEBUG] core.argyll_runner: [argyll] There are 195 far spread points to add
2026-09-07 10:12:30,482 [DEBUG] core.argyll_runner: [argyll] 
2026-09-07 10:12:30,482 [DEBUG] core.argyll_runner: [argyll] Added 12/207
2026-09-07 10:12:30,482 [DEBUG] core.argyll_runner: [argyll] Added 23/207
2026-09-07 10:12:30,482 [DEBUG] core.argyll_runner: [argyll] Added 34/207
2026-09-07 10:12:30,483 [DEBUG] core.argyll_runner: [argyll] Added 45/207
2026-09-07 10:12:30,483 [DEBUG] core.argyll_runner: [argyll] Added 56/207
2026-09-07 10:12:30,484 [DEBUG] core.argyll_runner: [argyll] Added 67/207
2026-09-07 10:12:30,485 [DEBUG] core.argyll_runner: [argyll] Added 78/207
2026-09-07 10:12:30,485 [DEBUG] core.argyll_runner: [argyll] Added 89/207
2026-09-07 10:12:30,486 [DEBUG] core.argyll_runner: [argyll] Added 100/207
2026-09-07 10:12:30,487 [DEBUG] core.argyll_runner: [argyll] Added 111/207
2026-09-07 10:12:30,489 [DEBUG] core.argyll_runner: [argyll] Added 122/207
2026-09-07 10:12:30,490 [DEBUG] core.argyll_runner: [argyll] Added 133/207
2026-09-07 10:12:30,492 [DEBUG] core.argyll_runner: [argyll] Added 144/207
2026-09-07 10:12:30,493 [DEBUG] core.argyll_runner: [argyll] Added 155/207
2026-09-07 10:12:30,495 [DEBUG] core.argyll_runner: [argyll] Added 166/207
2026-09-07 10:12:30,497 [DEBUG] core.argyll_runner: [argyll] Added 177/207
2026-09-07 10:12:30,499 [DEBUG] core.argyll_runner: [argyll] Added 188/207
2026-09-07 10:12:30,501 [DEBUG] core.argyll_runner: [argyll] Added 199/207
2026-09-07 10:12:30,503 [DEBUG] core.argyll_runner: [argyll] Added 207/207
2026-09-07 10:12:30,808 [DEBUG] core.argyll_runner: [argyll] 
2026-09-07 10:12:30,809 [DEBUG] core.argyll_runner: [argyll] After seeding points: MinPoint = 8.146, Min = 6.473, Avg. = 15.014, Max = 19.307, 0.0 secs
2026-09-07 10:12:30,810 [DEBUG] core.argyll_runner: [argyll] Re-seeding
2026-09-07 10:12:30,810 [DEBUG] core.argyll_runner: [argyll] It 1: Maxmv = 0.171884, MinPoint = 2.808, Min = 8.474, Avg. = 15.040, Max = 22.022, 0.0 secs.
2026-09-07 10:12:30,810 [DEBUG] core.argyll_runner: [argyll] Re-seeding
2026-09-07 10:12:30,810 [DEBUG] core.argyll_runner: [argyll] It 2: Maxmv = 0.135927, MinPoint = 7.707, Min = 8.387, Avg. = 14.814, Max = 20.127, 0.0 secs.
2026-09-07 10:12:30,811 [DEBUG] core.argyll_runner: [argyll] Re-seeding
2026-09-07 10:12:30,811 [DEBUG] core.argyll_runner: [argyll] It 3: Maxmv = 0.099302, MinPoint = 9.548, Min = 8.481, Avg. = 14.744, Max = 19.228, 0.0 secs.
2026-09-07 10:12:30,811 [DEBUG] core.argyll_runner: [argyll] Re-seeding
2026-09-07 10:12:30,811 [DEBUG] core.argyll_runner: [argyll] It 4: Maxmv = 0.111279, MinPoint = 7.739, Min = 9.397, Avg. = 14.675, Max = 19.182, 0.0 secs.
2026-09-07 10:12:30,812 [DEBUG] core.argyll_runner: [argyll] Re-seeding
2026-09-07 10:12:30,812 [DEBUG] core.argyll_runner: [argyll] It 5: Maxmv = 0.086499, MinPoint = 7.446, Min = 8.372, Avg. = 14.603, Max = 18.682, 0.0 secs.
2026-09-07 10:12:30,812 [DEBUG] core.argyll_runner: [argyll] Re-seeding
2026-09-07 10:12:30,812 [DEBUG] core.argyll_runner: [argyll] It 6: Maxmv = 0.070674, MinPoint = 11.258, Min = 7.507, Avg. = 14.588, Max = 18.442, 0.0 secs.
2026-09-07 10:12:30,813 [DEBUG] core.argyll_runner: [argyll] Re-seeding
2026-09-07 10:12:30,813 [DEBUG] core.argyll_runner: [argyll] It 7: Maxmv = 0.071982, MinPoint = 11.340, Min = 9.208, Avg. = 14.506, Max = 18.307, 0.0 secs.
2026-09-07 10:12:30,813 [DEBUG] core.argyll_runner: [argyll] Re-seeding
2026-09-07 10:12:30,813 [DEBUG] core.argyll_runner: [argyll] It 8: Maxmv = 0.058477, MinPoint = 11.310, Min = 9.010, Avg. = 14.473, Max = 17.572, 0.0 secs.
2026-09-07 10:12:30,814 [DEBUG] core.argyll_runner: [argyll] Re-seeding
2026-09-07 10:12:30,814 [DEBUG] core.argyll_runner: [argyll] It 9: Maxmv = 0.050467, MinPoint = 12.528, Min = 8.721, Avg. = 14.419, Max = 17.839, 0.0 secs.
2026-09-07 10:12:30,814 [DEBUG] core.argyll_runner: [argyll] Re-seeding
2026-09-07 10:12:30,815 [DEBUG] core.argyll_runner: [argyll] It 10: Maxmv = 0.047011, MinPoint = 12.737, Min = 10.190, Avg. = 14.426, Max = 18.278, 0.0 secs.
2026-09-07 10:12:30,815 [DEBUG] core.argyll_runner: [argyll] Re-seeding
2026-09-07 10:12:30,815 [DEBUG] core.argyll_runner: [argyll] It 11: Maxmv = 0.036802, MinPoint = 14.120, Min = 9.689, Avg. = 14.387, Max = 17.676, 0.0 secs.
2026-09-07 10:12:30,815 [DEBUG] core.argyll_runner: [argyll] Re-seeding
2026-09-07 10:12:30,816 [DEBUG] core.argyll_runner: [argyll] It 12: Maxmv = 0.037007, MinPoint = 14.103, Min = 9.781, Avg. = 14.396, Max = 18.132, 0.0 secs.
2026-09-07 10:12:30,816 [DEBUG] core.argyll_runner: [argyll] Re-seeding
2026-09-07 10:12:30,816 [DEBUG] core.argyll_runner: [argyll] It 13: Maxmv = 0.031385, MinPoint = 14.541, Min = 9.798, Avg. = 14.383, Max = 17.947, 0.0 secs.
2026-09-07 10:12:30,816 [DEBUG] core.argyll_runner: [argyll] Re-seeding
2026-09-07 10:12:30,817 [DEBUG] core.argyll_runner: [argyll] It 14: Maxmv = 0.024635, MinPoint = 14.780, Min = 10.238, Avg. = 14.379, Max = 17.667, 0.0 secs.
2026-09-07 10:12:30,817 [DEBUG] core.argyll_runner: [argyll] Re-seeding
2026-09-07 10:12:30,817 [DEBUG] core.argyll_runner: [argyll] It 15: Maxmv = 0.022250, MinPoint = 14.140, Min = 10.361, Avg. = 14.370, Max = 18.238, 0.0 secs.
2026-09-07 10:12:30,818 [DEBUG] core.argyll_runner: [argyll] Re-seeding
2026-09-07 10:12:30,818 [DEBUG] core.argyll_runner: [argyll] It 16: Maxmv = 0.015868, MinPoint = 14.230, Min = 10.233, Avg. = 14.366, Max = 17.815, 0.0 secs.
2026-09-07 10:12:30,818 [DEBUG] core.argyll_runner: [argyll] Re-seeding
2026-09-07 10:12:30,818 [DEBUG] core.argyll_runner: [argyll] It 17: Maxmv = 0.012179, MinPoint = 14.347, Min = 10.195, Avg. = 14.369, Max = 17.858, 0.0 secs.
2026-09-07 10:12:30,819 [DEBUG] core.argyll_runner: [argyll] Re-seeding
2026-09-07 10:12:30,819 [DEBUG] core.argyll_runner: [argyll] It 18: Maxmv = 0.007282, MinPoint = 14.292, Min = 10.275, Avg. = 14.371, Max = 17.595, 0.0 secs.
2026-09-07 10:12:30,819 [DEBUG] core.argyll_runner: [argyll] Re-seeding
2026-09-07 10:12:30,819 [DEBUG] core.argyll_runner: [argyll] It 19: Maxmv = 0.002362, MinPoint = 14.317, Min = 10.273, Avg. = 14.370, Max = 17.512, 0.0 secs.
2026-09-07 10:12:30,820 [DEBUG] core.argyll_runner: [argyll] Re-seeding
2026-09-07 10:12:30,820 [DEBUG] core.argyll_runner: [argyll] It 20: Maxmv = 0.002376, MinPoint = 14.302, Min = 10.271, Avg. = 14.371, Max = 17.504, 0.0 secs.
2026-09-07 10:12:30,820 [DEBUG] core.argyll_runner: [argyll] After optimization: MinPoint = 14.302, Min = 10.271, Avg. = 14.371, Max = 17.504
2026-09-07 10:12:30,821 [DEBUG] core.argyll_runner: [argyll] Total number of patches = 209
2026-09-07 10:12:30,821 [DEBUG] core.argyll_runner: [argyll] Execution time = 0.331315 seconds
2026-09-07 10:12:30,821 [INFO] core.argyll_runner: ArgyllRunner: finished with code 0
2026-09-07 10:12:31,183 [DEBUG] workflow.chart_creator: Wrote channel sidecar R2-Engine.channels.json: ['r', 'g', 'b']
2026-09-07 10:12:31,261 [DEBUG] ui.tiff_preview: TiffPreview: loaded 1 page(s)
2026-09-07 10:12:31,261 [INFO] ui.tabs.tab_chart: Preview loaded: 1 TIFF(s)
2026-09-07 10:12:31,304 [DEBUG] ui.tiff_preview: TiffPreview: loaded 1 page(s)
2026-09-07 10:12:31,305 [DEBUG] ui.tiff_preview: TiffPreview: loaded 1 page(s)
2026-09-07 10:12:31,309 [DEBUG] ui.tabs.tab_chart: create-chart settings written for run1 (40 parameters + ui state)
2026-09-07 10:12:32,984 [INFO] review:   [CM A4R high] built ok=True actual={'total': 209, 'fillup': 0, 'page_patches': 209, 'rows': 11, 'cols': 19, 'pages': 1, 'patch': (13.97, 14.05), 'pitch': None} est={'total': 209, 'fillup': 0, 'page_patches': 209, 'rows': 11, 'cols': 19, 'pages': 1, 'patch': (13.94, 14.09), 'pitch': None}
      margins=mm | inch | min | Left (to first patch) | 26.0 | 1.023 | 6.0 | Right (to first patch) | 6.2 | 0.243 | 6.0 | Top (to first patch) | 34.0 | 1.340 | 33.0 | Bottom (to first patch) | 11.0 | 0.434 | 10.0 | Patch width (in strip reading direction) | 14.0 | 0.550 | S
      status='Margins: OK' notes=''
2026-09-07 10:12:32,984 [INFO] review:   MATRIX CM/A4R/high: same=True est=(209, 11, 19, 1, (13.94, 14.09)) actual=(209, 11, 19, 1, (13.97, 14.05))
2026-09-07 10:12:33,151 [INFO] review:   shot Review/Screenshots/R04-engine/m-CM-A4R-high.png  (3400x2100)
2026-09-07 10:12:33,151 [INFO] review:   armed: dialog ~'hexagon' -> click 'OK' (hex heads-up)
2026-09-07 10:12:33,206 [DEBUG] core.settings: settings.set helper_markers_show = False
2026-09-07 10:12:33,206 [DEBUG] core.settings: settings.set helper_marker_edge_mm = 2.0
2026-09-07 10:12:33,206 [DEBUG] core.settings: settings.set helper_marker_len_mm = 2.0
2026-09-07 10:12:33,206 [DEBUG] core.settings: settings.set helper_marker_per_patch = 3
2026-09-07 10:12:33,206 [DEBUG] core.settings: settings.set helper_markers_top_bottom = True
2026-09-07 10:12:33,206 [DEBUG] core.settings: settings.set helper_markers_sides = True
2026-09-07 10:12:33,703 [DEBUG] core.settings: settings.set helper_markers_show = False
2026-09-07 10:12:33,704 [DEBUG] core.settings: settings.set helper_marker_edge_mm = 2.0
2026-09-07 10:12:33,704 [DEBUG] core.settings: settings.set helper_marker_len_mm = 2.0
2026-09-07 10:12:33,704 [DEBUG] core.settings: settings.set helper_marker_per_patch = 3
2026-09-07 10:12:33,704 [DEBUG] core.settings: settings.set helper_markers_top_bottom = True
2026-09-07 10:12:33,704 [DEBUG] core.settings: settings.set helper_markers_sides = True
2026-09-07 10:12:33,893 [DEBUG] core.settings: settings.set helper_markers_show = False
2026-09-07 10:12:33,893 [DEBUG] core.settings: settings.set helper_marker_edge_mm = 2.0
2026-09-07 10:12:33,893 [DEBUG] core.settings: settings.set helper_marker_len_mm = 2.0
2026-09-07 10:12:33,893 [DEBUG] core.settings: settings.set helper_marker_per_patch = 3
2026-09-07 10:12:33,893 [DEBUG] core.settings: settings.set helper_markers_top_bottom = True
2026-09-07 10:12:33,893 [DEBUG] core.settings: settings.set helper_markers_sides = True
2026-09-07 10:12:34,002 [INFO] review:   DIALOG expected [QMessageBox] title='' buttons=['OK'] text='This chart uses hexagonal patches, and the scanner and camera tools are set to turn those away.\n\nNot because they cannot work — they can. A hexagonal chart has been read and profiled successfully, and' -> clicked 'OK'
2026-09-07 10:12:34,672 [INFO] review:   armed: dialog ~'quite fill' -> click 'OK' (last page hint)
2026-09-07 10:12:34,672 [INFO] review:   armed: dialog ~'already' -> click 'Continue' 
2026-09-07 10:12:34,673 [INFO] ui.tabs.tab_chart: chart build (Generate Chart) in manual: patch set targen | manual panel: A4, 0x0 grid, margins T6.0 R6.0 B6.0 L11.1
2026-09-07 10:12:34,675 [DEBUG] core.settings: settings.set session_ti3_path = ''
2026-09-07 10:12:34,675 [DEBUG] core.settings: settings.set session_icc_path = ''
2026-09-07 10:12:34,675 [DEBUG] core.settings: settings.set session_cal_ti3_path = ''
2026-09-07 10:12:34,677 [DEBUG] core.file_manager: Target name set to: R2-Engine (root /Users/Basti/ChromIQ-assessment/R2-Engine)
2026-09-07 10:12:34,678 [INFO] core.file_manager: opened the EXISTING project at /Users/Basti/ChromIQ-assessment/R2-Engine (1 run(s) on disk)
2026-09-07 10:12:34,708 [INFO] workflow.chart_creator: Chart generation: 1058 patches, instrument=SS paper=A4 disable_lb=True
2026-09-07 10:12:34,708 [INFO] workflow.chart_creator: targen args: ['-v', '-d2', '-f1058', '-e8', '-B8', '-G', '-g60', 'R2-Engine']
2026-09-07 10:12:34,708 [INFO] core.argyll_runner: Run: /Applications/Argyll/bin/targen -v -d2 -f1058 -e8 -B8 -G -g60 R2-Engine  [cwd=/Users/Basti/ChromIQ-assessment/R2-Engine/runs/run1]
2026-09-07 10:12:34,782 [DEBUG] core.argyll_runner: [argyll] iRGB test chart
2026-09-07 10:12:34,782 [DEBUG] core.argyll_runner: [argyll] White patches = 8
2026-09-07 10:12:34,782 [DEBUG] core.argyll_runner: [argyll] Black patches = 8
2026-09-07 10:12:34,782 [DEBUG] core.argyll_runner: [argyll] Composite Grey steps = 60
2026-09-07 10:12:34,783 [DEBUG] core.argyll_runner: [argyll] Full spread patches = 1058
2026-09-07 10:12:34,783 [DEBUG] core.argyll_runner: [argyll] Degree of adaptation: 0.100
2026-09-07 10:12:34,783 [DEBUG] core.argyll_runner: [argyll] Adaptation weights: Device = 0.935, Perceptual = 0.065, Curvature = 0.010
2026-09-07 10:12:34,783 [DEBUG] core.argyll_runner: [argyll] Perceptual cache resolution = 11
2026-09-07 10:12:34,783 [DEBUG] core.argyll_runner: [argyll] Seeding cache...done
2026-09-07 10:12:34,784 [DEBUG] core.argyll_runner: [argyll] Acceleration grid res = 11
2026-09-07 10:12:34,784 [DEBUG] core.argyll_runner: [argyll] 
2026-09-07 10:12:34,784 [DEBUG] core.argyll_runner: [argyll] There are 60 unique fixed points to add (74 total fixed points)
2026-09-07 10:12:34,784 [DEBUG] core.argyll_runner: [argyll] There are 984 far spread points to add
2026-09-07 10:12:34,784 [DEBUG] core.argyll_runner: [argyll] 
2026-09-07 10:12:34,784 [DEBUG] core.argyll_runner: [argyll] Added 12/1044
2026-09-07 10:12:34,784 [DEBUG] core.argyll_runner: [argyll] Added 23/1044
2026-09-07 10:12:34,817 [DEBUG] core.argyll_runner: [argyll] 
2026-09-07 10:12:34,817 [DEBUG] core.argyll_runner: [argyll] Added 34/1044
2026-09-07 10:12:34,817 [DEBUG] core.argyll_runner: [argyll] Added 45/1044
2026-09-07 10:12:34,817 [DEBUG] core.argyll_runner: [argyll] Added 56/1044
2026-09-07 10:12:34,818 [DEBUG] core.argyll_runner: [argyll] Added 67/1044
2026-09-07 10:12:34,818 [DEBUG] core.argyll_runner: [argyll] Added 78/1044
2026-09-07 10:12:34,818 [DEBUG] core.argyll_runner: [argyll] Added 89/1044
2026-09-07 10:12:34,819 [DEBUG] core.argyll_runner: [argyll] Added 100/1044
2026-09-07 10:12:34,819 [DEBUG] core.argyll_runner: [argyll] Added 111/1044
2026-09-07 10:12:34,820 [DEBUG] core.argyll_runner: [argyll] Added 122/1044
2026-09-07 10:12:34,821 [DEBUG] core.argyll_runner: [argyll] Added 133/1044
2026-09-07 10:12:34,822 [DEBUG] core.argyll_runner: [argyll] Added 144/1044
2026-09-07 10:12:34,823 [DEBUG] core.argyll_runner: [argyll] Added 155/1044
2026-09-07 10:12:34,824 [DEBUG] core.argyll_runner: [argyll] Added 166/1044
2026-09-07 10:12:34,826 [DEBUG] core.argyll_runner: [argyll] Added 177/1044
2026-09-07 10:12:34,827 [DEBUG] core.argyll_runner: [argyll] Added 188/1044
2026-09-07 10:12:34,829 [DEBUG] core.argyll_runner: [argyll] Added 199/1044
2026-09-07 10:12:34,830 [DEBUG] core.argyll_runner: [argyll] Added 210/1044
2026-09-07 10:12:34,832 [DEBUG] core.argyll_runner: [argyll] Added 221/1044
2026-09-07 10:12:34,834 [DEBUG] core.argyll_runner: [argyll] Added 232/1044
2026-09-07 10:12:34,836 [DEBUG] core.argyll_runner: [argyll] Added 243/1044
2026-09-07 10:12:34,838 [DEBUG] core.argyll_runner: [argyll] Added 254/1044
2026-09-07 10:12:34,841 [DEBUG] core.argyll_runner: [argyll] Added 265/1044
2026-09-07 10:12:34,843 [DEBUG] core.argyll_runner: [argyll] Added 276/1044
2026-09-07 10:12:34,846 [DEBUG] core.argyll_runner: [argyll] Added 287/1044
2026-09-07 10:12:34,849 [DEBUG] core.argyll_runner: [argyll] Added 298/1044
2026-09-07 10:12:34,851 [DEBUG] core.argyll_runner: [argyll] Added 309/1044
2026-09-07 10:12:34,855 [DEBUG] core.argyll_runner: [argyll] Added 320/1044
2026-09-07 10:12:34,858 [DEBUG] core.argyll_runner: [argyll] Added 331/1044
2026-09-07 10:12:34,861 [DEBUG] core.argyll_runner: [argyll] Added 342/1044
2026-09-07 10:12:34,864 [DEBUG] core.argyll_runner: [argyll] Added 353/1044
2026-09-07 10:12:34,887 [DEBUG] core.argyll_runner: [argyll] 
2026-09-07 10:12:34,889 [DEBUG] core.argyll_runner: [argyll] Added 364/1044
2026-09-07 10:12:34,889 [DEBUG] core.argyll_runner: [argyll] Added 375/1044
2026-09-07 10:12:34,889 [DEBUG] core.argyll_runner: [argyll] Added 386/1044
2026-09-07 10:12:34,889 [DEBUG] core.argyll_runner: [argyll] Added 397/1044
2026-09-07 10:12:34,890 [DEBUG] core.argyll_runner: [argyll] Added 408/1044
2026-09-07 10:12:34,890 [DEBUG] core.argyll_runner: [argyll] Added 419/1044
2026-09-07 10:12:34,891 [DEBUG] core.argyll_runner: [argyll] Added 430/1044
2026-09-07 10:12:34,892 [DEBUG] core.argyll_runner: [argyll] Added 441/1044
2026-09-07 10:12:34,893 [DEBUG] core.argyll_runner: [argyll] Added 452/1044
2026-09-07 10:12:34,894 [DEBUG] core.argyll_runner: [argyll] Added 463/1044
2026-09-07 10:12:34,895 [DEBUG] core.argyll_runner: [argyll] Added 474/1044
2026-09-07 10:12:34,897 [DEBUG] core.argyll_runner: [argyll] Added 485/1044
2026-09-07 10:12:34,898 [DEBUG] core.argyll_runner: [argyll] Added 496/1044
2026-09-07 10:12:34,900 [DEBUG] core.argyll_runner: [argyll] Added 507/1044
2026-09-07 10:12:34,902 [DEBUG] core.argyll_runner: [argyll] Added 518/1044
2026-09-07 10:12:34,904 [DEBUG] core.argyll_runner: [argyll] Added 529/1044
2026-09-07 10:12:34,906 [DEBUG] core.argyll_runner: [argyll] Added 540/1044
2026-09-07 10:12:34,908 [DEBUG] core.argyll_runner: [argyll] Added 551/1044
2026-09-07 10:12:34,910 [DEBUG] core.argyll_runner: [argyll] Added 562/1044
2026-09-07 10:12:34,913 [DEBUG] core.argyll_runner: [argyll] Added 573/1044
2026-09-07 10:12:34,915 [DEBUG] core.argyll_runner: [argyll] Added 584/1044
2026-09-07 10:12:34,918 [DEBUG] core.argyll_runner: [argyll] Added 595/1044
2026-09-07 10:12:34,921 [DEBUG] core.argyll_runner: [argyll] Added 606/1044
2026-09-07 10:12:34,924 [DEBUG] core.argyll_runner: [argyll] Added 617/1044
2026-09-07 10:12:34,927 [DEBUG] core.argyll_runner: [argyll] Added 628/1044
2026-09-07 10:12:34,930 [DEBUG] core.argyll_runner: [argyll] Added 639/1044
2026-09-07 10:12:34,933 [DEBUG] core.argyll_runner: [argyll] Added 650/1044
2026-09-07 10:12:34,937 [DEBUG] core.argyll_runner: [argyll] Added 661/1044
2026-09-07 10:12:34,940 [DEBUG] core.argyll_runner: [argyll] Added 672/1044
2026-09-07 10:12:34,944 [DEBUG] core.argyll_runner: [argyll] Added 683/1044
2026-09-07 10:12:34,948 [DEBUG] core.argyll_runner: [argyll] Added 694/1044
2026-09-07 10:12:34,952 [DEBUG] core.argyll_runner: [argyll] Added 705/1044
2026-09-07 10:12:34,956 [DEBUG] core.argyll_runner: [argyll] Added 716/1044
2026-09-07 10:12:34,960 [DEBUG] core.argyll_runner: [argyll] Added 727/1044
2026-09-07 10:12:34,964 [DEBUG] core.argyll_runner: [argyll] Added 738/1044
2026-09-07 10:12:34,969 [DEBUG] core.argyll_runner: [argyll] Added 749/1044
2026-09-07 10:12:34,973 [DEBUG] core.argyll_runner: [argyll] Added 760/1044
2026-09-07 10:12:34,978 [DEBUG] core.argyll_runner: [argyll] Added 771/1044
2026-09-07 10:12:34,983 [DEBUG] core.argyll_runner: [argyll] Added 782/1044
2026-09-07 10:12:34,988 [DEBUG] core.argyll_runner: [argyll] Added 793/1044
2026-09-07 10:12:34,993 [DEBUG] core.argyll_runner: [argyll] Added 804/1044
2026-09-07 10:12:34,999 [DEBUG] core.argyll_runner: [argyll] Added 815/1044
2026-09-07 10:12:35,004 [DEBUG] core.argyll_runner: [argyll] Added 826/1044
2026-09-07 10:12:35,010 [DEBUG] core.argyll_runner: [argyll] Added 837/1044
2026-09-07 10:12:35,016 [DEBUG] core.argyll_runner: [argyll] Added 848/1044
2026-09-07 10:12:35,022 [DEBUG] core.argyll_runner: [argyll] Added 859/1044
2026-09-07 10:12:35,028 [DEBUG] core.argyll_runner: [argyll] Added 870/1044
2026-09-07 10:12:35,034 [DEBUG] core.argyll_runner: [argyll] Added 881/1044
2026-09-07 10:12:35,040 [DEBUG] core.argyll_runner: [argyll] Added 892/1044
2026-09-07 10:12:35,047 [DEBUG] core.argyll_runner: [argyll] Added 903/1044
2026-09-07 10:12:35,053 [DEBUG] core.argyll_runner: [argyll] Added 914/1044
2026-09-07 10:12:35,060 [DEBUG] core.argyll_runner: [argyll] Added 925/1044
2026-09-07 10:12:35,067 [DEBUG] core.argyll_runner: [argyll] Added 936/1044
2026-09-07 10:12:35,074 [DEBUG] core.argyll_runner: [argyll] Added 947/1044
2026-09-07 10:12:35,081 [DEBUG] core.argyll_runner: [argyll] Added 958/1044
2026-09-07 10:12:35,088 [DEBUG] core.argyll_runner: [argyll] Added 969/1044
2026-09-07 10:12:35,096 [DEBUG] core.argyll_runner: [argyll] Added 980/1044
2026-09-07 10:12:35,104 [DEBUG] core.argyll_runner: [argyll] Added 991/1044
2026-09-07 10:12:35,111 [DEBUG] core.argyll_runner: [argyll] Added 1002/1044
2026-09-07 10:12:35,119 [DEBUG] core.argyll_runner: [argyll] Added 1013/1044
2026-09-07 10:12:35,127 [DEBUG] core.argyll_runner: [argyll] Added 1024/1044
2026-09-07 10:12:35,135 [DEBUG] core.argyll_runner: [argyll] Added 1035/1044
2026-09-07 10:12:35,143 [DEBUG] core.argyll_runner: [argyll] Added 1044/1044
2026-09-07 10:12:36,936 [DEBUG] core.argyll_runner: [argyll] 
2026-09-07 10:12:36,939 [DEBUG] core.argyll_runner: [argyll] After seeding points: MinPoint = 2.819, Min = 2.590, Avg. = 8.525, Max = 10.493, 0.1 secs
2026-09-07 10:12:36,939 [DEBUG] core.argyll_runner: [argyll] Re-seeding
2026-09-07 10:12:36,939 [DEBUG] core.argyll_runner: [argyll] It 1: Maxmv = 0.079916, MinPoint = 0.979, Min = 2.590, Avg. = 8.505, Max = 11.438, 0.1 secs.
2026-09-07 10:12:36,940 [DEBUG] core.argyll_runner: [argyll] Re-seeding
2026-09-07 10:12:36,940 [DEBUG] core.argyll_runner: [argyll] It 2: Maxmv = 0.068281, MinPoint = 2.208, Min = 2.590, Avg. = 8.442, Max = 11.512, 0.1 secs.
2026-09-07 10:12:36,940 [DEBUG] core.argyll_runner: [argyll] Re-seeding
2026-09-07 10:12:36,940 [DEBUG] core.argyll_runner: [argyll] It 3: Maxmv = 0.071783, MinPoint = 2.628, Min = 2.590, Avg. = 8.392, Max = 11.191, 0.1 secs.
2026-09-07 10:12:36,941 [DEBUG] core.argyll_runner: [argyll] Re-seeding
2026-09-07 10:12:36,941 [DEBUG] core.argyll_runner: [argyll] It 4: Maxmv = 0.061214, MinPoint = 2.819, Min = 2.590, Avg. = 8.325, Max = 10.814, 0.1 secs.
2026-09-07 10:12:36,941 [DEBUG] core.argyll_runner: [argyll] Re-seeding
2026-09-07 10:12:36,941 [DEBUG] core.argyll_runner: [argyll] It 5: Maxmv = 0.056520, MinPoint = 2.819, Min = 2.590, Avg. = 8.301, Max = 11.222, 0.1 secs.
2026-09-07 10:12:36,942 [DEBUG] core.argyll_runner: [argyll] Re-seeding
2026-09-07 10:12:36,942 [DEBUG] core.argyll_runner: [argyll] It 6: Maxmv = 0.046818, MinPoint = 2.819, Min = 2.590, Avg. = 8.263, Max = 10.672, 0.1 secs.
2026-09-07 10:12:36,942 [DEBUG] core.argyll_runner: [argyll] Re-seeding
2026-09-07 10:12:36,942 [DEBUG] core.argyll_runner: [argyll] It 7: Maxmv = 0.043775, MinPoint = 2.819, Min = 2.590, Avg. = 8.216, Max = 10.961, 0.1 secs.
2026-09-07 10:12:36,943 [DEBUG] core.argyll_runner: [argyll] Re-seeding
2026-09-07 10:12:36,943 [DEBUG] core.argyll_runner: [argyll] It 8: Maxmv = 0.036102, MinPoint = 2.819, Min = 2.590, Avg. = 8.185, Max = 10.118, 0.1 secs.
2026-09-07 10:12:36,943 [DEBUG] core.argyll_runner: [argyll] Re-seeding
2026-09-07 10:12:36,943 [DEBUG] core.argyll_runner: [argyll] It 9: Maxmv = 0.033382, MinPoint = 2.819, Min = 2.590, Avg. = 8.160, Max = 10.156, 0.1 secs.
2026-09-07 10:12:36,944 [DEBUG] core.argyll_runner: [argyll] Re-seeding
2026-09-07 10:12:36,944 [DEBUG] core.argyll_runner: [argyll] It 10: Maxmv = 0.031086, MinPoint = 2.819, Min = 2.590, Avg. = 8.142, Max = 10.042, 0.1 secs.
2026-09-07 10:12:36,944 [DEBUG] core.argyll_runner: [argyll] Re-seeding
2026-09-07 10:12:36,945 [DEBUG] core.argyll_runner: [argyll] It 11: Maxmv = 0.023621, MinPoint = 2.819, Min = 2.590, Avg. = 8.125, Max = 9.820, 0.1 secs.
2026-09-07 10:12:36,945 [DEBUG] core.argyll_runner: [argyll] Re-seeding
2026-09-07 10:12:36,945 [DEBUG] core.argyll_runner: [argyll] It 12: Maxmv = 0.023624, MinPoint = 2.819, Min = 2.590, Avg. = 8.118, Max = 9.756, 0.1 secs.
2026-09-07 10:12:36,945 [DEBUG] core.argyll_runner: [argyll] Re-seeding
2026-09-07 10:12:36,946 [DEBUG] core.argyll_runner: [argyll] It 13: Maxmv = 0.015902, MinPoint = 2.819, Min = 2.590, Avg. = 8.103, Max = 10.169, 0.1 secs.
2026-09-07 10:12:36,946 [DEBUG] core.argyll_runner: [argyll] Re-seeding
2026-09-07 10:12:36,946 [DEBUG] core.argyll_runner: [argyll] It 14: Maxmv = 0.013548, MinPoint = 2.819, Min = 2.590, Avg. = 8.101, Max = 9.581, 0.1 secs.
2026-09-07 10:12:36,946 [DEBUG] core.argyll_runner: [argyll] Re-seeding
2026-09-07 10:12:36,947 [DEBUG] core.argyll_runner: [argyll] It 15: Maxmv = 0.011982, MinPoint = 2.819, Min = 2.590, Avg. = 8.095, Max = 9.996, 0.1 secs.
2026-09-07 10:12:36,947 [DEBUG] core.argyll_runner: [argyll] Re-seeding
2026-09-07 10:12:36,947 [DEBUG] core.argyll_runner: [argyll] It 16: Maxmv = 0.007896, MinPoint = 2.819, Min = 2.590, Avg. = 8.094, Max = 9.766, 0.1 secs.
2026-09-07 10:12:36,947 [DEBUG] core.argyll_runner: [argyll] Re-seeding
2026-09-07 10:12:36,948 [DEBUG] core.argyll_runner: [argyll] It 17: Maxmv = 0.005402, MinPoint = 2.819, Min = 2.590, Avg. = 8.091, Max = 9.949, 0.1 secs.
2026-09-07 10:12:36,948 [DEBUG] core.argyll_runner: [argyll] Re-seeding
2026-09-07 10:12:36,948 [DEBUG] core.argyll_runner: [argyll] It 18: Maxmv = 0.003920, MinPoint = 2.819, Min = 2.590, Avg. = 8.090, Max = 9.955, 0.1 secs.
2026-09-07 10:12:36,948 [DEBUG] core.argyll_runner: [argyll] Re-seeding
2026-09-07 10:12:36,949 [DEBUG] core.argyll_runner: [argyll] It 19: Maxmv = 0.001184, MinPoint = 2.819, Min = 2.590, Avg. = 8.090, Max = 9.900, 0.1 secs.
2026-09-07 10:12:36,949 [DEBUG] core.argyll_runner: [argyll] Re-seeding
2026-09-07 10:12:36,949 [DEBUG] core.argyll_runner: [argyll] It 20: Maxmv = 0.001121, MinPoint = 2.819, Min = 2.590, Avg. = 8.090, Max = 9.907, 0.1 secs.
2026-09-07 10:12:36,949 [DEBUG] core.argyll_runner: [argyll] After optimization: MinPoint = 2.819, Min = 2.590, Avg. = 8.090, Max = 9.907
2026-09-07 10:12:36,950 [DEBUG] core.argyll_runner: [argyll] Total number of patches = 1058
2026-09-07 10:12:36,950 [DEBUG] core.argyll_runner: [argyll] Execution time = 2.158422 seconds
2026-09-07 10:12:36,950 [INFO] core.argyll_runner: ArgyllRunner: finished with code 0
2026-09-07 10:12:37,020 [DEBUG] workflow.chart_creator: Wrote channel sidecar R2-Engine.channels.json: ['r', 'g', 'b']
2026-09-07 10:12:37,103 [DEBUG] ui.tiff_preview: TiffPreview: loaded 1 page(s)
2026-09-07 10:12:37,103 [INFO] ui.tabs.tab_chart: Preview loaded: 1 TIFF(s)
2026-09-07 10:12:37,123 [DEBUG] ui.tiff_preview: TiffPreview: loaded 1 page(s)
2026-09-07 10:12:37,126 [DEBUG] ui.tiff_preview: TiffPreview: loaded 1 page(s)
2026-09-07 10:12:37,134 [DEBUG] ui.tabs.tab_chart: create-chart settings written for run1 (40 parameters + ui state)
2026-09-07 10:12:38,951 [INFO] review:   [SS A4 hex] built ok=True actual={'total': 1058, 'fillup': 0, 'page_patches': 1058, 'rows': 46, 'cols': 23, 'pages': 1, 'patch': (7.03, 8.02), 'pitch': 6.01} est={'total': 1058, 'fillup': 0, 'page_patches': 1058, 'rows': 46, 'cols': 23, 'pages': 1, 'patch': (7.0, 8.08), 'pitch': 6.06}
      margins=mm | inch | min | Left (to first patch) | 33.0 | 1.300 | — | Right (to first patch) | 12.4 | 0.488 | — | Top (to first patch) | 6.0 | 0.237 | — | Bottom (to first patch) | 10.1 | 0.400 | — | Patch width (in strip reading direction) | 7.0 | 0.277 | Strip length
      status='' notes='⚠ The left margin was widened from 11.1 mm to 33.1 mm to fit the row indicators. The labels start 26.0 mm in from the page edge and their text needs 6.1 mm. “Clip” is set to 4.0 mm and is not what is holding them out there, so lowering it moves nothing — the note under “Text distance from edge” names what is. To get that paper back, switch “Show row indicators” off or use a smaller label size.'
2026-09-07 10:12:38,951 [INFO] review:   MATRIX SS/A4/hex: same=True est=(1058, 46, 23, 1, (7.0, 8.08)) actual=(1058, 46, 23, 1, (7.03, 8.02))
2026-09-07 10:12:39,120 [INFO] review:   shot Review/Screenshots/R04-engine/m-SS-A4-hex.png  (3400x2100)
2026-09-07 10:12:39,160 [DEBUG] core.settings: settings.set helper_markers_show = False
2026-09-07 10:12:39,160 [DEBUG] core.settings: settings.set helper_marker_edge_mm = 2.0
2026-09-07 10:12:39,160 [DEBUG] core.settings: settings.set helper_marker_len_mm = 2.0
2026-09-07 10:12:39,160 [DEBUG] core.settings: settings.set helper_marker_per_patch = 3
2026-09-07 10:12:39,160 [DEBUG] core.settings: settings.set helper_markers_top_bottom = True
2026-09-07 10:12:39,160 [DEBUG] core.settings: settings.set helper_markers_sides = True
2026-09-07 10:12:39,663 [DEBUG] core.settings: settings.set helper_markers_show = False
2026-09-07 10:12:39,663 [DEBUG] core.settings: settings.set helper_marker_edge_mm = 2.0
2026-09-07 10:12:39,663 [DEBUG] core.settings: settings.set helper_marker_len_mm = 2.0
2026-09-07 10:12:39,663 [DEBUG] core.settings: settings.set helper_marker_per_patch = 3
2026-09-07 10:12:39,663 [DEBUG] core.settings: settings.set helper_markers_top_bottom = True
2026-09-07 10:12:39,663 [DEBUG] core.settings: settings.set helper_markers_sides = True
2026-09-07 10:12:39,902 [DEBUG] core.settings: settings.set helper_markers_show = False
2026-09-07 10:12:39,902 [DEBUG] core.settings: settings.set helper_marker_edge_mm = 2.0
2026-09-07 10:12:39,902 [DEBUG] core.settings: settings.set helper_marker_len_mm = 2.0
2026-09-07 10:12:39,902 [DEBUG] core.settings: settings.set helper_marker_per_patch = 3
2026-09-07 10:12:39,902 [DEBUG] core.settings: settings.set helper_markers_top_bottom = True
2026-09-07 10:12:39,902 [DEBUG] core.settings: settings.set helper_markers_sides = True
2026-09-07 10:12:40,046 [DEBUG] core.settings: settings.set helper_markers_show = False
2026-09-07 10:12:40,047 [DEBUG] core.settings: settings.set helper_marker_edge_mm = 2.0
2026-09-07 10:12:40,047 [DEBUG] core.settings: settings.set helper_marker_len_mm = 2.0
2026-09-07 10:12:40,047 [DEBUG] core.settings: settings.set helper_marker_per_patch = 3
2026-09-07 10:12:40,047 [DEBUG] core.settings: settings.set helper_markers_top_bottom = True
2026-09-07 10:12:40,047 [DEBUG] core.settings: settings.set helper_markers_sides = True
2026-09-07 10:12:40,199 [DEBUG] core.settings: settings.set helper_markers_show = False
2026-09-07 10:12:40,199 [DEBUG] core.settings: settings.set helper_marker_edge_mm = 2.0
2026-09-07 10:12:40,199 [DEBUG] core.settings: settings.set helper_marker_len_mm = 2.0
2026-09-07 10:12:40,199 [DEBUG] core.settings: settings.set helper_marker_per_patch = 3
2026-09-07 10:12:40,199 [DEBUG] core.settings: settings.set helper_markers_top_bottom = True
2026-09-07 10:12:40,199 [DEBUG] core.settings: settings.set helper_markers_sides = True
2026-09-07 10:12:40,874 [INFO] review:   armed: dialog ~'quite fill' -> click 'OK' (last page hint)
2026-09-07 10:12:40,874 [INFO] review:   armed: dialog ~'already' -> click 'Continue' 
2026-09-07 10:12:40,875 [INFO] ui.tabs.tab_chart: chart build (Generate Chart) in manual: patch set targen | manual panel: 200x200, 0x0 grid, margins T6.0 R6.0 B6.0 L14.4
2026-09-07 10:12:40,878 [DEBUG] core.settings: settings.set session_ti3_path = ''
2026-09-07 10:12:40,879 [DEBUG] core.settings: settings.set session_icc_path = ''
2026-09-07 10:12:40,879 [DEBUG] core.settings: settings.set session_cal_ti3_path = ''
2026-09-07 10:12:40,881 [DEBUG] core.file_manager: Target name set to: R2-Engine (root /Users/Basti/ChromIQ-assessment/R2-Engine)
2026-09-07 10:12:40,882 [INFO] core.file_manager: opened the EXISTING project at /Users/Basti/ChromIQ-assessment/R2-Engine (1 run(s) on disk)
2026-09-07 10:12:40,908 [INFO] workflow.chart_creator: Chart generation: 195 patches, instrument=CR30 paper=200x200 disable_lb=True
2026-09-07 10:12:40,908 [INFO] workflow.chart_creator: targen args: ['-v', '-d2', '-f195', '-e2', '-B2', '-G', '-g11', 'R2-Engine']
2026-09-07 10:12:40,908 [INFO] core.argyll_runner: Run: /Applications/Argyll/bin/targen -v -d2 -f195 -e2 -B2 -G -g11 R2-Engine  [cwd=/Users/Basti/ChromIQ-assessment/R2-Engine/runs/run1]
2026-09-07 10:12:40,979 [DEBUG] core.argyll_runner: [argyll] iRGB test chart
2026-09-07 10:12:40,979 [DEBUG] core.argyll_runner: [argyll] White patches = 2
2026-09-07 10:12:40,979 [DEBUG] core.argyll_runner: [argyll] Black patches = 2
2026-09-07 10:12:40,979 [DEBUG] core.argyll_runner: [argyll] Composite Grey steps = 11
2026-09-07 10:12:40,980 [DEBUG] core.argyll_runner: [argyll] Full spread patches = 195
2026-09-07 10:12:40,980 [DEBUG] core.argyll_runner: [argyll] Degree of adaptation: 0.100
2026-09-07 10:12:40,980 [DEBUG] core.argyll_runner: [argyll] Adaptation weights: Device = 0.935, Perceptual = 0.065, Curvature = 0.010
2026-09-07 10:12:40,980 [DEBUG] core.argyll_runner: [argyll] Perceptual cache resolution = 7
2026-09-07 10:12:40,980 [DEBUG] core.argyll_runner: [argyll] Seeding cache...done
2026-09-07 10:12:40,981 [DEBUG] core.argyll_runner: [argyll] Acceleration grid res = 6
2026-09-07 10:12:40,981 [DEBUG] core.argyll_runner: [argyll] 
2026-09-07 10:12:40,981 [DEBUG] core.argyll_runner: [argyll] There are 11 unique fixed points to add (13 total fixed points)
2026-09-07 10:12:40,981 [DEBUG] core.argyll_runner: [argyll] There are 182 far spread points to add
2026-09-07 10:12:40,981 [DEBUG] core.argyll_runner: [argyll] 
2026-09-07 10:12:40,981 [DEBUG] core.argyll_runner: [argyll] Added 12/193
2026-09-07 10:12:40,981 [DEBUG] core.argyll_runner: [argyll] Added 23/193
2026-09-07 10:12:40,982 [DEBUG] core.argyll_runner: [argyll] Added 34/193
2026-09-07 10:12:40,982 [DEBUG] core.argyll_runner: [argyll] Added 45/193
2026-09-07 10:12:40,982 [DEBUG] core.argyll_runner: [argyll] Added 56/193
2026-09-07 10:12:40,983 [DEBUG] core.argyll_runner: [argyll] Added 67/193
2026-09-07 10:12:40,984 [DEBUG] core.argyll_runner: [argyll] Added 78/193
2026-09-07 10:12:40,985 [DEBUG] core.argyll_runner: [argyll] Added 89/193
2026-09-07 10:12:40,986 [DEBUG] core.argyll_runner: [argyll] Added 100/193
2026-09-07 10:12:41,008 [DEBUG] core.argyll_runner: [argyll] 
2026-09-07 10:12:41,008 [DEBUG] core.argyll_runner: [argyll] Added 111/193
2026-09-07 10:12:41,008 [DEBUG] core.argyll_runner: [argyll] Added 122/193
2026-09-07 10:12:41,009 [DEBUG] core.argyll_runner: [argyll] Added 133/193
2026-09-07 10:12:41,009 [DEBUG] core.argyll_runner: [argyll] Added 144/193
2026-09-07 10:12:41,010 [DEBUG] core.argyll_runner: [argyll] Added 155/193
2026-09-07 10:12:41,010 [DEBUG] core.argyll_runner: [argyll] Added 166/193
2026-09-07 10:12:41,011 [DEBUG] core.argyll_runner: [argyll] Added 177/193
2026-09-07 10:12:41,012 [DEBUG] core.argyll_runner: [argyll] Added 188/193
2026-09-07 10:12:41,013 [DEBUG] core.argyll_runner: [argyll] Added 193/193
2026-09-07 10:12:41,271 [DEBUG] core.argyll_runner: [argyll] 
2026-09-07 10:12:41,271 [DEBUG] core.argyll_runner: [argyll] After seeding points: MinPoint = 8.297, Min = 6.106, Avg. = 15.364, Max = 20.202, 0.0 secs
2026-09-07 10:12:41,272 [DEBUG] core.argyll_runner: [argyll] Re-seeding
2026-09-07 10:12:41,272 [DEBUG] core.argyll_runner: [argyll] It 1: Maxmv = 0.139210, MinPoint = 4.912, Min = 6.083, Avg. = 15.395, Max = 20.318, 0.0 secs.
2026-09-07 10:12:41,272 [DEBUG] core.argyll_runner: [argyll] Re-seeding
2026-09-07 10:12:41,272 [DEBUG] core.argyll_runner: [argyll] It 2: Maxmv = 0.135444, MinPoint = 7.348, Min = 7.599, Avg. = 15.309, Max = 20.364, 0.0 secs.
2026-09-07 10:12:41,273 [DEBUG] core.argyll_runner: [argyll] Re-seeding
2026-09-07 10:12:41,273 [DEBUG] core.argyll_runner: [argyll] It 3: Maxmv = 0.135231, MinPoint = 9.303, Min = 7.446, Avg. = 15.177, Max = 20.057, 0.0 secs.
2026-09-07 10:12:41,273 [DEBUG] core.argyll_runner: [argyll] Re-seeding
2026-09-07 10:12:41,273 [DEBUG] core.argyll_runner: [argyll] It 4: Maxmv = 0.112222, MinPoint = 8.411, Min = 8.163, Avg. = 15.148, Max = 19.761, 0.0 secs.
2026-09-07 10:12:41,274 [DEBUG] core.argyll_runner: [argyll] Re-seeding
2026-09-07 10:12:41,274 [DEBUG] core.argyll_runner: [argyll] It 5: Maxmv = 0.098997, MinPoint = 9.798, Min = 8.339, Avg. = 14.995, Max = 19.293, 0.0 secs.
2026-09-07 10:12:41,274 [DEBUG] core.argyll_runner: [argyll] Re-seeding
2026-09-07 10:12:41,274 [DEBUG] core.argyll_runner: [argyll] It 6: Maxmv = 0.090644, MinPoint = 12.712, Min = 8.819, Avg. = 14.989, Max = 19.490, 0.0 secs.
2026-09-07 10:12:41,275 [DEBUG] core.argyll_runner: [argyll] Re-seeding
2026-09-07 10:12:41,275 [DEBUG] core.argyll_runner: [argyll] It 7: Maxmv = 0.062351, MinPoint = 12.547, Min = 7.097, Avg. = 14.913, Max = 20.184, 0.0 secs.
2026-09-07 10:12:41,275 [DEBUG] core.argyll_runner: [argyll] Re-seeding
2026-09-07 10:12:41,275 [DEBUG] core.argyll_runner: [argyll] It 8: Maxmv = 0.074257, MinPoint = 11.437, Min = 9.226, Avg. = 14.863, Max = 18.485, 0.0 secs.
2026-09-07 10:12:41,275 [DEBUG] core.argyll_runner: [argyll] Re-seeding
2026-09-07 10:12:41,276 [DEBUG] core.argyll_runner: [argyll] It 9: Maxmv = 0.060884, MinPoint = 13.288, Min = 9.476, Avg. = 14.784, Max = 19.770, 0.0 secs.
2026-09-07 10:12:41,276 [DEBUG] core.argyll_runner: [argyll] Re-seeding
2026-09-07 10:12:41,276 [DEBUG] core.argyll_runner: [argyll] It 10: Maxmv = 0.049783, MinPoint = 12.485, Min = 8.676, Avg. = 14.829, Max = 18.790, 0.0 secs.
2026-09-07 10:12:41,276 [DEBUG] core.argyll_runner: [argyll] Re-seeding
2026-09-07 10:12:41,277 [DEBUG] core.argyll_runner: [argyll] It 11: Maxmv = 0.058085, MinPoint = 12.650, Min = 11.110, Avg. = 14.781, Max = 19.196, 0.0 secs.
2026-09-07 10:12:41,277 [DEBUG] core.argyll_runner: [argyll] Re-seeding
2026-09-07 10:12:41,277 [DEBUG] core.argyll_runner: [argyll] It 12: Maxmv = 0.043562, MinPoint = 13.133, Min = 10.012, Avg. = 14.780, Max = 17.997, 0.0 secs.
2026-09-07 10:12:41,277 [DEBUG] core.argyll_runner: [argyll] Re-seeding
2026-09-07 10:12:41,278 [DEBUG] core.argyll_runner: [argyll] It 13: Maxmv = 0.034691, MinPoint = 14.241, Min = 10.438, Avg. = 14.760, Max = 18.793, 0.0 secs.
2026-09-07 10:12:41,278 [DEBUG] core.argyll_runner: [argyll] Re-seeding
2026-09-07 10:12:41,278 [DEBUG] core.argyll_runner: [argyll] It 14: Maxmv = 0.027141, MinPoint = 13.873, Min = 11.047, Avg. = 14.728, Max = 18.024, 0.0 secs.
2026-09-07 10:12:41,278 [DEBUG] core.argyll_runner: [argyll] Re-seeding
2026-09-07 10:12:41,278 [DEBUG] core.argyll_runner: [argyll] It 15: Maxmv = 0.021377, MinPoint = 14.224, Min = 10.984, Avg. = 14.733, Max = 18.142, 0.0 secs.
2026-09-07 10:12:41,279 [DEBUG] core.argyll_runner: [argyll] Re-seeding
2026-09-07 10:12:41,279 [DEBUG] core.argyll_runner: [argyll] It 16: Maxmv = 0.018134, MinPoint = 13.528, Min = 10.908, Avg. = 14.744, Max = 17.738, 0.0 secs.
2026-09-07 10:12:41,279 [DEBUG] core.argyll_runner: [argyll] Re-seeding
2026-09-07 10:12:41,279 [DEBUG] core.argyll_runner: [argyll] It 17: Maxmv = 0.011040, MinPoint = 14.473, Min = 10.863, Avg. = 14.731, Max = 17.935, 0.0 secs.
2026-09-07 10:12:41,280 [DEBUG] core.argyll_runner: [argyll] Re-seeding
2026-09-07 10:12:41,280 [DEBUG] core.argyll_runner: [argyll] It 18: Maxmv = 0.006466, MinPoint = 14.466, Min = 10.833, Avg. = 14.735, Max = 17.706, 0.0 secs.
2026-09-07 10:12:41,280 [DEBUG] core.argyll_runner: [argyll] Re-seeding
2026-09-07 10:12:41,280 [DEBUG] core.argyll_runner: [argyll] It 19: Maxmv = 0.002663, MinPoint = 14.325, Min = 10.816, Avg. = 14.731, Max = 17.726, 0.0 secs.
2026-09-07 10:12:41,281 [DEBUG] core.argyll_runner: [argyll] Re-seeding
2026-09-07 10:12:41,281 [DEBUG] core.argyll_runner: [argyll] It 20: Maxmv = 0.002524, MinPoint = 14.289, Min = 10.800, Avg. = 14.728, Max = 17.746, 0.0 secs.
2026-09-07 10:12:41,281 [DEBUG] core.argyll_runner: [argyll] After optimization: MinPoint = 14.289, Min = 10.800, Avg. = 14.728, Max = 17.746
2026-09-07 10:12:41,281 [DEBUG] core.argyll_runner: [argyll] Total number of patches = 195
2026-09-07 10:12:41,282 [DEBUG] core.argyll_runner: [argyll] Execution time = 0.310997 seconds
2026-09-07 10:12:41,295 [INFO] core.argyll_runner: ArgyllRunner: finished with code 0
2026-09-07 10:12:41,337 [DEBUG] workflow.chart_creator: Wrote channel sidecar R2-Engine.channels.json: ['r', 'g', 'b']
2026-09-07 10:12:41,390 [DEBUG] ui.tiff_preview: TiffPreview: loaded 1 page(s)
2026-09-07 10:12:41,390 [INFO] ui.tabs.tab_chart: Preview loaded: 1 TIFF(s)
2026-09-07 10:12:41,399 [DEBUG] ui.tiff_preview: TiffPreview: loaded 1 page(s)
2026-09-07 10:12:41,400 [DEBUG] ui.tiff_preview: TiffPreview: loaded 1 page(s)
2026-09-07 10:12:41,406 [DEBUG] ui.tabs.tab_chart: create-chart settings written for run1 (40 parameters + ui state)
2026-09-07 10:12:42,815 [INFO] review:   [CR30 custom flat] built ok=True actual={'total': 195, 'fillup': 0, 'page_patches': 195, 'rows': 15, 'cols': 13, 'pages': 1, 'patch': (12.02, 12.02), 'pitch': None} est={'total': 195, 'fillup': 0, 'page_patches': 195, 'rows': 15, 'cols': 13, 'pages': 1, 'patch': (12.0, 12.0), 'pitch': None}
      margins=mm | inch | min | Left (to first patch) | 36.4 | 1.433 | — | Right (to first patch) | 7.6 | 0.297 | — | Top (to first patch) | 6.0 | 0.237 | — | Bottom (to first patch) | 14.0 | 0.551 | — | Patch width (in strip reading direction) | 12.0 | 0.473 | Strip length
      status='' notes='⚠ The left margin was widened from 14.4 mm to 36.4 mm to fit the row indicators. The labels start 26.0 mm in from the page edge and their text needs 9.4 mm. “Clip” is set to 4.0 mm and is not what is holding them out there, so lowering it moves nothing — the note under “Text distance from edge” names what is. To get that paper back, switch “Show row indicators” off or use a smaller label size.'
2026-09-07 10:12:42,816 [INFO] review:   MATRIX CR30/custom/flat: same=True est=(195, 15, 13, 1, (12.0, 12.0)) actual=(195, 15, 13, 1, (12.02, 12.02))
2026-09-07 10:12:42,980 [INFO] review:   shot Review/Screenshots/R04-engine/m-CR30-custom-flat.png  (3400x2100)
2026-09-07 10:12:43,011 [DEBUG] core.settings: settings.set helper_markers_show = False
2026-09-07 10:12:43,012 [DEBUG] core.settings: settings.set helper_marker_edge_mm = 2.0
2026-09-07 10:12:43,012 [DEBUG] core.settings: settings.set helper_marker_len_mm = 2.0
2026-09-07 10:12:43,012 [DEBUG] core.settings: settings.set helper_marker_per_patch = 3
2026-09-07 10:12:43,012 [DEBUG] core.settings: settings.set helper_markers_top_bottom = True
2026-09-07 10:12:43,012 [DEBUG] core.settings: settings.set helper_markers_sides = True
2026-09-07 10:12:43,510 [DEBUG] core.settings: settings.set helper_markers_show = False
2026-09-07 10:12:43,510 [DEBUG] core.settings: settings.set helper_marker_edge_mm = 2.0
2026-09-07 10:12:43,510 [DEBUG] core.settings: settings.set helper_marker_len_mm = 2.0
2026-09-07 10:12:43,510 [DEBUG] core.settings: settings.set helper_marker_per_patch = 3
2026-09-07 10:12:43,510 [DEBUG] core.settings: settings.set helper_markers_top_bottom = True
2026-09-07 10:12:43,510 [DEBUG] core.settings: settings.set helper_markers_sides = True
2026-09-07 10:12:44,325 [INFO] review:   armed: dialog ~'quite fill' -> click 'OK' (last page hint)
2026-09-07 10:12:44,326 [INFO] review:   armed: dialog ~'already' -> click 'Continue' 
2026-09-07 10:12:44,327 [INFO] ui.tabs.tab_chart: chart build (Generate Chart) in manual: patch set targen | manual panel: Letter, 0x0 grid, margins T38.0 R9.0 B9.0 L26.0
2026-09-07 10:12:44,331 [DEBUG] core.settings: settings.set session_ti3_path = ''
2026-09-07 10:12:44,331 [DEBUG] core.settings: settings.set session_icc_path = ''
2026-09-07 10:12:44,331 [DEBUG] core.settings: settings.set session_cal_ti3_path = ''
2026-09-07 10:12:44,333 [DEBUG] core.file_manager: Target name set to: R2-Engine (root /Users/Basti/ChromIQ-assessment/R2-Engine)
2026-09-07 10:12:44,334 [INFO] core.file_manager: opened the EXISTING project at /Users/Basti/ChromIQ-assessment/R2-Engine (1 run(s) on disk)
2026-09-07 10:12:44,358 [INFO] workflow.chart_creator: Chart generation: 462 patches, instrument=i1 paper=Letter disable_lb=True
2026-09-07 10:12:44,359 [INFO] workflow.chart_creator: targen args: ['-v', '-d2', '-f462', '-e4', '-B4', '-G', '-g26', 'R2-Engine']
2026-09-07 10:12:44,359 [INFO] core.argyll_runner: Run: /Applications/Argyll/bin/targen -v -d2 -f462 -e4 -B4 -G -g26 R2-Engine  [cwd=/Users/Basti/ChromIQ-assessment/R2-Engine/runs/run1]
2026-09-07 10:12:44,431 [DEBUG] core.argyll_runner: [argyll] iRGB test chart
2026-09-07 10:12:44,431 [DEBUG] core.argyll_runner: [argyll] White patches = 4
2026-09-07 10:12:44,431 [DEBUG] core.argyll_runner: [argyll] Black patches = 4
2026-09-07 10:12:44,431 [DEBUG] core.argyll_runner: [argyll] Composite Grey steps = 26
2026-09-07 10:12:44,432 [DEBUG] core.argyll_runner: [argyll] Full spread patches = 462
2026-09-07 10:12:44,432 [DEBUG] core.argyll_runner: [argyll] Degree of adaptation: 0.100
2026-09-07 10:12:44,432 [DEBUG] core.argyll_runner: [argyll] Adaptation weights: Device = 0.935, Perceptual = 0.065, Curvature = 0.010
2026-09-07 10:12:44,432 [DEBUG] core.argyll_runner: [argyll] Perceptual cache resolution = 9
2026-09-07 10:12:44,432 [DEBUG] core.argyll_runner: [argyll] Seeding cache...done
2026-09-07 10:12:44,432 [DEBUG] core.argyll_runner: [argyll] Acceleration grid res = 8
2026-09-07 10:12:44,433 [DEBUG] core.argyll_runner: [argyll] 
2026-09-07 10:12:44,433 [DEBUG] core.argyll_runner: [argyll] There are 26 unique fixed points to add (32 total fixed points)
2026-09-07 10:12:44,433 [DEBUG] core.argyll_runner: [argyll] There are 430 far spread points to add
2026-09-07 10:12:44,433 [DEBUG] core.argyll_runner: [argyll] 
2026-09-07 10:12:44,433 [DEBUG] core.argyll_runner: [argyll] Added 12/456
2026-09-07 10:12:44,433 [DEBUG] core.argyll_runner: [argyll] Added 23/456
2026-09-07 10:12:44,434 [DEBUG] core.argyll_runner: [argyll] Added 34/456
2026-09-07 10:12:44,434 [DEBUG] core.argyll_runner: [argyll] Added 45/456
2026-09-07 10:12:44,455 [DEBUG] core.argyll_runner: [argyll] 
2026-09-07 10:12:44,455 [DEBUG] core.argyll_runner: [argyll] Added 56/456
2026-09-07 10:12:44,455 [DEBUG] core.argyll_runner: [argyll] Added 67/456
2026-09-07 10:12:44,455 [DEBUG] core.argyll_runner: [argyll] Added 78/456
2026-09-07 10:12:44,455 [DEBUG] core.argyll_runner: [argyll] Added 89/456
2026-09-07 10:12:44,456 [DEBUG] core.argyll_runner: [argyll] Added 100/456
2026-09-07 10:12:44,457 [DEBUG] core.argyll_runner: [argyll] Added 111/456
2026-09-07 10:12:44,457 [DEBUG] core.argyll_runner: [argyll] Added 122/456
2026-09-07 10:12:44,458 [DEBUG] core.argyll_runner: [argyll] Added 133/456
2026-09-07 10:12:44,459 [DEBUG] core.argyll_runner: [argyll] Added 144/456
2026-09-07 10:12:44,460 [DEBUG] core.argyll_runner: [argyll] Added 155/456
2026-09-07 10:12:44,462 [DEBUG] core.argyll_runner: [argyll] Added 166/456
2026-09-07 10:12:44,463 [DEBUG] core.argyll_runner: [argyll] Added 177/456
2026-09-07 10:12:44,465 [DEBUG] core.argyll_runner: [argyll] Added 188/456
2026-09-07 10:12:44,466 [DEBUG] core.argyll_runner: [argyll] Added 199/456
2026-09-07 10:12:44,468 [DEBUG] core.argyll_runner: [argyll] Added 210/456
2026-09-07 10:12:44,470 [DEBUG] core.argyll_runner: [argyll] Added 221/456
2026-09-07 10:12:44,472 [DEBUG] core.argyll_runner: [argyll] Added 232/456
2026-09-07 10:12:44,474 [DEBUG] core.argyll_runner: [argyll] Added 243/456
2026-09-07 10:12:44,476 [DEBUG] core.argyll_runner: [argyll] Added 254/456
2026-09-07 10:12:44,479 [DEBUG] core.argyll_runner: [argyll] Added 265/456
2026-09-07 10:12:44,481 [DEBUG] core.argyll_runner: [argyll] Added 276/456
2026-09-07 10:12:44,484 [DEBUG] core.argyll_runner: [argyll] Added 287/456
2026-09-07 10:12:44,487 [DEBUG] core.argyll_runner: [argyll] Added 298/456
2026-09-07 10:12:44,490 [DEBUG] core.argyll_runner: [argyll] Added 309/456
2026-09-07 10:12:44,493 [DEBUG] core.argyll_runner: [argyll] Added 320/456
2026-09-07 10:12:44,496 [DEBUG] core.argyll_runner: [argyll] Added 331/456
2026-09-07 10:12:44,512 [DEBUG] core.argyll_runner: [argyll] 
2026-09-07 10:12:44,513 [DEBUG] core.argyll_runner: [argyll] Added 342/456
2026-09-07 10:12:44,513 [DEBUG] core.argyll_runner: [argyll] Added 353/456
2026-09-07 10:12:44,513 [DEBUG] core.argyll_runner: [argyll] Added 364/456
2026-09-07 10:12:44,514 [DEBUG] core.argyll_runner: [argyll] Added 375/456
2026-09-07 10:12:44,514 [DEBUG] core.argyll_runner: [argyll] Added 386/456
2026-09-07 10:12:44,515 [DEBUG] core.argyll_runner: [argyll] Added 397/456
2026-09-07 10:12:44,516 [DEBUG] core.argyll_runner: [argyll] Added 408/456
2026-09-07 10:12:44,516 [DEBUG] core.argyll_runner: [argyll] Added 419/456
2026-09-07 10:12:44,517 [DEBUG] core.argyll_runner: [argyll] Added 430/456
2026-09-07 10:12:44,519 [DEBUG] core.argyll_runner: [argyll] Added 441/456
2026-09-07 10:12:44,520 [DEBUG] core.argyll_runner: [argyll] Added 452/456
2026-09-07 10:12:44,521 [DEBUG] core.argyll_runner: [argyll] Added 456/456
2026-09-07 10:12:45,261 [DEBUG] core.argyll_runner: [argyll] 
2026-09-07 10:12:45,262 [DEBUG] core.argyll_runner: [argyll] After seeding points: MinPoint = 5.087, Min = 5.099, Avg. = 11.327, Max = 15.671, 0.1 secs
2026-09-07 10:12:45,262 [DEBUG] core.argyll_runner: [argyll] Re-seeding
2026-09-07 10:12:45,262 [DEBUG] core.argyll_runner: [argyll] It 1: Maxmv = 0.093990, MinPoint = 4.302, Min = 6.125, Avg. = 11.346, Max = 15.440, 0.0 secs.
2026-09-07 10:12:45,263 [DEBUG] core.argyll_runner: [argyll] Re-seeding
2026-09-07 10:12:45,263 [DEBUG] core.argyll_runner: [argyll] It 2: Maxmv = 0.095327, MinPoint = 2.954, Min = 6.125, Avg. = 11.285, Max = 14.371, 0.0 secs.
2026-09-07 10:12:45,263 [DEBUG] core.argyll_runner: [argyll] Re-seeding
2026-09-07 10:12:45,263 [DEBUG] core.argyll_runner: [argyll] It 3: Maxmv = 0.086068, MinPoint = 6.122, Min = 6.125, Avg. = 11.204, Max = 14.435, 0.0 secs.
2026-09-07 10:12:45,264 [DEBUG] core.argyll_runner: [argyll] Re-seeding
2026-09-07 10:12:45,264 [DEBUG] core.argyll_runner: [argyll] It 4: Maxmv = 0.080960, MinPoint = 5.634, Min = 6.125, Avg. = 11.147, Max = 14.325, 0.0 secs.
2026-09-07 10:12:45,264 [DEBUG] core.argyll_runner: [argyll] Re-seeding
2026-09-07 10:12:45,264 [DEBUG] core.argyll_runner: [argyll] It 5: Maxmv = 0.070662, MinPoint = 6.483, Min = 6.125, Avg. = 11.068, Max = 13.896, 0.0 secs.
2026-09-07 10:12:45,265 [DEBUG] core.argyll_runner: [argyll] Re-seeding
2026-09-07 10:12:45,265 [DEBUG] core.argyll_runner: [argyll] It 6: Maxmv = 0.057114, MinPoint = 5.747, Min = 6.125, Avg. = 11.033, Max = 14.137, 0.0 secs.
2026-09-07 10:12:45,265 [DEBUG] core.argyll_runner: [argyll] Re-seeding
2026-09-07 10:12:45,265 [DEBUG] core.argyll_runner: [argyll] It 7: Maxmv = 0.059340, MinPoint = 6.661, Min = 6.125, Avg. = 10.985, Max = 14.030, 0.0 secs.
2026-09-07 10:12:45,266 [DEBUG] core.argyll_runner: [argyll] Re-seeding
2026-09-07 10:12:45,266 [DEBUG] core.argyll_runner: [argyll] It 8: Maxmv = 0.048953, MinPoint = 6.661, Min = 6.125, Avg. = 10.934, Max = 14.175, 0.0 secs.
2026-09-07 10:12:45,266 [DEBUG] core.argyll_runner: [argyll] Re-seeding
2026-09-07 10:12:45,266 [DEBUG] core.argyll_runner: [argyll] It 9: Maxmv = 0.050524, MinPoint = 6.661, Min = 6.125, Avg. = 10.902, Max = 13.312, 0.0 secs.
2026-09-07 10:12:45,267 [DEBUG] core.argyll_runner: [argyll] Re-seeding
2026-09-07 10:12:45,267 [DEBUG] core.argyll_runner: [argyll] It 10: Maxmv = 0.036740, MinPoint = 6.661, Min = 6.125, Avg. = 10.880, Max = 13.744, 0.0 secs.
2026-09-07 10:12:45,267 [DEBUG] core.argyll_runner: [argyll] Re-seeding
2026-09-07 10:12:45,267 [DEBUG] core.argyll_runner: [argyll] It 11: Maxmv = 0.032140, MinPoint = 6.661, Min = 6.125, Avg. = 10.865, Max = 13.365, 0.0 secs.
2026-09-07 10:12:45,268 [DEBUG] core.argyll_runner: [argyll] Re-seeding
2026-09-07 10:12:45,268 [DEBUG] core.argyll_runner: [argyll] It 12: Maxmv = 0.028308, MinPoint = 6.661, Min = 6.125, Avg. = 10.845, Max = 13.294, 0.0 secs.
2026-09-07 10:12:45,268 [DEBUG] core.argyll_runner: [argyll] Re-seeding
2026-09-07 10:12:45,268 [DEBUG] core.argyll_runner: [argyll] It 13: Maxmv = 0.021933, MinPoint = 6.661, Min = 6.125, Avg. = 10.833, Max = 13.110, 0.0 secs.
2026-09-07 10:12:45,269 [DEBUG] core.argyll_runner: [argyll] Re-seeding
2026-09-07 10:12:45,269 [DEBUG] core.argyll_runner: [argyll] It 14: Maxmv = 0.019138, MinPoint = 6.661, Min = 6.125, Avg. = 10.824, Max = 12.797, 0.0 secs.
2026-09-07 10:12:45,269 [DEBUG] core.argyll_runner: [argyll] Re-seeding
2026-09-07 10:12:45,269 [DEBUG] core.argyll_runner: [argyll] It 15: Maxmv = 0.019412, MinPoint = 6.661, Min = 6.125, Avg. = 10.818, Max = 13.000, 0.0 secs.
2026-09-07 10:12:45,270 [DEBUG] core.argyll_runner: [argyll] Re-seeding
2026-09-07 10:12:45,270 [DEBUG] core.argyll_runner: [argyll] It 16: Maxmv = 0.013412, MinPoint = 6.661, Min = 6.125, Avg. = 10.810, Max = 12.885, 0.0 secs.
2026-09-07 10:12:45,270 [DEBUG] core.argyll_runner: [argyll] Re-seeding
2026-09-07 10:12:45,271 [DEBUG] core.argyll_runner: [argyll] It 17: Maxmv = 0.010233, MinPoint = 6.661, Min = 6.125, Avg. = 10.808, Max = 12.964, 0.0 secs.
2026-09-07 10:12:45,271 [DEBUG] core.argyll_runner: [argyll] Re-seeding
2026-09-07 10:12:45,271 [DEBUG] core.argyll_runner: [argyll] It 18: Maxmv = 0.005617, MinPoint = 6.661, Min = 6.125, Avg. = 10.799, Max = 12.935, 0.0 secs.
2026-09-07 10:12:45,271 [DEBUG] core.argyll_runner: [argyll] Re-seeding
2026-09-07 10:12:45,272 [DEBUG] core.argyll_runner: [argyll] It 19: Maxmv = 0.001791, MinPoint = 6.661, Min = 6.125, Avg. = 10.798, Max = 12.954, 0.0 secs.
2026-09-07 10:12:45,272 [DEBUG] core.argyll_runner: [argyll] Re-seeding
2026-09-07 10:12:45,272 [DEBUG] core.argyll_runner: [argyll] It 20: Maxmv = 0.001761, MinPoint = 6.661, Min = 6.125, Avg. = 10.798, Max = 12.941, 0.0 secs.
2026-09-07 10:12:45,272 [DEBUG] core.argyll_runner: [argyll] After optimization: MinPoint = 6.661, Min = 6.125, Avg. = 10.798, Max = 12.941
2026-09-07 10:12:45,273 [DEBUG] core.argyll_runner: [argyll] Total number of patches = 462
2026-09-07 10:12:45,273 [DEBUG] core.argyll_runner: [argyll] Execution time = 0.826298 seconds
2026-09-07 10:12:45,273 [INFO] core.argyll_runner: ArgyllRunner: finished with code 0
2026-09-07 10:12:45,329 [DEBUG] workflow.chart_creator: Wrote channel sidecar R2-Engine.channels.json: ['r', 'g', 'b']
2026-09-07 10:12:45,411 [DEBUG] ui.tiff_preview: TiffPreview: loaded 1 page(s)
2026-09-07 10:12:45,411 [INFO] ui.tabs.tab_chart: Preview loaded: 1 TIFF(s)
2026-09-07 10:12:45,423 [DEBUG] ui.tiff_preview: TiffPreview: loaded 1 page(s)
2026-09-07 10:12:45,425 [DEBUG] ui.tiff_preview: TiffPreview: loaded 1 page(s)
2026-09-07 10:12:45,432 [DEBUG] ui.tabs.tab_chart: create-chart settings written for run1 (40 parameters + ui state)
2026-09-07 10:12:47,053 [INFO] review:   [i1 Letter clip] built ok=True actual={'total': 462, 'fillup': 0, 'page_patches': 462, 'rows': 21, 'cols': 22, 'pages': 1, 'patch': (8.04, 9.99), 'pitch': None} est={'total': 462, 'fillup': 0, 'page_patches': 462, 'rows': 21, 'cols': 22, 'pages': 1, 'patch': (8.0, 10.0), 'pitch': None}
      margins=mm | inch | min | Left (to first patch) | 26.0 | 1.023 | 26.0 | Right (to first patch) | 13.9 | 0.547 | 9.0 | Top (to first patch) | 39.0 | 1.537 | 38.0 | Bottom (to first patch) | 10.4 | 0.410 | 9.0 | Patch width (in strip reading direction) | 8.0 | 0.317 | S
      status='Margins: OK' notes=''
2026-09-07 10:12:47,054 [INFO] review:   MATRIX i1/Letter/clip: same=True est=(462, 21, 22, 1, (8.0, 10.0)) actual=(462, 21, 22, 1, (8.04, 9.99))
2026-09-07 10:12:47,216 [INFO] review:   shot Review/Screenshots/R04-engine/m-i1-Letter-clip.png  (3400x2100)
2026-09-07 10:12:47,707 [DEBUG] core.settings: settings.set helper_markers_show = False
2026-09-07 10:12:47,707 [DEBUG] core.settings: settings.set helper_marker_edge_mm = 2.0
2026-09-07 10:12:47,707 [DEBUG] core.settings: settings.set helper_marker_len_mm = 2.0
2026-09-07 10:12:47,707 [DEBUG] core.settings: settings.set helper_marker_per_patch = 3
2026-09-07 10:12:47,707 [DEBUG] core.settings: settings.set helper_markers_top_bottom = True
2026-09-07 10:12:47,707 [DEBUG] core.settings: settings.set helper_markers_sides = True
2026-09-07 10:12:48,614 [DEBUG] core.settings: settings.set helper_markers_show = False
2026-09-07 10:12:48,614 [DEBUG] core.settings: settings.set helper_marker_edge_mm = 2.0
2026-09-07 10:12:48,614 [DEBUG] core.settings: settings.set helper_marker_len_mm = 2.0
2026-09-07 10:12:48,614 [DEBUG] core.settings: settings.set helper_marker_per_patch = 3
2026-09-07 10:12:48,614 [DEBUG] core.settings: settings.set helper_markers_top_bottom = True
2026-09-07 10:12:48,614 [DEBUG] core.settings: settings.set helper_markers_sides = True
2026-09-07 10:12:48,856 [DEBUG] core.settings: settings.set helper_markers_show = False
2026-09-07 10:12:48,856 [DEBUG] core.settings: settings.set helper_marker_edge_mm = 2.0
2026-09-07 10:12:48,856 [DEBUG] core.settings: settings.set helper_marker_len_mm = 2.0
2026-09-07 10:12:48,856 [DEBUG] core.settings: settings.set helper_marker_per_patch = 3
2026-09-07 10:12:48,856 [DEBUG] core.settings: settings.set helper_markers_top_bottom = True
2026-09-07 10:12:48,856 [DEBUG] core.settings: settings.set helper_markers_sides = True
2026-09-07 10:12:49,422 [INFO] review:   armed: dialog ~'quite fill' -> click 'OK' (last page hint)
2026-09-07 10:12:49,422 [INFO] review:   armed: dialog ~'already' -> click 'Continue' 
2026-09-07 10:12:49,423 [INFO] ui.tabs.tab_chart: chart build (Generate Chart) in manual: patch set targen | manual panel: A4, 0x0 grid, margins T38.0 R9.0 B19.0 L26.0
2026-09-07 10:12:49,426 [DEBUG] core.settings: settings.set session_ti3_path = ''
2026-09-07 10:12:49,426 [DEBUG] core.settings: settings.set session_icc_path = ''
2026-09-07 10:12:49,426 [DEBUG] core.settings: settings.set session_cal_ti3_path = ''
2026-09-07 10:12:49,428 [DEBUG] core.file_manager: Target name set to: R2-Engine (root /Users/Basti/ChromIQ-assessment/R2-Engine)
2026-09-07 10:12:49,428 [INFO] core.file_manager: opened the EXISTING project at /Users/Basti/ChromIQ-assessment/R2-Engine (1 run(s) on disk)
2026-09-07 10:12:49,478 [INFO] workflow.chart_creator: Chart generation: 525 patches, instrument=i1 paper=A4 disable_lb=True
2026-09-07 10:12:49,478 [INFO] workflow.chart_creator: targen args: ['-v', '-d2', '-f525', '-e4', '-B4', '-G', '-g30', 'R2-Engine']
2026-09-07 10:12:49,478 [INFO] core.argyll_runner: Run: /Applications/Argyll/bin/targen -v -d2 -f525 -e4 -B4 -G -g30 R2-Engine  [cwd=/Users/Basti/ChromIQ-assessment/R2-Engine/runs/run1]
2026-09-07 10:12:49,547 [DEBUG] core.argyll_runner: [argyll] iRGB test chart
2026-09-07 10:12:49,547 [DEBUG] core.argyll_runner: [argyll] White patches = 4
2026-09-07 10:12:49,547 [DEBUG] core.argyll_runner: [argyll] Black patches = 4
2026-09-07 10:12:49,547 [DEBUG] core.argyll_runner: [argyll] Composite Grey steps = 30
2026-09-07 10:12:49,548 [DEBUG] core.argyll_runner: [argyll] Full spread patches = 525
2026-09-07 10:12:49,548 [DEBUG] core.argyll_runner: [argyll] Degree of adaptation: 0.100
2026-09-07 10:12:49,548 [DEBUG] core.argyll_runner: [argyll] Adaptation weights: Device = 0.935, Perceptual = 0.065, Curvature = 0.010
2026-09-07 10:12:49,548 [DEBUG] core.argyll_runner: [argyll] Perceptual cache resolution = 9
2026-09-07 10:12:49,548 [DEBUG] core.argyll_runner: [argyll] Seeding cache...done
2026-09-07 10:12:49,549 [DEBUG] core.argyll_runner: [argyll] Acceleration grid res = 9
2026-09-07 10:12:49,549 [DEBUG] core.argyll_runner: [argyll] 
2026-09-07 10:12:49,549 [DEBUG] core.argyll_runner: [argyll] There are 30 unique fixed points to add (36 total fixed points)
2026-09-07 10:12:49,549 [DEBUG] core.argyll_runner: [argyll] There are 489 far spread points to add
2026-09-07 10:12:49,549 [DEBUG] core.argyll_runner: [argyll] 
2026-09-07 10:12:49,549 [DEBUG] core.argyll_runner: [argyll] Added 12/519
2026-09-07 10:12:49,549 [DEBUG] core.argyll_runner: [argyll] Added 23/519
2026-09-07 10:12:49,550 [DEBUG] core.argyll_runner: [argyll] Added 34/519
2026-09-07 10:12:49,550 [DEBUG] core.argyll_runner: [argyll] Added 45/519
2026-09-07 10:12:49,550 [DEBUG] core.argyll_runner: [argyll] Added 56/519
2026-09-07 10:12:49,571 [DEBUG] core.argyll_runner: [argyll] 
2026-09-07 10:12:49,571 [DEBUG] core.argyll_runner: [argyll] Added 67/519
2026-09-07 10:12:49,571 [DEBUG] core.argyll_runner: [argyll] Added 78/519
2026-09-07 10:12:49,571 [DEBUG] core.argyll_runner: [argyll] Added 89/519
2026-09-07 10:12:49,572 [DEBUG] core.argyll_runner: [argyll] Added 100/519
2026-09-07 10:12:49,572 [DEBUG] core.argyll_runner: [argyll] Added 111/519
2026-09-07 10:12:49,573 [DEBUG] core.argyll_runner: [argyll] Added 122/519
2026-09-07 10:12:49,574 [DEBUG] core.argyll_runner: [argyll] Added 133/519
2026-09-07 10:12:49,575 [DEBUG] core.argyll_runner: [argyll] Added 144/519
2026-09-07 10:12:49,576 [DEBUG] core.argyll_runner: [argyll] Added 155/519
2026-09-07 10:12:49,577 [DEBUG] core.argyll_runner: [argyll] Added 166/519
2026-09-07 10:12:49,578 [DEBUG] core.argyll_runner: [argyll] Added 177/519
2026-09-07 10:12:49,579 [DEBUG] core.argyll_runner: [argyll] Added 188/519
2026-09-07 10:12:49,581 [DEBUG] core.argyll_runner: [argyll] Added 199/519
2026-09-07 10:12:49,583 [DEBUG] core.argyll_runner: [argyll] Added 210/519
2026-09-07 10:12:49,584 [DEBUG] core.argyll_runner: [argyll] Added 221/519
2026-09-07 10:12:49,586 [DEBUG] core.argyll_runner: [argyll] Added 232/519
2026-09-07 10:12:49,588 [DEBUG] core.argyll_runner: [argyll] Added 243/519
2026-09-07 10:12:49,590 [DEBUG] core.argyll_runner: [argyll] Added 254/519
2026-09-07 10:12:49,593 [DEBUG] core.argyll_runner: [argyll] Added 265/519
2026-09-07 10:12:49,595 [DEBUG] core.argyll_runner: [argyll] Added 276/519
2026-09-07 10:12:49,598 [DEBUG] core.argyll_runner: [argyll] Added 287/519
2026-09-07 10:12:49,600 [DEBUG] core.argyll_runner: [argyll] Added 298/519
2026-09-07 10:12:49,603 [DEBUG] core.argyll_runner: [argyll] Added 309/519
2026-09-07 10:12:49,606 [DEBUG] core.argyll_runner: [argyll] Added 320/519
2026-09-07 10:12:49,609 [DEBUG] core.argyll_runner: [argyll] Added 331/519
2026-09-07 10:12:49,613 [DEBUG] core.argyll_runner: [argyll] Added 342/519
2026-09-07 10:12:49,629 [DEBUG] core.argyll_runner: [argyll] 
2026-09-07 10:12:49,630 [DEBUG] core.argyll_runner: [argyll] Added 353/519
2026-09-07 10:12:49,630 [DEBUG] core.argyll_runner: [argyll] Added 364/519
2026-09-07 10:12:49,630 [DEBUG] core.argyll_runner: [argyll] Added 375/519
2026-09-07 10:12:49,631 [DEBUG] core.argyll_runner: [argyll] Added 386/519
2026-09-07 10:12:49,631 [DEBUG] core.argyll_runner: [argyll] Added 397/519
2026-09-07 10:12:49,632 [DEBUG] core.argyll_runner: [argyll] Added 408/519
2026-09-07 10:12:49,632 [DEBUG] core.argyll_runner: [argyll] Added 419/519
2026-09-07 10:12:49,633 [DEBUG] core.argyll_runner: [argyll] Added 430/519
2026-09-07 10:12:49,634 [DEBUG] core.argyll_runner: [argyll] Added 441/519
2026-09-07 10:12:49,635 [DEBUG] core.argyll_runner: [argyll] Added 452/519
2026-09-07 10:12:49,637 [DEBUG] core.argyll_runner: [argyll] Added 463/519
2026-09-07 10:12:49,638 [DEBUG] core.argyll_runner: [argyll] Added 474/519
2026-09-07 10:12:49,640 [DEBUG] core.argyll_runner: [argyll] Added 485/519
2026-09-07 10:12:49,641 [DEBUG] core.argyll_runner: [argyll] Added 496/519
2026-09-07 10:12:49,643 [DEBUG] core.argyll_runner: [argyll] Added 507/519
2026-09-07 10:12:49,645 [DEBUG] core.argyll_runner: [argyll] Added 518/519
2026-09-07 10:12:49,647 [DEBUG] core.argyll_runner: [argyll] Added 519/519
2026-09-07 10:12:50,519 [DEBUG] core.argyll_runner: [argyll] 
2026-09-07 10:12:50,520 [DEBUG] core.argyll_runner: [argyll] After seeding points: MinPoint = 4.448, Min = 4.322, Avg. = 10.848, Max = 14.666, 0.1 secs
2026-09-07 10:12:50,521 [DEBUG] core.argyll_runner: [argyll] Re-seeding
2026-09-07 10:12:50,521 [DEBUG] core.argyll_runner: [argyll] It 1: Maxmv = 0.103363, MinPoint = 3.460, Min = 4.005, Avg. = 10.861, Max = 14.358, 0.0 secs.
2026-09-07 10:12:50,521 [DEBUG] core.argyll_runner: [argyll] Re-seeding
2026-09-07 10:12:50,521 [DEBUG] core.argyll_runner: [argyll] It 2: Maxmv = 0.084402, MinPoint = 5.380, Min = 5.280, Avg. = 10.758, Max = 13.964, 0.0 secs.
2026-09-07 10:12:50,522 [DEBUG] core.argyll_runner: [argyll] Re-seeding
2026-09-07 10:12:50,522 [DEBUG] core.argyll_runner: [argyll] It 3: Maxmv = 0.076162, MinPoint = 5.428, Min = 5.280, Avg. = 10.700, Max = 13.835, 0.0 secs.
2026-09-07 10:12:50,522 [DEBUG] core.argyll_runner: [argyll] Re-seeding
2026-09-07 10:12:50,522 [DEBUG] core.argyll_runner: [argyll] It 4: Maxmv = 0.072726, MinPoint = 5.743, Min = 5.280, Avg. = 10.603, Max = 14.075, 0.0 secs.
2026-09-07 10:12:50,523 [DEBUG] core.argyll_runner: [argyll] Re-seeding
2026-09-07 10:12:50,523 [DEBUG] core.argyll_runner: [argyll] It 5: Maxmv = 0.068513, MinPoint = 5.743, Min = 5.280, Avg. = 10.535, Max = 13.679, 0.0 secs.
2026-09-07 10:12:50,523 [DEBUG] core.argyll_runner: [argyll] Re-seeding
2026-09-07 10:12:50,523 [DEBUG] core.argyll_runner: [argyll] It 6: Maxmv = 0.056321, MinPoint = 5.743, Min = 5.280, Avg. = 10.518, Max = 13.779, 0.0 secs.
2026-09-07 10:12:50,524 [DEBUG] core.argyll_runner: [argyll] Re-seeding
2026-09-07 10:12:50,524 [DEBUG] core.argyll_runner: [argyll] It 7: Maxmv = 0.059854, MinPoint = 5.743, Min = 5.280, Avg. = 10.461, Max = 13.725, 0.0 secs.
2026-09-07 10:12:50,524 [DEBUG] core.argyll_runner: [argyll] Re-seeding
2026-09-07 10:12:50,524 [DEBUG] core.argyll_runner: [argyll] It 8: Maxmv = 0.051345, MinPoint = 5.743, Min = 5.280, Avg. = 10.437, Max = 13.448, 0.0 secs.
2026-09-07 10:12:50,525 [DEBUG] core.argyll_runner: [argyll] Re-seeding
2026-09-07 10:12:50,525 [DEBUG] core.argyll_runner: [argyll] It 9: Maxmv = 0.040554, MinPoint = 5.743, Min = 5.280, Avg. = 10.411, Max = 13.065, 0.0 secs.
2026-09-07 10:12:50,525 [DEBUG] core.argyll_runner: [argyll] Re-seeding
2026-09-07 10:12:50,525 [DEBUG] core.argyll_runner: [argyll] It 10: Maxmv = 0.030994, MinPoint = 5.743, Min = 5.280, Avg. = 10.383, Max = 12.735, 0.0 secs.
2026-09-07 10:12:50,526 [DEBUG] core.argyll_runner: [argyll] Re-seeding
2026-09-07 10:12:50,526 [DEBUG] core.argyll_runner: [argyll] It 11: Maxmv = 0.032989, MinPoint = 5.743, Min = 5.280, Avg. = 10.373, Max = 12.994, 0.0 secs.
2026-09-07 10:12:50,526 [DEBUG] core.argyll_runner: [argyll] Re-seeding
2026-09-07 10:12:50,526 [DEBUG] core.argyll_runner: [argyll] It 12: Maxmv = 0.030487, MinPoint = 5.743, Min = 5.280, Avg. = 10.349, Max = 12.936, 0.0 secs.
2026-09-07 10:12:50,527 [DEBUG] core.argyll_runner: [argyll] Re-seeding
2026-09-07 10:12:50,527 [DEBUG] core.argyll_runner: [argyll] It 13: Maxmv = 0.021481, MinPoint = 5.743, Min = 5.280, Avg. = 10.346, Max = 12.600, 0.0 secs.
2026-09-07 10:12:50,527 [DEBUG] core.argyll_runner: [argyll] Re-seeding
2026-09-07 10:12:50,527 [DEBUG] core.argyll_runner: [argyll] It 14: Maxmv = 0.016377, MinPoint = 5.743, Min = 5.280, Avg. = 10.329, Max = 12.441, 0.0 secs.
2026-09-07 10:12:50,528 [DEBUG] core.argyll_runner: [argyll] Re-seeding
2026-09-07 10:12:50,528 [DEBUG] core.argyll_runner: [argyll] It 15: Maxmv = 0.013408, MinPoint = 5.743, Min = 5.280, Avg. = 10.331, Max = 12.462, 0.0 secs.
2026-09-07 10:12:50,528 [DEBUG] core.argyll_runner: [argyll] Re-seeding
2026-09-07 10:12:50,528 [DEBUG] core.argyll_runner: [argyll] It 16: Maxmv = 0.011614, MinPoint = 5.743, Min = 5.280, Avg. = 10.321, Max = 12.261, 0.0 secs.
2026-09-07 10:12:50,529 [DEBUG] core.argyll_runner: [argyll] Re-seeding
2026-09-07 10:12:50,529 [DEBUG] core.argyll_runner: [argyll] It 17: Maxmv = 0.006463, MinPoint = 5.743, Min = 5.280, Avg. = 10.321, Max = 12.391, 0.0 secs.
2026-09-07 10:12:50,529 [DEBUG] core.argyll_runner: [argyll] Re-seeding
2026-09-07 10:12:50,529 [DEBUG] core.argyll_runner: [argyll] It 18: Maxmv = 0.005609, MinPoint = 5.743, Min = 5.280, Avg. = 10.319, Max = 12.293, 0.0 secs.
2026-09-07 10:12:50,530 [DEBUG] core.argyll_runner: [argyll] Re-seeding
2026-09-07 10:12:50,530 [DEBUG] core.argyll_runner: [argyll] It 19: Maxmv = 0.001380, MinPoint = 5.743, Min = 5.280, Avg. = 10.320, Max = 12.323, 0.0 secs.
2026-09-07 10:12:50,530 [DEBUG] core.argyll_runner: [argyll] Re-seeding
2026-09-07 10:12:50,530 [DEBUG] core.argyll_runner: [argyll] It 20: Maxmv = 0.001368, MinPoint = 5.743, Min = 5.280, Avg. = 10.321, Max = 12.343, 0.0 secs.
2026-09-07 10:12:50,531 [DEBUG] core.argyll_runner: [argyll] After optimization: MinPoint = 5.743, Min = 5.280, Avg. = 10.321, Max = 12.343
2026-09-07 10:12:50,531 [DEBUG] core.argyll_runner: [argyll] Total number of patches = 525
2026-09-07 10:12:50,531 [DEBUG] core.argyll_runner: [argyll] Execution time = 0.973005 seconds
2026-09-07 10:12:50,532 [INFO] core.argyll_runner: ArgyllRunner: finished with code 0
2026-09-07 10:12:50,922 [DEBUG] workflow.chart_creator: Wrote channel sidecar R2-Engine.channels.json: ['r', 'g', 'b']
2026-09-07 10:12:51,003 [DEBUG] ui.tiff_preview: TiffPreview: loaded 1 page(s)
2026-09-07 10:12:51,003 [INFO] ui.tabs.tab_chart: Preview loaded: 1 TIFF(s)
2026-09-07 10:12:51,046 [DEBUG] ui.tiff_preview: TiffPreview: loaded 1 page(s)
2026-09-07 10:12:51,048 [DEBUG] ui.tiff_preview: TiffPreview: loaded 1 page(s)
2026-09-07 10:12:51,053 [DEBUG] ui.tabs.tab_chart: create-chart settings written for run1 (40 parameters + ui state)
2026-09-07 10:12:52,689 [INFO] review:   [i1 A4 baseline] built ok=True actual={'total': 525, 'fillup': 0, 'page_patches': 525, 'rows': 25, 'cols': 21, 'pages': 1, 'patch': (8.3, 8.55), 'pitch': None} est={'total': 525, 'fillup': 0, 'page_patches': 525, 'rows': 25, 'cols': 21, 'pages': 1, 'patch': (8.33, 8.56), 'pitch': None}
      margins=mm | inch | min | Left (to first patch) | 26.0 | 1.023 | 26.0 | Right (to first patch) | 9.1 | 0.358 | 9.0 | Top (to first patch) | 39.0 | 1.537 | 38.0 | Bottom (to first patch) | 20.0 | 0.786 | 19.0 | Patch width (in strip reading direction) | 8.3 | 0.327 | S
      status='Margins: OK' notes=''
2026-09-07 10:12:52,725 [DEBUG] core.settings: settings.set helper_markers_show = False
2026-09-07 10:12:52,725 [DEBUG] core.settings: settings.set helper_marker_edge_mm = 2.0
2026-09-07 10:12:52,725 [DEBUG] core.settings: settings.set helper_marker_len_mm = 2.0
2026-09-07 10:12:52,725 [DEBUG] core.settings: settings.set helper_marker_per_patch = 3
2026-09-07 10:12:52,725 [DEBUG] core.settings: settings.set helper_markers_top_bottom = True
2026-09-07 10:12:52,725 [DEBUG] core.settings: settings.set helper_markers_sides = True
2026-09-07 10:12:52,751 [DEBUG] core.settings: settings.set helper_markers_show = False
2026-09-07 10:12:52,751 [DEBUG] core.settings: settings.set helper_marker_edge_mm = 2.0
2026-09-07 10:12:52,751 [DEBUG] core.settings: settings.set helper_marker_len_mm = 2.0
2026-09-07 10:12:52,751 [DEBUG] core.settings: settings.set helper_marker_per_patch = 3
2026-09-07 10:12:52,751 [DEBUG] core.settings: settings.set helper_markers_top_bottom = True
2026-09-07 10:12:52,751 [DEBUG] core.settings: settings.set helper_markers_sides = True
2026-09-07 10:12:53,312 [INFO] review:   armed: dialog ~'quite fill' -> click 'OK' (last page hint)
2026-09-07 10:12:53,313 [INFO] review:   armed: dialog ~'already' -> click 'Continue' 
2026-09-07 10:12:53,314 [INFO] ui.tabs.tab_chart: chart build (Generate Chart) in manual: patch set targen | manual panel: A4, 0x0 grid, margins T38.0 R9.0 B19.0 L26.0
2026-09-07 10:12:53,317 [DEBUG] core.settings: settings.set session_ti3_path = ''
2026-09-07 10:12:53,317 [DEBUG] core.settings: settings.set session_icc_path = ''
2026-09-07 10:12:53,318 [DEBUG] core.settings: settings.set session_cal_ti3_path = ''
2026-09-07 10:12:53,319 [DEBUG] core.file_manager: Target name set to: R2-Engine (root /Users/Basti/ChromIQ-assessment/R2-Engine)
2026-09-07 10:12:53,320 [INFO] core.file_manager: opened the EXISTING project at /Users/Basti/ChromIQ-assessment/R2-Engine (1 run(s) on disk)
2026-09-07 10:12:53,346 [INFO] workflow.chart_creator: Chart generation: 525 patches, instrument=i1 paper=A4 disable_lb=True
2026-09-07 10:12:53,347 [INFO] workflow.chart_creator: targen args: ['-v', '-d2', '-f525', '-e4', '-B4', '-G', '-g30', 'R2-Engine']
2026-09-07 10:12:53,347 [INFO] core.argyll_runner: Run: /Applications/Argyll/bin/targen -v -d2 -f525 -e4 -B4 -G -g30 R2-Engine  [cwd=/Users/Basti/ChromIQ-assessment/R2-Engine/runs/run1]
2026-09-07 10:12:53,417 [DEBUG] core.argyll_runner: [argyll] iRGB test chart
2026-09-07 10:12:53,417 [DEBUG] core.argyll_runner: [argyll] White patches = 4
2026-09-07 10:12:53,417 [DEBUG] core.argyll_runner: [argyll] Black patches = 4
2026-09-07 10:12:53,417 [DEBUG] core.argyll_runner: [argyll] Composite Grey steps = 30
2026-09-07 10:12:53,417 [DEBUG] core.argyll_runner: [argyll] Full spread patches = 525
2026-09-07 10:12:53,417 [DEBUG] core.argyll_runner: [argyll] Degree of adaptation: 0.100
2026-09-07 10:12:53,418 [DEBUG] core.argyll_runner: [argyll] Adaptation weights: Device = 0.935, Perceptual = 0.065, Curvature = 0.010
2026-09-07 10:12:53,418 [DEBUG] core.argyll_runner: [argyll] Perceptual cache resolution = 9
2026-09-07 10:12:53,418 [DEBUG] core.argyll_runner: [argyll] Seeding cache...done
2026-09-07 10:12:53,418 [DEBUG] core.argyll_runner: [argyll] Acceleration grid res = 9
2026-09-07 10:12:53,418 [DEBUG] core.argyll_runner: [argyll] 
2026-09-07 10:12:53,418 [DEBUG] core.argyll_runner: [argyll] There are 30 unique fixed points to add (36 total fixed points)
2026-09-07 10:12:53,419 [DEBUG] core.argyll_runner: [argyll] There are 489 far spread points to add
2026-09-07 10:12:53,419 [DEBUG] core.argyll_runner: [argyll] 
2026-09-07 10:12:53,419 [DEBUG] core.argyll_runner: [argyll] Added 12/519
2026-09-07 10:12:53,419 [DEBUG] core.argyll_runner: [argyll] Added 23/519
2026-09-07 10:12:53,419 [DEBUG] core.argyll_runner: [argyll] Added 34/519
2026-09-07 10:12:53,420 [DEBUG] core.argyll_runner: [argyll] Added 45/519
2026-09-07 10:12:53,420 [DEBUG] core.argyll_runner: [argyll] Added 56/519
2026-09-07 10:12:53,420 [DEBUG] core.argyll_runner: [argyll] Added 67/519
2026-09-07 10:12:53,421 [DEBUG] core.argyll_runner: [argyll] Added 78/519
2026-09-07 10:12:53,453 [DEBUG] core.argyll_runner: [argyll] 
2026-09-07 10:12:53,454 [DEBUG] core.argyll_runner: [argyll] Added 89/519
2026-09-07 10:12:53,454 [DEBUG] core.argyll_runner: [argyll] Added 100/519
2026-09-07 10:12:53,454 [DEBUG] core.argyll_runner: [argyll] Added 111/519
2026-09-07 10:12:53,454 [DEBUG] core.argyll_runner: [argyll] Added 122/519
2026-09-07 10:12:53,455 [DEBUG] core.argyll_runner: [argyll] Added 133/519
2026-09-07 10:12:53,456 [DEBUG] core.argyll_runner: [argyll] Added 144/519
2026-09-07 10:12:53,456 [DEBUG] core.argyll_runner: [argyll] Added 155/519
2026-09-07 10:12:53,457 [DEBUG] core.argyll_runner: [argyll] Added 166/519
2026-09-07 10:12:53,458 [DEBUG] core.argyll_runner: [argyll] Added 177/519
2026-09-07 10:12:53,459 [DEBUG] core.argyll_runner: [argyll] Added 188/519
2026-09-07 10:12:53,461 [DEBUG] core.argyll_runner: [argyll] Added 199/519
2026-09-07 10:12:53,462 [DEBUG] core.argyll_runner: [argyll] Added 210/519
2026-09-07 10:12:53,464 [DEBUG] core.argyll_runner: [argyll] Added 221/519
2026-09-07 10:12:53,465 [DEBUG] core.argyll_runner: [argyll] Added 232/519
2026-09-07 10:12:53,467 [DEBUG] core.argyll_runner: [argyll] Added 243/519
2026-09-07 10:12:53,469 [DEBUG] core.argyll_runner: [argyll] Added 254/519
2026-09-07 10:12:53,471 [DEBUG] core.argyll_runner: [argyll] Added 265/519
2026-09-07 10:12:53,473 [DEBUG] core.argyll_runner: [argyll] Added 276/519
2026-09-07 10:12:53,476 [DEBUG] core.argyll_runner: [argyll] Added 287/519
2026-09-07 10:12:53,478 [DEBUG] core.argyll_runner: [argyll] Added 298/519
2026-09-07 10:12:53,480 [DEBUG] core.argyll_runner: [argyll] Added 309/519
2026-09-07 10:12:53,483 [DEBUG] core.argyll_runner: [argyll] Added 320/519
2026-09-07 10:12:53,486 [DEBUG] core.argyll_runner: [argyll] Added 331/519
2026-09-07 10:12:53,489 [DEBUG] core.argyll_runner: [argyll] Added 342/519
2026-09-07 10:12:53,492 [DEBUG] core.argyll_runner: [argyll] Added 353/519
2026-09-07 10:12:53,495 [DEBUG] core.argyll_runner: [argyll] Added 364/519
2026-09-07 10:12:53,498 [DEBUG] core.argyll_runner: [argyll] Added 375/519
2026-09-07 10:12:53,502 [DEBUG] core.argyll_runner: [argyll] Added 386/519
2026-09-07 10:12:53,505 [DEBUG] core.argyll_runner: [argyll] Added 397/519
2026-09-07 10:12:53,509 [DEBUG] core.argyll_runner: [argyll] Added 408/519
2026-09-07 10:12:53,513 [DEBUG] core.argyll_runner: [argyll] Added 419/519
2026-09-07 10:12:53,517 [DEBUG] core.argyll_runner: [argyll] Added 430/519
2026-09-07 10:12:53,521 [DEBUG] core.argyll_runner: [argyll] Added 441/519
2026-09-07 10:12:53,526 [DEBUG] core.argyll_runner: [argyll] Added 452/519
2026-09-07 10:12:53,530 [DEBUG] core.argyll_runner: [argyll] Added 463/519
2026-09-07 10:12:53,535 [DEBUG] core.argyll_runner: [argyll] Added 474/519
2026-09-07 10:12:53,539 [DEBUG] core.argyll_runner: [argyll] Added 485/519
2026-09-07 10:12:53,544 [DEBUG] core.argyll_runner: [argyll] Added 496/519
2026-09-07 10:12:53,549 [DEBUG] core.argyll_runner: [argyll] Added 507/519
2026-09-07 10:12:53,554 [DEBUG] core.argyll_runner: [argyll] Added 518/519
2026-09-07 10:12:53,559 [DEBUG] core.argyll_runner: [argyll] Added 519/519
2026-09-07 10:12:54,386 [DEBUG] core.argyll_runner: [argyll] 
2026-09-07 10:12:54,387 [DEBUG] core.argyll_runner: [argyll] After seeding points: MinPoint = 4.448, Min = 4.322, Avg. = 10.848, Max = 14.666, 0.1 secs
2026-09-07 10:12:54,388 [DEBUG] core.argyll_runner: [argyll] Re-seeding
2026-09-07 10:12:54,388 [DEBUG] core.argyll_runner: [argyll] It 1: Maxmv = 0.103363, MinPoint = 3.460, Min = 4.005, Avg. = 10.861, Max = 14.358, 0.0 secs.
2026-09-07 10:12:54,388 [DEBUG] core.argyll_runner: [argyll] Re-seeding
2026-09-07 10:12:54,388 [DEBUG] core.argyll_runner: [argyll] It 2: Maxmv = 0.084402, MinPoint = 5.380, Min = 5.280, Avg. = 10.758, Max = 13.964, 0.0 secs.
2026-09-07 10:12:54,389 [DEBUG] core.argyll_runner: [argyll] Re-seeding
2026-09-07 10:12:54,389 [DEBUG] core.argyll_runner: [argyll] It 3: Maxmv = 0.076162, MinPoint = 5.428, Min = 5.280, Avg. = 10.700, Max = 13.835, 0.0 secs.
2026-09-07 10:12:54,389 [DEBUG] core.argyll_runner: [argyll] Re-seeding
2026-09-07 10:12:54,390 [DEBUG] core.argyll_runner: [argyll] It 4: Maxmv = 0.072726, MinPoint = 5.743, Min = 5.280, Avg. = 10.603, Max = 14.075, 0.0 secs.
2026-09-07 10:12:54,390 [DEBUG] core.argyll_runner: [argyll] Re-seeding
2026-09-07 10:12:54,390 [DEBUG] core.argyll_runner: [argyll] It 5: Maxmv = 0.068513, MinPoint = 5.743, Min = 5.280, Avg. = 10.535, Max = 13.679, 0.0 secs.
2026-09-07 10:12:54,390 [DEBUG] core.argyll_runner: [argyll] Re-seeding
2026-09-07 10:12:54,391 [DEBUG] core.argyll_runner: [argyll] It 6: Maxmv = 0.056321, MinPoint = 5.743, Min = 5.280, Avg. = 10.518, Max = 13.779, 0.0 secs.
2026-09-07 10:12:54,391 [DEBUG] core.argyll_runner: [argyll] Re-seeding
2026-09-07 10:12:54,391 [DEBUG] core.argyll_runner: [argyll] It 7: Maxmv = 0.059854, MinPoint = 5.743, Min = 5.280, Avg. = 10.461, Max = 13.725, 0.0 secs.
2026-09-07 10:12:54,391 [DEBUG] core.argyll_runner: [argyll] Re-seeding
2026-09-07 10:12:54,392 [DEBUG] core.argyll_runner: [argyll] It 8: Maxmv = 0.051345, MinPoint = 5.743, Min = 5.280, Avg. = 10.437, Max = 13.448, 0.0 secs.
2026-09-07 10:12:54,392 [DEBUG] core.argyll_runner: [argyll] Re-seeding
2026-09-07 10:12:54,392 [DEBUG] core.argyll_runner: [argyll] It 9: Maxmv = 0.040554, MinPoint = 5.743, Min = 5.280, Avg. = 10.411, Max = 13.065, 0.0 secs.
2026-09-07 10:12:54,392 [DEBUG] core.argyll_runner: [argyll] Re-seeding
2026-09-07 10:12:54,393 [DEBUG] core.argyll_runner: [argyll] It 10: Maxmv = 0.030994, MinPoint = 5.743, Min = 5.280, Avg. = 10.383, Max = 12.735, 0.0 secs.
2026-09-07 10:12:54,393 [DEBUG] core.argyll_runner: [argyll] Re-seeding
2026-09-07 10:12:54,393 [DEBUG] core.argyll_runner: [argyll] It 11: Maxmv = 0.032989, MinPoint = 5.743, Min = 5.280, Avg. = 10.373, Max = 12.994, 0.0 secs.
2026-09-07 10:12:54,393 [DEBUG] core.argyll_runner: [argyll] Re-seeding
2026-09-07 10:12:54,394 [DEBUG] core.argyll_runner: [argyll] It 12: Maxmv = 0.030487, MinPoint = 5.743, Min = 5.280, Avg. = 10.349, Max = 12.936, 0.0 secs.
2026-09-07 10:12:54,394 [DEBUG] core.argyll_runner: [argyll] Re-seeding
2026-09-07 10:12:54,394 [DEBUG] core.argyll_runner: [argyll] It 13: Maxmv = 0.021481, MinPoint = 5.743, Min = 5.280, Avg. = 10.346, Max = 12.600, 0.0 secs.
2026-09-07 10:12:54,394 [DEBUG] core.argyll_runner: [argyll] Re-seeding
2026-09-07 10:12:54,395 [DEBUG] core.argyll_runner: [argyll] It 14: Maxmv = 0.016377, MinPoint = 5.743, Min = 5.280, Avg. = 10.329, Max = 12.441, 0.0 secs.
2026-09-07 10:12:54,395 [DEBUG] core.argyll_runner: [argyll] Re-seeding
2026-09-07 10:12:54,395 [DEBUG] core.argyll_runner: [argyll] It 15: Maxmv = 0.013408, MinPoint = 5.743, Min = 5.280, Avg. = 10.331, Max = 12.462, 0.0 secs.
2026-09-07 10:12:54,395 [DEBUG] core.argyll_runner: [argyll] Re-seeding
2026-09-07 10:12:54,396 [DEBUG] core.argyll_runner: [argyll] It 16: Maxmv = 0.011614, MinPoint = 5.743, Min = 5.280, Avg. = 10.321, Max = 12.261, 0.0 secs.
2026-09-07 10:12:54,396 [DEBUG] core.argyll_runner: [argyll] Re-seeding
2026-09-07 10:12:54,396 [DEBUG] core.argyll_runner: [argyll] It 17: Maxmv = 0.006463, MinPoint = 5.743, Min = 5.280, Avg. = 10.321, Max = 12.391, 0.0 secs.
2026-09-07 10:12:54,396 [DEBUG] core.argyll_runner: [argyll] Re-seeding
2026-09-07 10:12:54,397 [DEBUG] core.argyll_runner: [argyll] It 18: Maxmv = 0.005609, MinPoint = 5.743, Min = 5.280, Avg. = 10.319, Max = 12.293, 0.0 secs.
2026-09-07 10:12:54,397 [DEBUG] core.argyll_runner: [argyll] Re-seeding
2026-09-07 10:12:54,397 [DEBUG] core.argyll_runner: [argyll] It 19: Maxmv = 0.001380, MinPoint = 5.743, Min = 5.280, Avg. = 10.320, Max = 12.323, 0.0 secs.
2026-09-07 10:12:54,397 [DEBUG] core.argyll_runner: [argyll] Re-seeding
2026-09-07 10:12:54,398 [DEBUG] core.argyll_runner: [argyll] It 20: Maxmv = 0.001368, MinPoint = 5.743, Min = 5.280, Avg. = 10.321, Max = 12.343, 0.0 secs.
2026-09-07 10:12:54,398 [DEBUG] core.argyll_runner: [argyll] After optimization: MinPoint = 5.743, Min = 5.280, Avg. = 10.321, Max = 12.343
2026-09-07 10:12:54,398 [DEBUG] core.argyll_runner: [argyll] Total number of patches = 525
2026-09-07 10:12:54,398 [DEBUG] core.argyll_runner: [argyll] Execution time = 0.971753 seconds
2026-09-07 10:12:54,399 [INFO] core.argyll_runner: ArgyllRunner: finished with code 0
2026-09-07 10:12:54,495 [DEBUG] workflow.chart_creator: Wrote channel sidecar R2-Engine.channels.json: ['r', 'g', 'b']
2026-09-07 10:12:54,573 [DEBUG] ui.tiff_preview: TiffPreview: loaded 1 page(s)
2026-09-07 10:12:54,573 [INFO] ui.tabs.tab_chart: Preview loaded: 1 TIFF(s)
2026-09-07 10:12:54,590 [DEBUG] ui.tiff_preview: TiffPreview: loaded 1 page(s)
2026-09-07 10:12:54,591 [DEBUG] ui.tiff_preview: TiffPreview: loaded 1 page(s)
2026-09-07 10:12:54,596 [DEBUG] ui.tabs.tab_chart: create-chart settings written for run1 (40 parameters + ui state)
2026-09-07 10:12:56,220 [INFO] review:   [strip indicators OFF] built ok=True actual={'total': 525, 'fillup': 0, 'page_patches': 525, 'rows': 25, 'cols': 21, 'pages': 1, 'patch': (8.3, 8.55), 'pitch': None} est={'total': 525, 'fillup': 0, 'page_patches': 525, 'rows': 25, 'cols': 21, 'pages': 1, 'patch': (8.33, 8.56), 'pitch': None}
      margins=mm | inch | min | Left (to first patch) | 26.0 | 1.023 | 26.0 | Right (to first patch) | 9.1 | 0.358 | 9.0 | Top (to first patch) | 39.0 | 1.537 | 38.0 | Bottom (to first patch) | 20.0 | 0.786 | 19.0 | Patch width (in strip reading direction) | 8.3 | 0.327 | S
      status='Margins: OK' notes=''
2026-09-07 10:12:56,387 [INFO] review:   shot Review/Screenshots/R04-engine/f-labels-off.png  (3400x2100)
2026-09-07 10:12:56,446 [DEBUG] core.settings: settings.set helper_markers_show = False
2026-09-07 10:12:56,446 [DEBUG] core.settings: settings.set helper_marker_edge_mm = 2.0
2026-09-07 10:12:56,446 [DEBUG] core.settings: settings.set helper_marker_len_mm = 2.0
2026-09-07 10:12:56,446 [DEBUG] core.settings: settings.set helper_marker_per_patch = 3
2026-09-07 10:12:56,446 [DEBUG] core.settings: settings.set helper_markers_top_bottom = True
2026-09-07 10:12:56,446 [DEBUG] core.settings: settings.set helper_markers_sides = True
2026-09-07 10:12:56,509 [DEBUG] core.settings: settings.set helper_markers_show = False
2026-09-07 10:12:56,509 [DEBUG] core.settings: settings.set helper_marker_edge_mm = 2.0
2026-09-07 10:12:56,509 [DEBUG] core.settings: settings.set helper_marker_len_mm = 2.0
2026-09-07 10:12:56,509 [DEBUG] core.settings: settings.set helper_marker_per_patch = 3
2026-09-07 10:12:56,509 [DEBUG] core.settings: settings.set helper_markers_top_bottom = True
2026-09-07 10:12:56,509 [DEBUG] core.settings: settings.set helper_markers_sides = True
2026-09-07 10:12:57,004 [DEBUG] core.settings: settings.set helper_markers_show = False
2026-09-07 10:12:57,004 [DEBUG] core.settings: settings.set helper_marker_edge_mm = 2.0
2026-09-07 10:12:57,004 [DEBUG] core.settings: settings.set helper_marker_len_mm = 2.0
2026-09-07 10:12:57,004 [DEBUG] core.settings: settings.set helper_marker_per_patch = 3
2026-09-07 10:12:57,004 [DEBUG] core.settings: settings.set helper_markers_top_bottom = True
2026-09-07 10:12:57,004 [DEBUG] core.settings: settings.set helper_markers_sides = True
2026-09-07 10:12:57,029 [DEBUG] core.settings: settings.set helper_markers_show = False
2026-09-07 10:12:57,029 [DEBUG] core.settings: settings.set helper_marker_edge_mm = 2.0
2026-09-07 10:12:57,029 [DEBUG] core.settings: settings.set helper_marker_len_mm = 2.0
2026-09-07 10:12:57,029 [DEBUG] core.settings: settings.set helper_marker_per_patch = 3
2026-09-07 10:12:57,029 [DEBUG] core.settings: settings.set helper_markers_top_bottom = True
2026-09-07 10:12:57,029 [DEBUG] core.settings: settings.set helper_markers_sides = True
2026-09-07 10:12:57,589 [INFO] review:   armed: dialog ~'quite fill' -> click 'OK' (last page hint)
2026-09-07 10:12:57,589 [INFO] review:   armed: dialog ~'already' -> click 'Continue' 
2026-09-07 10:12:57,590 [INFO] ui.tabs.tab_chart: chart build (Generate Chart) in manual: patch set targen | manual panel: A4, 0x0 grid, margins T38.0 R9.0 B19.0 L26.0
2026-09-07 10:12:57,593 [DEBUG] core.settings: settings.set session_ti3_path = ''
2026-09-07 10:12:57,593 [DEBUG] core.settings: settings.set session_icc_path = ''
2026-09-07 10:12:57,593 [DEBUG] core.settings: settings.set session_cal_ti3_path = ''
2026-09-07 10:12:57,595 [DEBUG] core.file_manager: Target name set to: R2-Engine (root /Users/Basti/ChromIQ-assessment/R2-Engine)
2026-09-07 10:12:57,596 [INFO] core.file_manager: opened the EXISTING project at /Users/Basti/ChromIQ-assessment/R2-Engine (1 run(s) on disk)
2026-09-07 10:12:57,649 [INFO] workflow.chart_creator: Chart generation: 525 patches, instrument=i1 paper=A4 disable_lb=True
2026-09-07 10:12:57,649 [INFO] workflow.chart_creator: targen args: ['-v', '-d2', '-f525', '-e4', '-B4', '-G', '-g30', 'R2-Engine']
2026-09-07 10:12:57,649 [INFO] core.argyll_runner: Run: /Applications/Argyll/bin/targen -v -d2 -f525 -e4 -B4 -G -g30 R2-Engine  [cwd=/Users/Basti/ChromIQ-assessment/R2-Engine/runs/run1]
2026-09-07 10:12:57,721 [DEBUG] core.argyll_runner: [argyll] iRGB test chart
2026-09-07 10:12:57,721 [DEBUG] core.argyll_runner: [argyll] White patches = 4
2026-09-07 10:12:57,721 [DEBUG] core.argyll_runner: [argyll] Black patches = 4
2026-09-07 10:12:57,722 [DEBUG] core.argyll_runner: [argyll] Composite Grey steps = 30
2026-09-07 10:12:57,722 [DEBUG] core.argyll_runner: [argyll] Full spread patches = 525
2026-09-07 10:12:57,722 [DEBUG] core.argyll_runner: [argyll] Degree of adaptation: 0.100
2026-09-07 10:12:57,722 [DEBUG] core.argyll_runner: [argyll] Adaptation weights: Device = 0.935, Perceptual = 0.065, Curvature = 0.010
2026-09-07 10:12:57,722 [DEBUG] core.argyll_runner: [argyll] Perceptual cache resolution = 9
2026-09-07 10:12:57,723 [DEBUG] core.argyll_runner: [argyll] Seeding cache...done
2026-09-07 10:12:57,723 [DEBUG] core.argyll_runner: [argyll] Acceleration grid res = 9
2026-09-07 10:12:57,723 [DEBUG] core.argyll_runner: [argyll] 
2026-09-07 10:12:57,723 [DEBUG] core.argyll_runner: [argyll] There are 30 unique fixed points to add (36 total fixed points)
2026-09-07 10:12:57,723 [DEBUG] core.argyll_runner: [argyll] There are 489 far spread points to add
2026-09-07 10:12:57,723 [DEBUG] core.argyll_runner: [argyll] 
2026-09-07 10:12:57,723 [DEBUG] core.argyll_runner: [argyll] Added 12/519
2026-09-07 10:12:57,724 [DEBUG] core.argyll_runner: [argyll] Added 23/519
2026-09-07 10:12:57,724 [DEBUG] core.argyll_runner: [argyll] Added 34/519
2026-09-07 10:12:57,724 [DEBUG] core.argyll_runner: [argyll] Added 45/519
2026-09-07 10:12:57,725 [DEBUG] core.argyll_runner: [argyll] Added 56/519
2026-09-07 10:12:57,725 [DEBUG] core.argyll_runner: [argyll] Added 67/519
2026-09-07 10:12:57,726 [DEBUG] core.argyll_runner: [argyll] Added 78/519
2026-09-07 10:12:57,726 [DEBUG] core.argyll_runner: [argyll] Added 89/519
2026-09-07 10:12:57,727 [DEBUG] core.argyll_runner: [argyll] Added 100/519
2026-09-07 10:12:57,728 [DEBUG] core.argyll_runner: [argyll] Added 111/519
2026-09-07 10:12:57,729 [DEBUG] core.argyll_runner: [argyll] Added 122/519
2026-09-07 10:12:57,730 [DEBUG] core.argyll_runner: [argyll] Added 133/519
2026-09-07 10:12:57,732 [DEBUG] core.argyll_runner: [argyll] Added 144/519
2026-09-07 10:12:57,765 [DEBUG] core.argyll_runner: [argyll] 
2026-09-07 10:12:57,766 [DEBUG] core.argyll_runner: [argyll] Added 155/519
2026-09-07 10:12:57,766 [DEBUG] core.argyll_runner: [argyll] Added 166/519
2026-09-07 10:12:57,766 [DEBUG] core.argyll_runner: [argyll] Added 177/519
2026-09-07 10:12:57,766 [DEBUG] core.argyll_runner: [argyll] Added 188/519
2026-09-07 10:12:57,767 [DEBUG] core.argyll_runner: [argyll] Added 199/519
2026-09-07 10:12:57,767 [DEBUG] core.argyll_runner: [argyll] Added 210/519
2026-09-07 10:12:57,768 [DEBUG] core.argyll_runner: [argyll] Added 221/519
2026-09-07 10:12:57,769 [DEBUG] core.argyll_runner: [argyll] Added 232/519
2026-09-07 10:12:57,770 [DEBUG] core.argyll_runner: [argyll] Added 243/519
2026-09-07 10:12:57,771 [DEBUG] core.argyll_runner: [argyll] Added 254/519
2026-09-07 10:12:57,773 [DEBUG] core.argyll_runner: [argyll] Added 265/519
2026-09-07 10:12:57,774 [DEBUG] core.argyll_runner: [argyll] Added 276/519
2026-09-07 10:12:57,775 [DEBUG] core.argyll_runner: [argyll] Added 287/519
2026-09-07 10:12:57,777 [DEBUG] core.argyll_runner: [argyll] Added 298/519
2026-09-07 10:12:57,779 [DEBUG] core.argyll_runner: [argyll] Added 309/519
2026-09-07 10:12:57,781 [DEBUG] core.argyll_runner: [argyll] Added 320/519
2026-09-07 10:12:57,783 [DEBUG] core.argyll_runner: [argyll] Added 331/519
2026-09-07 10:12:57,785 [DEBUG] core.argyll_runner: [argyll] Added 342/519
2026-09-07 10:12:57,787 [DEBUG] core.argyll_runner: [argyll] Added 353/519
2026-09-07 10:12:57,790 [DEBUG] core.argyll_runner: [argyll] Added 364/519
2026-09-07 10:12:57,792 [DEBUG] core.argyll_runner: [argyll] Added 375/519
2026-09-07 10:12:57,795 [DEBUG] core.argyll_runner: [argyll] Added 386/519
2026-09-07 10:12:57,798 [DEBUG] core.argyll_runner: [argyll] Added 397/519
2026-09-07 10:12:57,801 [DEBUG] core.argyll_runner: [argyll] Added 408/519
2026-09-07 10:12:57,804 [DEBUG] core.argyll_runner: [argyll] Added 419/519
2026-09-07 10:12:57,808 [DEBUG] core.argyll_runner: [argyll] Added 430/519
2026-09-07 10:12:57,811 [DEBUG] core.argyll_runner: [argyll] Added 441/519
2026-09-07 10:12:57,814 [DEBUG] core.argyll_runner: [argyll] Added 452/519
2026-09-07 10:12:57,818 [DEBUG] core.argyll_runner: [argyll] Added 463/519
2026-09-07 10:12:57,822 [DEBUG] core.argyll_runner: [argyll] Added 474/519
2026-09-07 10:12:57,825 [DEBUG] core.argyll_runner: [argyll] Added 485/519
2026-09-07 10:12:57,829 [DEBUG] core.argyll_runner: [argyll] Added 496/519
2026-09-07 10:12:57,833 [DEBUG] core.argyll_runner: [argyll] Added 507/519
2026-09-07 10:12:57,838 [DEBUG] core.argyll_runner: [argyll] Added 518/519
2026-09-07 10:12:57,842 [DEBUG] core.argyll_runner: [argyll] Added 519/519
2026-09-07 10:12:58,664 [DEBUG] core.argyll_runner: [argyll] 
2026-09-07 10:12:58,666 [DEBUG] core.argyll_runner: [argyll] After seeding points: MinPoint = 4.448, Min = 4.322, Avg. = 10.848, Max = 14.666, 0.1 secs
2026-09-07 10:12:58,666 [DEBUG] core.argyll_runner: [argyll] Re-seeding
2026-09-07 10:12:58,666 [DEBUG] core.argyll_runner: [argyll] It 1: Maxmv = 0.103363, MinPoint = 3.460, Min = 4.005, Avg. = 10.861, Max = 14.358, 0.0 secs.
2026-09-07 10:12:58,666 [DEBUG] core.argyll_runner: [argyll] Re-seeding
2026-09-07 10:12:58,666 [DEBUG] core.argyll_runner: [argyll] It 2: Maxmv = 0.084402, MinPoint = 5.380, Min = 5.280, Avg. = 10.758, Max = 13.964, 0.0 secs.
2026-09-07 10:12:58,667 [DEBUG] core.argyll_runner: [argyll] Re-seeding
2026-09-07 10:12:58,667 [DEBUG] core.argyll_runner: [argyll] It 3: Maxmv = 0.076162, MinPoint = 5.428, Min = 5.280, Avg. = 10.700, Max = 13.835, 0.0 secs.
2026-09-07 10:12:58,667 [DEBUG] core.argyll_runner: [argyll] Re-seeding
2026-09-07 10:12:58,667 [DEBUG] core.argyll_runner: [argyll] It 4: Maxmv = 0.072726, MinPoint = 5.743, Min = 5.280, Avg. = 10.603, Max = 14.075, 0.0 secs.
2026-09-07 10:12:58,668 [DEBUG] core.argyll_runner: [argyll] Re-seeding
2026-09-07 10:12:58,668 [DEBUG] core.argyll_runner: [argyll] It 5: Maxmv = 0.068513, MinPoint = 5.743, Min = 5.280, Avg. = 10.535, Max = 13.679, 0.0 secs.
2026-09-07 10:12:58,668 [DEBUG] core.argyll_runner: [argyll] Re-seeding
2026-09-07 10:12:58,668 [DEBUG] core.argyll_runner: [argyll] It 6: Maxmv = 0.056321, MinPoint = 5.743, Min = 5.280, Avg. = 10.518, Max = 13.779, 0.0 secs.
2026-09-07 10:12:58,669 [DEBUG] core.argyll_runner: [argyll] Re-seeding
2026-09-07 10:12:58,669 [DEBUG] core.argyll_runner: [argyll] It 7: Maxmv = 0.059854, MinPoint = 5.743, Min = 5.280, Avg. = 10.461, Max = 13.725, 0.0 secs.
2026-09-07 10:12:58,669 [DEBUG] core.argyll_runner: [argyll] Re-seeding
2026-09-07 10:12:58,669 [DEBUG] core.argyll_runner: [argyll] It 8: Maxmv = 0.051345, MinPoint = 5.743, Min = 5.280, Avg. = 10.437, Max = 13.448, 0.0 secs.
2026-09-07 10:12:58,670 [DEBUG] core.argyll_runner: [argyll] Re-seeding
2026-09-07 10:12:58,670 [DEBUG] core.argyll_runner: [argyll] It 9: Maxmv = 0.040554, MinPoint = 5.743, Min = 5.280, Avg. = 10.411, Max = 13.065, 0.0 secs.
2026-09-07 10:12:58,670 [DEBUG] core.argyll_runner: [argyll] Re-seeding
2026-09-07 10:12:58,670 [DEBUG] core.argyll_runner: [argyll] It 10: Maxmv = 0.030994, MinPoint = 5.743, Min = 5.280, Avg. = 10.383, Max = 12.735, 0.0 secs.
2026-09-07 10:12:58,670 [DEBUG] core.argyll_runner: [argyll] Re-seeding
2026-09-07 10:12:58,671 [DEBUG] core.argyll_runner: [argyll] It 11: Maxmv = 0.032989, MinPoint = 5.743, Min = 5.280, Avg. = 10.373, Max = 12.994, 0.0 secs.
2026-09-07 10:12:58,671 [DEBUG] core.argyll_runner: [argyll] Re-seeding
2026-09-07 10:12:58,671 [DEBUG] core.argyll_runner: [argyll] It 12: Maxmv = 0.030487, MinPoint = 5.743, Min = 5.280, Avg. = 10.349, Max = 12.936, 0.0 secs.
2026-09-07 10:12:58,671 [DEBUG] core.argyll_runner: [argyll] Re-seeding
2026-09-07 10:12:58,672 [DEBUG] core.argyll_runner: [argyll] It 13: Maxmv = 0.021481, MinPoint = 5.743, Min = 5.280, Avg. = 10.346, Max = 12.600, 0.0 secs.
2026-09-07 10:12:58,672 [DEBUG] core.argyll_runner: [argyll] Re-seeding
2026-09-07 10:12:58,672 [DEBUG] core.argyll_runner: [argyll] It 14: Maxmv = 0.016377, MinPoint = 5.743, Min = 5.280, Avg. = 10.329, Max = 12.441, 0.0 secs.
2026-09-07 10:12:58,672 [DEBUG] core.argyll_runner: [argyll] Re-seeding
2026-09-07 10:12:58,672 [DEBUG] core.argyll_runner: [argyll] It 15: Maxmv = 0.013408, MinPoint = 5.743, Min = 5.280, Avg. = 10.331, Max = 12.462, 0.0 secs.
2026-09-07 10:12:58,673 [DEBUG] core.argyll_runner: [argyll] Re-seeding
2026-09-07 10:12:58,673 [DEBUG] core.argyll_runner: [argyll] It 16: Maxmv = 0.011614, MinPoint = 5.743, Min = 5.280, Avg. = 10.321, Max = 12.261, 0.0 secs.
2026-09-07 10:12:58,673 [DEBUG] core.argyll_runner: [argyll] Re-seeding
2026-09-07 10:12:58,673 [DEBUG] core.argyll_runner: [argyll] It 17: Maxmv = 0.006463, MinPoint = 5.743, Min = 5.280, Avg. = 10.321, Max = 12.391, 0.0 secs.
2026-09-07 10:12:58,674 [DEBUG] core.argyll_runner: [argyll] Re-seeding
2026-09-07 10:12:58,674 [DEBUG] core.argyll_runner: [argyll] It 18: Maxmv = 0.005609, MinPoint = 5.743, Min = 5.280, Avg. = 10.319, Max = 12.293, 0.0 secs.
2026-09-07 10:12:58,674 [DEBUG] core.argyll_runner: [argyll] Re-seeding
2026-09-07 10:12:58,674 [DEBUG] core.argyll_runner: [argyll] It 19: Maxmv = 0.001380, MinPoint = 5.743, Min = 5.280, Avg. = 10.320, Max = 12.323, 0.0 secs.
2026-09-07 10:12:58,675 [DEBUG] core.argyll_runner: [argyll] Re-seeding
2026-09-07 10:12:58,675 [DEBUG] core.argyll_runner: [argyll] It 20: Maxmv = 0.001368, MinPoint = 5.743, Min = 5.280, Avg. = 10.321, Max = 12.343, 0.0 secs.
2026-09-07 10:12:58,675 [DEBUG] core.argyll_runner: [argyll] After optimization: MinPoint = 5.743, Min = 5.280, Avg. = 10.321, Max = 12.343
2026-09-07 10:12:58,675 [DEBUG] core.argyll_runner: [argyll] Total number of patches = 525
2026-09-07 10:12:58,676 [DEBUG] core.argyll_runner: [argyll] Execution time = 0.972259 seconds
2026-09-07 10:12:58,689 [INFO] core.argyll_runner: ArgyllRunner: finished with code 0
2026-09-07 10:12:59,075 [DEBUG] workflow.chart_creator: Wrote channel sidecar R2-Engine.channels.json: ['r', 'g', 'b']
2026-09-07 10:12:59,156 [DEBUG] ui.tiff_preview: TiffPreview: loaded 1 page(s)
2026-09-07 10:12:59,156 [INFO] ui.tabs.tab_chart: Preview loaded: 1 TIFF(s)
2026-09-07 10:12:59,199 [DEBUG] ui.tiff_preview: TiffPreview: loaded 1 page(s)
2026-09-07 10:12:59,201 [DEBUG] ui.tiff_preview: TiffPreview: loaded 1 page(s)
2026-09-07 10:12:59,206 [DEBUG] ui.tabs.tab_chart: create-chart settings written for run1 (40 parameters + ui state)
2026-09-07 10:13:00,637 [INFO] review:   [clip OFF, instr margins ON] built ok=True actual={'total': 525, 'fillup': 0, 'page_patches': 525, 'rows': 25, 'cols': 21, 'pages': 1, 'patch': (8.3, 8.55), 'pitch': None} est={'total': 525, 'fillup': 0, 'page_patches': 525, 'rows': 25, 'cols': 21, 'pages': 1, 'patch': (8.33, 8.56), 'pitch': None}
      margins=mm | inch | min | Left (to first patch) | 26.0 | 1.023 | 26.0 | Right (to first patch) | 9.1 | 0.358 | 9.0 | Top (to first patch) | 39.0 | 1.537 | 38.0 | Bottom (to first patch) | 20.0 | 0.786 | 19.0 | Patch width (in strip reading direction) | 8.3 | 0.327 | S
      status='Margins: OK' notes=''
2026-09-07 10:13:00,791 [INFO] review:   shot Review/Screenshots/R04-engine/f005-noclip-instr-on.png  (3400x2100)
2026-09-07 10:13:00,810 [DEBUG] core.settings: settings.set helper_markers_show = False
2026-09-07 10:13:00,810 [DEBUG] core.settings: settings.set helper_marker_edge_mm = 2.0
2026-09-07 10:13:00,810 [DEBUG] core.settings: settings.set helper_marker_len_mm = 2.0
2026-09-07 10:13:00,810 [DEBUG] core.settings: settings.set helper_marker_per_patch = 3
2026-09-07 10:13:00,810 [DEBUG] core.settings: settings.set helper_markers_top_bottom = True
2026-09-07 10:13:00,810 [DEBUG] core.settings: settings.set helper_markers_sides = True
2026-09-07 10:13:01,214 [DEBUG] core.settings: settings.set helper_markers_show = False
2026-09-07 10:13:01,214 [DEBUG] core.settings: settings.set helper_marker_edge_mm = 2.0
2026-09-07 10:13:01,214 [DEBUG] core.settings: settings.set helper_marker_len_mm = 2.0
2026-09-07 10:13:01,215 [DEBUG] core.settings: settings.set helper_marker_per_patch = 3
2026-09-07 10:13:01,215 [DEBUG] core.settings: settings.set helper_markers_top_bottom = True
2026-09-07 10:13:01,215 [DEBUG] core.settings: settings.set helper_markers_sides = True
2026-09-07 10:13:01,366 [DEBUG] core.settings: settings.set helper_markers_show = False
2026-09-07 10:13:01,366 [DEBUG] core.settings: settings.set helper_marker_edge_mm = 2.0
2026-09-07 10:13:01,366 [DEBUG] core.settings: settings.set helper_marker_len_mm = 2.0
2026-09-07 10:13:01,366 [DEBUG] core.settings: settings.set helper_marker_per_patch = 3
2026-09-07 10:13:01,366 [DEBUG] core.settings: settings.set helper_markers_top_bottom = True
2026-09-07 10:13:01,366 [DEBUG] core.settings: settings.set helper_markers_sides = True
2026-09-07 10:13:01,528 [DEBUG] core.settings: settings.set helper_markers_show = False
2026-09-07 10:13:01,528 [DEBUG] core.settings: settings.set helper_marker_edge_mm = 2.0
2026-09-07 10:13:01,528 [DEBUG] core.settings: settings.set helper_marker_len_mm = 2.0
2026-09-07 10:13:01,528 [DEBUG] core.settings: settings.set helper_marker_per_patch = 3
2026-09-07 10:13:01,528 [DEBUG] core.settings: settings.set helper_markers_top_bottom = True
2026-09-07 10:13:01,528 [DEBUG] core.settings: settings.set helper_markers_sides = True
2026-09-07 10:13:01,679 [DEBUG] core.settings: settings.set helper_markers_show = False
2026-09-07 10:13:01,679 [DEBUG] core.settings: settings.set helper_marker_edge_mm = 2.0
2026-09-07 10:13:01,679 [DEBUG] core.settings: settings.set helper_marker_len_mm = 2.0
2026-09-07 10:13:01,679 [DEBUG] core.settings: settings.set helper_marker_per_patch = 3
2026-09-07 10:13:01,679 [DEBUG] core.settings: settings.set helper_markers_top_bottom = True
2026-09-07 10:13:01,679 [DEBUG] core.settings: settings.set helper_markers_sides = True
2026-09-07 10:13:02,220 [INFO] review:   armed: dialog ~'quite fill' -> click 'OK' (last page hint)
2026-09-07 10:13:02,220 [INFO] review:   armed: dialog ~'already' -> click 'Continue' 
2026-09-07 10:13:02,222 [INFO] ui.tabs.tab_chart: chart build (Generate Chart) in manual: patch set targen | manual panel: A4, 0x0 grid, margins T10.0 R10.0 B10.0 L10.0
2026-09-07 10:13:02,225 [DEBUG] core.settings: settings.set session_ti3_path = ''
2026-09-07 10:13:02,225 [DEBUG] core.settings: settings.set session_icc_path = ''
2026-09-07 10:13:02,225 [DEBUG] core.settings: settings.set session_cal_ti3_path = ''
2026-09-07 10:13:02,227 [DEBUG] core.file_manager: Target name set to: R2-Engine (root /Users/Basti/ChromIQ-assessment/R2-Engine)
2026-09-07 10:13:02,228 [INFO] core.file_manager: opened the EXISTING project at /Users/Basti/ChromIQ-assessment/R2-Engine (1 run(s) on disk)
2026-09-07 10:13:02,281 [INFO] workflow.chart_creator: Chart generation: 667 patches, instrument=i1 paper=A4 disable_lb=True
2026-09-07 10:13:02,281 [INFO] workflow.chart_creator: targen args: ['-v', '-d2', '-f667', '-e4', '-B4', '-G', '-g38', 'R2-Engine']
2026-09-07 10:13:02,281 [INFO] core.argyll_runner: Run: /Applications/Argyll/bin/targen -v -d2 -f667 -e4 -B4 -G -g38 R2-Engine  [cwd=/Users/Basti/ChromIQ-assessment/R2-Engine/runs/run1]
2026-09-07 10:13:02,355 [DEBUG] core.argyll_runner: [argyll] iRGB test chart
2026-09-07 10:13:02,355 [DEBUG] core.argyll_runner: [argyll] White patches = 4
2026-09-07 10:13:02,356 [DEBUG] core.argyll_runner: [argyll] Black patches = 4
2026-09-07 10:13:02,356 [DEBUG] core.argyll_runner: [argyll] Composite Grey steps = 38
2026-09-07 10:13:02,356 [DEBUG] core.argyll_runner: [argyll] Full spread patches = 667
2026-09-07 10:13:02,356 [DEBUG] core.argyll_runner: [argyll] Degree of adaptation: 0.100
2026-09-07 10:13:02,356 [DEBUG] core.argyll_runner: [argyll] Adaptation weights: Device = 0.935, Perceptual = 0.065, Curvature = 0.010
2026-09-07 10:13:02,356 [DEBUG] core.argyll_runner: [argyll] Perceptual cache resolution = 9
2026-09-07 10:13:02,357 [DEBUG] core.argyll_runner: [argyll] Seeding cache...done
2026-09-07 10:13:02,357 [DEBUG] core.argyll_runner: [argyll] Acceleration grid res = 9
2026-09-07 10:13:02,357 [DEBUG] core.argyll_runner: [argyll] 
2026-09-07 10:13:02,357 [DEBUG] core.argyll_runner: [argyll] There are 38 unique fixed points to add (44 total fixed points)
2026-09-07 10:13:02,357 [DEBUG] core.argyll_runner: [argyll] There are 623 far spread points to add
2026-09-07 10:13:02,357 [DEBUG] core.argyll_runner: [argyll] 
2026-09-07 10:13:02,358 [DEBUG] core.argyll_runner: [argyll] Added 12/661
2026-09-07 10:13:02,358 [DEBUG] core.argyll_runner: [argyll] Added 23/661
2026-09-07 10:13:02,358 [DEBUG] core.argyll_runner: [argyll] Added 34/661
2026-09-07 10:13:02,358 [DEBUG] core.argyll_runner: [argyll] Added 45/661
2026-09-07 10:13:02,359 [DEBUG] core.argyll_runner: [argyll] Added 56/661
2026-09-07 10:13:02,359 [DEBUG] core.argyll_runner: [argyll] Added 67/661
2026-09-07 10:13:02,360 [DEBUG] core.argyll_runner: [argyll] Added 78/661
2026-09-07 10:13:02,360 [DEBUG] core.argyll_runner: [argyll] Added 89/661
2026-09-07 10:13:02,381 [DEBUG] core.argyll_runner: [argyll] 
2026-09-07 10:13:02,381 [DEBUG] core.argyll_runner: [argyll] Added 100/661
2026-09-07 10:13:02,381 [DEBUG] core.argyll_runner: [argyll] Added 111/661
2026-09-07 10:13:02,382 [DEBUG] core.argyll_runner: [argyll] Added 122/661
2026-09-07 10:13:02,382 [DEBUG] core.argyll_runner: [argyll] Added 133/661
2026-09-07 10:13:02,383 [DEBUG] core.argyll_runner: [argyll] Added 144/661
2026-09-07 10:13:02,383 [DEBUG] core.argyll_runner: [argyll] Added 155/661
2026-09-07 10:13:02,384 [DEBUG] core.argyll_runner: [argyll] Added 166/661
2026-09-07 10:13:02,385 [DEBUG] core.argyll_runner: [argyll] Added 177/661
2026-09-07 10:13:02,386 [DEBUG] core.argyll_runner: [argyll] Added 188/661
2026-09-07 10:13:02,387 [DEBUG] core.argyll_runner: [argyll] Added 199/661
2026-09-07 10:13:02,388 [DEBUG] core.argyll_runner: [argyll] Added 210/661
2026-09-07 10:13:02,390 [DEBUG] core.argyll_runner: [argyll] Added 221/661
2026-09-07 10:13:02,391 [DEBUG] core.argyll_runner: [argyll] Added 232/661
2026-09-07 10:13:02,393 [DEBUG] core.argyll_runner: [argyll] Added 243/661
2026-09-07 10:13:02,395 [DEBUG] core.argyll_runner: [argyll] Added 254/661
2026-09-07 10:13:02,397 [DEBUG] core.argyll_runner: [argyll] Added 265/661
2026-09-07 10:13:02,399 [DEBUG] core.argyll_runner: [argyll] Added 276/661
2026-09-07 10:13:02,401 [DEBUG] core.argyll_runner: [argyll] Added 287/661
2026-09-07 10:13:02,403 [DEBUG] core.argyll_runner: [argyll] Added 298/661
2026-09-07 10:13:02,406 [DEBUG] core.argyll_runner: [argyll] Added 309/661
2026-09-07 10:13:02,408 [DEBUG] core.argyll_runner: [argyll] Added 320/661
2026-09-07 10:13:02,411 [DEBUG] core.argyll_runner: [argyll] Added 331/661
2026-09-07 10:13:02,414 [DEBUG] core.argyll_runner: [argyll] Added 342/661
2026-09-07 10:13:02,417 [DEBUG] core.argyll_runner: [argyll] Added 353/661
2026-09-07 10:13:02,420 [DEBUG] core.argyll_runner: [argyll] Added 364/661
2026-09-07 10:13:02,423 [DEBUG] core.argyll_runner: [argyll] Added 375/661
2026-09-07 10:13:02,439 [DEBUG] core.argyll_runner: [argyll] 
2026-09-07 10:13:02,440 [DEBUG] core.argyll_runner: [argyll] Added 386/661
2026-09-07 10:13:02,440 [DEBUG] core.argyll_runner: [argyll] Added 397/661
2026-09-07 10:13:02,441 [DEBUG] core.argyll_runner: [argyll] Added 408/661
2026-09-07 10:13:02,441 [DEBUG] core.argyll_runner: [argyll] Added 419/661
2026-09-07 10:13:02,441 [DEBUG] core.argyll_runner: [argyll] Added 430/661
2026-09-07 10:13:02,442 [DEBUG] core.argyll_runner: [argyll] Added 441/661
2026-09-07 10:13:02,443 [DEBUG] core.argyll_runner: [argyll] Added 452/661
2026-09-07 10:13:02,444 [DEBUG] core.argyll_runner: [argyll] Added 463/661
2026-09-07 10:13:02,445 [DEBUG] core.argyll_runner: [argyll] Added 474/661
2026-09-07 10:13:02,446 [DEBUG] core.argyll_runner: [argyll] Added 485/661
2026-09-07 10:13:02,447 [DEBUG] core.argyll_runner: [argyll] Added 496/661
2026-09-07 10:13:02,449 [DEBUG] core.argyll_runner: [argyll] Added 507/661
2026-09-07 10:13:02,450 [DEBUG] core.argyll_runner: [argyll] Added 518/661
2026-09-07 10:13:02,452 [DEBUG] core.argyll_runner: [argyll] Added 529/661
2026-09-07 10:13:02,453 [DEBUG] core.argyll_runner: [argyll] Added 540/661
2026-09-07 10:13:02,455 [DEBUG] core.argyll_runner: [argyll] Added 551/661
2026-09-07 10:13:02,457 [DEBUG] core.argyll_runner: [argyll] Added 562/661
2026-09-07 10:13:02,460 [DEBUG] core.argyll_runner: [argyll] Added 573/661
2026-09-07 10:13:02,462 [DEBUG] core.argyll_runner: [argyll] Added 584/661
2026-09-07 10:13:02,465 [DEBUG] core.argyll_runner: [argyll] Added 595/661
2026-09-07 10:13:02,467 [DEBUG] core.argyll_runner: [argyll] Added 606/661
2026-09-07 10:13:02,470 [DEBUG] core.argyll_runner: [argyll] Added 617/661
2026-09-07 10:13:02,473 [DEBUG] core.argyll_runner: [argyll] Added 628/661
2026-09-07 10:13:02,476 [DEBUG] core.argyll_runner: [argyll] Added 639/661
2026-09-07 10:13:02,479 [DEBUG] core.argyll_runner: [argyll] Added 650/661
2026-09-07 10:13:02,482 [DEBUG] core.argyll_runner: [argyll] Added 661/661
2026-09-07 10:13:03,590 [DEBUG] core.argyll_runner: [argyll] 
2026-09-07 10:13:03,592 [DEBUG] core.argyll_runner: [argyll] After seeding points: MinPoint = 4.116, Min = 2.874, Avg. = 10.043, Max = 12.889, 0.1 secs
2026-09-07 10:13:03,592 [DEBUG] core.argyll_runner: [argyll] Re-seeding
2026-09-07 10:13:03,592 [DEBUG] core.argyll_runner: [argyll] It 1: Maxmv = 0.082275, MinPoint = 2.542, Min = 4.138, Avg. = 9.976, Max = 13.289, 0.1 secs.
2026-09-07 10:13:03,592 [DEBUG] core.argyll_runner: [argyll] Re-seeding
2026-09-07 10:13:03,593 [DEBUG] core.argyll_runner: [argyll] It 2: Maxmv = 0.090707, MinPoint = 2.904, Min = 4.138, Avg. = 9.925, Max = 13.186, 0.1 secs.
2026-09-07 10:13:03,593 [DEBUG] core.argyll_runner: [argyll] Re-seeding
2026-09-07 10:13:03,593 [DEBUG] core.argyll_runner: [argyll] It 3: Maxmv = 0.081725, MinPoint = 4.501, Min = 4.138, Avg. = 9.837, Max = 12.989, 0.1 secs.
2026-09-07 10:13:03,593 [DEBUG] core.argyll_runner: [argyll] Re-seeding
2026-09-07 10:13:03,593 [DEBUG] core.argyll_runner: [argyll] It 4: Maxmv = 0.070428, MinPoint = 4.297, Min = 4.138, Avg. = 9.750, Max = 12.800, 0.1 secs.
2026-09-07 10:13:03,594 [DEBUG] core.argyll_runner: [argyll] Re-seeding
2026-09-07 10:13:03,594 [DEBUG] core.argyll_runner: [argyll] It 5: Maxmv = 0.062634, MinPoint = 4.501, Min = 4.138, Avg. = 9.702, Max = 12.816, 0.1 secs.
2026-09-07 10:13:03,594 [DEBUG] core.argyll_runner: [argyll] Re-seeding
2026-09-07 10:13:03,594 [DEBUG] core.argyll_runner: [argyll] It 6: Maxmv = 0.050529, MinPoint = 4.501, Min = 4.138, Avg. = 9.647, Max = 12.487, 0.1 secs.
2026-09-07 10:13:03,595 [DEBUG] core.argyll_runner: [argyll] Re-seeding
2026-09-07 10:13:03,595 [DEBUG] core.argyll_runner: [argyll] It 7: Maxmv = 0.045181, MinPoint = 4.501, Min = 4.138, Avg. = 9.609, Max = 12.694, 0.1 secs.
2026-09-07 10:13:03,595 [DEBUG] core.argyll_runner: [argyll] Re-seeding
2026-09-07 10:13:03,595 [DEBUG] core.argyll_runner: [argyll] It 8: Maxmv = 0.040628, MinPoint = 4.501, Min = 4.138, Avg. = 9.569, Max = 12.154, 0.1 secs.
2026-09-07 10:13:03,596 [DEBUG] core.argyll_runner: [argyll] Re-seeding
2026-09-07 10:13:03,596 [DEBUG] core.argyll_runner: [argyll] It 9: Maxmv = 0.035862, MinPoint = 4.501, Min = 4.138, Avg. = 9.551, Max = 11.953, 0.1 secs.
2026-09-07 10:13:03,596 [DEBUG] core.argyll_runner: [argyll] Re-seeding
2026-09-07 10:13:03,596 [DEBUG] core.argyll_runner: [argyll] It 10: Maxmv = 0.031996, MinPoint = 4.501, Min = 4.138, Avg. = 9.536, Max = 11.585, 0.1 secs.
2026-09-07 10:13:03,596 [DEBUG] core.argyll_runner: [argyll] Re-seeding
2026-09-07 10:13:03,597 [DEBUG] core.argyll_runner: [argyll] It 11: Maxmv = 0.025189, MinPoint = 4.501, Min = 4.138, Avg. = 9.516, Max = 11.648, 0.1 secs.
2026-09-07 10:13:03,597 [DEBUG] core.argyll_runner: [argyll] Re-seeding
2026-09-07 10:13:03,597 [DEBUG] core.argyll_runner: [argyll] It 12: Maxmv = 0.022452, MinPoint = 4.501, Min = 4.138, Avg. = 9.507, Max = 11.545, 0.1 secs.
2026-09-07 10:13:03,597 [DEBUG] core.argyll_runner: [argyll] Re-seeding
2026-09-07 10:13:03,598 [DEBUG] core.argyll_runner: [argyll] It 13: Maxmv = 0.019283, MinPoint = 4.501, Min = 4.138, Avg. = 9.501, Max = 11.518, 0.1 secs.
2026-09-07 10:13:03,598 [DEBUG] core.argyll_runner: [argyll] Re-seeding
2026-09-07 10:13:03,598 [DEBUG] core.argyll_runner: [argyll] It 14: Maxmv = 0.016282, MinPoint = 4.501, Min = 4.138, Avg. = 9.492, Max = 11.401, 0.1 secs.
2026-09-07 10:13:03,598 [DEBUG] core.argyll_runner: [argyll] Re-seeding
2026-09-07 10:13:03,598 [DEBUG] core.argyll_runner: [argyll] It 15: Maxmv = 0.013757, MinPoint = 4.501, Min = 4.138, Avg. = 9.490, Max = 11.308, 0.1 secs.
2026-09-07 10:13:03,599 [DEBUG] core.argyll_runner: [argyll] Re-seeding
2026-09-07 10:13:03,599 [DEBUG] core.argyll_runner: [argyll] It 16: Maxmv = 0.010643, MinPoint = 4.501, Min = 4.138, Avg. = 9.481, Max = 11.203, 0.1 secs.
2026-09-07 10:13:03,599 [DEBUG] core.argyll_runner: [argyll] Re-seeding
2026-09-07 10:13:03,599 [DEBUG] core.argyll_runner: [argyll] It 17: Maxmv = 0.007060, MinPoint = 4.501, Min = 4.138, Avg. = 9.479, Max = 11.477, 0.1 secs.
2026-09-07 10:13:03,600 [DEBUG] core.argyll_runner: [argyll] Re-seeding
2026-09-07 10:13:03,600 [DEBUG] core.argyll_runner: [argyll] It 18: Maxmv = 0.004026, MinPoint = 4.501, Min = 4.138, Avg. = 9.476, Max = 11.389, 0.1 secs.
2026-09-07 10:13:03,600 [DEBUG] core.argyll_runner: [argyll] Re-seeding
2026-09-07 10:13:03,600 [DEBUG] core.argyll_runner: [argyll] It 19: Maxmv = 0.001620, MinPoint = 4.501, Min = 4.138, Avg. = 9.476, Max = 11.346, 0.1 secs.
2026-09-07 10:13:03,600 [DEBUG] core.argyll_runner: [argyll] Re-seeding
2026-09-07 10:13:03,601 [DEBUG] core.argyll_runner: [argyll] It 20: Maxmv = 0.001315, MinPoint = 4.501, Min = 4.138, Avg. = 9.476, Max = 11.301, 0.1 secs.
2026-09-07 10:13:03,601 [DEBUG] core.argyll_runner: [argyll] After optimization: MinPoint = 4.501, Min = 4.138, Avg. = 9.476, Max = 11.301
2026-09-07 10:13:03,601 [DEBUG] core.argyll_runner: [argyll] Total number of patches = 667
2026-09-07 10:13:03,602 [DEBUG] core.argyll_runner: [argyll] Execution time = 1.257917 seconds
2026-09-07 10:13:03,615 [INFO] core.argyll_runner: ArgyllRunner: finished with code 0
2026-09-07 10:13:04,034 [DEBUG] workflow.chart_creator: Wrote channel sidecar R2-Engine.channels.json: ['r', 'g', 'b']
2026-09-07 10:13:04,114 [DEBUG] ui.tiff_preview: TiffPreview: loaded 1 page(s)
2026-09-07 10:13:04,114 [INFO] ui.tabs.tab_chart: Preview loaded: 1 TIFF(s)
2026-09-07 10:13:04,159 [DEBUG] ui.tiff_preview: TiffPreview: loaded 1 page(s)
2026-09-07 10:13:04,161 [DEBUG] ui.tiff_preview: TiffPreview: loaded 1 page(s)
2026-09-07 10:13:04,167 [DEBUG] ui.tabs.tab_chart: create-chart settings written for run1 (40 parameters + ui state)
2026-09-07 10:13:05,652 [INFO] review:   [clip OFF, own 10 mm] built ok=True actual={'total': 667, 'fillup': 0, 'page_patches': 667, 'rows': 29, 'cols': 23, 'pages': 1, 'patch': (8.3, 8.47), 'pitch': None} est={'total': 667, 'fillup': 0, 'page_patches': 667, 'rows': 29, 'cols': 23, 'pages': 1, 'patch': (8.26, 8.51), 'pitch': None}
      margins=mm | inch | min | Left (to first patch) | 10.0 | 0.393 | 10.0 | Right (to first patch) | 10.0 | 0.394 | 10.0 | Top (to first patch) | 11.0 | 0.433 | 10.0 | Bottom (to first patch) | 11.2 | 0.443 | 10.0 | Patch width (in strip reading direction) | 8.3 | 0.327 |
      status='' notes='⚠ Top margin is too small for the strip labels — they overflow toward the page edge.\n\n⚠ Strip length 275 mm exceeds the 240 mm instrument ruler — the strip may not fit your jig'
2026-09-07 10:13:05,772 [DEBUG] core.settings: settings.set helper_markers_show = False
2026-09-07 10:13:05,772 [DEBUG] core.settings: settings.set helper_marker_edge_mm = 2.0
2026-09-07 10:13:05,772 [DEBUG] core.settings: settings.set helper_marker_len_mm = 2.0
2026-09-07 10:13:05,772 [DEBUG] core.settings: settings.set helper_marker_per_patch = 3
2026-09-07 10:13:05,772 [DEBUG] core.settings: settings.set helper_markers_top_bottom = True
2026-09-07 10:13:05,772 [DEBUG] core.settings: settings.set helper_markers_sides = True
2026-09-07 10:13:05,834 [DEBUG] core.settings: settings.set helper_markers_show = False
2026-09-07 10:13:05,834 [DEBUG] core.settings: settings.set helper_marker_edge_mm = 2.0
2026-09-07 10:13:05,834 [DEBUG] core.settings: settings.set helper_marker_len_mm = 2.0
2026-09-07 10:13:05,834 [DEBUG] core.settings: settings.set helper_marker_per_patch = 3
2026-09-07 10:13:05,834 [DEBUG] core.settings: settings.set helper_markers_top_bottom = True
2026-09-07 10:13:05,834 [DEBUG] core.settings: settings.set helper_markers_sides = True
2026-09-07 10:13:06,433 [INFO] review:   armed: dialog ~'quite fill' -> click 'OK' (last page hint)
2026-09-07 10:13:06,433 [INFO] review:   armed: dialog ~'already' -> click 'Continue' 
2026-09-07 10:13:06,434 [INFO] ui.tabs.tab_chart: chart build (Generate Chart) in manual: patch set targen | manual panel: A4, 0x0 grid, margins T10.0 R10.0 B10.0 L10.0
2026-09-07 10:13:06,438 [DEBUG] core.settings: settings.set session_ti3_path = ''
2026-09-07 10:13:06,438 [DEBUG] core.settings: settings.set session_icc_path = ''
2026-09-07 10:13:06,438 [DEBUG] core.settings: settings.set session_cal_ti3_path = ''
2026-09-07 10:13:06,440 [DEBUG] core.file_manager: Target name set to: R2-Engine (root /Users/Basti/ChromIQ-assessment/R2-Engine)
2026-09-07 10:13:06,441 [INFO] core.file_manager: opened the EXISTING project at /Users/Basti/ChromIQ-assessment/R2-Engine (1 run(s) on disk)
2026-09-07 10:13:06,486 [INFO] workflow.chart_creator: Chart generation: 609 patches, instrument=i1 paper=A4 disable_lb=True
2026-09-07 10:13:06,486 [INFO] workflow.chart_creator: targen args: ['-v', '-d2', '-f609', '-e4', '-B4', '-G', '-g35', 'R2-Engine']
2026-09-07 10:13:06,486 [INFO] core.argyll_runner: Run: /Applications/Argyll/bin/targen -v -d2 -f609 -e4 -B4 -G -g35 R2-Engine  [cwd=/Users/Basti/ChromIQ-assessment/R2-Engine/runs/run1]
2026-09-07 10:13:06,556 [DEBUG] core.argyll_runner: [argyll] iRGB test chart
2026-09-07 10:13:06,556 [DEBUG] core.argyll_runner: [argyll] White patches = 4
2026-09-07 10:13:06,556 [DEBUG] core.argyll_runner: [argyll] Black patches = 4
2026-09-07 10:13:06,556 [DEBUG] core.argyll_runner: [argyll] Composite Grey steps = 35
2026-09-07 10:13:06,556 [DEBUG] core.argyll_runner: [argyll] Full spread patches = 609
2026-09-07 10:13:06,557 [DEBUG] core.argyll_runner: [argyll] Degree of adaptation: 0.100
2026-09-07 10:13:06,557 [DEBUG] core.argyll_runner: [argyll] Adaptation weights: Device = 0.935, Perceptual = 0.065, Curvature = 0.010
2026-09-07 10:13:06,557 [DEBUG] core.argyll_runner: [argyll] Perceptual cache resolution = 9
2026-09-07 10:13:06,557 [DEBUG] core.argyll_runner: [argyll] Seeding cache...done
2026-09-07 10:13:06,557 [DEBUG] core.argyll_runner: [argyll] Acceleration grid res = 9
2026-09-07 10:13:06,558 [DEBUG] core.argyll_runner: [argyll] 
2026-09-07 10:13:06,558 [DEBUG] core.argyll_runner: [argyll] There are 35 unique fixed points to add (41 total fixed points)
2026-09-07 10:13:06,558 [DEBUG] core.argyll_runner: [argyll] There are 568 far spread points to add
2026-09-07 10:13:06,558 [DEBUG] core.argyll_runner: [argyll] 
2026-09-07 10:13:06,558 [DEBUG] core.argyll_runner: [argyll] Added 12/603
2026-09-07 10:13:06,558 [DEBUG] core.argyll_runner: [argyll] Added 23/603
2026-09-07 10:13:06,559 [DEBUG] core.argyll_runner: [argyll] Added 34/603
2026-09-07 10:13:06,559 [DEBUG] core.argyll_runner: [argyll] Added 45/603
2026-09-07 10:13:06,559 [DEBUG] core.argyll_runner: [argyll] Added 56/603
2026-09-07 10:13:06,580 [DEBUG] core.argyll_runner: [argyll] 
2026-09-07 10:13:06,580 [DEBUG] core.argyll_runner: [argyll] Added 67/603
2026-09-07 10:13:06,580 [DEBUG] core.argyll_runner: [argyll] Added 78/603
2026-09-07 10:13:06,581 [DEBUG] core.argyll_runner: [argyll] Added 89/603
2026-09-07 10:13:06,581 [DEBUG] core.argyll_runner: [argyll] Added 100/603
2026-09-07 10:13:06,581 [DEBUG] core.argyll_runner: [argyll] Added 111/603
2026-09-07 10:13:06,582 [DEBUG] core.argyll_runner: [argyll] Added 122/603
2026-09-07 10:13:06,583 [DEBUG] core.argyll_runner: [argyll] Added 133/603
2026-09-07 10:13:06,584 [DEBUG] core.argyll_runner: [argyll] Added 144/603
2026-09-07 10:13:06,585 [DEBUG] core.argyll_runner: [argyll] Added 155/603
2026-09-07 10:13:06,586 [DEBUG] core.argyll_runner: [argyll] Added 166/603
2026-09-07 10:13:06,587 [DEBUG] core.argyll_runner: [argyll] Added 177/603
2026-09-07 10:13:06,589 [DEBUG] core.argyll_runner: [argyll] Added 188/603
2026-09-07 10:13:06,590 [DEBUG] core.argyll_runner: [argyll] Added 199/603
2026-09-07 10:13:06,592 [DEBUG] core.argyll_runner: [argyll] Added 210/603
2026-09-07 10:13:06,594 [DEBUG] core.argyll_runner: [argyll] Added 221/603
2026-09-07 10:13:06,596 [DEBUG] core.argyll_runner: [argyll] Added 232/603
2026-09-07 10:13:06,598 [DEBUG] core.argyll_runner: [argyll] Added 243/603
2026-09-07 10:13:06,600 [DEBUG] core.argyll_runner: [argyll] Added 254/603
2026-09-07 10:13:06,602 [DEBUG] core.argyll_runner: [argyll] Added 265/603
2026-09-07 10:13:06,604 [DEBUG] core.argyll_runner: [argyll] Added 276/603
2026-09-07 10:13:06,607 [DEBUG] core.argyll_runner: [argyll] Added 287/603
2026-09-07 10:13:06,610 [DEBUG] core.argyll_runner: [argyll] Added 298/603
2026-09-07 10:13:06,612 [DEBUG] core.argyll_runner: [argyll] Added 309/603
2026-09-07 10:13:06,615 [DEBUG] core.argyll_runner: [argyll] Added 320/603
2026-09-07 10:13:06,631 [DEBUG] core.argyll_runner: [argyll] 
2026-09-07 10:13:06,632 [DEBUG] core.argyll_runner: [argyll] Added 331/603
2026-09-07 10:13:06,632 [DEBUG] core.argyll_runner: [argyll] Added 342/603
2026-09-07 10:13:06,632 [DEBUG] core.argyll_runner: [argyll] Added 353/603
2026-09-07 10:13:06,633 [DEBUG] core.argyll_runner: [argyll] Added 364/603
2026-09-07 10:13:06,633 [DEBUG] core.argyll_runner: [argyll] Added 375/603
2026-09-07 10:13:06,634 [DEBUG] core.argyll_runner: [argyll] Added 386/603
2026-09-07 10:13:06,635 [DEBUG] core.argyll_runner: [argyll] Added 397/603
2026-09-07 10:13:06,635 [DEBUG] core.argyll_runner: [argyll] Added 408/603
2026-09-07 10:13:06,636 [DEBUG] core.argyll_runner: [argyll] Added 419/603
2026-09-07 10:13:06,638 [DEBUG] core.argyll_runner: [argyll] Added 430/603
2026-09-07 10:13:06,639 [DEBUG] core.argyll_runner: [argyll] Added 441/603
2026-09-07 10:13:06,640 [DEBUG] core.argyll_runner: [argyll] Added 452/603
2026-09-07 10:13:06,642 [DEBUG] core.argyll_runner: [argyll] Added 463/603
2026-09-07 10:13:06,643 [DEBUG] core.argyll_runner: [argyll] Added 474/603
2026-09-07 10:13:06,645 [DEBUG] core.argyll_runner: [argyll] Added 485/603
2026-09-07 10:13:06,647 [DEBUG] core.argyll_runner: [argyll] Added 496/603
2026-09-07 10:13:06,649 [DEBUG] core.argyll_runner: [argyll] Added 507/603
2026-09-07 10:13:06,651 [DEBUG] core.argyll_runner: [argyll] Added 518/603
2026-09-07 10:13:06,654 [DEBUG] core.argyll_runner: [argyll] Added 529/603
2026-09-07 10:13:06,656 [DEBUG] core.argyll_runner: [argyll] Added 540/603
2026-09-07 10:13:06,659 [DEBUG] core.argyll_runner: [argyll] Added 551/603
2026-09-07 10:13:06,661 [DEBUG] core.argyll_runner: [argyll] Added 562/603
2026-09-07 10:13:06,664 [DEBUG] core.argyll_runner: [argyll] Added 573/603
2026-09-07 10:13:06,667 [DEBUG] core.argyll_runner: [argyll] Added 584/603
2026-09-07 10:13:06,670 [DEBUG] core.argyll_runner: [argyll] Added 595/603
2026-09-07 10:13:06,674 [DEBUG] core.argyll_runner: [argyll] Added 603/603
2026-09-07 10:13:07,692 [DEBUG] core.argyll_runner: [argyll] 
2026-09-07 10:13:07,693 [DEBUG] core.argyll_runner: [argyll] After seeding points: MinPoint = 4.519, Min = 3.472, Avg. = 10.333, Max = 12.950, 0.1 secs
2026-09-07 10:13:07,693 [DEBUG] core.argyll_runner: [argyll] Re-seeding
2026-09-07 10:13:07,694 [DEBUG] core.argyll_runner: [argyll] It 1: Maxmv = 0.089910, MinPoint = 2.561, Min = 2.002, Avg. = 10.332, Max = 14.584, 0.1 secs.
2026-09-07 10:13:07,694 [DEBUG] core.argyll_runner: [argyll] Re-seeding
2026-09-07 10:13:07,694 [DEBUG] core.argyll_runner: [argyll] It 2: Maxmv = 0.085125, MinPoint = 4.421, Min = 4.504, Avg. = 10.206, Max = 14.162, 0.1 secs.
2026-09-07 10:13:07,694 [DEBUG] core.argyll_runner: [argyll] Re-seeding
2026-09-07 10:13:07,695 [DEBUG] core.argyll_runner: [argyll] It 3: Maxmv = 0.083465, MinPoint = 4.033, Min = 4.242, Avg. = 10.145, Max = 13.563, 0.1 secs.
2026-09-07 10:13:07,695 [DEBUG] core.argyll_runner: [argyll] Re-seeding
2026-09-07 10:13:07,695 [DEBUG] core.argyll_runner: [argyll] It 4: Maxmv = 0.072631, MinPoint = 4.740, Min = 4.504, Avg. = 10.099, Max = 12.939, 0.1 secs.
2026-09-07 10:13:07,695 [DEBUG] core.argyll_runner: [argyll] Re-seeding
2026-09-07 10:13:07,696 [DEBUG] core.argyll_runner: [argyll] It 5: Maxmv = 0.083463, MinPoint = 4.898, Min = 4.504, Avg. = 10.050, Max = 13.081, 0.1 secs.
2026-09-07 10:13:07,696 [DEBUG] core.argyll_runner: [argyll] Re-seeding
2026-09-07 10:13:07,696 [DEBUG] core.argyll_runner: [argyll] It 6: Maxmv = 0.054912, MinPoint = 4.898, Min = 4.504, Avg. = 9.977, Max = 12.662, 0.1 secs.
2026-09-07 10:13:07,696 [DEBUG] core.argyll_runner: [argyll] Re-seeding
2026-09-07 10:13:07,697 [DEBUG] core.argyll_runner: [argyll] It 7: Maxmv = 0.053625, MinPoint = 4.898, Min = 4.504, Avg. = 9.961, Max = 12.608, 0.1 secs.
2026-09-07 10:13:07,697 [DEBUG] core.argyll_runner: [argyll] Re-seeding
2026-09-07 10:13:07,697 [DEBUG] core.argyll_runner: [argyll] It 8: Maxmv = 0.046973, MinPoint = 4.898, Min = 4.504, Avg. = 9.928, Max = 12.342, 0.1 secs.
2026-09-07 10:13:07,697 [DEBUG] core.argyll_runner: [argyll] Re-seeding
2026-09-07 10:13:07,698 [DEBUG] core.argyll_runner: [argyll] It 9: Maxmv = 0.042547, MinPoint = 4.898, Min = 4.504, Avg. = 9.890, Max = 12.335, 0.1 secs.
2026-09-07 10:13:07,698 [DEBUG] core.argyll_runner: [argyll] Re-seeding
2026-09-07 10:13:07,698 [DEBUG] core.argyll_runner: [argyll] It 10: Maxmv = 0.040593, MinPoint = 4.898, Min = 4.504, Avg. = 9.876, Max = 12.039, 0.1 secs.
2026-09-07 10:13:07,698 [DEBUG] core.argyll_runner: [argyll] Re-seeding
2026-09-07 10:13:07,699 [DEBUG] core.argyll_runner: [argyll] It 11: Maxmv = 0.028976, MinPoint = 4.898, Min = 4.504, Avg. = 9.865, Max = 12.239, 0.1 secs.
2026-09-07 10:13:07,699 [DEBUG] core.argyll_runner: [argyll] Re-seeding
2026-09-07 10:13:07,699 [DEBUG] core.argyll_runner: [argyll] It 12: Maxmv = 0.025999, MinPoint = 4.898, Min = 4.504, Avg. = 9.854, Max = 12.064, 0.1 secs.
2026-09-07 10:13:07,699 [DEBUG] core.argyll_runner: [argyll] Re-seeding
2026-09-07 10:13:07,700 [DEBUG] core.argyll_runner: [argyll] It 13: Maxmv = 0.020724, MinPoint = 4.898, Min = 4.504, Avg. = 9.839, Max = 11.921, 0.1 secs.
2026-09-07 10:13:07,700 [DEBUG] core.argyll_runner: [argyll] Re-seeding
2026-09-07 10:13:07,700 [DEBUG] core.argyll_runner: [argyll] It 14: Maxmv = 0.019948, MinPoint = 4.898, Min = 4.504, Avg. = 9.840, Max = 11.948, 0.1 secs.
2026-09-07 10:13:07,701 [DEBUG] core.argyll_runner: [argyll] Re-seeding
2026-09-07 10:13:07,701 [DEBUG] core.argyll_runner: [argyll] It 15: Maxmv = 0.013434, MinPoint = 4.898, Min = 4.504, Avg. = 9.835, Max = 11.827, 0.1 secs.
2026-09-07 10:13:07,701 [DEBUG] core.argyll_runner: [argyll] Re-seeding
2026-09-07 10:13:07,701 [DEBUG] core.argyll_runner: [argyll] It 16: Maxmv = 0.009877, MinPoint = 4.898, Min = 4.504, Avg. = 9.828, Max = 11.718, 0.1 secs.
2026-09-07 10:13:07,702 [DEBUG] core.argyll_runner: [argyll] Re-seeding
2026-09-07 10:13:07,702 [DEBUG] core.argyll_runner: [argyll] It 17: Maxmv = 0.006463, MinPoint = 4.898, Min = 4.504, Avg. = 9.827, Max = 11.691, 0.1 secs.
2026-09-07 10:13:07,702 [DEBUG] core.argyll_runner: [argyll] Re-seeding
2026-09-07 10:13:07,702 [DEBUG] core.argyll_runner: [argyll] It 18: Maxmv = 0.004116, MinPoint = 4.898, Min = 4.504, Avg. = 9.827, Max = 11.629, 0.1 secs.
2026-09-07 10:13:07,703 [DEBUG] core.argyll_runner: [argyll] Re-seeding
2026-09-07 10:13:07,703 [DEBUG] core.argyll_runner: [argyll] It 19: Maxmv = 0.001566, MinPoint = 4.898, Min = 4.504, Avg. = 9.826, Max = 11.560, 0.1 secs.
2026-09-07 10:13:07,703 [DEBUG] core.argyll_runner: [argyll] Re-seeding
2026-09-07 10:13:07,703 [DEBUG] core.argyll_runner: [argyll] It 20: Maxmv = 0.001272, MinPoint = 4.898, Min = 4.504, Avg. = 9.826, Max = 11.568, 0.1 secs.
2026-09-07 10:13:07,704 [DEBUG] core.argyll_runner: [argyll] After optimization: MinPoint = 4.898, Min = 4.504, Avg. = 9.826, Max = 11.568
2026-09-07 10:13:07,704 [DEBUG] core.argyll_runner: [argyll] Total number of patches = 609
2026-09-07 10:13:07,704 [DEBUG] core.argyll_runner: [argyll] Execution time = 1.138397 seconds
2026-09-07 10:13:07,704 [INFO] core.argyll_runner: ArgyllRunner: finished with code 0
2026-09-07 10:13:08,097 [DEBUG] workflow.chart_creator: Wrote channel sidecar R2-Engine.channels.json: ['r', 'g', 'b']
2026-09-07 10:13:08,178 [DEBUG] ui.tiff_preview: TiffPreview: loaded 1 page(s)
2026-09-07 10:13:08,178 [INFO] ui.tabs.tab_chart: Preview loaded: 1 TIFF(s)
2026-09-07 10:13:08,223 [DEBUG] ui.tiff_preview: TiffPreview: loaded 1 page(s)
2026-09-07 10:13:08,225 [DEBUG] ui.tiff_preview: TiffPreview: loaded 1 page(s)
2026-09-07 10:13:08,232 [DEBUG] ui.tabs.tab_chart: create-chart settings written for run1 (40 parameters + ui state)
2026-09-07 10:13:09,891 [INFO] review:   [clip ON, own 10 mm] built ok=True actual={'total': 609, 'fillup': 0, 'page_patches': 609, 'rows': 29, 'cols': 21, 'pages': 1, 'patch': (8.3, 8.47), 'pitch': None} est={'total': 609, 'fillup': 0, 'page_patches': 609, 'rows': 29, 'cols': 21, 'pages': 1, 'patch': (8.28, 8.51), 'pitch': None}
      margins=mm | inch | min | Left (to first patch) | 26.0 | 1.023 | 10.0 | Right (to first patch) | 10.1 | 0.398 | 10.0 | Top (to first patch) | 11.0 | 0.433 | 10.0 | Bottom (to first patch) | 11.2 | 0.443 | 10.0 | Patch width (in strip reading direction) | 8.3 | 0.327 |
      status='' notes='⚠ Top margin is too small for the strip labels — they overflow toward the page edge.\n\n⚠ Strip length 275 mm exceeds the 240 mm instrument ruler — the strip may not fit your jig'
2026-09-07 10:13:10,058 [INFO] review:   shot Review/Screenshots/R04-engine/f005-clip-own10.png  (3400x2100)
2026-09-07 10:13:10,115 [DEBUG] core.settings: settings.set helper_markers_show = False
2026-09-07 10:13:10,115 [DEBUG] core.settings: settings.set helper_marker_edge_mm = 2.0
2026-09-07 10:13:10,115 [DEBUG] core.settings: settings.set helper_marker_len_mm = 2.0
2026-09-07 10:13:10,115 [DEBUG] core.settings: settings.set helper_marker_per_patch = 3
2026-09-07 10:13:10,115 [DEBUG] core.settings: settings.set helper_markers_top_bottom = True
2026-09-07 10:13:10,115 [DEBUG] core.settings: settings.set helper_markers_sides = True
2026-09-07 10:13:10,680 [DEBUG] core.settings: settings.set helper_markers_show = False
2026-09-07 10:13:10,680 [DEBUG] core.settings: settings.set helper_marker_edge_mm = 2.0
2026-09-07 10:13:10,680 [DEBUG] core.settings: settings.set helper_marker_len_mm = 2.0
2026-09-07 10:13:10,680 [DEBUG] core.settings: settings.set helper_marker_per_patch = 3
2026-09-07 10:13:10,680 [DEBUG] core.settings: settings.set helper_markers_top_bottom = True
2026-09-07 10:13:10,680 [DEBUG] core.settings: settings.set helper_markers_sides = True
2026-09-07 10:13:11,244 [INFO] review:   armed: dialog ~'quite fill' -> click 'OK' (last page hint)
2026-09-07 10:13:11,245 [INFO] review:   armed: dialog ~'already' -> click 'Continue' 
2026-09-07 10:13:11,246 [INFO] ui.tabs.tab_chart: chart build (Generate Chart) in manual: patch set targen | manual panel: A3, 0x0 grid, margins T9.0 R9.0 B9.0 L9.0
2026-09-07 10:13:11,249 [DEBUG] core.settings: settings.set session_ti3_path = ''
2026-09-07 10:13:11,250 [DEBUG] core.settings: settings.set session_icc_path = ''
2026-09-07 10:13:11,250 [DEBUG] core.settings: settings.set session_cal_ti3_path = ''
2026-09-07 10:13:11,252 [DEBUG] core.file_manager: Target name set to: R2-Engine (root /Users/Basti/ChromIQ-assessment/R2-Engine)
2026-09-07 10:13:11,253 [INFO] core.file_manager: opened the EXISTING project at /Users/Basti/ChromIQ-assessment/R2-Engine (1 run(s) on disk)
2026-09-07 10:13:11,299 [INFO] workflow.chart_creator: Chart generation: 1376 patches, instrument=i1 paper=A3 disable_lb=True
2026-09-07 10:13:11,300 [INFO] workflow.chart_creator: targen args: ['-v', '-d2', '-f1376', '-e8', '-B8', '-G', '-g79', 'R2-Engine']
2026-09-07 10:13:11,300 [INFO] core.argyll_runner: Run: /Applications/Argyll/bin/targen -v -d2 -f1376 -e8 -B8 -G -g79 R2-Engine  [cwd=/Users/Basti/ChromIQ-assessment/R2-Engine/runs/run1]
2026-09-07 10:13:11,370 [DEBUG] core.argyll_runner: [argyll] iRGB test chart
2026-09-07 10:13:11,370 [DEBUG] core.argyll_runner: [argyll] White patches = 8
2026-09-07 10:13:11,370 [DEBUG] core.argyll_runner: [argyll] Black patches = 8
2026-09-07 10:13:11,370 [DEBUG] core.argyll_runner: [argyll] Composite Grey steps = 79
2026-09-07 10:13:11,370 [DEBUG] core.argyll_runner: [argyll] Full spread patches = 1376
2026-09-07 10:13:11,371 [DEBUG] core.argyll_runner: [argyll] Degree of adaptation: 0.100
2026-09-07 10:13:11,371 [DEBUG] core.argyll_runner: [argyll] Adaptation weights: Device = 0.935, Perceptual = 0.065, Curvature = 0.010
2026-09-07 10:13:11,371 [DEBUG] core.argyll_runner: [argyll] Perceptual cache resolution = 13
2026-09-07 10:13:11,371 [DEBUG] core.argyll_runner: [argyll] Seeding cache...
2026-09-07 10:13:11,403 [DEBUG] core.argyll_runner: [argyll] done
2026-09-07 10:13:11,403 [DEBUG] core.argyll_runner: [argyll] Acceleration grid res = 12
2026-09-07 10:13:11,403 [DEBUG] core.argyll_runner: [argyll] 
2026-09-07 10:13:11,403 [DEBUG] core.argyll_runner: [argyll] There are 79 unique fixed points to add (93 total fixed points)
2026-09-07 10:13:11,403 [DEBUG] core.argyll_runner: [argyll] There are 1283 far spread points to add
2026-09-07 10:13:11,404 [DEBUG] core.argyll_runner: [argyll] 
2026-09-07 10:13:11,404 [DEBUG] core.argyll_runner: [argyll] Added 12/1362
2026-09-07 10:13:11,404 [DEBUG] core.argyll_runner: [argyll] Added 23/1362
2026-09-07 10:13:11,404 [DEBUG] core.argyll_runner: [argyll] Added 34/1362
2026-09-07 10:13:11,404 [DEBUG] core.argyll_runner: [argyll] Added 45/1362
2026-09-07 10:13:11,405 [DEBUG] core.argyll_runner: [argyll] Added 56/1362
2026-09-07 10:13:11,405 [DEBUG] core.argyll_runner: [argyll] Added 67/1362
2026-09-07 10:13:11,406 [DEBUG] core.argyll_runner: [argyll] Added 78/1362
2026-09-07 10:13:11,406 [DEBUG] core.argyll_runner: [argyll] Added 89/1362
2026-09-07 10:13:11,407 [DEBUG] core.argyll_runner: [argyll] Added 100/1362
2026-09-07 10:13:11,408 [DEBUG] core.argyll_runner: [argyll] Added 111/1362
2026-09-07 10:13:11,408 [DEBUG] core.argyll_runner: [argyll] Added 122/1362
2026-09-07 10:13:11,409 [DEBUG] core.argyll_runner: [argyll] Added 133/1362
2026-09-07 10:13:11,410 [DEBUG] core.argyll_runner: [argyll] Added 144/1362
2026-09-07 10:13:11,411 [DEBUG] core.argyll_runner: [argyll] Added 155/1362
2026-09-07 10:13:11,432 [DEBUG] core.argyll_runner: [argyll] 
2026-09-07 10:13:11,432 [DEBUG] core.argyll_runner: [argyll] Added 166/1362
2026-09-07 10:13:11,432 [DEBUG] core.argyll_runner: [argyll] Added 177/1362
2026-09-07 10:13:11,433 [DEBUG] core.argyll_runner: [argyll] Added 188/1362
2026-09-07 10:13:11,433 [DEBUG] core.argyll_runner: [argyll] Added 199/1362
2026-09-07 10:13:11,434 [DEBUG] core.argyll_runner: [argyll] Added 210/1362
2026-09-07 10:13:11,434 [DEBUG] core.argyll_runner: [argyll] Added 221/1362
2026-09-07 10:13:11,435 [DEBUG] core.argyll_runner: [argyll] Added 232/1362
2026-09-07 10:13:11,436 [DEBUG] core.argyll_runner: [argyll] Added 243/1362
2026-09-07 10:13:11,437 [DEBUG] core.argyll_runner: [argyll] Added 254/1362
2026-09-07 10:13:11,438 [DEBUG] core.argyll_runner: [argyll] Added 265/1362
2026-09-07 10:13:11,439 [DEBUG] core.argyll_runner: [argyll] Added 276/1362
2026-09-07 10:13:11,441 [DEBUG] core.argyll_runner: [argyll] Added 287/1362
2026-09-07 10:13:11,442 [DEBUG] core.argyll_runner: [argyll] Added 298/1362
2026-09-07 10:13:11,444 [DEBUG] core.argyll_runner: [argyll] Added 309/1362
2026-09-07 10:13:11,446 [DEBUG] core.argyll_runner: [argyll] Added 320/1362
2026-09-07 10:13:11,448 [DEBUG] core.argyll_runner: [argyll] Added 331/1362
2026-09-07 10:13:11,450 [DEBUG] core.argyll_runner: [argyll] Added 342/1362
2026-09-07 10:13:11,452 [DEBUG] core.argyll_runner: [argyll] Added 353/1362
2026-09-07 10:13:11,454 [DEBUG] core.argyll_runner: [argyll] Added 364/1362
2026-09-07 10:13:11,457 [DEBUG] core.argyll_runner: [argyll] Added 375/1362
2026-09-07 10:13:11,459 [DEBUG] core.argyll_runner: [argyll] Added 386/1362
2026-09-07 10:13:11,462 [DEBUG] core.argyll_runner: [argyll] Added 397/1362
2026-09-07 10:13:11,465 [DEBUG] core.argyll_runner: [argyll] Added 408/1362
2026-09-07 10:13:11,468 [DEBUG] core.argyll_runner: [argyll] Added 419/1362
2026-09-07 10:13:11,484 [DEBUG] core.argyll_runner: [argyll] 
2026-09-07 10:13:11,485 [DEBUG] core.argyll_runner: [argyll] Added 430/1362
2026-09-07 10:13:11,485 [DEBUG] core.argyll_runner: [argyll] Added 441/1362
2026-09-07 10:13:11,485 [DEBUG] core.argyll_runner: [argyll] Added 452/1362
2026-09-07 10:13:11,485 [DEBUG] core.argyll_runner: [argyll] Added 463/1362
2026-09-07 10:13:11,486 [DEBUG] core.argyll_runner: [argyll] Added 474/1362
2026-09-07 10:13:11,486 [DEBUG] core.argyll_runner: [argyll] Added 485/1362
2026-09-07 10:13:11,487 [DEBUG] core.argyll_runner: [argyll] Added 496/1362
2026-09-07 10:13:11,488 [DEBUG] core.argyll_runner: [argyll] Added 507/1362
2026-09-07 10:13:11,489 [DEBUG] core.argyll_runner: [argyll] Added 518/1362
2026-09-07 10:13:11,490 [DEBUG] core.argyll_runner: [argyll] Added 529/1362
2026-09-07 10:13:11,491 [DEBUG] core.argyll_runner: [argyll] Added 540/1362
2026-09-07 10:13:11,493 [DEBUG] core.argyll_runner: [argyll] Added 551/1362
2026-09-07 10:13:11,494 [DEBUG] core.argyll_runner: [argyll] Added 562/1362
2026-09-07 10:13:11,496 [DEBUG] core.argyll_runner: [argyll] Added 573/1362
2026-09-07 10:13:11,498 [DEBUG] core.argyll_runner: [argyll] Added 584/1362
2026-09-07 10:13:11,500 [DEBUG] core.argyll_runner: [argyll] Added 595/1362
2026-09-07 10:13:11,502 [DEBUG] core.argyll_runner: [argyll] Added 606/1362
2026-09-07 10:13:11,504 [DEBUG] core.argyll_runner: [argyll] Added 617/1362
2026-09-07 10:13:11,506 [DEBUG] core.argyll_runner: [argyll] Added 628/1362
2026-09-07 10:13:11,509 [DEBUG] core.argyll_runner: [argyll] Added 639/1362
2026-09-07 10:13:11,511 [DEBUG] core.argyll_runner: [argyll] Added 650/1362
2026-09-07 10:13:11,514 [DEBUG] core.argyll_runner: [argyll] Added 661/1362
2026-09-07 10:13:11,517 [DEBUG] core.argyll_runner: [argyll] Added 672/1362
2026-09-07 10:13:11,520 [DEBUG] core.argyll_runner: [argyll] Added 683/1362
2026-09-07 10:13:11,523 [DEBUG] core.argyll_runner: [argyll] Added 694/1362
2026-09-07 10:13:11,526 [DEBUG] core.argyll_runner: [argyll] Added 705/1362
2026-09-07 10:13:11,529 [DEBUG] core.argyll_runner: [argyll] Added 716/1362
2026-09-07 10:13:11,533 [DEBUG] core.argyll_runner: [argyll] Added 727/1362
2026-09-07 10:13:11,536 [DEBUG] core.argyll_runner: [argyll] Added 738/1362
2026-09-07 10:13:11,540 [DEBUG] core.argyll_runner: [argyll] Added 749/1362
2026-09-07 10:13:11,544 [DEBUG] core.argyll_runner: [argyll] Added 760/1362
2026-09-07 10:13:11,548 [DEBUG] core.argyll_runner: [argyll] Added 771/1362
2026-09-07 10:13:11,552 [DEBUG] core.argyll_runner: [argyll] Added 782/1362
2026-09-07 10:13:11,556 [DEBUG] core.argyll_runner: [argyll] Added 793/1362
2026-09-07 10:13:11,561 [DEBUG] core.argyll_runner: [argyll] Added 804/1362
2026-09-07 10:13:11,565 [DEBUG] core.argyll_runner: [argyll] Added 815/1362
2026-09-07 10:13:11,570 [DEBUG] core.argyll_runner: [argyll] Added 826/1362
2026-09-07 10:13:11,575 [DEBUG] core.argyll_runner: [argyll] Added 837/1362
2026-09-07 10:13:11,580 [DEBUG] core.argyll_runner: [argyll] Added 848/1362
2026-09-07 10:13:11,585 [DEBUG] core.argyll_runner: [argyll] Added 859/1362
2026-09-07 10:13:11,590 [DEBUG] core.argyll_runner: [argyll] Added 870/1362
2026-09-07 10:13:11,596 [DEBUG] core.argyll_runner: [argyll] Added 881/1362
2026-09-07 10:13:11,601 [DEBUG] core.argyll_runner: [argyll] Added 892/1362
2026-09-07 10:13:11,607 [DEBUG] core.argyll_runner: [argyll] Added 903/1362
2026-09-07 10:13:11,612 [DEBUG] core.argyll_runner: [argyll] Added 914/1362
2026-09-07 10:13:11,618 [DEBUG] core.argyll_runner: [argyll] Added 925/1362
2026-09-07 10:13:11,624 [DEBUG] core.argyll_runner: [argyll] Added 936/1362
2026-09-07 10:13:11,630 [DEBUG] core.argyll_runner: [argyll] Added 947/1362
2026-09-07 10:13:11,637 [DEBUG] core.argyll_runner: [argyll] Added 958/1362
2026-09-07 10:13:11,643 [DEBUG] core.argyll_runner: [argyll] Added 969/1362
2026-09-07 10:13:11,650 [DEBUG] core.argyll_runner: [argyll] Added 980/1362
2026-09-07 10:13:11,657 [DEBUG] core.argyll_runner: [argyll] Added 991/1362
2026-09-07 10:13:11,677 [DEBUG] core.argyll_runner: [argyll] 
2026-09-07 10:13:11,679 [DEBUG] core.argyll_runner: [argyll] Added 1002/1362
2026-09-07 10:13:11,679 [DEBUG] core.argyll_runner: [argyll] Added 1013/1362
2026-09-07 10:13:11,679 [DEBUG] core.argyll_runner: [argyll] Added 1024/1362
2026-09-07 10:13:11,680 [DEBUG] core.argyll_runner: [argyll] Added 1035/1362
2026-09-07 10:13:11,680 [DEBUG] core.argyll_runner: [argyll] Added 1046/1362
2026-09-07 10:13:11,681 [DEBUG] core.argyll_runner: [argyll] Added 1057/1362
2026-09-07 10:13:11,681 [DEBUG] core.argyll_runner: [argyll] Added 1068/1362
2026-09-07 10:13:11,682 [DEBUG] core.argyll_runner: [argyll] Added 1079/1362
2026-09-07 10:13:11,683 [DEBUG] core.argyll_runner: [argyll] Added 1090/1362
2026-09-07 10:13:11,685 [DEBUG] core.argyll_runner: [argyll] Added 1101/1362
2026-09-07 10:13:11,686 [DEBUG] core.argyll_runner: [argyll] Added 1112/1362
2026-09-07 10:13:11,687 [DEBUG] core.argyll_runner: [argyll] Added 1123/1362
2026-09-07 10:13:11,689 [DEBUG] core.argyll_runner: [argyll] Added 1134/1362
2026-09-07 10:13:11,690 [DEBUG] core.argyll_runner: [argyll] Added 1145/1362
2026-09-07 10:13:11,692 [DEBUG] core.argyll_runner: [argyll] Added 1156/1362
2026-09-07 10:13:11,694 [DEBUG] core.argyll_runner: [argyll] Added 1167/1362
2026-09-07 10:13:11,696 [DEBUG] core.argyll_runner: [argyll] Added 1178/1362
2026-09-07 10:13:11,698 [DEBUG] core.argyll_runner: [argyll] Added 1189/1362
2026-09-07 10:13:11,701 [DEBUG] core.argyll_runner: [argyll] Added 1200/1362
2026-09-07 10:13:11,703 [DEBUG] core.argyll_runner: [argyll] Added 1211/1362
2026-09-07 10:13:11,706 [DEBUG] core.argyll_runner: [argyll] Added 1222/1362
2026-09-07 10:13:11,709 [DEBUG] core.argyll_runner: [argyll] Added 1233/1362
2026-09-07 10:13:11,711 [DEBUG] core.argyll_runner: [argyll] Added 1244/1362
2026-09-07 10:13:11,714 [DEBUG] core.argyll_runner: [argyll] Added 1255/1362
2026-09-07 10:13:11,717 [DEBUG] core.argyll_runner: [argyll] Added 1266/1362
2026-09-07 10:13:11,721 [DEBUG] core.argyll_runner: [argyll] Added 1277/1362
2026-09-07 10:13:11,724 [DEBUG] core.argyll_runner: [argyll] Added 1288/1362
2026-09-07 10:13:11,728 [DEBUG] core.argyll_runner: [argyll] Added 1299/1362
2026-09-07 10:13:11,731 [DEBUG] core.argyll_runner: [argyll] Added 1310/1362
2026-09-07 10:13:11,735 [DEBUG] core.argyll_runner: [argyll] Added 1321/1362
2026-09-07 10:13:11,739 [DEBUG] core.argyll_runner: [argyll] Added 1332/1362
2026-09-07 10:13:11,743 [DEBUG] core.argyll_runner: [argyll] Added 1343/1362
2026-09-07 10:13:11,748 [DEBUG] core.argyll_runner: [argyll] Added 1354/1362
2026-09-07 10:13:11,752 [DEBUG] core.argyll_runner: [argyll] Added 1362/1362
2026-09-07 10:13:14,310 [DEBUG] core.argyll_runner: [argyll] 
2026-09-07 10:13:14,312 [DEBUG] core.argyll_runner: [argyll] After seeding points: MinPoint = 2.130, Min = 1.956, Avg. = 7.763, Max = 9.871, 0.2 secs
2026-09-07 10:13:14,312 [DEBUG] core.argyll_runner: [argyll] Re-seeding
2026-09-07 10:13:14,312 [DEBUG] core.argyll_runner: [argyll] It 1: Maxmv = 0.081922, MinPoint = 2.061, Min = 1.956, Avg. = 7.735, Max = 10.437, 0.1 secs.
2026-09-07 10:13:14,313 [DEBUG] core.argyll_runner: [argyll] Re-seeding
2026-09-07 10:13:14,313 [DEBUG] core.argyll_runner: [argyll] It 2: Maxmv = 0.083281, MinPoint = 2.130, Min = 1.956, Avg. = 7.683, Max = 10.531, 0.1 secs.
2026-09-07 10:13:14,313 [DEBUG] core.argyll_runner: [argyll] Re-seeding
2026-09-07 10:13:14,313 [DEBUG] core.argyll_runner: [argyll] It 3: Maxmv = 0.053730, MinPoint = 2.130, Min = 1.956, Avg. = 7.633, Max = 10.093, 0.1 secs.
2026-09-07 10:13:14,314 [DEBUG] core.argyll_runner: [argyll] Re-seeding
2026-09-07 10:13:14,314 [DEBUG] core.argyll_runner: [argyll] It 4: Maxmv = 0.055509, MinPoint = 2.130, Min = 1.956, Avg. = 7.592, Max = 9.877, 0.1 secs.
2026-09-07 10:13:14,314 [DEBUG] core.argyll_runner: [argyll] Re-seeding
2026-09-07 10:13:14,314 [DEBUG] core.argyll_runner: [argyll] It 5: Maxmv = 0.048706, MinPoint = 2.130, Min = 1.956, Avg. = 7.548, Max = 9.739, 0.1 secs.
2026-09-07 10:13:14,315 [DEBUG] core.argyll_runner: [argyll] Re-seeding
2026-09-07 10:13:14,315 [DEBUG] core.argyll_runner: [argyll] It 6: Maxmv = 0.043095, MinPoint = 2.130, Min = 1.956, Avg. = 7.516, Max = 9.585, 0.1 secs.
2026-09-07 10:13:14,315 [DEBUG] core.argyll_runner: [argyll] Re-seeding
2026-09-07 10:13:14,315 [DEBUG] core.argyll_runner: [argyll] It 7: Maxmv = 0.037790, MinPoint = 2.130, Min = 1.956, Avg. = 7.472, Max = 9.965, 0.1 secs.
2026-09-07 10:13:14,315 [DEBUG] core.argyll_runner: [argyll] Re-seeding
2026-09-07 10:13:14,316 [DEBUG] core.argyll_runner: [argyll] It 8: Maxmv = 0.030666, MinPoint = 2.130, Min = 1.956, Avg. = 7.443, Max = 9.308, 0.1 secs.
2026-09-07 10:13:14,316 [DEBUG] core.argyll_runner: [argyll] Re-seeding
2026-09-07 10:13:14,316 [DEBUG] core.argyll_runner: [argyll] It 9: Maxmv = 0.031441, MinPoint = 2.130, Min = 1.956, Avg. = 7.418, Max = 9.499, 0.1 secs.
2026-09-07 10:13:14,316 [DEBUG] core.argyll_runner: [argyll] Re-seeding
2026-09-07 10:13:14,317 [DEBUG] core.argyll_runner: [argyll] It 10: Maxmv = 0.025396, MinPoint = 2.130, Min = 1.956, Avg. = 7.396, Max = 9.221, 0.1 secs.
2026-09-07 10:13:14,317 [DEBUG] core.argyll_runner: [argyll] Re-seeding
2026-09-07 10:13:14,317 [DEBUG] core.argyll_runner: [argyll] It 11: Maxmv = 0.021812, MinPoint = 2.130, Min = 1.956, Avg. = 7.379, Max = 9.057, 0.1 secs.
2026-09-07 10:13:14,317 [DEBUG] core.argyll_runner: [argyll] Re-seeding
2026-09-07 10:13:14,318 [DEBUG] core.argyll_runner: [argyll] It 12: Maxmv = 0.016568, MinPoint = 2.130, Min = 1.956, Avg. = 7.365, Max = 8.860, 0.1 secs.
2026-09-07 10:13:14,318 [DEBUG] core.argyll_runner: [argyll] Re-seeding
2026-09-07 10:13:14,318 [DEBUG] core.argyll_runner: [argyll] It 13: Maxmv = 0.018023, MinPoint = 2.130, Min = 1.956, Avg. = 7.359, Max = 8.835, 0.1 secs.
2026-09-07 10:13:14,318 [DEBUG] core.argyll_runner: [argyll] Re-seeding
2026-09-07 10:13:14,319 [DEBUG] core.argyll_runner: [argyll] It 14: Maxmv = 0.013784, MinPoint = 2.130, Min = 1.956, Avg. = 7.349, Max = 8.768, 0.1 secs.
2026-09-07 10:13:14,319 [DEBUG] core.argyll_runner: [argyll] Re-seeding
2026-09-07 10:13:14,319 [DEBUG] core.argyll_runner: [argyll] It 15: Maxmv = 0.008696, MinPoint = 2.130, Min = 1.956, Avg. = 7.346, Max = 8.747, 0.1 secs.
2026-09-07 10:13:14,319 [DEBUG] core.argyll_runner: [argyll] Re-seeding
2026-09-07 10:13:14,319 [DEBUG] core.argyll_runner: [argyll] It 16: Maxmv = 0.007547, MinPoint = 2.130, Min = 1.956, Avg. = 7.345, Max = 8.740, 0.1 secs.
2026-09-07 10:13:14,320 [DEBUG] core.argyll_runner: [argyll] Re-seeding
2026-09-07 10:13:14,320 [DEBUG] core.argyll_runner: [argyll] It 17: Maxmv = 0.005819, MinPoint = 2.130, Min = 1.956, Avg. = 7.344, Max = 8.708, 0.1 secs.
2026-09-07 10:13:14,320 [DEBUG] core.argyll_runner: [argyll] Re-seeding
2026-09-07 10:13:14,320 [DEBUG] core.argyll_runner: [argyll] It 18: Maxmv = 0.003177, MinPoint = 2.130, Min = 1.956, Avg. = 7.345, Max = 8.656, 0.1 secs.
2026-09-07 10:13:14,321 [DEBUG] core.argyll_runner: [argyll] Re-seeding
2026-09-07 10:13:14,321 [DEBUG] core.argyll_runner: [argyll] It 19: Maxmv = 0.001094, MinPoint = 2.130, Min = 1.956, Avg. = 7.345, Max = 8.650, 0.1 secs.
2026-09-07 10:13:14,321 [DEBUG] core.argyll_runner: [argyll] Re-seeding
2026-09-07 10:13:14,321 [DEBUG] core.argyll_runner: [argyll] It 20: Maxmv = 0.001150, MinPoint = 2.130, Min = 1.956, Avg. = 7.346, Max = 8.661, 0.1 secs.
2026-09-07 10:13:14,322 [DEBUG] core.argyll_runner: [argyll] After optimization: MinPoint = 2.130, Min = 1.956, Avg. = 7.346, Max = 8.661
2026-09-07 10:13:14,322 [DEBUG] core.argyll_runner: [argyll] Total number of patches = 1376
2026-09-07 10:13:14,322 [DEBUG] core.argyll_runner: [argyll] Execution time = 2.942106 seconds
2026-09-07 10:13:14,322 [INFO] core.argyll_runner: ArgyllRunner: finished with code 0
2026-09-07 10:13:14,937 [DEBUG] workflow.chart_creator: Wrote channel sidecar R2-Engine.channels.json: ['r', 'g', 'b']
2026-09-07 10:13:15,091 [DEBUG] ui.tiff_preview: TiffPreview: loaded 1 page(s)
2026-09-07 10:13:15,091 [INFO] ui.tabs.tab_chart: Preview loaded: 1 TIFF(s)
2026-09-07 10:13:15,146 [DEBUG] ui.tiff_preview: TiffPreview: loaded 1 page(s)
2026-09-07 10:13:15,149 [DEBUG] ui.tiff_preview: TiffPreview: loaded 1 page(s)
2026-09-07 10:13:15,158 [DEBUG] ui.tabs.tab_chart: create-chart settings written for run1 (40 parameters + ui state)
2026-09-07 10:13:17,546 [INFO] review:   [i1 A3 portrait instr margins] built ok=True actual={'total': 1376, 'fillup': 0, 'page_patches': 1376, 'rows': 43, 'cols': 32, 'pages': 1, 'patch': (8.21, 8.3), 'pitch': None} est={'total': 1376, 'fillup': 0, 'page_patches': 1376, 'rows': 43, 'cols': 32, 'pages': 1, 'patch': (8.18, 8.32), 'pitch': None}
      margins=mm | inch | min | Left (to first patch) | 26.0 | 1.023 | 9.0 | Right (to first patch) | 9.2 | 0.363 | 9.0 | Top (to first patch) | 10.0 | 0.393 | 9.0 | Bottom (to first patch) | 10.2 | 0.402 | 9.0 | Patch width (in strip reading direction) | 8.2 | 0.323 | Stri
      status='' notes='⚠ Top margin is too small for the strip labels — they overflow toward the page edge.\n\n⚠ Strip length 400 mm exceeds the 240 mm instrument ruler — the strip may not fit your jig'
2026-09-07 10:13:17,712 [INFO] review:   shot Review/Screenshots/R04-engine/f006-A3-note-no-verdict.png  (3400x2100)
2026-09-07 10:13:17,727 [INFO] review:   shot Review/Screenshots/R04-engine/f006-A3-margin-panel.png  (1292x500)
2026-09-07 10:13:17,789 [DEBUG] core.settings: settings.set helper_markers_show = False
2026-09-07 10:13:17,789 [DEBUG] core.settings: settings.set helper_marker_edge_mm = 2.0
2026-09-07 10:13:17,789 [DEBUG] core.settings: settings.set helper_marker_len_mm = 2.0
2026-09-07 10:13:17,789 [DEBUG] core.settings: settings.set helper_marker_per_patch = 3
2026-09-07 10:13:17,789 [DEBUG] core.settings: settings.set helper_markers_top_bottom = True
2026-09-07 10:13:17,789 [DEBUG] core.settings: settings.set helper_markers_sides = True
2026-09-07 10:13:18,327 [INFO] review:   armed: dialog ~'quite fill' -> click 'OK' (last page hint)
2026-09-07 10:13:18,327 [INFO] review:   armed: dialog ~'already' -> click 'Continue' 
2026-09-07 10:13:18,328 [INFO] ui.tabs.tab_chart: chart build (Generate Chart) in manual: patch set targen | manual panel: A3, 0x0 grid, margins T9.0 R9.0 B9.0 L9.0
2026-09-07 10:13:18,331 [DEBUG] core.settings: settings.set session_ti3_path = ''
2026-09-07 10:13:18,332 [DEBUG] core.settings: settings.set session_icc_path = ''
2026-09-07 10:13:18,332 [DEBUG] core.settings: settings.set session_cal_ti3_path = ''
2026-09-07 10:13:18,334 [DEBUG] core.file_manager: Target name set to: R2-Engine (root /Users/Basti/ChromIQ-assessment/R2-Engine)
2026-09-07 10:13:18,335 [INFO] core.file_manager: opened the EXISTING project at /Users/Basti/ChromIQ-assessment/R2-Engine (1 run(s) on disk)
2026-09-07 10:13:18,386 [INFO] workflow.chart_creator: Chart generation: 1376 patches, instrument=i1 paper=A3 disable_lb=True
2026-09-07 10:13:18,387 [INFO] workflow.chart_creator: targen args: ['-v', '-d2', '-f1376', '-e8', '-B8', '-G', '-g79', 'R2-Engine']
2026-09-07 10:13:18,387 [INFO] core.argyll_runner: Run: /Applications/Argyll/bin/targen -v -d2 -f1376 -e8 -B8 -G -g79 R2-Engine  [cwd=/Users/Basti/ChromIQ-assessment/R2-Engine/runs/run1]
2026-09-07 10:13:18,460 [DEBUG] core.argyll_runner: [argyll] iRGB test chart
2026-09-07 10:13:18,460 [DEBUG] core.argyll_runner: [argyll] White patches = 8
2026-09-07 10:13:18,461 [DEBUG] core.argyll_runner: [argyll] Black patches = 8
2026-09-07 10:13:18,461 [DEBUG] core.argyll_runner: [argyll] Composite Grey steps = 79
2026-09-07 10:13:18,461 [DEBUG] core.argyll_runner: [argyll] Full spread patches = 1376
2026-09-07 10:13:18,461 [DEBUG] core.argyll_runner: [argyll] Degree of adaptation: 0.100
2026-09-07 10:13:18,461 [DEBUG] core.argyll_runner: [argyll] Adaptation weights: Device = 0.935, Perceptual = 0.065, Curvature = 0.010
2026-09-07 10:13:18,461 [DEBUG] core.argyll_runner: [argyll] Perceptual cache resolution = 13
2026-09-07 10:13:18,462 [DEBUG] core.argyll_runner: [argyll] Seeding cache...
2026-09-07 10:13:18,494 [DEBUG] core.argyll_runner: [argyll] done
2026-09-07 10:13:18,494 [DEBUG] core.argyll_runner: [argyll] Acceleration grid res = 12
2026-09-07 10:13:18,494 [DEBUG] core.argyll_runner: [argyll] 
2026-09-07 10:13:18,494 [DEBUG] core.argyll_runner: [argyll] There are 79 unique fixed points to add (93 total fixed points)
2026-09-07 10:13:18,494 [DEBUG] core.argyll_runner: [argyll] There are 1283 far spread points to add
2026-09-07 10:13:18,495 [DEBUG] core.argyll_runner: [argyll] 
2026-09-07 10:13:18,495 [DEBUG] core.argyll_runner: [argyll] Added 12/1362
2026-09-07 10:13:18,495 [DEBUG] core.argyll_runner: [argyll] Added 23/1362
2026-09-07 10:13:18,495 [DEBUG] core.argyll_runner: [argyll] Added 34/1362
2026-09-07 10:13:18,495 [DEBUG] core.argyll_runner: [argyll] Added 45/1362
2026-09-07 10:13:18,496 [DEBUG] core.argyll_runner: [argyll] Added 56/1362
2026-09-07 10:13:18,496 [DEBUG] core.argyll_runner: [argyll] Added 67/1362
2026-09-07 10:13:18,497 [DEBUG] core.argyll_runner: [argyll] Added 78/1362
2026-09-07 10:13:18,497 [DEBUG] core.argyll_runner: [argyll] Added 89/1362
2026-09-07 10:13:18,498 [DEBUG] core.argyll_runner: [argyll] Added 100/1362
2026-09-07 10:13:18,499 [DEBUG] core.argyll_runner: [argyll] Added 111/1362
2026-09-07 10:13:18,499 [DEBUG] core.argyll_runner: [argyll] Added 122/1362
2026-09-07 10:13:18,500 [DEBUG] core.argyll_runner: [argyll] Added 133/1362
2026-09-07 10:13:18,501 [DEBUG] core.argyll_runner: [argyll] Added 144/1362
2026-09-07 10:13:18,503 [DEBUG] core.argyll_runner: [argyll] Added 155/1362
2026-09-07 10:13:18,523 [DEBUG] core.argyll_runner: [argyll] 
2026-09-07 10:13:18,524 [DEBUG] core.argyll_runner: [argyll] Added 166/1362
2026-09-07 10:13:18,524 [DEBUG] core.argyll_runner: [argyll] Added 177/1362
2026-09-07 10:13:18,524 [DEBUG] core.argyll_runner: [argyll] Added 188/1362
2026-09-07 10:13:18,524 [DEBUG] core.argyll_runner: [argyll] Added 199/1362
2026-09-07 10:13:18,525 [DEBUG] core.argyll_runner: [argyll] Added 210/1362
2026-09-07 10:13:18,525 [DEBUG] core.argyll_runner: [argyll] Added 221/1362
2026-09-07 10:13:18,526 [DEBUG] core.argyll_runner: [argyll] Added 232/1362
2026-09-07 10:13:18,527 [DEBUG] core.argyll_runner: [argyll] Added 243/1362
2026-09-07 10:13:18,528 [DEBUG] core.argyll_runner: [argyll] Added 254/1362
2026-09-07 10:13:18,529 [DEBUG] core.argyll_runner: [argyll] Added 265/1362
2026-09-07 10:13:18,530 [DEBUG] core.argyll_runner: [argyll] Added 276/1362
2026-09-07 10:13:18,532 [DEBUG] core.argyll_runner: [argyll] Added 287/1362
2026-09-07 10:13:18,533 [DEBUG] core.argyll_runner: [argyll] Added 298/1362
2026-09-07 10:13:18,535 [DEBUG] core.argyll_runner: [argyll] Added 309/1362
2026-09-07 10:13:18,537 [DEBUG] core.argyll_runner: [argyll] Added 320/1362
2026-09-07 10:13:18,539 [DEBUG] core.argyll_runner: [argyll] Added 331/1362
2026-09-07 10:13:18,541 [DEBUG] core.argyll_runner: [argyll] Added 342/1362
2026-09-07 10:13:18,543 [DEBUG] core.argyll_runner: [argyll] Added 353/1362
2026-09-07 10:13:18,545 [DEBUG] core.argyll_runner: [argyll] Added 364/1362
2026-09-07 10:13:18,548 [DEBUG] core.argyll_runner: [argyll] Added 375/1362
2026-09-07 10:13:18,550 [DEBUG] core.argyll_runner: [argyll] Added 386/1362
2026-09-07 10:13:18,553 [DEBUG] core.argyll_runner: [argyll] Added 397/1362
2026-09-07 10:13:18,556 [DEBUG] core.argyll_runner: [argyll] Added 408/1362
2026-09-07 10:13:18,559 [DEBUG] core.argyll_runner: [argyll] Added 419/1362
2026-09-07 10:13:18,562 [DEBUG] core.argyll_runner: [argyll] Added 430/1362
2026-09-07 10:13:18,578 [DEBUG] core.argyll_runner: [argyll] 
2026-09-07 10:13:18,579 [DEBUG] core.argyll_runner: [argyll] Added 441/1362
2026-09-07 10:13:18,579 [DEBUG] core.argyll_runner: [argyll] Added 452/1362
2026-09-07 10:13:18,579 [DEBUG] core.argyll_runner: [argyll] Added 463/1362
2026-09-07 10:13:18,579 [DEBUG] core.argyll_runner: [argyll] Added 474/1362
2026-09-07 10:13:18,580 [DEBUG] core.argyll_runner: [argyll] Added 485/1362
2026-09-07 10:13:18,580 [DEBUG] core.argyll_runner: [argyll] Added 496/1362
2026-09-07 10:13:18,581 [DEBUG] core.argyll_runner: [argyll] Added 507/1362
2026-09-07 10:13:18,582 [DEBUG] core.argyll_runner: [argyll] Added 518/1362
2026-09-07 10:13:18,583 [DEBUG] core.argyll_runner: [argyll] Added 529/1362
2026-09-07 10:13:18,584 [DEBUG] core.argyll_runner: [argyll] Added 540/1362
2026-09-07 10:13:18,585 [DEBUG] core.argyll_runner: [argyll] Added 551/1362
2026-09-07 10:13:18,587 [DEBUG] core.argyll_runner: [argyll] Added 562/1362
2026-09-07 10:13:18,588 [DEBUG] core.argyll_runner: [argyll] Added 573/1362
2026-09-07 10:13:18,590 [DEBUG] core.argyll_runner: [argyll] Added 584/1362
2026-09-07 10:13:18,592 [DEBUG] core.argyll_runner: [argyll] Added 595/1362
2026-09-07 10:13:18,594 [DEBUG] core.argyll_runner: [argyll] Added 606/1362
2026-09-07 10:13:18,596 [DEBUG] core.argyll_runner: [argyll] Added 617/1362
2026-09-07 10:13:18,598 [DEBUG] core.argyll_runner: [argyll] Added 628/1362
2026-09-07 10:13:18,600 [DEBUG] core.argyll_runner: [argyll] Added 639/1362
2026-09-07 10:13:18,602 [DEBUG] core.argyll_runner: [argyll] Added 650/1362
2026-09-07 10:13:18,605 [DEBUG] core.argyll_runner: [argyll] Added 661/1362
2026-09-07 10:13:18,608 [DEBUG] core.argyll_runner: [argyll] Added 672/1362
2026-09-07 10:13:18,610 [DEBUG] core.argyll_runner: [argyll] Added 683/1362
2026-09-07 10:13:18,613 [DEBUG] core.argyll_runner: [argyll] Added 694/1362
2026-09-07 10:13:18,616 [DEBUG] core.argyll_runner: [argyll] Added 705/1362
2026-09-07 10:13:18,619 [DEBUG] core.argyll_runner: [argyll] Added 716/1362
2026-09-07 10:13:18,623 [DEBUG] core.argyll_runner: [argyll] Added 727/1362
2026-09-07 10:13:18,626 [DEBUG] core.argyll_runner: [argyll] Added 738/1362
2026-09-07 10:13:18,630 [DEBUG] core.argyll_runner: [argyll] Added 749/1362
2026-09-07 10:13:18,633 [DEBUG] core.argyll_runner: [argyll] Added 760/1362
2026-09-07 10:13:18,637 [DEBUG] core.argyll_runner: [argyll] Added 771/1362
2026-09-07 10:13:18,641 [DEBUG] core.argyll_runner: [argyll] Added 782/1362
2026-09-07 10:13:18,645 [DEBUG] core.argyll_runner: [argyll] Added 793/1362
2026-09-07 10:13:18,649 [DEBUG] core.argyll_runner: [argyll] Added 804/1362
2026-09-07 10:13:18,654 [DEBUG] core.argyll_runner: [argyll] Added 815/1362
2026-09-07 10:13:18,658 [DEBUG] core.argyll_runner: [argyll] Added 826/1362
2026-09-07 10:13:18,663 [DEBUG] core.argyll_runner: [argyll] Added 837/1362
2026-09-07 10:13:18,668 [DEBUG] core.argyll_runner: [argyll] Added 848/1362
2026-09-07 10:13:18,673 [DEBUG] core.argyll_runner: [argyll] Added 859/1362
2026-09-07 10:13:18,678 [DEBUG] core.argyll_runner: [argyll] Added 870/1362
2026-09-07 10:13:18,683 [DEBUG] core.argyll_runner: [argyll] Added 881/1362
2026-09-07 10:13:18,688 [DEBUG] core.argyll_runner: [argyll] Added 892/1362
2026-09-07 10:13:18,693 [DEBUG] core.argyll_runner: [argyll] Added 903/1362
2026-09-07 10:13:18,699 [DEBUG] core.argyll_runner: [argyll] Added 914/1362
2026-09-07 10:13:18,705 [DEBUG] core.argyll_runner: [argyll] Added 925/1362
2026-09-07 10:13:18,710 [DEBUG] core.argyll_runner: [argyll] Added 936/1362
2026-09-07 10:13:18,716 [DEBUG] core.argyll_runner: [argyll] Added 947/1362
2026-09-07 10:13:18,722 [DEBUG] core.argyll_runner: [argyll] Added 958/1362
2026-09-07 10:13:18,729 [DEBUG] core.argyll_runner: [argyll] Added 969/1362
2026-09-07 10:13:18,735 [DEBUG] core.argyll_runner: [argyll] Added 980/1362
2026-09-07 10:13:18,742 [DEBUG] core.argyll_runner: [argyll] Added 991/1362
2026-09-07 10:13:18,749 [DEBUG] core.argyll_runner: [argyll] Added 1002/1362
2026-09-07 10:13:18,755 [DEBUG] core.argyll_runner: [argyll] Added 1013/1362
2026-09-07 10:13:18,762 [DEBUG] core.argyll_runner: [argyll] Added 1024/1362
2026-09-07 10:13:18,769 [DEBUG] core.argyll_runner: [argyll] Added 1035/1362
2026-09-07 10:13:18,790 [DEBUG] core.argyll_runner: [argyll] 
2026-09-07 10:13:18,793 [DEBUG] core.argyll_runner: [argyll] Added 1046/1362
2026-09-07 10:13:18,793 [DEBUG] core.argyll_runner: [argyll] Added 1057/1362
2026-09-07 10:13:18,793 [DEBUG] core.argyll_runner: [argyll] Added 1068/1362
2026-09-07 10:13:18,794 [DEBUG] core.argyll_runner: [argyll] Added 1079/1362
2026-09-07 10:13:18,794 [DEBUG] core.argyll_runner: [argyll] Added 1090/1362
2026-09-07 10:13:18,795 [DEBUG] core.argyll_runner: [argyll] Added 1101/1362
2026-09-07 10:13:18,796 [DEBUG] core.argyll_runner: [argyll] Added 1112/1362
2026-09-07 10:13:18,797 [DEBUG] core.argyll_runner: [argyll] Added 1123/1362
2026-09-07 10:13:18,798 [DEBUG] core.argyll_runner: [argyll] Added 1134/1362
2026-09-07 10:13:18,799 [DEBUG] core.argyll_runner: [argyll] Added 1145/1362
2026-09-07 10:13:18,800 [DEBUG] core.argyll_runner: [argyll] Added 1156/1362
2026-09-07 10:13:18,801 [DEBUG] core.argyll_runner: [argyll] Added 1167/1362
2026-09-07 10:13:18,803 [DEBUG] core.argyll_runner: [argyll] Added 1178/1362
2026-09-07 10:13:18,805 [DEBUG] core.argyll_runner: [argyll] Added 1189/1362
2026-09-07 10:13:18,806 [DEBUG] core.argyll_runner: [argyll] Added 1200/1362
2026-09-07 10:13:18,808 [DEBUG] core.argyll_runner: [argyll] Added 1211/1362
2026-09-07 10:13:18,810 [DEBUG] core.argyll_runner: [argyll] Added 1222/1362
2026-09-07 10:13:18,812 [DEBUG] core.argyll_runner: [argyll] Added 1233/1362
2026-09-07 10:13:18,815 [DEBUG] core.argyll_runner: [argyll] Added 1244/1362
2026-09-07 10:13:18,817 [DEBUG] core.argyll_runner: [argyll] Added 1255/1362
2026-09-07 10:13:18,820 [DEBUG] core.argyll_runner: [argyll] Added 1266/1362
2026-09-07 10:13:18,822 [DEBUG] core.argyll_runner: [argyll] Added 1277/1362
2026-09-07 10:13:18,825 [DEBUG] core.argyll_runner: [argyll] Added 1288/1362
2026-09-07 10:13:18,828 [DEBUG] core.argyll_runner: [argyll] Added 1299/1362
2026-09-07 10:13:18,831 [DEBUG] core.argyll_runner: [argyll] Added 1310/1362
2026-09-07 10:13:18,834 [DEBUG] core.argyll_runner: [argyll] Added 1321/1362
2026-09-07 10:13:18,837 [DEBUG] core.argyll_runner: [argyll] Added 1332/1362
2026-09-07 10:13:18,841 [DEBUG] core.argyll_runner: [argyll] Added 1343/1362
2026-09-07 10:13:18,844 [DEBUG] core.argyll_runner: [argyll] Added 1354/1362
2026-09-07 10:13:18,848 [DEBUG] core.argyll_runner: [argyll] Added 1362/1362
2026-09-07 10:13:21,402 [DEBUG] core.argyll_runner: [argyll] 
2026-09-07 10:13:21,404 [DEBUG] core.argyll_runner: [argyll] After seeding points: MinPoint = 2.130, Min = 1.956, Avg. = 7.763, Max = 9.871, 0.2 secs
2026-09-07 10:13:21,404 [DEBUG] core.argyll_runner: [argyll] Re-seeding
2026-09-07 10:13:21,404 [DEBUG] core.argyll_runner: [argyll] It 1: Maxmv = 0.081922, MinPoint = 2.061, Min = 1.956, Avg. = 7.735, Max = 10.437, 0.1 secs.
2026-09-07 10:13:21,404 [DEBUG] core.argyll_runner: [argyll] Re-seeding
2026-09-07 10:13:21,405 [DEBUG] core.argyll_runner: [argyll] It 2: Maxmv = 0.083281, MinPoint = 2.130, Min = 1.956, Avg. = 7.683, Max = 10.531, 0.1 secs.
2026-09-07 10:13:21,405 [DEBUG] core.argyll_runner: [argyll] Re-seeding
2026-09-07 10:13:21,405 [DEBUG] core.argyll_runner: [argyll] It 3: Maxmv = 0.053730, MinPoint = 2.130, Min = 1.956, Avg. = 7.633, Max = 10.093, 0.1 secs.
2026-09-07 10:13:21,405 [DEBUG] core.argyll_runner: [argyll] Re-seeding
2026-09-07 10:13:21,406 [DEBUG] core.argyll_runner: [argyll] It 4: Maxmv = 0.055509, MinPoint = 2.130, Min = 1.956, Avg. = 7.592, Max = 9.877, 0.1 secs.
2026-09-07 10:13:21,406 [DEBUG] core.argyll_runner: [argyll] Re-seeding
2026-09-07 10:13:21,406 [DEBUG] core.argyll_runner: [argyll] It 5: Maxmv = 0.048706, MinPoint = 2.130, Min = 1.956, Avg. = 7.548, Max = 9.739, 0.1 secs.
2026-09-07 10:13:21,406 [DEBUG] core.argyll_runner: [argyll] Re-seeding
2026-09-07 10:13:21,407 [DEBUG] core.argyll_runner: [argyll] It 6: Maxmv = 0.043095, MinPoint = 2.130, Min = 1.956, Avg. = 7.516, Max = 9.585, 0.1 secs.
2026-09-07 10:13:21,407 [DEBUG] core.argyll_runner: [argyll] Re-seeding
2026-09-07 10:13:21,407 [DEBUG] core.argyll_runner: [argyll] It 7: Maxmv = 0.037790, MinPoint = 2.130, Min = 1.956, Avg. = 7.472, Max = 9.965, 0.1 secs.
2026-09-07 10:13:21,407 [DEBUG] core.argyll_runner: [argyll] Re-seeding
2026-09-07 10:13:21,408 [DEBUG] core.argyll_runner: [argyll] It 8: Maxmv = 0.030666, MinPoint = 2.130, Min = 1.956, Avg. = 7.443, Max = 9.308, 0.1 secs.
2026-09-07 10:13:21,408 [DEBUG] core.argyll_runner: [argyll] Re-seeding
2026-09-07 10:13:21,408 [DEBUG] core.argyll_runner: [argyll] It 9: Maxmv = 0.031441, MinPoint = 2.130, Min = 1.956, Avg. = 7.418, Max = 9.499, 0.1 secs.
2026-09-07 10:13:21,408 [DEBUG] core.argyll_runner: [argyll] Re-seeding
2026-09-07 10:13:21,409 [DEBUG] core.argyll_runner: [argyll] It 10: Maxmv = 0.025396, MinPoint = 2.130, Min = 1.956, Avg. = 7.396, Max = 9.221, 0.1 secs.
2026-09-07 10:13:21,409 [DEBUG] core.argyll_runner: [argyll] Re-seeding
2026-09-07 10:13:21,409 [DEBUG] core.argyll_runner: [argyll] It 11: Maxmv = 0.021812, MinPoint = 2.130, Min = 1.956, Avg. = 7.379, Max = 9.057, 0.1 secs.
2026-09-07 10:13:21,409 [DEBUG] core.argyll_runner: [argyll] Re-seeding
2026-09-07 10:13:21,410 [DEBUG] core.argyll_runner: [argyll] It 12: Maxmv = 0.016568, MinPoint = 2.130, Min = 1.956, Avg. = 7.365, Max = 8.860, 0.1 secs.
2026-09-07 10:13:21,410 [DEBUG] core.argyll_runner: [argyll] Re-seeding
2026-09-07 10:13:21,410 [DEBUG] core.argyll_runner: [argyll] It 13: Maxmv = 0.018023, MinPoint = 2.130, Min = 1.956, Avg. = 7.359, Max = 8.835, 0.1 secs.
2026-09-07 10:13:21,410 [DEBUG] core.argyll_runner: [argyll] Re-seeding
2026-09-07 10:13:21,411 [DEBUG] core.argyll_runner: [argyll] It 14: Maxmv = 0.013784, MinPoint = 2.130, Min = 1.956, Avg. = 7.349, Max = 8.768, 0.1 secs.
2026-09-07 10:13:21,411 [DEBUG] core.argyll_runner: [argyll] Re-seeding
2026-09-07 10:13:21,411 [DEBUG] core.argyll_runner: [argyll] It 15: Maxmv = 0.008696, MinPoint = 2.130, Min = 1.956, Avg. = 7.346, Max = 8.747, 0.1 secs.
2026-09-07 10:13:21,411 [DEBUG] core.argyll_runner: [argyll] Re-seeding
2026-09-07 10:13:21,412 [DEBUG] core.argyll_runner: [argyll] It 16: Maxmv = 0.007547, MinPoint = 2.130, Min = 1.956, Avg. = 7.345, Max = 8.740, 0.1 secs.
2026-09-07 10:13:21,412 [DEBUG] core.argyll_runner: [argyll] Re-seeding
2026-09-07 10:13:21,412 [DEBUG] core.argyll_runner: [argyll] It 17: Maxmv = 0.005819, MinPoint = 2.130, Min = 1.956, Avg. = 7.344, Max = 8.708, 0.1 secs.
2026-09-07 10:13:21,412 [DEBUG] core.argyll_runner: [argyll] Re-seeding
2026-09-07 10:13:21,412 [DEBUG] core.argyll_runner: [argyll] It 18: Maxmv = 0.003177, MinPoint = 2.130, Min = 1.956, Avg. = 7.345, Max = 8.656, 0.1 secs.
2026-09-07 10:13:21,413 [DEBUG] core.argyll_runner: [argyll] Re-seeding
2026-09-07 10:13:21,413 [DEBUG] core.argyll_runner: [argyll] It 19: Maxmv = 0.001094, MinPoint = 2.130, Min = 1.956, Avg. = 7.345, Max = 8.650, 0.1 secs.
2026-09-07 10:13:21,413 [DEBUG] core.argyll_runner: [argyll] Re-seeding
2026-09-07 10:13:21,413 [DEBUG] core.argyll_runner: [argyll] It 20: Maxmv = 0.001150, MinPoint = 2.130, Min = 1.956, Avg. = 7.346, Max = 8.661, 0.1 secs.
2026-09-07 10:13:21,414 [DEBUG] core.argyll_runner: [argyll] After optimization: MinPoint = 2.130, Min = 1.956, Avg. = 7.346, Max = 8.661
2026-09-07 10:13:21,414 [DEBUG] core.argyll_runner: [argyll] Total number of patches = 1376
2026-09-07 10:13:21,414 [DEBUG] core.argyll_runner: [argyll] Execution time = 2.941903 seconds
2026-09-07 10:13:21,415 [INFO] core.argyll_runner: ArgyllRunner: finished with code 0
2026-09-07 10:13:22,028 [DEBUG] workflow.chart_creator: Wrote channel sidecar R2-Engine.channels.json: ['r', 'g', 'b']
2026-09-07 10:13:22,190 [DEBUG] ui.tiff_preview: TiffPreview: loaded 1 page(s)
2026-09-07 10:13:22,190 [INFO] ui.tabs.tab_chart: Preview loaded: 1 TIFF(s)
2026-09-07 10:13:22,246 [DEBUG] ui.tiff_preview: TiffPreview: loaded 1 page(s)
2026-09-07 10:13:22,249 [DEBUG] ui.tiff_preview: TiffPreview: loaded 1 page(s)
2026-09-07 10:13:22,259 [DEBUG] ui.tabs.tab_chart: create-chart settings written for run1 (40 parameters + ui state)
2026-09-07 10:13:24,634 [INFO] review:   [A3 area-first max strip 200] built ok=True actual={'total': 1376, 'fillup': 0, 'page_patches': 1376, 'rows': 43, 'cols': 32, 'pages': 1, 'patch': (8.21, 8.3), 'pitch': None} est={'total': 1376, 'fillup': 0, 'page_patches': 1376, 'rows': 43, 'cols': 32, 'pages': 1, 'patch': (8.18, 8.32), 'pitch': None}
      margins=mm | inch | min | Left (to first patch) | 26.0 | 1.023 | 9.0 | Right (to first patch) | 9.2 | 0.363 | 9.0 | Top (to first patch) | 10.0 | 0.393 | 9.0 | Bottom (to first patch) | 10.2 | 0.402 | 9.0 | Patch width (in strip reading direction) | 8.2 | 0.323 | Stri
      status='' notes='⚠ Top margin is too small for the strip labels — they overflow toward the page edge.\n\n⚠ Strip length 400 mm exceeds the 240 mm instrument ruler — the strip may not fit your jig'
2026-09-07 10:13:24,727 [DEBUG] core.settings: settings.set helper_markers_show = False
2026-09-07 10:13:24,727 [DEBUG] core.settings: settings.set helper_marker_edge_mm = 2.0
2026-09-07 10:13:24,727 [DEBUG] core.settings: settings.set helper_marker_len_mm = 2.0
2026-09-07 10:13:24,727 [DEBUG] core.settings: settings.set helper_marker_per_patch = 3
2026-09-07 10:13:24,727 [DEBUG] core.settings: settings.set helper_markers_top_bottom = True
2026-09-07 10:13:24,727 [DEBUG] core.settings: settings.set helper_markers_sides = True
2026-09-07 10:13:25,218 [DEBUG] core.settings: settings.set helper_markers_show = False
2026-09-07 10:13:25,218 [DEBUG] core.settings: settings.set helper_marker_edge_mm = 2.0
2026-09-07 10:13:25,218 [DEBUG] core.settings: settings.set helper_marker_len_mm = 2.0
2026-09-07 10:13:25,218 [DEBUG] core.settings: settings.set helper_marker_per_patch = 3
2026-09-07 10:13:25,218 [DEBUG] core.settings: settings.set helper_markers_top_bottom = True
2026-09-07 10:13:25,218 [DEBUG] core.settings: settings.set helper_markers_sides = True
2026-09-07 10:13:25,810 [INFO] review:   armed: dialog ~'quite fill' -> click 'OK' (last page hint)
2026-09-07 10:13:25,810 [INFO] review:   armed: dialog ~'already' -> click 'Continue' 
2026-09-07 10:13:25,811 [INFO] ui.tabs.tab_chart: chart build (Generate Chart) in manual: patch set targen | manual panel: A3, 0x0 grid, margins T9.0 R9.0 B9.0 L9.0
2026-09-07 10:13:25,815 [DEBUG] core.settings: settings.set session_ti3_path = ''
2026-09-07 10:13:25,815 [DEBUG] core.settings: settings.set session_icc_path = ''
2026-09-07 10:13:25,815 [DEBUG] core.settings: settings.set session_cal_ti3_path = ''
2026-09-07 10:13:25,817 [DEBUG] core.file_manager: Target name set to: R2-Engine (root /Users/Basti/ChromIQ-assessment/R2-Engine)
2026-09-07 10:13:25,818 [INFO] core.file_manager: opened the EXISTING project at /Users/Basti/ChromIQ-assessment/R2-Engine (1 run(s) on disk)
2026-09-07 10:13:25,846 [INFO] workflow.chart_creator: Chart generation: 576 patches, instrument=i1 paper=A3 disable_lb=True
2026-09-07 10:13:25,846 [INFO] workflow.chart_creator: targen args: ['-v', '-d2', '-f576', '-e5', '-B5', '-G', '-g33', 'R2-Engine']
2026-09-07 10:13:25,846 [INFO] core.argyll_runner: Run: /Applications/Argyll/bin/targen -v -d2 -f576 -e5 -B5 -G -g33 R2-Engine  [cwd=/Users/Basti/ChromIQ-assessment/R2-Engine/runs/run1]
2026-09-07 10:13:25,935 [DEBUG] core.argyll_runner: [argyll] iRGB test chart
2026-09-07 10:13:25,936 [DEBUG] core.argyll_runner: [argyll] White patches = 5
2026-09-07 10:13:25,936 [DEBUG] core.argyll_runner: [argyll] Black patches = 5
2026-09-07 10:13:25,936 [DEBUG] core.argyll_runner: [argyll] Composite Grey steps = 33
2026-09-07 10:13:25,936 [DEBUG] core.argyll_runner: [argyll] Full spread patches = 576
2026-09-07 10:13:25,936 [DEBUG] core.argyll_runner: [argyll] Degree of adaptation: 0.100
2026-09-07 10:13:25,936 [DEBUG] core.argyll_runner: [argyll] Adaptation weights: Device = 0.935, Perceptual = 0.065, Curvature = 0.010
2026-09-07 10:13:25,937 [DEBUG] core.argyll_runner: [argyll] Perceptual cache resolution = 9
2026-09-07 10:13:25,937 [DEBUG] core.argyll_runner: [argyll] Seeding cache...done
2026-09-07 10:13:25,937 [DEBUG] core.argyll_runner: [argyll] Acceleration grid res = 9
2026-09-07 10:13:25,937 [DEBUG] core.argyll_runner: [argyll] 
2026-09-07 10:13:25,937 [DEBUG] core.argyll_runner: [argyll] There are 33 unique fixed points to add (41 total fixed points)
2026-09-07 10:13:25,937 [DEBUG] core.argyll_runner: [argyll] There are 535 far spread points to add
2026-09-07 10:13:25,938 [DEBUG] core.argyll_runner: [argyll] 
2026-09-07 10:13:25,938 [DEBUG] core.argyll_runner: [argyll] Added 12/568
2026-09-07 10:13:25,938 [DEBUG] core.argyll_runner: [argyll] Added 23/568
2026-09-07 10:13:25,938 [DEBUG] core.argyll_runner: [argyll] Added 34/568
2026-09-07 10:13:25,938 [DEBUG] core.argyll_runner: [argyll] Added 45/568
2026-09-07 10:13:25,939 [DEBUG] core.argyll_runner: [argyll] Added 56/568
2026-09-07 10:13:25,939 [DEBUG] core.argyll_runner: [argyll] Added 67/568
2026-09-07 10:13:25,972 [DEBUG] core.argyll_runner: [argyll] 
2026-09-07 10:13:25,972 [DEBUG] core.argyll_runner: [argyll] Added 78/568
2026-09-07 10:13:25,973 [DEBUG] core.argyll_runner: [argyll] Added 89/568
2026-09-07 10:13:25,973 [DEBUG] core.argyll_runner: [argyll] Added 100/568
2026-09-07 10:13:25,973 [DEBUG] core.argyll_runner: [argyll] Added 111/568
2026-09-07 10:13:25,974 [DEBUG] core.argyll_runner: [argyll] Added 122/568
2026-09-07 10:13:25,974 [DEBUG] core.argyll_runner: [argyll] Added 133/568
2026-09-07 10:13:25,975 [DEBUG] core.argyll_runner: [argyll] Added 144/568
2026-09-07 10:13:25,976 [DEBUG] core.argyll_runner: [argyll] Added 155/568
2026-09-07 10:13:25,977 [DEBUG] core.argyll_runner: [argyll] Added 166/568
2026-09-07 10:13:25,978 [DEBUG] core.argyll_runner: [argyll] Added 177/568
2026-09-07 10:13:25,979 [DEBUG] core.argyll_runner: [argyll] Added 188/568
2026-09-07 10:13:25,981 [DEBUG] core.argyll_runner: [argyll] Added 199/568
2026-09-07 10:13:25,982 [DEBUG] core.argyll_runner: [argyll] Added 210/568
2026-09-07 10:13:25,984 [DEBUG] core.argyll_runner: [argyll] Added 221/568
2026-09-07 10:13:25,986 [DEBUG] core.argyll_runner: [argyll] Added 232/568
2026-09-07 10:13:25,988 [DEBUG] core.argyll_runner: [argyll] Added 243/568
2026-09-07 10:13:25,990 [DEBUG] core.argyll_runner: [argyll] Added 254/568
2026-09-07 10:13:25,992 [DEBUG] core.argyll_runner: [argyll] Added 265/568
2026-09-07 10:13:25,994 [DEBUG] core.argyll_runner: [argyll] Added 276/568
2026-09-07 10:13:25,996 [DEBUG] core.argyll_runner: [argyll] Added 287/568
2026-09-07 10:13:25,999 [DEBUG] core.argyll_runner: [argyll] Added 298/568
2026-09-07 10:13:26,002 [DEBUG] core.argyll_runner: [argyll] Added 309/568
2026-09-07 10:13:26,005 [DEBUG] core.argyll_runner: [argyll] Added 320/568
2026-09-07 10:13:26,007 [DEBUG] core.argyll_runner: [argyll] Added 331/568
2026-09-07 10:13:26,011 [DEBUG] core.argyll_runner: [argyll] Added 342/568
2026-09-07 10:13:26,014 [DEBUG] core.argyll_runner: [argyll] Added 353/568
2026-09-07 10:13:26,017 [DEBUG] core.argyll_runner: [argyll] Added 364/568
2026-09-07 10:13:26,021 [DEBUG] core.argyll_runner: [argyll] Added 375/568
2026-09-07 10:13:26,024 [DEBUG] core.argyll_runner: [argyll] Added 386/568
2026-09-07 10:13:26,028 [DEBUG] core.argyll_runner: [argyll] Added 397/568
2026-09-07 10:13:26,032 [DEBUG] core.argyll_runner: [argyll] Added 408/568
2026-09-07 10:13:26,036 [DEBUG] core.argyll_runner: [argyll] Added 419/568
2026-09-07 10:13:26,040 [DEBUG] core.argyll_runner: [argyll] Added 430/568
2026-09-07 10:13:26,044 [DEBUG] core.argyll_runner: [argyll] Added 441/568
2026-09-07 10:13:26,048 [DEBUG] core.argyll_runner: [argyll] Added 452/568
2026-09-07 10:13:26,053 [DEBUG] core.argyll_runner: [argyll] Added 463/568
2026-09-07 10:13:26,058 [DEBUG] core.argyll_runner: [argyll] Added 474/568
2026-09-07 10:13:26,062 [DEBUG] core.argyll_runner: [argyll] Added 485/568
2026-09-07 10:13:26,067 [DEBUG] core.argyll_runner: [argyll] Added 496/568
2026-09-07 10:13:26,072 [DEBUG] core.argyll_runner: [argyll] Added 507/568
2026-09-07 10:13:26,077 [DEBUG] core.argyll_runner: [argyll] Added 518/568
2026-09-07 10:13:26,102 [DEBUG] core.argyll_runner: [argyll] 
2026-09-07 10:13:26,104 [DEBUG] core.argyll_runner: [argyll] Added 529/568
2026-09-07 10:13:26,104 [DEBUG] core.argyll_runner: [argyll] Added 540/568
2026-09-07 10:13:26,104 [DEBUG] core.argyll_runner: [argyll] Added 551/568
2026-09-07 10:13:26,105 [DEBUG] core.argyll_runner: [argyll] Added 562/568
2026-09-07 10:13:26,105 [DEBUG] core.argyll_runner: [argyll] Added 568/568
2026-09-07 10:13:27,016 [DEBUG] core.argyll_runner: [argyll] 
2026-09-07 10:13:27,016 [DEBUG] core.argyll_runner: [argyll] After seeding points: MinPoint = 4.873, Min = 4.283, Avg. = 10.541, Max = 13.260, 0.1 secs
2026-09-07 10:13:27,017 [DEBUG] core.argyll_runner: [argyll] Re-seeding
2026-09-07 10:13:27,017 [DEBUG] core.argyll_runner: [argyll] It 1: Maxmv = 0.085892, MinPoint = 3.389, Min = 4.785, Avg. = 10.520, Max = 13.976, 0.1 secs.
2026-09-07 10:13:27,017 [DEBUG] core.argyll_runner: [argyll] Re-seeding
2026-09-07 10:13:27,017 [DEBUG] core.argyll_runner: [argyll] It 2: Maxmv = 0.084214, MinPoint = 4.218, Min = 4.785, Avg. = 10.422, Max = 13.277, 0.1 secs.
2026-09-07 10:13:27,018 [DEBUG] core.argyll_runner: [argyll] Re-seeding
2026-09-07 10:13:27,018 [DEBUG] core.argyll_runner: [argyll] It 3: Maxmv = 0.089208, MinPoint = 3.375, Min = 4.785, Avg. = 10.387, Max = 13.459, 0.1 secs.
2026-09-07 10:13:27,018 [DEBUG] core.argyll_runner: [argyll] Re-seeding
2026-09-07 10:13:27,019 [DEBUG] core.argyll_runner: [argyll] It 4: Maxmv = 0.081488, MinPoint = 5.204, Min = 4.785, Avg. = 10.287, Max = 13.932, 0.1 secs.
2026-09-07 10:13:27,019 [DEBUG] core.argyll_runner: [argyll] Re-seeding
2026-09-07 10:13:27,019 [DEBUG] core.argyll_runner: [argyll] It 5: Maxmv = 0.083936, MinPoint = 5.204, Min = 4.785, Avg. = 10.250, Max = 13.178, 0.1 secs.
2026-09-07 10:13:27,019 [DEBUG] core.argyll_runner: [argyll] Re-seeding
2026-09-07 10:13:27,020 [DEBUG] core.argyll_runner: [argyll] It 6: Maxmv = 0.057624, MinPoint = 5.204, Min = 4.785, Avg. = 10.214, Max = 13.166, 0.0 secs.
2026-09-07 10:13:27,020 [DEBUG] core.argyll_runner: [argyll] Re-seeding
2026-09-07 10:13:27,020 [DEBUG] core.argyll_runner: [argyll] It 7: Maxmv = 0.055184, MinPoint = 5.204, Min = 4.785, Avg. = 10.191, Max = 13.301, 0.1 secs.
2026-09-07 10:13:27,020 [DEBUG] core.argyll_runner: [argyll] Re-seeding
2026-09-07 10:13:27,021 [DEBUG] core.argyll_runner: [argyll] It 8: Maxmv = 0.044226, MinPoint = 5.204, Min = 4.785, Avg. = 10.163, Max = 12.866, 0.1 secs.
2026-09-07 10:13:27,021 [DEBUG] core.argyll_runner: [argyll] Re-seeding
2026-09-07 10:13:27,021 [DEBUG] core.argyll_runner: [argyll] It 9: Maxmv = 0.043783, MinPoint = 5.204, Min = 4.785, Avg. = 10.134, Max = 13.121, 0.1 secs.
2026-09-07 10:13:27,021 [DEBUG] core.argyll_runner: [argyll] Re-seeding
2026-09-07 10:13:27,022 [DEBUG] core.argyll_runner: [argyll] It 10: Maxmv = 0.031424, MinPoint = 5.204, Min = 4.785, Avg. = 10.098, Max = 12.883, 0.1 secs.
2026-09-07 10:13:27,022 [DEBUG] core.argyll_runner: [argyll] Re-seeding
2026-09-07 10:13:27,022 [DEBUG] core.argyll_runner: [argyll] It 11: Maxmv = 0.027667, MinPoint = 5.204, Min = 4.785, Avg. = 10.085, Max = 12.752, 0.1 secs.
2026-09-07 10:13:27,022 [DEBUG] core.argyll_runner: [argyll] Re-seeding
2026-09-07 10:13:27,023 [DEBUG] core.argyll_runner: [argyll] It 12: Maxmv = 0.024037, MinPoint = 5.204, Min = 4.785, Avg. = 10.075, Max = 12.836, 0.1 secs.
2026-09-07 10:13:27,023 [DEBUG] core.argyll_runner: [argyll] Re-seeding
2026-09-07 10:13:27,023 [DEBUG] core.argyll_runner: [argyll] It 13: Maxmv = 0.019214, MinPoint = 5.204, Min = 4.785, Avg. = 10.059, Max = 12.309, 0.1 secs.
2026-09-07 10:13:27,023 [DEBUG] core.argyll_runner: [argyll] Re-seeding
2026-09-07 10:13:27,024 [DEBUG] core.argyll_runner: [argyll] It 14: Maxmv = 0.015584, MinPoint = 5.204, Min = 4.785, Avg. = 10.058, Max = 12.333, 0.1 secs.
2026-09-07 10:13:27,024 [DEBUG] core.argyll_runner: [argyll] Re-seeding
2026-09-07 10:13:27,024 [DEBUG] core.argyll_runner: [argyll] It 15: Maxmv = 0.012297, MinPoint = 5.204, Min = 4.785, Avg. = 10.046, Max = 12.310, 0.1 secs.
2026-09-07 10:13:27,024 [DEBUG] core.argyll_runner: [argyll] Re-seeding
2026-09-07 10:13:27,025 [DEBUG] core.argyll_runner: [argyll] It 16: Maxmv = 0.009728, MinPoint = 5.204, Min = 4.785, Avg. = 10.044, Max = 12.179, 0.1 secs.
2026-09-07 10:13:27,025 [DEBUG] core.argyll_runner: [argyll] Re-seeding
2026-09-07 10:13:27,025 [DEBUG] core.argyll_runner: [argyll] It 17: Maxmv = 0.006879, MinPoint = 5.204, Min = 4.785, Avg. = 10.039, Max = 12.236, 0.1 secs.
2026-09-07 10:13:27,025 [DEBUG] core.argyll_runner: [argyll] Re-seeding
2026-09-07 10:13:27,026 [DEBUG] core.argyll_runner: [argyll] It 18: Maxmv = 0.004167, MinPoint = 5.204, Min = 4.785, Avg. = 10.036, Max = 12.289, 0.1 secs.
2026-09-07 10:13:27,026 [DEBUG] core.argyll_runner: [argyll] Re-seeding
2026-09-07 10:13:27,026 [DEBUG] core.argyll_runner: [argyll] It 19: Maxmv = 0.001572, MinPoint = 5.204, Min = 4.785, Avg. = 10.035, Max = 12.247, 0.1 secs.
2026-09-07 10:13:27,027 [DEBUG] core.argyll_runner: [argyll] Re-seeding
2026-09-07 10:13:27,027 [DEBUG] core.argyll_runner: [argyll] It 20: Maxmv = 0.001530, MinPoint = 5.204, Min = 4.785, Avg. = 10.034, Max = 12.242, 0.1 secs.
2026-09-07 10:13:27,027 [DEBUG] core.argyll_runner: [argyll] After optimization: MinPoint = 5.204, Min = 4.785, Avg. = 10.034, Max = 12.242
2026-09-07 10:13:27,027 [DEBUG] core.argyll_runner: [argyll] Total number of patches = 576
2026-09-07 10:13:27,028 [DEBUG] core.argyll_runner: [argyll] Execution time = 1.078697 seconds
2026-09-07 10:13:27,028 [INFO] core.argyll_runner: ArgyllRunner: finished with code 0
2026-09-07 10:13:27,123 [DEBUG] workflow.chart_creator: Wrote channel sidecar R2-Engine.channels.json: ['r', 'g', 'b']
2026-09-07 10:13:27,274 [DEBUG] ui.tiff_preview: TiffPreview: loaded 1 page(s)
2026-09-07 10:13:27,274 [INFO] ui.tabs.tab_chart: Preview loaded: 1 TIFF(s)
2026-09-07 10:13:27,288 [DEBUG] ui.tiff_preview: TiffPreview: loaded 1 page(s)
2026-09-07 10:13:27,289 [DEBUG] ui.tiff_preview: TiffPreview: loaded 1 page(s)
2026-09-07 10:13:27,295 [DEBUG] ui.tabs.tab_chart: create-chart settings written for run1 (40 parameters + ui state)
2026-09-07 10:13:29,415 [INFO] review:   [A3 patch-first max strip 200 + nolimit] built ok=True actual={'total': 576, 'fillup': 0, 'page_patches': 576, 'rows': 18, 'cols': 32, 'pages': 1, 'patch': (8.04, 9.99), 'pitch': None} est={'total': 576, 'fillup': 0, 'page_patches': 576, 'rows': 18, 'cols': 32, 'pages': 1, 'patch': (8.0, 10.0), 'pitch': None}
      margins=mm | inch | min | Left (to first patch) | 26.0 | 1.023 | 9.0 | Right (to first patch) | 15.0 | 0.590 | 9.0 | Top (to first patch) | 10.0 | 0.393 | 9.0 | Bottom (to first patch) | 213.0 | 8.385 | 9.0 | Patch width (in strip reading direction) | 8.0 | 0.317 | St
      status='Margins: OK' notes=''
2026-09-07 10:13:29,449 [DEBUG] core.settings: settings.set helper_markers_show = False
2026-09-07 10:13:29,449 [DEBUG] core.settings: settings.set helper_marker_edge_mm = 2.0
2026-09-07 10:13:29,449 [DEBUG] core.settings: settings.set helper_marker_len_mm = 2.0
2026-09-07 10:13:29,449 [DEBUG] core.settings: settings.set helper_marker_per_patch = 3
2026-09-07 10:13:29,449 [DEBUG] core.settings: settings.set helper_markers_top_bottom = True
2026-09-07 10:13:29,449 [DEBUG] core.settings: settings.set helper_markers_sides = True
2026-09-07 10:13:29,814 [INFO] review:   F-008: area cap200 est/act cols=43/43 ; patch-first cap200+nolimit est rows=18 act=18 ; patch-first cap200 rows=18
2026-09-07 10:13:29,847 [DEBUG] core.settings: settings.set helper_markers_show = False
2026-09-07 10:13:29,847 [DEBUG] core.settings: settings.set helper_marker_edge_mm = 2.0
2026-09-07 10:13:29,847 [DEBUG] core.settings: settings.set helper_marker_len_mm = 2.0
2026-09-07 10:13:29,848 [DEBUG] core.settings: settings.set helper_marker_per_patch = 3
2026-09-07 10:13:29,848 [DEBUG] core.settings: settings.set helper_markers_top_bottom = True
2026-09-07 10:13:29,848 [DEBUG] core.settings: settings.set helper_markers_sides = True
2026-09-07 10:13:30,063 [DEBUG] core.settings: settings.set helper_markers_show = False
2026-09-07 10:13:30,063 [DEBUG] core.settings: settings.set helper_marker_edge_mm = 2.0
2026-09-07 10:13:30,063 [DEBUG] core.settings: settings.set helper_marker_len_mm = 2.0
2026-09-07 10:13:30,063 [DEBUG] core.settings: settings.set helper_marker_per_patch = 3
2026-09-07 10:13:30,063 [DEBUG] core.settings: settings.set helper_markers_top_bottom = True
2026-09-07 10:13:30,063 [DEBUG] core.settings: settings.set helper_markers_sides = True
2026-09-07 10:13:30,306 [DEBUG] core.settings: settings.set helper_markers_show = False
2026-09-07 10:13:30,306 [DEBUG] core.settings: settings.set helper_marker_edge_mm = 2.0
2026-09-07 10:13:30,306 [DEBUG] core.settings: settings.set helper_marker_len_mm = 2.0
2026-09-07 10:13:30,306 [DEBUG] core.settings: settings.set helper_marker_per_patch = 3
2026-09-07 10:13:30,306 [DEBUG] core.settings: settings.set helper_markers_top_bottom = True
2026-09-07 10:13:30,306 [DEBUG] core.settings: settings.set helper_markers_sides = True
2026-09-07 10:13:30,953 [DEBUG] core.settings: settings.set helper_markers_show = False
2026-09-07 10:13:30,953 [DEBUG] core.settings: settings.set helper_marker_edge_mm = 2.0
2026-09-07 10:13:30,953 [DEBUG] core.settings: settings.set helper_marker_len_mm = 2.0
2026-09-07 10:13:30,953 [DEBUG] core.settings: settings.set helper_marker_per_patch = 3
2026-09-07 10:13:30,953 [DEBUG] core.settings: settings.set helper_markers_top_bottom = True
2026-09-07 10:13:30,953 [DEBUG] core.settings: settings.set helper_markers_sides = True
2026-09-07 10:13:31,259 [INFO] review:   armed: dialog ~'quite fill' -> click 'OK' (last page hint)
2026-09-07 10:13:31,260 [INFO] review:   armed: dialog ~'already' -> click 'Continue' 
2026-09-07 10:13:31,260 [INFO] ui.tabs.tab_chart: chart build (Generate Chart) in manual: patch set targen | manual panel: A4, 0x0 grid, margins T38.0 R9.0 B19.0 L26.0
2026-09-07 10:13:31,263 [DEBUG] core.settings: settings.set session_ti3_path = ''
2026-09-07 10:13:31,264 [DEBUG] core.settings: settings.set session_icc_path = ''
2026-09-07 10:13:31,264 [DEBUG] core.settings: settings.set session_cal_ti3_path = ''
2026-09-07 10:13:31,265 [DEBUG] core.file_manager: Target name set to: R2-Engine (root /Users/Basti/ChromIQ-assessment/R2-Engine)
2026-09-07 10:13:31,266 [INFO] core.file_manager: opened the EXISTING project at /Users/Basti/ChromIQ-assessment/R2-Engine (1 run(s) on disk)
2026-09-07 10:13:31,318 [INFO] workflow.chart_creator: Chart generation: 525 patches, instrument=i1 paper=A4 disable_lb=True
2026-09-07 10:13:31,318 [INFO] workflow.chart_creator: targen args: ['-v', '-d2', '-f525', '-e4', '-B4', '-G', '-g30', 'R2-Engine']
2026-09-07 10:13:31,318 [INFO] core.argyll_runner: Run: /Applications/Argyll/bin/targen -v -d2 -f525 -e4 -B4 -G -g30 R2-Engine  [cwd=/Users/Basti/ChromIQ-assessment/R2-Engine/runs/run1]
2026-09-07 10:13:31,395 [DEBUG] core.argyll_runner: [argyll] iRGB test chart
2026-09-07 10:13:31,395 [DEBUG] core.argyll_runner: [argyll] White patches = 4
2026-09-07 10:13:31,396 [DEBUG] core.argyll_runner: [argyll] Black patches = 4
2026-09-07 10:13:31,396 [DEBUG] core.argyll_runner: [argyll] Composite Grey steps = 30
2026-09-07 10:13:31,396 [DEBUG] core.argyll_runner: [argyll] Full spread patches = 525
2026-09-07 10:13:31,396 [DEBUG] core.argyll_runner: [argyll] Degree of adaptation: 0.100
2026-09-07 10:13:31,396 [DEBUG] core.argyll_runner: [argyll] Adaptation weights: Device = 0.935, Perceptual = 0.065, Curvature = 0.010
2026-09-07 10:13:31,396 [DEBUG] core.argyll_runner: [argyll] Perceptual cache resolution = 9
2026-09-07 10:13:31,397 [DEBUG] core.argyll_runner: [argyll] Seeding cache...done
2026-09-07 10:13:31,397 [DEBUG] core.argyll_runner: [argyll] Acceleration grid res = 9
2026-09-07 10:13:31,397 [DEBUG] core.argyll_runner: [argyll] 
2026-09-07 10:13:31,397 [DEBUG] core.argyll_runner: [argyll] There are 30 unique fixed points to add (36 total fixed points)
2026-09-07 10:13:31,397 [DEBUG] core.argyll_runner: [argyll] There are 489 far spread points to add
2026-09-07 10:13:31,397 [DEBUG] core.argyll_runner: [argyll] 
2026-09-07 10:13:31,397 [DEBUG] core.argyll_runner: [argyll] Added 12/519
2026-09-07 10:13:31,398 [DEBUG] core.argyll_runner: [argyll] Added 23/519
2026-09-07 10:13:31,398 [DEBUG] core.argyll_runner: [argyll] Added 34/519
2026-09-07 10:13:31,398 [DEBUG] core.argyll_runner: [argyll] Added 45/519
2026-09-07 10:13:31,398 [DEBUG] core.argyll_runner: [argyll] Added 56/519
2026-09-07 10:13:31,399 [DEBUG] core.argyll_runner: [argyll] Added 67/519
2026-09-07 10:13:31,432 [DEBUG] core.argyll_runner: [argyll] 
2026-09-07 10:13:31,432 [DEBUG] core.argyll_runner: [argyll] Added 78/519
2026-09-07 10:13:31,432 [DEBUG] core.argyll_runner: [argyll] Added 89/519
2026-09-07 10:13:31,432 [DEBUG] core.argyll_runner: [argyll] Added 100/519
2026-09-07 10:13:31,433 [DEBUG] core.argyll_runner: [argyll] Added 111/519
2026-09-07 10:13:31,433 [DEBUG] core.argyll_runner: [argyll] Added 122/519
2026-09-07 10:13:31,434 [DEBUG] core.argyll_runner: [argyll] Added 133/519
2026-09-07 10:13:31,435 [DEBUG] core.argyll_runner: [argyll] Added 144/519
2026-09-07 10:13:31,436 [DEBUG] core.argyll_runner: [argyll] Added 155/519
2026-09-07 10:13:31,437 [DEBUG] core.argyll_runner: [argyll] Added 166/519
2026-09-07 10:13:31,438 [DEBUG] core.argyll_runner: [argyll] Added 177/519
2026-09-07 10:13:31,439 [DEBUG] core.argyll_runner: [argyll] Added 188/519
2026-09-07 10:13:31,440 [DEBUG] core.argyll_runner: [argyll] Added 199/519
2026-09-07 10:13:31,442 [DEBUG] core.argyll_runner: [argyll] Added 210/519
2026-09-07 10:13:31,444 [DEBUG] core.argyll_runner: [argyll] Added 221/519
2026-09-07 10:13:31,445 [DEBUG] core.argyll_runner: [argyll] Added 232/519
2026-09-07 10:13:31,447 [DEBUG] core.argyll_runner: [argyll] Added 243/519
2026-09-07 10:13:31,449 [DEBUG] core.argyll_runner: [argyll] Added 254/519
2026-09-07 10:13:31,451 [DEBUG] core.argyll_runner: [argyll] Added 265/519
2026-09-07 10:13:31,454 [DEBUG] core.argyll_runner: [argyll] Added 276/519
2026-09-07 10:13:31,456 [DEBUG] core.argyll_runner: [argyll] Added 287/519
2026-09-07 10:13:31,459 [DEBUG] core.argyll_runner: [argyll] Added 298/519
2026-09-07 10:13:31,461 [DEBUG] core.argyll_runner: [argyll] Added 309/519
2026-09-07 10:13:31,464 [DEBUG] core.argyll_runner: [argyll] Added 320/519
2026-09-07 10:13:31,467 [DEBUG] core.argyll_runner: [argyll] Added 331/519
2026-09-07 10:13:31,470 [DEBUG] core.argyll_runner: [argyll] Added 342/519
2026-09-07 10:13:31,473 [DEBUG] core.argyll_runner: [argyll] Added 353/519
2026-09-07 10:13:31,477 [DEBUG] core.argyll_runner: [argyll] Added 364/519
2026-09-07 10:13:31,480 [DEBUG] core.argyll_runner: [argyll] Added 375/519
2026-09-07 10:13:31,484 [DEBUG] core.argyll_runner: [argyll] Added 386/519
2026-09-07 10:13:31,487 [DEBUG] core.argyll_runner: [argyll] Added 397/519
2026-09-07 10:13:31,491 [DEBUG] core.argyll_runner: [argyll] Added 408/519
2026-09-07 10:13:31,495 [DEBUG] core.argyll_runner: [argyll] Added 419/519
2026-09-07 10:13:31,499 [DEBUG] core.argyll_runner: [argyll] Added 430/519
2026-09-07 10:13:31,503 [DEBUG] core.argyll_runner: [argyll] Added 441/519
2026-09-07 10:13:31,508 [DEBUG] core.argyll_runner: [argyll] Added 452/519
2026-09-07 10:13:31,512 [DEBUG] core.argyll_runner: [argyll] Added 463/519
2026-09-07 10:13:31,517 [DEBUG] core.argyll_runner: [argyll] Added 474/519
2026-09-07 10:13:31,521 [DEBUG] core.argyll_runner: [argyll] Added 485/519
2026-09-07 10:13:31,526 [DEBUG] core.argyll_runner: [argyll] Added 496/519
2026-09-07 10:13:31,531 [DEBUG] core.argyll_runner: [argyll] Added 507/519
2026-09-07 10:13:31,536 [DEBUG] core.argyll_runner: [argyll] Added 518/519
2026-09-07 10:13:31,542 [DEBUG] core.argyll_runner: [argyll] Added 519/519
2026-09-07 10:13:32,366 [DEBUG] core.argyll_runner: [argyll] 
2026-09-07 10:13:32,367 [DEBUG] core.argyll_runner: [argyll] After seeding points: MinPoint = 4.448, Min = 4.322, Avg. = 10.848, Max = 14.666, 0.1 secs
2026-09-07 10:13:32,368 [DEBUG] core.argyll_runner: [argyll] Re-seeding
2026-09-07 10:13:32,368 [DEBUG] core.argyll_runner: [argyll] It 1: Maxmv = 0.103363, MinPoint = 3.460, Min = 4.005, Avg. = 10.861, Max = 14.358, 0.0 secs.
2026-09-07 10:13:32,368 [DEBUG] core.argyll_runner: [argyll] Re-seeding
2026-09-07 10:13:32,368 [DEBUG] core.argyll_runner: [argyll] It 2: Maxmv = 0.084402, MinPoint = 5.380, Min = 5.280, Avg. = 10.758, Max = 13.964, 0.0 secs.
2026-09-07 10:13:32,369 [DEBUG] core.argyll_runner: [argyll] Re-seeding
2026-09-07 10:13:32,369 [DEBUG] core.argyll_runner: [argyll] It 3: Maxmv = 0.076162, MinPoint = 5.428, Min = 5.280, Avg. = 10.700, Max = 13.835, 0.0 secs.
2026-09-07 10:13:32,369 [DEBUG] core.argyll_runner: [argyll] Re-seeding
2026-09-07 10:13:32,369 [DEBUG] core.argyll_runner: [argyll] It 4: Maxmv = 0.072726, MinPoint = 5.743, Min = 5.280, Avg. = 10.603, Max = 14.075, 0.0 secs.
2026-09-07 10:13:32,370 [DEBUG] core.argyll_runner: [argyll] Re-seeding
2026-09-07 10:13:32,370 [DEBUG] core.argyll_runner: [argyll] It 5: Maxmv = 0.068513, MinPoint = 5.743, Min = 5.280, Avg. = 10.535, Max = 13.679, 0.0 secs.
2026-09-07 10:13:32,370 [DEBUG] core.argyll_runner: [argyll] Re-seeding
2026-09-07 10:13:32,370 [DEBUG] core.argyll_runner: [argyll] It 6: Maxmv = 0.056321, MinPoint = 5.743, Min = 5.280, Avg. = 10.518, Max = 13.779, 0.0 secs.
2026-09-07 10:13:32,371 [DEBUG] core.argyll_runner: [argyll] Re-seeding
2026-09-07 10:13:32,371 [DEBUG] core.argyll_runner: [argyll] It 7: Maxmv = 0.059854, MinPoint = 5.743, Min = 5.280, Avg. = 10.461, Max = 13.725, 0.0 secs.
2026-09-07 10:13:32,371 [DEBUG] core.argyll_runner: [argyll] Re-seeding
2026-09-07 10:13:32,371 [DEBUG] core.argyll_runner: [argyll] It 8: Maxmv = 0.051345, MinPoint = 5.743, Min = 5.280, Avg. = 10.437, Max = 13.448, 0.0 secs.
2026-09-07 10:13:32,372 [DEBUG] core.argyll_runner: [argyll] Re-seeding
2026-09-07 10:13:32,372 [DEBUG] core.argyll_runner: [argyll] It 9: Maxmv = 0.040554, MinPoint = 5.743, Min = 5.280, Avg. = 10.411, Max = 13.065, 0.0 secs.
2026-09-07 10:13:32,372 [DEBUG] core.argyll_runner: [argyll] Re-seeding
2026-09-07 10:13:32,372 [DEBUG] core.argyll_runner: [argyll] It 10: Maxmv = 0.030994, MinPoint = 5.743, Min = 5.280, Avg. = 10.383, Max = 12.735, 0.0 secs.
2026-09-07 10:13:32,373 [DEBUG] core.argyll_runner: [argyll] Re-seeding
2026-09-07 10:13:32,373 [DEBUG] core.argyll_runner: [argyll] It 11: Maxmv = 0.032989, MinPoint = 5.743, Min = 5.280, Avg. = 10.373, Max = 12.994, 0.0 secs.
2026-09-07 10:13:32,373 [DEBUG] core.argyll_runner: [argyll] Re-seeding
2026-09-07 10:13:32,373 [DEBUG] core.argyll_runner: [argyll] It 12: Maxmv = 0.030487, MinPoint = 5.743, Min = 5.280, Avg. = 10.349, Max = 12.936, 0.0 secs.
2026-09-07 10:13:32,374 [DEBUG] core.argyll_runner: [argyll] Re-seeding
2026-09-07 10:13:32,374 [DEBUG] core.argyll_runner: [argyll] It 13: Maxmv = 0.021481, MinPoint = 5.743, Min = 5.280, Avg. = 10.346, Max = 12.600, 0.0 secs.
2026-09-07 10:13:32,374 [DEBUG] core.argyll_runner: [argyll] Re-seeding
2026-09-07 10:13:32,374 [DEBUG] core.argyll_runner: [argyll] It 14: Maxmv = 0.016377, MinPoint = 5.743, Min = 5.280, Avg. = 10.329, Max = 12.441, 0.0 secs.
2026-09-07 10:13:32,375 [DEBUG] core.argyll_runner: [argyll] Re-seeding
2026-09-07 10:13:32,375 [DEBUG] core.argyll_runner: [argyll] It 15: Maxmv = 0.013408, MinPoint = 5.743, Min = 5.280, Avg. = 10.331, Max = 12.462, 0.0 secs.
2026-09-07 10:13:32,375 [DEBUG] core.argyll_runner: [argyll] Re-seeding
2026-09-07 10:13:32,375 [DEBUG] core.argyll_runner: [argyll] It 16: Maxmv = 0.011614, MinPoint = 5.743, Min = 5.280, Avg. = 10.321, Max = 12.261, 0.0 secs.
2026-09-07 10:13:32,376 [DEBUG] core.argyll_runner: [argyll] Re-seeding
2026-09-07 10:13:32,376 [DEBUG] core.argyll_runner: [argyll] It 17: Maxmv = 0.006463, MinPoint = 5.743, Min = 5.280, Avg. = 10.321, Max = 12.391, 0.0 secs.
2026-09-07 10:13:32,376 [DEBUG] core.argyll_runner: [argyll] Re-seeding
2026-09-07 10:13:32,376 [DEBUG] core.argyll_runner: [argyll] It 18: Maxmv = 0.005609, MinPoint = 5.743, Min = 5.280, Avg. = 10.319, Max = 12.293, 0.0 secs.
2026-09-07 10:13:32,377 [DEBUG] core.argyll_runner: [argyll] Re-seeding
2026-09-07 10:13:32,377 [DEBUG] core.argyll_runner: [argyll] It 19: Maxmv = 0.001380, MinPoint = 5.743, Min = 5.280, Avg. = 10.320, Max = 12.323, 0.0 secs.
2026-09-07 10:13:32,377 [DEBUG] core.argyll_runner: [argyll] Re-seeding
2026-09-07 10:13:32,377 [DEBUG] core.argyll_runner: [argyll] It 20: Maxmv = 0.001368, MinPoint = 5.743, Min = 5.280, Avg. = 10.321, Max = 12.343, 0.0 secs.
2026-09-07 10:13:32,378 [DEBUG] core.argyll_runner: [argyll] After optimization: MinPoint = 5.743, Min = 5.280, Avg. = 10.321, Max = 12.343
2026-09-07 10:13:32,378 [DEBUG] core.argyll_runner: [argyll] Total number of patches = 525
2026-09-07 10:13:32,378 [DEBUG] core.argyll_runner: [argyll] Execution time = 0.975180 seconds
2026-09-07 10:13:32,378 [INFO] core.argyll_runner: ArgyllRunner: finished with code 0
2026-09-07 10:13:32,786 [DEBUG] workflow.chart_creator: Wrote channel sidecar R2-Engine.channels.json: ['r', 'g', 'b']
2026-09-07 10:13:32,870 [DEBUG] ui.tiff_preview: TiffPreview: loaded 1 page(s)
2026-09-07 10:13:32,870 [INFO] ui.tabs.tab_chart: Preview loaded: 1 TIFF(s)
2026-09-07 10:13:32,916 [DEBUG] ui.tiff_preview: TiffPreview: loaded 1 page(s)
2026-09-07 10:13:32,919 [DEBUG] ui.tiff_preview: TiffPreview: loaded 1 page(s)
2026-09-07 10:13:32,925 [DEBUG] ui.tabs.tab_chart: create-chart settings written for run1 (40 parameters + ui state)
2026-09-07 10:13:34,569 [INFO] review:   [sheet text valid tokens] built ok=True actual={'total': 525, 'fillup': 0, 'page_patches': 525, 'rows': 25, 'cols': 21, 'pages': 1, 'patch': (8.3, 8.55), 'pitch': None} est={'total': 525, 'fillup': 0, 'page_patches': 525, 'rows': 25, 'cols': 21, 'pages': 1, 'patch': (8.33, 8.56), 'pitch': None}
      margins=mm | inch | min | Left (to first patch) | 26.0 | 1.023 | 26.0 | Right (to first patch) | 9.1 | 0.358 | 9.0 | Top (to first patch) | 39.0 | 1.537 | 38.0 | Bottom (to first patch) | 20.0 | 0.786 | 19.0 | Patch width (in strip reading direction) | 8.3 | 0.327 | S
      status='Margins: OK' notes=''
2026-09-07 10:13:34,635 [INFO] review:   crop Review/Screenshots/R04-engine/f012-valid-tokens-bottom.png
2026-09-07 10:13:34,697 [DEBUG] core.settings: settings.set helper_markers_show = False
2026-09-07 10:13:34,697 [DEBUG] core.settings: settings.set helper_marker_edge_mm = 2.0
2026-09-07 10:13:34,697 [DEBUG] core.settings: settings.set helper_marker_len_mm = 2.0
2026-09-07 10:13:34,697 [DEBUG] core.settings: settings.set helper_marker_per_patch = 3
2026-09-07 10:13:34,697 [DEBUG] core.settings: settings.set helper_markers_top_bottom = True
2026-09-07 10:13:34,697 [DEBUG] core.settings: settings.set helper_markers_sides = True
2026-09-07 10:13:35,002 [INFO] review:   armed: dialog ~'quite fill' -> click 'OK' (last page hint)
2026-09-07 10:13:35,002 [INFO] review:   armed: dialog ~'already' -> click 'Continue' 
2026-09-07 10:13:35,004 [INFO] ui.tabs.tab_chart: chart build (Generate Chart) in manual: patch set targen | manual panel: A4, 0x0 grid, margins T38.0 R9.0 B19.0 L26.0
2026-09-07 10:13:35,007 [DEBUG] core.settings: settings.set session_ti3_path = ''
2026-09-07 10:13:35,007 [DEBUG] core.settings: settings.set session_icc_path = ''
2026-09-07 10:13:35,008 [DEBUG] core.settings: settings.set session_cal_ti3_path = ''
2026-09-07 10:13:35,010 [DEBUG] core.file_manager: Target name set to: R2-Engine (root /Users/Basti/ChromIQ-assessment/R2-Engine)
2026-09-07 10:13:35,011 [INFO] core.file_manager: opened the EXISTING project at /Users/Basti/ChromIQ-assessment/R2-Engine (1 run(s) on disk)
2026-09-07 10:13:35,061 [INFO] workflow.chart_creator: Chart generation: 525 patches, instrument=i1 paper=A4 disable_lb=True
2026-09-07 10:13:35,061 [INFO] workflow.chart_creator: targen args: ['-v', '-d2', '-f525', '-e4', '-B4', '-G', '-g30', 'R2-Engine']
2026-09-07 10:13:35,061 [INFO] core.argyll_runner: Run: /Applications/Argyll/bin/targen -v -d2 -f525 -e4 -B4 -G -g30 R2-Engine  [cwd=/Users/Basti/ChromIQ-assessment/R2-Engine/runs/run1]
2026-09-07 10:13:35,135 [DEBUG] core.argyll_runner: [argyll] iRGB test chart
2026-09-07 10:13:35,135 [DEBUG] core.argyll_runner: [argyll] White patches = 4
2026-09-07 10:13:35,136 [DEBUG] core.argyll_runner: [argyll] Black patches = 4
2026-09-07 10:13:35,136 [DEBUG] core.argyll_runner: [argyll] Composite Grey steps = 30
2026-09-07 10:13:35,136 [DEBUG] core.argyll_runner: [argyll] Full spread patches = 525
2026-09-07 10:13:35,136 [DEBUG] core.argyll_runner: [argyll] Degree of adaptation: 0.100
2026-09-07 10:13:35,136 [DEBUG] core.argyll_runner: [argyll] Adaptation weights: Device = 0.935, Perceptual = 0.065, Curvature = 0.010
2026-09-07 10:13:35,136 [DEBUG] core.argyll_runner: [argyll] Perceptual cache resolution = 9
2026-09-07 10:13:35,137 [DEBUG] core.argyll_runner: [argyll] Seeding cache...done
2026-09-07 10:13:35,137 [DEBUG] core.argyll_runner: [argyll] Acceleration grid res = 9
2026-09-07 10:13:35,137 [DEBUG] core.argyll_runner: [argyll] 
2026-09-07 10:13:35,137 [DEBUG] core.argyll_runner: [argyll] There are 30 unique fixed points to add (36 total fixed points)
2026-09-07 10:13:35,137 [DEBUG] core.argyll_runner: [argyll] There are 489 far spread points to add
2026-09-07 10:13:35,137 [DEBUG] core.argyll_runner: [argyll] 
2026-09-07 10:13:35,137 [DEBUG] core.argyll_runner: [argyll] Added 12/519
2026-09-07 10:13:35,138 [DEBUG] core.argyll_runner: [argyll] Added 23/519
2026-09-07 10:13:35,138 [DEBUG] core.argyll_runner: [argyll] Added 34/519
2026-09-07 10:13:35,138 [DEBUG] core.argyll_runner: [argyll] Added 45/519
2026-09-07 10:13:35,138 [DEBUG] core.argyll_runner: [argyll] Added 56/519
2026-09-07 10:13:35,159 [DEBUG] core.argyll_runner: [argyll] 
2026-09-07 10:13:35,160 [DEBUG] core.argyll_runner: [argyll] Added 67/519
2026-09-07 10:13:35,160 [DEBUG] core.argyll_runner: [argyll] Added 78/519
2026-09-07 10:13:35,160 [DEBUG] core.argyll_runner: [argyll] Added 89/519
2026-09-07 10:13:35,161 [DEBUG] core.argyll_runner: [argyll] Added 100/519
2026-09-07 10:13:35,161 [DEBUG] core.argyll_runner: [argyll] Added 111/519
2026-09-07 10:13:35,162 [DEBUG] core.argyll_runner: [argyll] Added 122/519
2026-09-07 10:13:35,162 [DEBUG] core.argyll_runner: [argyll] Added 133/519
2026-09-07 10:13:35,163 [DEBUG] core.argyll_runner: [argyll] Added 144/519
2026-09-07 10:13:35,164 [DEBUG] core.argyll_runner: [argyll] Added 155/519
2026-09-07 10:13:35,165 [DEBUG] core.argyll_runner: [argyll] Added 166/519
2026-09-07 10:13:35,167 [DEBUG] core.argyll_runner: [argyll] Added 177/519
2026-09-07 10:13:35,168 [DEBUG] core.argyll_runner: [argyll] Added 188/519
2026-09-07 10:13:35,170 [DEBUG] core.argyll_runner: [argyll] Added 199/519
2026-09-07 10:13:35,171 [DEBUG] core.argyll_runner: [argyll] Added 210/519
2026-09-07 10:13:35,173 [DEBUG] core.argyll_runner: [argyll] Added 221/519
2026-09-07 10:13:35,175 [DEBUG] core.argyll_runner: [argyll] Added 232/519
2026-09-07 10:13:35,177 [DEBUG] core.argyll_runner: [argyll] Added 243/519
2026-09-07 10:13:35,179 [DEBUG] core.argyll_runner: [argyll] Added 254/519
2026-09-07 10:13:35,182 [DEBUG] core.argyll_runner: [argyll] Added 265/519
2026-09-07 10:13:35,184 [DEBUG] core.argyll_runner: [argyll] Added 276/519
2026-09-07 10:13:35,187 [DEBUG] core.argyll_runner: [argyll] Added 287/519
2026-09-07 10:13:35,189 [DEBUG] core.argyll_runner: [argyll] Added 298/519
2026-09-07 10:13:35,192 [DEBUG] core.argyll_runner: [argyll] Added 309/519
2026-09-07 10:13:35,195 [DEBUG] core.argyll_runner: [argyll] Added 320/519
2026-09-07 10:13:35,198 [DEBUG] core.argyll_runner: [argyll] Added 331/519
2026-09-07 10:13:35,201 [DEBUG] core.argyll_runner: [argyll] Added 342/519
2026-09-07 10:13:35,205 [DEBUG] core.argyll_runner: [argyll] Added 353/519
2026-09-07 10:13:35,221 [DEBUG] core.argyll_runner: [argyll] 
2026-09-07 10:13:35,222 [DEBUG] core.argyll_runner: [argyll] Added 364/519
2026-09-07 10:13:35,222 [DEBUG] core.argyll_runner: [argyll] Added 375/519
2026-09-07 10:13:35,222 [DEBUG] core.argyll_runner: [argyll] Added 386/519
2026-09-07 10:13:35,223 [DEBUG] core.argyll_runner: [argyll] Added 397/519
2026-09-07 10:13:35,223 [DEBUG] core.argyll_runner: [argyll] Added 408/519
2026-09-07 10:13:35,224 [DEBUG] core.argyll_runner: [argyll] Added 419/519
2026-09-07 10:13:35,224 [DEBUG] core.argyll_runner: [argyll] Added 430/519
2026-09-07 10:13:35,225 [DEBUG] core.argyll_runner: [argyll] Added 441/519
2026-09-07 10:13:35,226 [DEBUG] core.argyll_runner: [argyll] Added 452/519
2026-09-07 10:13:35,227 [DEBUG] core.argyll_runner: [argyll] Added 463/519
2026-09-07 10:13:35,229 [DEBUG] core.argyll_runner: [argyll] Added 474/519
2026-09-07 10:13:35,230 [DEBUG] core.argyll_runner: [argyll] Added 485/519
2026-09-07 10:13:35,232 [DEBUG] core.argyll_runner: [argyll] Added 496/519
2026-09-07 10:13:35,233 [DEBUG] core.argyll_runner: [argyll] Added 507/519
2026-09-07 10:13:35,235 [DEBUG] core.argyll_runner: [argyll] Added 518/519
2026-09-07 10:13:35,237 [DEBUG] core.argyll_runner: [argyll] Added 519/519
2026-09-07 10:13:36,106 [DEBUG] core.argyll_runner: [argyll] 
2026-09-07 10:13:36,107 [DEBUG] core.argyll_runner: [argyll] After seeding points: MinPoint = 4.448, Min = 4.322, Avg. = 10.848, Max = 14.666, 0.1 secs
2026-09-07 10:13:36,107 [DEBUG] core.argyll_runner: [argyll] Re-seeding
2026-09-07 10:13:36,107 [DEBUG] core.argyll_runner: [argyll] It 1: Maxmv = 0.103363, MinPoint = 3.460, Min = 4.005, Avg. = 10.861, Max = 14.358, 0.0 secs.
2026-09-07 10:13:36,107 [DEBUG] core.argyll_runner: [argyll] Re-seeding
2026-09-07 10:13:36,108 [DEBUG] core.argyll_runner: [argyll] It 2: Maxmv = 0.084402, MinPoint = 5.380, Min = 5.280, Avg. = 10.758, Max = 13.964, 0.0 secs.
2026-09-07 10:13:36,108 [DEBUG] core.argyll_runner: [argyll] Re-seeding
2026-09-07 10:13:36,108 [DEBUG] core.argyll_runner: [argyll] It 3: Maxmv = 0.076162, MinPoint = 5.428, Min = 5.280, Avg. = 10.700, Max = 13.835, 0.0 secs.
2026-09-07 10:13:36,108 [DEBUG] core.argyll_runner: [argyll] Re-seeding
2026-09-07 10:13:36,109 [DEBUG] core.argyll_runner: [argyll] It 4: Maxmv = 0.072726, MinPoint = 5.743, Min = 5.280, Avg. = 10.603, Max = 14.075, 0.0 secs.
2026-09-07 10:13:36,109 [DEBUG] core.argyll_runner: [argyll] Re-seeding
2026-09-07 10:13:36,109 [DEBUG] core.argyll_runner: [argyll] It 5: Maxmv = 0.068513, MinPoint = 5.743, Min = 5.280, Avg. = 10.535, Max = 13.679, 0.0 secs.
2026-09-07 10:13:36,109 [DEBUG] core.argyll_runner: [argyll] Re-seeding
2026-09-07 10:13:36,110 [DEBUG] core.argyll_runner: [argyll] It 6: Maxmv = 0.056321, MinPoint = 5.743, Min = 5.280, Avg. = 10.518, Max = 13.779, 0.0 secs.
2026-09-07 10:13:36,110 [DEBUG] core.argyll_runner: [argyll] Re-seeding
2026-09-07 10:13:36,110 [DEBUG] core.argyll_runner: [argyll] It 7: Maxmv = 0.059854, MinPoint = 5.743, Min = 5.280, Avg. = 10.461, Max = 13.725, 0.0 secs.
2026-09-07 10:13:36,110 [DEBUG] core.argyll_runner: [argyll] Re-seeding
2026-09-07 10:13:36,111 [DEBUG] core.argyll_runner: [argyll] It 8: Maxmv = 0.051345, MinPoint = 5.743, Min = 5.280, Avg. = 10.437, Max = 13.448, 0.0 secs.
2026-09-07 10:13:36,111 [DEBUG] core.argyll_runner: [argyll] Re-seeding
2026-09-07 10:13:36,111 [DEBUG] core.argyll_runner: [argyll] It 9: Maxmv = 0.040554, MinPoint = 5.743, Min = 5.280, Avg. = 10.411, Max = 13.065, 0.0 secs.
2026-09-07 10:13:36,111 [DEBUG] core.argyll_runner: [argyll] Re-seeding
2026-09-07 10:13:36,112 [DEBUG] core.argyll_runner: [argyll] It 10: Maxmv = 0.030994, MinPoint = 5.743, Min = 5.280, Avg. = 10.383, Max = 12.735, 0.0 secs.
2026-09-07 10:13:36,112 [DEBUG] core.argyll_runner: [argyll] Re-seeding
2026-09-07 10:13:36,112 [DEBUG] core.argyll_runner: [argyll] It 11: Maxmv = 0.032989, MinPoint = 5.743, Min = 5.280, Avg. = 10.373, Max = 12.994, 0.0 secs.
2026-09-07 10:13:36,112 [DEBUG] core.argyll_runner: [argyll] Re-seeding
2026-09-07 10:13:36,113 [DEBUG] core.argyll_runner: [argyll] It 12: Maxmv = 0.030487, MinPoint = 5.743, Min = 5.280, Avg. = 10.349, Max = 12.936, 0.0 secs.
2026-09-07 10:13:36,113 [DEBUG] core.argyll_runner: [argyll] Re-seeding
2026-09-07 10:13:36,113 [DEBUG] core.argyll_runner: [argyll] It 13: Maxmv = 0.021481, MinPoint = 5.743, Min = 5.280, Avg. = 10.346, Max = 12.600, 0.0 secs.
2026-09-07 10:13:36,113 [DEBUG] core.argyll_runner: [argyll] Re-seeding
2026-09-07 10:13:36,114 [DEBUG] core.argyll_runner: [argyll] It 14: Maxmv = 0.016377, MinPoint = 5.743, Min = 5.280, Avg. = 10.329, Max = 12.441, 0.0 secs.
2026-09-07 10:13:36,114 [DEBUG] core.argyll_runner: [argyll] Re-seeding
2026-09-07 10:13:36,114 [DEBUG] core.argyll_runner: [argyll] It 15: Maxmv = 0.013408, MinPoint = 5.743, Min = 5.280, Avg. = 10.331, Max = 12.462, 0.0 secs.
2026-09-07 10:13:36,114 [DEBUG] core.argyll_runner: [argyll] Re-seeding
2026-09-07 10:13:36,115 [DEBUG] core.argyll_runner: [argyll] It 16: Maxmv = 0.011614, MinPoint = 5.743, Min = 5.280, Avg. = 10.321, Max = 12.261, 0.0 secs.
2026-09-07 10:13:36,115 [DEBUG] core.argyll_runner: [argyll] Re-seeding
2026-09-07 10:13:36,115 [DEBUG] core.argyll_runner: [argyll] It 17: Maxmv = 0.006463, MinPoint = 5.743, Min = 5.280, Avg. = 10.321, Max = 12.391, 0.0 secs.
2026-09-07 10:13:36,115 [DEBUG] core.argyll_runner: [argyll] Re-seeding
2026-09-07 10:13:36,116 [DEBUG] core.argyll_runner: [argyll] It 18: Maxmv = 0.005609, MinPoint = 5.743, Min = 5.280, Avg. = 10.319, Max = 12.293, 0.0 secs.
2026-09-07 10:13:36,116 [DEBUG] core.argyll_runner: [argyll] Re-seeding
2026-09-07 10:13:36,116 [DEBUG] core.argyll_runner: [argyll] It 19: Maxmv = 0.001380, MinPoint = 5.743, Min = 5.280, Avg. = 10.320, Max = 12.323, 0.0 secs.
2026-09-07 10:13:36,116 [DEBUG] core.argyll_runner: [argyll] Re-seeding
2026-09-07 10:13:36,117 [DEBUG] core.argyll_runner: [argyll] It 20: Maxmv = 0.001368, MinPoint = 5.743, Min = 5.280, Avg. = 10.321, Max = 12.343, 0.0 secs.
2026-09-07 10:13:36,117 [DEBUG] core.argyll_runner: [argyll] After optimization: MinPoint = 5.743, Min = 5.280, Avg. = 10.321, Max = 12.343
2026-09-07 10:13:36,117 [DEBUG] core.argyll_runner: [argyll] Total number of patches = 525
2026-09-07 10:13:36,118 [DEBUG] core.argyll_runner: [argyll] Execution time = 0.972604 seconds
2026-09-07 10:13:36,118 [INFO] core.argyll_runner: ArgyllRunner: finished with code 0
2026-09-07 10:13:36,520 [DEBUG] workflow.chart_creator: Wrote channel sidecar R2-Engine.channels.json: ['r', 'g', 'b']
2026-09-07 10:13:36,603 [DEBUG] ui.tiff_preview: TiffPreview: loaded 1 page(s)
2026-09-07 10:13:36,603 [INFO] ui.tabs.tab_chart: Preview loaded: 1 TIFF(s)
2026-09-07 10:13:36,648 [DEBUG] ui.tiff_preview: TiffPreview: loaded 1 page(s)
2026-09-07 10:13:36,649 [DEBUG] ui.tiff_preview: TiffPreview: loaded 1 page(s)
2026-09-07 10:13:36,654 [DEBUG] ui.tabs.tab_chart: create-chart settings written for run1 (40 parameters + ui state)
2026-09-07 10:13:38,298 [INFO] review:   [sheet text one bad token] built ok=True actual={'total': 525, 'fillup': 0, 'page_patches': 525, 'rows': 25, 'cols': 21, 'pages': 1, 'patch': (8.3, 8.55), 'pitch': None} est={'total': 525, 'fillup': 0, 'page_patches': 525, 'rows': 25, 'cols': 21, 'pages': 1, 'patch': (8.33, 8.56), 'pitch': None}
      margins=mm | inch | min | Left (to first patch) | 26.0 | 1.023 | 26.0 | Right (to first patch) | 9.1 | 0.358 | 9.0 | Top (to first patch) | 39.0 | 1.537 | 38.0 | Bottom (to first patch) | 20.0 | 0.786 | 19.0 | Patch width (in strip reading direction) | 8.3 | 0.327 | S
      status='Margins: OK' notes=''
2026-09-07 10:13:38,364 [INFO] review:   crop Review/Screenshots/R04-engine/f012-bad-token-bottom.png
2026-09-07 10:13:38,426 [DEBUG] core.settings: settings.set helper_markers_show = False
2026-09-07 10:13:38,426 [DEBUG] core.settings: settings.set helper_marker_edge_mm = 2.0
2026-09-07 10:13:38,426 [DEBUG] core.settings: settings.set helper_marker_len_mm = 2.0
2026-09-07 10:13:38,426 [DEBUG] core.settings: settings.set helper_marker_per_patch = 3
2026-09-07 10:13:38,426 [DEBUG] core.settings: settings.set helper_markers_top_bottom = True
2026-09-07 10:13:38,426 [DEBUG] core.settings: settings.set helper_markers_sides = True
2026-09-07 10:13:38,663 [DEBUG] core.settings: settings.set helper_markers_show = False
2026-09-07 10:13:38,663 [DEBUG] core.settings: settings.set helper_marker_edge_mm = 2.0
2026-09-07 10:13:38,663 [DEBUG] core.settings: settings.set helper_marker_len_mm = 2.0
2026-09-07 10:13:38,663 [DEBUG] core.settings: settings.set helper_marker_per_patch = 3
2026-09-07 10:13:38,663 [DEBUG] core.settings: settings.set helper_markers_top_bottom = True
2026-09-07 10:13:38,663 [DEBUG] core.settings: settings.set helper_markers_sides = True
2026-09-07 10:13:39,778 [INFO] review:   armed: dialog ~'quite fill' -> click 'OK' (last page hint)
2026-09-07 10:13:39,778 [INFO] review:   armed: dialog ~'already' -> click 'Continue' 
2026-09-07 10:13:39,779 [INFO] ui.tabs.tab_chart: chart build (Generate Chart) in manual: patch set targen | manual panel: A4, 0x0 grid, margins T38.0 R9.0 B19.0 L26.0
2026-09-07 10:13:39,783 [DEBUG] core.settings: settings.set session_ti3_path = ''
2026-09-07 10:13:39,783 [DEBUG] core.settings: settings.set session_icc_path = ''
2026-09-07 10:13:39,783 [DEBUG] core.settings: settings.set session_cal_ti3_path = ''
2026-09-07 10:13:39,785 [DEBUG] core.file_manager: Target name set to: R2-Engine (root /Users/Basti/ChromIQ-assessment/R2-Engine)
2026-09-07 10:13:39,785 [INFO] core.file_manager: opened the EXISTING project at /Users/Basti/ChromIQ-assessment/R2-Engine (1 run(s) on disk)
2026-09-07 10:13:39,791 [INFO] workflow.chart_creator: Chart generation: 9500 patches, instrument=i1 paper=A4 disable_lb=True
2026-09-07 10:13:39,791 [INFO] workflow.chart_creator: targen args: ['-v', '-d2', '-f9500', '-e8', '-B8', '-G', '-g128', 'R2-Engine']
2026-09-07 10:13:39,791 [INFO] core.argyll_runner: Run: /Applications/Argyll/bin/targen -v -d2 -f9500 -e8 -B8 -G -g128 R2-Engine  [cwd=/Users/Basti/ChromIQ-assessment/R2-Engine/runs/run1]
2026-09-07 10:13:39,887 [DEBUG] core.argyll_runner: [argyll] iRGB test chart
2026-09-07 10:13:39,887 [DEBUG] core.argyll_runner: [argyll] White patches = 8
2026-09-07 10:13:39,887 [DEBUG] core.argyll_runner: [argyll] Black patches = 8
2026-09-07 10:13:39,887 [DEBUG] core.argyll_runner: [argyll] Composite Grey steps = 128
2026-09-07 10:13:39,887 [DEBUG] core.argyll_runner: [argyll] Full spread patches = 9500
2026-09-07 10:13:39,888 [DEBUG] core.argyll_runner: [argyll] Degree of adaptation: 0.100
2026-09-07 10:13:39,888 [DEBUG] core.argyll_runner: [argyll] Adaptation weights: Device = 0.935, Perceptual = 0.065, Curvature = 0.010
2026-09-07 10:13:39,888 [DEBUG] core.argyll_runner: [argyll] Perceptual cache resolution = 23
2026-09-07 10:13:39,888 [DEBUG] core.argyll_runner: [argyll] Seeding cache...
2026-09-07 10:13:40,023 [DEBUG] core.argyll_runner: [argyll] done
2026-09-07 10:13:40,023 [DEBUG] core.argyll_runner: [argyll] Acceleration grid res = 23
2026-09-07 10:13:40,023 [DEBUG] core.argyll_runner: [argyll] 
2026-09-07 10:13:40,024 [DEBUG] core.argyll_runner: [argyll] There are 128 unique fixed points to add (142 total fixed points)
2026-09-07 10:13:40,024 [DEBUG] core.argyll_runner: [argyll] There are 9358 far spread points to add
2026-09-07 10:13:40,024 [DEBUG] core.argyll_runner: [argyll] 
2026-09-07 10:13:40,024 [DEBUG] core.argyll_runner: [argyll] Added 12/9486
2026-09-07 10:13:40,024 [DEBUG] core.argyll_runner: [argyll] Added 23/9486
2026-09-07 10:13:40,024 [DEBUG] core.argyll_runner: [argyll] Added 34/9486
2026-09-07 10:13:40,025 [DEBUG] core.argyll_runner: [argyll] Added 45/9486
2026-09-07 10:13:40,037 [DEBUG] core.argyll_runner: [argyll] 
2026-09-07 10:13:40,037 [DEBUG] core.argyll_runner: [argyll] Added 56/9486
2026-09-07 10:13:40,038 [DEBUG] core.argyll_runner: [argyll] Added 67/9486
2026-09-07 10:13:40,038 [DEBUG] core.argyll_runner: [argyll] Added 78/9486
2026-09-07 10:13:40,038 [DEBUG] core.argyll_runner: [argyll] Added 89/9486
2026-09-07 10:13:40,038 [DEBUG] core.argyll_runner: [argyll] Added 100/9486
2026-09-07 10:13:40,039 [DEBUG] core.argyll_runner: [argyll] Added 111/9486
2026-09-07 10:13:40,039 [DEBUG] core.argyll_runner: [argyll] Added 122/9486
2026-09-07 10:13:40,040 [DEBUG] core.argyll_runner: [argyll] Added 133/9486
2026-09-07 10:13:40,041 [DEBUG] core.argyll_runner: [argyll] Added 144/9486
2026-09-07 10:13:40,041 [DEBUG] core.argyll_runner: [argyll] Added 155/9486
2026-09-07 10:13:40,055 [DEBUG] core.argyll_runner: [argyll] 
2026-09-07 10:13:40,055 [DEBUG] core.argyll_runner: [argyll] Added 166/9486
2026-09-07 10:13:40,055 [DEBUG] core.argyll_runner: [argyll] Added 177/9486
2026-09-07 10:13:40,055 [DEBUG] core.argyll_runner: [argyll] Added 188/9486
2026-09-07 10:13:40,055 [DEBUG] core.argyll_runner: [argyll] Added 199/9486
2026-09-07 10:13:40,056 [DEBUG] core.argyll_runner: [argyll] Added 210/9486
2026-09-07 10:13:40,056 [DEBUG] core.argyll_runner: [argyll] Added 221/9486
2026-09-07 10:13:40,057 [DEBUG] core.argyll_runner: [argyll] Added 232/9486
2026-09-07 10:13:40,057 [DEBUG] core.argyll_runner: [argyll] Added 243/9486
2026-09-07 10:13:40,070 [DEBUG] core.argyll_runner: [argyll] 
2026-09-07 10:13:40,070 [DEBUG] core.argyll_runner: [argyll] Added 254/9486
2026-09-07 10:13:40,071 [DEBUG] core.argyll_runner: [argyll] Added 265/9486
2026-09-07 10:13:40,071 [DEBUG] core.argyll_runner: [argyll] Added 276/9486
2026-09-07 10:13:40,071 [DEBUG] core.argyll_runner: [argyll] Added 287/9486
2026-09-07 10:13:40,071 [DEBUG] core.argyll_runner: [argyll] Added 298/9486
2026-09-07 10:13:40,072 [DEBUG] core.argyll_runner: [argyll] Added 309/9486
2026-09-07 10:13:40,072 [DEBUG] core.argyll_runner: [argyll] Added 320/9486
2026-09-07 10:13:40,073 [DEBUG] core.argyll_runner: [argyll] Added 331/9486
2026-09-07 10:13:40,074 [DEBUG] core.argyll_runner: [argyll] Added 342/9486
2026-09-07 10:13:40,074 [DEBUG] core.argyll_runner: [argyll] Added 353/9486
2026-09-07 10:13:40,088 [DEBUG] core.argyll_runner: [argyll] 
2026-09-07 10:13:40,088 [DEBUG] core.argyll_runner: [argyll] Added 364/9486
2026-09-07 10:13:40,088 [DEBUG] core.argyll_runner: [argyll] Added 375/9486
2026-09-07 10:13:40,088 [DEBUG] core.argyll_runner: [argyll] Added 386/9486
2026-09-07 10:13:40,088 [DEBUG] core.argyll_runner: [argyll] Added 397/9486
2026-09-07 10:13:40,089 [DEBUG] core.argyll_runner: [argyll] Added 408/9486
2026-09-07 10:13:40,089 [DEBUG] core.argyll_runner: [argyll] Added 419/9486
2026-09-07 10:13:40,090 [DEBUG] core.argyll_runner: [argyll] Added 430/9486
2026-09-07 10:13:40,090 [DEBUG] core.argyll_runner: [argyll] Added 441/9486
2026-09-07 10:13:40,091 [DEBUG] core.argyll_runner: [argyll] Added 452/9486
2026-09-07 10:13:40,092 [DEBUG] core.argyll_runner: [argyll] Added 463/9486
2026-09-07 10:13:40,093 [DEBUG] core.argyll_runner: [argyll] Added 474/9486
2026-09-07 10:13:40,106 [DEBUG] core.argyll_runner: [argyll] 
2026-09-07 10:13:40,106 [DEBUG] core.argyll_runner: [argyll] Added 485/9486
2026-09-07 10:13:40,106 [DEBUG] core.argyll_runner: [argyll] Added 496/9486
2026-09-07 10:13:40,106 [DEBUG] core.argyll_runner: [argyll] Added 507/9486
2026-09-07 10:13:40,107 [DEBUG] core.argyll_runner: [argyll] Added 518/9486
2026-09-07 10:13:40,107 [DEBUG] core.argyll_runner: [argyll] Added 529/9486
2026-09-07 10:13:40,108 [DEBUG] core.argyll_runner: [argyll] Added 540/9486
2026-09-07 10:13:40,108 [DEBUG] core.argyll_runner: [argyll] Added 551/9486
2026-09-07 10:13:40,109 [DEBUG] core.argyll_runner: [argyll] Added 562/9486
2026-09-07 10:13:40,109 [DEBUG] core.argyll_runner: [argyll] Added 573/9486
2026-09-07 10:13:40,110 [DEBUG] core.argyll_runner: [argyll] Added 584/9486
2026-09-07 10:13:40,111 [DEBUG] core.argyll_runner: [argyll] Added 595/9486
2026-09-07 10:13:40,112 [DEBUG] core.argyll_runner: [argyll] Added 606/9486
2026-09-07 10:13:40,113 [DEBUG] core.argyll_runner: [argyll] Added 617/9486
2026-09-07 10:13:40,114 [DEBUG] core.argyll_runner: [argyll] Added 628/9486
2026-09-07 10:13:40,115 [DEBUG] core.argyll_runner: [argyll] Added 639/9486
2026-09-07 10:13:40,116 [DEBUG] core.argyll_runner: [argyll] Added 650/9486
2026-09-07 10:13:40,130 [DEBUG] core.argyll_runner: [argyll] 
2026-09-07 10:13:40,131 [DEBUG] core.argyll_runner: [argyll] Added 661/9486
2026-09-07 10:13:40,131 [DEBUG] core.argyll_runner: [argyll] Added 672/9486
2026-09-07 10:13:40,131 [DEBUG] core.argyll_runner: [argyll] Added 683/9486
2026-09-07 10:13:40,131 [DEBUG] core.argyll_runner: [argyll] Added 694/9486
2026-09-07 10:13:40,132 [DEBUG] core.argyll_runner: [argyll] Added 705/9486
2026-09-07 10:13:40,132 [DEBUG] core.argyll_runner: [argyll] Added 716/9486
2026-09-07 10:13:40,132 [DEBUG] core.argyll_runner: [argyll] Added 727/9486
2026-09-07 10:13:40,133 [DEBUG] core.argyll_runner: [argyll] Added 738/9486
2026-09-07 10:13:40,134 [DEBUG] core.argyll_runner: [argyll] Added 749/9486
2026-09-07 10:13:40,134 [DEBUG] core.argyll_runner: [argyll] Added 760/9486
2026-09-07 10:13:40,135 [DEBUG] core.argyll_runner: [argyll] Added 771/9486
2026-09-07 10:13:40,136 [DEBUG] core.argyll_runner: [argyll] Added 782/9486
2026-09-07 10:13:40,137 [DEBUG] core.argyll_runner: [argyll] Added 793/9486
2026-09-07 10:13:40,138 [DEBUG] core.argyll_runner: [argyll] Added 804/9486
2026-09-07 10:13:40,140 [DEBUG] core.argyll_runner: [argyll] Added 815/9486
2026-09-07 10:13:40,141 [DEBUG] core.argyll_runner: [argyll] Added 826/9486
2026-09-07 10:13:40,142 [DEBUG] core.argyll_runner: [argyll] Added 837/9486
2026-09-07 10:13:40,144 [DEBUG] core.argyll_runner: [argyll] Added 848/9486
2026-09-07 10:13:40,145 [DEBUG] core.argyll_runner: [argyll] Added 859/9486
2026-09-07 10:13:40,147 [DEBUG] core.argyll_runner: [argyll] Added 870/9486
2026-09-07 10:13:40,148 [DEBUG] core.argyll_runner: [argyll] Added 881/9486
2026-09-07 10:13:40,150 [DEBUG] core.argyll_runner: [argyll] Added 892/9486
2026-09-07 10:13:40,152 [DEBUG] core.argyll_runner: [argyll] Added 903/9486
2026-09-07 10:13:40,154 [DEBUG] core.argyll_runner: [argyll] Added 914/9486
2026-09-07 10:13:40,169 [DEBUG] core.argyll_runner: [argyll] 
2026-09-07 10:13:40,169 [DEBUG] core.argyll_runner: [argyll] Added 925/9486
2026-09-07 10:13:40,169 [DEBUG] core.argyll_runner: [argyll] Added 936/9486
2026-09-07 10:13:40,169 [DEBUG] core.argyll_runner: [argyll] Added 947/9486
2026-09-07 10:13:40,170 [DEBUG] core.argyll_runner: [argyll] Added 958/9486
2026-09-07 10:13:40,170 [DEBUG] core.argyll_runner: [argyll] Added 969/9486
2026-09-07 10:13:40,171 [DEBUG] core.argyll_runner: [argyll] Added 980/9486
2026-09-07 10:13:40,171 [DEBUG] core.argyll_runner: [argyll] Added 991/9486
2026-09-07 10:13:40,172 [DEBUG] core.argyll_runner: [argyll] Added 1002/9486
2026-09-07 10:13:40,173 [DEBUG] core.argyll_runner: [argyll] Added 1013/9486
2026-09-07 10:13:40,174 [DEBUG] core.argyll_runner: [argyll] Added 1024/9486
2026-09-07 10:13:40,175 [DEBUG] core.argyll_runner: [argyll] Added 1035/9486
2026-09-07 10:13:40,176 [DEBUG] core.argyll_runner: [argyll] Added 1046/9486
2026-09-07 10:13:40,178 [DEBUG] core.argyll_runner: [argyll] Added 1057/9486
2026-09-07 10:13:40,179 [DEBUG] core.argyll_runner: [argyll] Added 1068/9486
2026-09-07 10:13:40,181 [DEBUG] core.argyll_runner: [argyll] Added 1079/9486
2026-09-07 10:13:40,182 [DEBUG] core.argyll_runner: [argyll] Added 1090/9486
2026-09-07 10:13:40,184 [DEBUG] core.argyll_runner: [argyll] Added 1101/9486
2026-09-07 10:13:40,186 [DEBUG] core.argyll_runner: [argyll] Added 1112/9486
2026-09-07 10:13:40,189 [DEBUG] core.argyll_runner: [argyll] Added 1123/9486
2026-09-07 10:13:40,191 [DEBUG] core.argyll_runner: [argyll] Added 1134/9486
2026-09-07 10:13:40,193 [DEBUG] core.argyll_runner: [argyll] Added 1145/9486
2026-09-07 10:13:40,196 [DEBUG] core.argyll_runner: [argyll] Added 1156/9486
2026-09-07 10:13:40,198 [DEBUG] core.argyll_runner: [argyll] Added 1167/9486
2026-09-07 10:13:40,201 [DEBUG] core.argyll_runner: [argyll] Added 1178/9486
2026-09-07 10:13:40,204 [DEBUG] core.argyll_runner: [argyll] Added 1189/9486
2026-09-07 10:13:40,207 [DEBUG] core.argyll_runner: [argyll] Added 1200/9486
2026-09-07 10:13:40,210 [DEBUG] core.argyll_runner: [argyll] Added 1211/9486
2026-09-07 10:13:40,214 [DEBUG] core.argyll_runner: [argyll] Added 1222/9486
2026-09-07 10:13:40,217 [DEBUG] core.argyll_runner: [argyll] Added 1233/9486
2026-09-07 10:13:40,221 [DEBUG] core.argyll_runner: [argyll] Added 1244/9486
2026-09-07 10:13:40,224 [DEBUG] core.argyll_runner: [argyll] Added 1255/9486
2026-09-07 10:13:40,228 [DEBUG] core.argyll_runner: [argyll] Added 1266/9486
2026-09-07 10:13:40,232 [DEBUG] core.argyll_runner: [argyll] Added 1277/9486
2026-09-07 10:13:40,236 [DEBUG] core.argyll_runner: [argyll] Added 1288/9486
2026-09-07 10:13:40,241 [DEBUG] core.argyll_runner: [argyll] Added 1299/9486
2026-09-07 10:13:40,245 [DEBUG] core.argyll_runner: [argyll] Added 1310/9486
2026-09-07 10:13:40,250 [DEBUG] core.argyll_runner: [argyll] Added 1321/9486
2026-09-07 10:13:40,254 [DEBUG] core.argyll_runner: [argyll] Added 1332/9486
2026-09-07 10:13:40,273 [DEBUG] core.argyll_runner: [argyll] 
2026-09-07 10:13:40,274 [DEBUG] core.argyll_runner: [argyll] Added 1343/9486
2026-09-07 10:13:40,274 [DEBUG] core.argyll_runner: [argyll] Added 1354/9486
2026-09-07 10:13:40,274 [DEBUG] core.argyll_runner: [argyll] Added 1365/9486
2026-09-07 10:13:40,275 [DEBUG] core.argyll_runner: [argyll] Added 1376/9486
2026-09-07 10:13:40,275 [DEBUG] core.argyll_runner: [argyll] Added 1387/9486
2026-09-07 10:13:40,276 [DEBUG] core.argyll_runner: [argyll] Added 1398/9486
2026-09-07 10:13:40,276 [DEBUG] core.argyll_runner: [argyll] Added 1409/9486
2026-09-07 10:13:40,277 [DEBUG] core.argyll_runner: [argyll] Added 1420/9486
2026-09-07 10:13:40,278 [DEBUG] core.argyll_runner: [argyll] Added 1431/9486
2026-09-07 10:13:40,279 [DEBUG] core.argyll_runner: [argyll] Added 1442/9486
2026-09-07 10:13:40,281 [DEBUG] core.argyll_runner: [argyll] Added 1453/9486
2026-09-07 10:13:40,282 [DEBUG] core.argyll_runner: [argyll] Added 1464/9486
2026-09-07 10:13:40,284 [DEBUG] core.argyll_runner: [argyll] Added 1475/9486
2026-09-07 10:13:40,285 [DEBUG] core.argyll_runner: [argyll] Added 1486/9486
2026-09-07 10:13:40,287 [DEBUG] core.argyll_runner: [argyll] Added 1497/9486
2026-09-07 10:13:40,289 [DEBUG] core.argyll_runner: [argyll] Added 1508/9486
2026-09-07 10:13:40,291 [DEBUG] core.argyll_runner: [argyll] Added 1519/9486
2026-09-07 10:13:40,293 [DEBUG] core.argyll_runner: [argyll] Added 1530/9486
2026-09-07 10:13:40,296 [DEBUG] core.argyll_runner: [argyll] Added 1541/9486
2026-09-07 10:13:40,298 [DEBUG] core.argyll_runner: [argyll] Added 1552/9486
2026-09-07 10:13:40,301 [DEBUG] core.argyll_runner: [argyll] Added 1563/9486
2026-09-07 10:13:40,303 [DEBUG] core.argyll_runner: [argyll] Added 1574/9486
2026-09-07 10:13:40,306 [DEBUG] core.argyll_runner: [argyll] Added 1585/9486
2026-09-07 10:13:40,309 [DEBUG] core.argyll_runner: [argyll] Added 1596/9486
2026-09-07 10:13:40,312 [DEBUG] core.argyll_runner: [argyll] Added 1607/9486
2026-09-07 10:13:40,316 [DEBUG] core.argyll_runner: [argyll] Added 1618/9486
2026-09-07 10:13:40,319 [DEBUG] core.argyll_runner: [argyll] Added 1629/9486
2026-09-07 10:13:40,323 [DEBUG] core.argyll_runner: [argyll] Added 1640/9486
2026-09-07 10:13:40,326 [DEBUG] core.argyll_runner: [argyll] Added 1651/9486
2026-09-07 10:13:40,330 [DEBUG] core.argyll_runner: [argyll] Added 1662/9486
2026-09-07 10:13:40,334 [DEBUG] core.argyll_runner: [argyll] Added 1673/9486
2026-09-07 10:13:40,338 [DEBUG] core.argyll_runner: [argyll] Added 1684/9486
2026-09-07 10:13:40,342 [DEBUG] core.argyll_runner: [argyll] Added 1695/9486
2026-09-07 10:13:40,347 [DEBUG] core.argyll_runner: [argyll] Added 1706/9486
2026-09-07 10:13:40,351 [DEBUG] core.argyll_runner: [argyll] Added 1717/9486
2026-09-07 10:13:40,356 [DEBUG] core.argyll_runner: [argyll] Added 1728/9486
2026-09-07 10:13:40,360 [DEBUG] core.argyll_runner: [argyll] Added 1739/9486
2026-09-07 10:13:40,365 [DEBUG] core.argyll_runner: [argyll] Added 1750/9486
2026-09-07 10:13:40,370 [DEBUG] core.argyll_runner: [argyll] Added 1761/9486
2026-09-07 10:13:40,376 [DEBUG] core.argyll_runner: [argyll] Added 1772/9486
2026-09-07 10:13:40,381 [DEBUG] core.argyll_runner: [argyll] Added 1783/9486
2026-09-07 10:13:40,387 [DEBUG] core.argyll_runner: [argyll] Added 1794/9486
2026-09-07 10:13:40,392 [DEBUG] core.argyll_runner: [argyll] Added 1805/9486
2026-09-07 10:13:40,398 [DEBUG] core.argyll_runner: [argyll] Added 1816/9486
2026-09-07 10:13:40,404 [DEBUG] core.argyll_runner: [argyll] Added 1827/9486
2026-09-07 10:13:40,411 [DEBUG] core.argyll_runner: [argyll] Added 1838/9486
2026-09-07 10:13:40,417 [DEBUG] core.argyll_runner: [argyll] Added 1849/9486
2026-09-07 10:13:40,423 [DEBUG] core.argyll_runner: [argyll] Added 1860/9486
2026-09-07 10:13:40,430 [DEBUG] core.argyll_runner: [argyll] Added 1871/9486
2026-09-07 10:13:40,437 [DEBUG] core.argyll_runner: [argyll] Added 1882/9486
2026-09-07 10:13:40,443 [DEBUG] core.argyll_runner: [argyll] Added 1893/9486
2026-09-07 10:13:40,450 [DEBUG] core.argyll_runner: [argyll] Added 1904/9486
2026-09-07 10:13:40,458 [DEBUG] core.argyll_runner: [argyll] Added 1915/9486
2026-09-07 10:13:40,465 [DEBUG] core.argyll_runner: [argyll] Added 1926/9486
2026-09-07 10:13:40,472 [DEBUG] core.argyll_runner: [argyll] Added 1937/9486
2026-09-07 10:13:40,480 [DEBUG] core.argyll_runner: [argyll] Added 1948/9486
2026-09-07 10:13:40,488 [DEBUG] core.argyll_runner: [argyll] Added 1959/9486
2026-09-07 10:13:40,496 [DEBUG] core.argyll_runner: [argyll] Added 1970/9486
2026-09-07 10:13:40,504 [DEBUG] core.argyll_runner: [argyll] Added 1981/9486
2026-09-07 10:13:40,512 [DEBUG] core.argyll_runner: [argyll] Added 1992/9486
2026-09-07 10:13:40,520 [DEBUG] core.argyll_runner: [argyll] Added 2003/9486
2026-09-07 10:13:40,529 [DEBUG] core.argyll_runner: [argyll] Added 2014/9486
2026-09-07 10:13:40,537 [DEBUG] core.argyll_runner: [argyll] Added 2025/9486
2026-09-07 10:13:40,546 [DEBUG] core.argyll_runner: [argyll] Added 2036/9486
2026-09-07 10:13:40,555 [DEBUG] core.argyll_runner: [argyll] Added 2047/9486
2026-09-07 10:13:40,564 [DEBUG] core.argyll_runner: [argyll] Added 2058/9486
2026-09-07 10:13:40,574 [DEBUG] core.argyll_runner: [argyll] Added 2069/9486
2026-09-07 10:13:40,583 [DEBUG] core.argyll_runner: [argyll] Added 2080/9486
2026-09-07 10:13:40,593 [DEBUG] core.argyll_runner: [argyll] Added 2091/9486
2026-09-07 10:13:40,602 [DEBUG] core.argyll_runner: [argyll] Added 2102/9486
2026-09-07 10:13:40,612 [DEBUG] core.argyll_runner: [argyll] Added 2113/9486
2026-09-07 10:13:40,622 [DEBUG] core.argyll_runner: [argyll] Added 2124/9486
2026-09-07 10:13:40,632 [DEBUG] core.argyll_runner: [argyll] Added 2135/9486
2026-09-07 10:13:40,643 [DEBUG] core.argyll_runner: [argyll] Added 2146/9486
2026-09-07 10:13:40,653 [DEBUG] core.argyll_runner: [argyll] Added 2157/9486
2026-09-07 10:13:40,663 [DEBUG] core.argyll_runner: [argyll] Added 2168/9486
2026-09-07 10:13:40,674 [DEBUG] core.argyll_runner: [argyll] Added 2179/9486
2026-09-07 10:13:40,685 [DEBUG] core.argyll_runner: [argyll] Added 2190/9486
2026-09-07 10:13:40,696 [DEBUG] core.argyll_runner: [argyll] Added 2201/9486
2026-09-07 10:13:40,707 [DEBUG] core.argyll_runner: [argyll] Added 2212/9486
2026-09-07 10:13:40,718 [DEBUG] core.argyll_runner: [argyll] Added 2223/9486
2026-09-07 10:13:40,730 [DEBUG] core.argyll_runner: [argyll] Added 2234/9486
2026-09-07 10:13:40,741 [DEBUG] core.argyll_runner: [argyll] Added 2245/9486
2026-09-07 10:13:40,753 [DEBUG] core.argyll_runner: [argyll] Added 2256/9486
2026-09-07 10:13:40,765 [DEBUG] core.argyll_runner: [argyll] Added 2267/9486
2026-09-07 10:13:40,777 [DEBUG] core.argyll_runner: [argyll] Added 2278/9486
2026-09-07 10:13:40,789 [DEBUG] core.argyll_runner: [argyll] Added 2289/9486
2026-09-07 10:13:40,801 [DEBUG] core.argyll_runner: [argyll] Added 2300/9486
2026-09-07 10:13:40,814 [DEBUG] core.argyll_runner: [argyll] Added 2311/9486
2026-09-07 10:13:40,826 [DEBUG] core.argyll_runner: [argyll] Added 2322/9486
2026-09-07 10:13:40,839 [DEBUG] core.argyll_runner: [argyll] Added 2333/9486
2026-09-07 10:13:40,851 [DEBUG] core.argyll_runner: [argyll] Added 2344/9486
2026-09-07 10:13:40,864 [DEBUG] core.argyll_runner: [argyll] Added 2355/9486
2026-09-07 10:13:40,877 [DEBUG] core.argyll_runner: [argyll] Added 2366/9486
2026-09-07 10:13:40,891 [DEBUG] core.argyll_runner: [argyll] Added 2377/9486
2026-09-07 10:13:40,904 [DEBUG] core.argyll_runner: [argyll] Added 2388/9486
2026-09-07 10:13:40,917 [DEBUG] core.argyll_runner: [argyll] Added 2399/9486
2026-09-07 10:13:40,931 [DEBUG] core.argyll_runner: [argyll] Added 2410/9486
2026-09-07 10:13:40,945 [DEBUG] core.argyll_runner: [argyll] Added 2421/9486
2026-09-07 10:13:40,959 [DEBUG] core.argyll_runner: [argyll] Added 2432/9486
2026-09-07 10:13:40,973 [DEBUG] core.argyll_runner: [argyll] Added 2443/9486
2026-09-07 10:13:40,987 [DEBUG] core.argyll_runner: [argyll] Added 2454/9486
2026-09-07 10:13:41,002 [DEBUG] core.argyll_runner: [argyll] Added 2465/9486
2026-09-07 10:13:41,016 [DEBUG] core.argyll_runner: [argyll] Added 2476/9486
2026-09-07 10:13:41,031 [DEBUG] core.argyll_runner: [argyll] Added 2487/9486
2026-09-07 10:13:41,061 [DEBUG] core.argyll_runner: [argyll] 
2026-09-07 10:13:41,065 [DEBUG] core.argyll_runner: [argyll] Added 2498/9486
2026-09-07 10:13:41,066 [DEBUG] core.argyll_runner: [argyll] Added 2509/9486
2026-09-07 10:13:41,066 [DEBUG] core.argyll_runner: [argyll] Added 2520/9486
2026-09-07 10:13:41,066 [DEBUG] core.argyll_runner: [argyll] Added 2531/9486
2026-09-07 10:13:41,067 [DEBUG] core.argyll_runner: [argyll] Added 2542/9486
2026-09-07 10:13:41,067 [DEBUG] core.argyll_runner: [argyll] Added 2553/9486
2026-09-07 10:13:41,068 [DEBUG] core.argyll_runner: [argyll] Added 2564/9486
2026-09-07 10:13:41,069 [DEBUG] core.argyll_runner: [argyll] Added 2575/9486
2026-09-07 10:13:41,070 [DEBUG] core.argyll_runner: [argyll] Added 2586/9486
2026-09-07 10:13:41,071 [DEBUG] core.argyll_runner: [argyll] Added 2597/9486
2026-09-07 10:13:41,073 [DEBUG] core.argyll_runner: [argyll] Added 2608/9486
2026-09-07 10:13:41,074 [DEBUG] core.argyll_runner: [argyll] Added 2619/9486
2026-09-07 10:13:41,076 [DEBUG] core.argyll_runner: [argyll] Added 2630/9486
2026-09-07 10:13:41,078 [DEBUG] core.argyll_runner: [argyll] Added 2641/9486
2026-09-07 10:13:41,079 [DEBUG] core.argyll_runner: [argyll] Added 2652/9486
2026-09-07 10:13:41,081 [DEBUG] core.argyll_runner: [argyll] Added 2663/9486
2026-09-07 10:13:41,084 [DEBUG] core.argyll_runner: [argyll] Added 2674/9486
2026-09-07 10:13:41,086 [DEBUG] core.argyll_runner: [argyll] Added 2685/9486
2026-09-07 10:13:41,088 [DEBUG] core.argyll_runner: [argyll] Added 2696/9486
2026-09-07 10:13:41,091 [DEBUG] core.argyll_runner: [argyll] Added 2707/9486
2026-09-07 10:13:41,093 [DEBUG] core.argyll_runner: [argyll] Added 2718/9486
2026-09-07 10:13:41,096 [DEBUG] core.argyll_runner: [argyll] Added 2729/9486
2026-09-07 10:13:41,099 [DEBUG] core.argyll_runner: [argyll] Added 2740/9486
2026-09-07 10:13:41,102 [DEBUG] core.argyll_runner: [argyll] Added 2751/9486
2026-09-07 10:13:41,106 [DEBUG] core.argyll_runner: [argyll] Added 2762/9486
2026-09-07 10:13:41,109 [DEBUG] core.argyll_runner: [argyll] Added 2773/9486
2026-09-07 10:13:41,113 [DEBUG] core.argyll_runner: [argyll] Added 2784/9486
2026-09-07 10:13:41,116 [DEBUG] core.argyll_runner: [argyll] Added 2795/9486
2026-09-07 10:13:41,120 [DEBUG] core.argyll_runner: [argyll] Added 2806/9486
2026-09-07 10:13:41,124 [DEBUG] core.argyll_runner: [argyll] Added 2817/9486
2026-09-07 10:13:41,128 [DEBUG] core.argyll_runner: [argyll] Added 2828/9486
2026-09-07 10:13:41,132 [DEBUG] core.argyll_runner: [argyll] Added 2839/9486
2026-09-07 10:13:41,137 [DEBUG] core.argyll_runner: [argyll] Added 2850/9486
2026-09-07 10:13:41,141 [DEBUG] core.argyll_runner: [argyll] Added 2861/9486
2026-09-07 10:13:41,146 [DEBUG] core.argyll_runner: [argyll] Added 2872/9486
2026-09-07 10:13:41,151 [DEBUG] core.argyll_runner: [argyll] Added 2883/9486
2026-09-07 10:13:41,156 [DEBUG] core.argyll_runner: [argyll] Added 2894/9486
2026-09-07 10:13:41,161 [DEBUG] core.argyll_runner: [argyll] Added 2905/9486
2026-09-07 10:13:41,166 [DEBUG] core.argyll_runner: [argyll] Added 2916/9486
2026-09-07 10:13:41,171 [DEBUG] core.argyll_runner: [argyll] Added 2927/9486
2026-09-07 10:13:41,177 [DEBUG] core.argyll_runner: [argyll] Added 2938/9486
2026-09-07 10:13:41,183 [DEBUG] core.argyll_runner: [argyll] Added 2949/9486
2026-09-07 10:13:41,189 [DEBUG] core.argyll_runner: [argyll] Added 2960/9486
2026-09-07 10:13:41,194 [DEBUG] core.argyll_runner: [argyll] Added 2971/9486
2026-09-07 10:13:41,201 [DEBUG] core.argyll_runner: [argyll] Added 2982/9486
2026-09-07 10:13:41,207 [DEBUG] core.argyll_runner: [argyll] Added 2993/9486
2026-09-07 10:13:41,213 [DEBUG] core.argyll_runner: [argyll] Added 3004/9486
2026-09-07 10:13:41,220 [DEBUG] core.argyll_runner: [argyll] Added 3015/9486
2026-09-07 10:13:41,226 [DEBUG] core.argyll_runner: [argyll] Added 3026/9486
2026-09-07 10:13:41,233 [DEBUG] core.argyll_runner: [argyll] Added 3037/9486
2026-09-07 10:13:41,240 [DEBUG] core.argyll_runner: [argyll] Added 3048/9486
2026-09-07 10:13:41,247 [DEBUG] core.argyll_runner: [argyll] Added 3059/9486
2026-09-07 10:13:41,254 [DEBUG] core.argyll_runner: [argyll] Added 3070/9486
2026-09-07 10:13:41,262 [DEBUG] core.argyll_runner: [argyll] Added 3081/9486
2026-09-07 10:13:41,269 [DEBUG] core.argyll_runner: [argyll] Added 3092/9486
2026-09-07 10:13:41,276 [DEBUG] core.argyll_runner: [argyll] Added 3103/9486
2026-09-07 10:13:41,284 [DEBUG] core.argyll_runner: [argyll] Added 3114/9486
2026-09-07 10:13:41,292 [DEBUG] core.argyll_runner: [argyll] Added 3125/9486
2026-09-07 10:13:41,300 [DEBUG] core.argyll_runner: [argyll] Added 3136/9486
2026-09-07 10:13:41,308 [DEBUG] core.argyll_runner: [argyll] Added 3147/9486
2026-09-07 10:13:41,316 [DEBUG] core.argyll_runner: [argyll] Added 3158/9486
2026-09-07 10:13:41,325 [DEBUG] core.argyll_runner: [argyll] Added 3169/9486
2026-09-07 10:13:41,333 [DEBUG] core.argyll_runner: [argyll] Added 3180/9486
2026-09-07 10:13:41,342 [DEBUG] core.argyll_runner: [argyll] Added 3191/9486
2026-09-07 10:13:41,351 [DEBUG] core.argyll_runner: [argyll] Added 3202/9486
2026-09-07 10:13:41,361 [DEBUG] core.argyll_runner: [argyll] Added 3213/9486
2026-09-07 10:13:41,370 [DEBUG] core.argyll_runner: [argyll] Added 3224/9486
2026-09-07 10:13:41,379 [DEBUG] core.argyll_runner: [argyll] Added 3235/9486
2026-09-07 10:13:41,388 [DEBUG] core.argyll_runner: [argyll] Added 3246/9486
2026-09-07 10:13:41,398 [DEBUG] core.argyll_runner: [argyll] Added 3257/9486
2026-09-07 10:13:41,408 [DEBUG] core.argyll_runner: [argyll] Added 3268/9486
2026-09-07 10:13:41,417 [DEBUG] core.argyll_runner: [argyll] Added 3279/9486
2026-09-07 10:13:41,427 [DEBUG] core.argyll_runner: [argyll] Added 3290/9486
2026-09-07 10:13:41,437 [DEBUG] core.argyll_runner: [argyll] Added 3301/9486
2026-09-07 10:13:41,447 [DEBUG] core.argyll_runner: [argyll] Added 3312/9486
2026-09-07 10:13:41,458 [DEBUG] core.argyll_runner: [argyll] Added 3323/9486
2026-09-07 10:13:41,469 [DEBUG] core.argyll_runner: [argyll] Added 3334/9486
2026-09-07 10:13:41,479 [DEBUG] core.argyll_runner: [argyll] Added 3345/9486
2026-09-07 10:13:41,491 [DEBUG] core.argyll_runner: [argyll] Added 3356/9486
2026-09-07 10:13:41,502 [DEBUG] core.argyll_runner: [argyll] Added 3367/9486
2026-09-07 10:13:41,513 [DEBUG] core.argyll_runner: [argyll] Added 3378/9486
2026-09-07 10:13:41,525 [DEBUG] core.argyll_runner: [argyll] Added 3389/9486
2026-09-07 10:13:41,536 [DEBUG] core.argyll_runner: [argyll] Added 3400/9486
2026-09-07 10:13:41,548 [DEBUG] core.argyll_runner: [argyll] Added 3411/9486
2026-09-07 10:13:41,560 [DEBUG] core.argyll_runner: [argyll] Added 3422/9486
2026-09-07 10:13:41,572 [DEBUG] core.argyll_runner: [argyll] Added 3433/9486
2026-09-07 10:13:41,584 [DEBUG] core.argyll_runner: [argyll] Added 3444/9486
2026-09-07 10:13:41,597 [DEBUG] core.argyll_runner: [argyll] Added 3455/9486
2026-09-07 10:13:41,610 [DEBUG] core.argyll_runner: [argyll] Added 3466/9486
2026-09-07 10:13:41,622 [DEBUG] core.argyll_runner: [argyll] Added 3477/9486
2026-09-07 10:13:41,635 [DEBUG] core.argyll_runner: [argyll] Added 3488/9486
2026-09-07 10:13:41,648 [DEBUG] core.argyll_runner: [argyll] Added 3499/9486
2026-09-07 10:13:41,662 [DEBUG] core.argyll_runner: [argyll] Added 3510/9486
2026-09-07 10:13:41,675 [DEBUG] core.argyll_runner: [argyll] Added 3521/9486
2026-09-07 10:13:41,689 [DEBUG] core.argyll_runner: [argyll] Added 3532/9486
2026-09-07 10:13:41,702 [DEBUG] core.argyll_runner: [argyll] Added 3543/9486
2026-09-07 10:13:41,716 [DEBUG] core.argyll_runner: [argyll] Added 3554/9486
2026-09-07 10:13:41,730 [DEBUG] core.argyll_runner: [argyll] Added 3565/9486
2026-09-07 10:13:41,744 [DEBUG] core.argyll_runner: [argyll] Added 3576/9486
2026-09-07 10:13:41,758 [DEBUG] core.argyll_runner: [argyll] Added 3587/9486
2026-09-07 10:13:41,773 [DEBUG] core.argyll_runner: [argyll] Added 3598/9486
2026-09-07 10:13:41,787 [DEBUG] core.argyll_runner: [argyll] Added 3609/9486
2026-09-07 10:13:41,802 [DEBUG] core.argyll_runner: [argyll] Added 3620/9486
2026-09-07 10:13:41,816 [DEBUG] core.argyll_runner: [argyll] Added 3631/9486
2026-09-07 10:13:41,831 [DEBUG] core.argyll_runner: [argyll] Added 3642/9486
2026-09-07 10:13:41,846 [DEBUG] core.argyll_runner: [argyll] Added 3653/9486
2026-09-07 10:13:41,862 [DEBUG] core.argyll_runner: [argyll] Added 3664/9486
2026-09-07 10:13:41,877 [DEBUG] core.argyll_runner: [argyll] Added 3675/9486
2026-09-07 10:13:41,893 [DEBUG] core.argyll_runner: [argyll] Added 3686/9486
2026-09-07 10:13:41,908 [DEBUG] core.argyll_runner: [argyll] Added 3697/9486
2026-09-07 10:13:41,924 [DEBUG] core.argyll_runner: [argyll] Added 3708/9486
2026-09-07 10:13:41,939 [DEBUG] core.argyll_runner: [argyll] Added 3719/9486
2026-09-07 10:13:41,955 [DEBUG] core.argyll_runner: [argyll] Added 3730/9486
2026-09-07 10:13:41,971 [DEBUG] core.argyll_runner: [argyll] Added 3741/9486
2026-09-07 10:13:41,987 [DEBUG] core.argyll_runner: [argyll] Added 3752/9486
2026-09-07 10:13:42,004 [DEBUG] core.argyll_runner: [argyll] Added 3763/9486
2026-09-07 10:13:42,020 [DEBUG] core.argyll_runner: [argyll] Added 3774/9486
2026-09-07 10:13:42,036 [DEBUG] core.argyll_runner: [argyll] Added 3785/9486
2026-09-07 10:13:42,053 [DEBUG] core.argyll_runner: [argyll] Added 3796/9486
2026-09-07 10:13:42,070 [DEBUG] core.argyll_runner: [argyll] Added 3807/9486
2026-09-07 10:13:42,087 [DEBUG] core.argyll_runner: [argyll] Added 3818/9486
2026-09-07 10:13:42,104 [DEBUG] core.argyll_runner: [argyll] Added 3829/9486
2026-09-07 10:13:42,122 [DEBUG] core.argyll_runner: [argyll] Added 3840/9486
2026-09-07 10:13:42,139 [DEBUG] core.argyll_runner: [argyll] Added 3851/9486
2026-09-07 10:13:42,157 [DEBUG] core.argyll_runner: [argyll] Added 3862/9486
2026-09-07 10:13:42,175 [DEBUG] core.argyll_runner: [argyll] Added 3873/9486
2026-09-07 10:13:42,193 [DEBUG] core.argyll_runner: [argyll] Added 3884/9486
2026-09-07 10:13:42,211 [DEBUG] core.argyll_runner: [argyll] Added 3895/9486
2026-09-07 10:13:42,229 [DEBUG] core.argyll_runner: [argyll] Added 3906/9486
2026-09-07 10:13:42,247 [DEBUG] core.argyll_runner: [argyll] Added 3917/9486
2026-09-07 10:13:42,266 [DEBUG] core.argyll_runner: [argyll] Added 3928/9486
2026-09-07 10:13:42,284 [DEBUG] core.argyll_runner: [argyll] Added 3939/9486
2026-09-07 10:13:42,303 [DEBUG] core.argyll_runner: [argyll] Added 3950/9486
2026-09-07 10:13:42,322 [DEBUG] core.argyll_runner: [argyll] Added 3961/9486
2026-09-07 10:13:42,341 [DEBUG] core.argyll_runner: [argyll] Added 3972/9486
2026-09-07 10:13:42,360 [DEBUG] core.argyll_runner: [argyll] Added 3983/9486
2026-09-07 10:13:42,380 [DEBUG] core.argyll_runner: [argyll] Added 3994/9486
2026-09-07 10:13:42,399 [DEBUG] core.argyll_runner: [argyll] Added 4005/9486
2026-09-07 10:13:42,419 [DEBUG] core.argyll_runner: [argyll] Added 4016/9486
2026-09-07 10:13:42,438 [DEBUG] core.argyll_runner: [argyll] Added 4027/9486
2026-09-07 10:13:42,456 [DEBUG] core.argyll_runner: [argyll] Added 4038/9486
2026-09-07 10:13:42,475 [DEBUG] core.argyll_runner: [argyll] Added 4049/9486
2026-09-07 10:13:42,493 [DEBUG] core.argyll_runner: [argyll] Added 4060/9486
2026-09-07 10:13:42,513 [DEBUG] core.argyll_runner: [argyll] Added 4071/9486
2026-09-07 10:13:42,532 [DEBUG] core.argyll_runner: [argyll] Added 4082/9486
2026-09-07 10:13:42,551 [DEBUG] core.argyll_runner: [argyll] Added 4093/9486
2026-09-07 10:13:42,571 [DEBUG] core.argyll_runner: [argyll] Added 4104/9486
2026-09-07 10:13:42,591 [DEBUG] core.argyll_runner: [argyll] Added 4115/9486
2026-09-07 10:13:42,612 [DEBUG] core.argyll_runner: [argyll] Added 4126/9486
2026-09-07 10:13:42,633 [DEBUG] core.argyll_runner: [argyll] Added 4137/9486
2026-09-07 10:13:42,654 [DEBUG] core.argyll_runner: [argyll] Added 4148/9486
2026-09-07 10:13:42,676 [DEBUG] core.argyll_runner: [argyll] Added 4159/9486
2026-09-07 10:13:42,697 [DEBUG] core.argyll_runner: [argyll] Added 4170/9486
2026-09-07 10:13:42,719 [DEBUG] core.argyll_runner: [argyll] Added 4181/9486
2026-09-07 10:13:42,740 [DEBUG] core.argyll_runner: [argyll] Added 4192/9486
2026-09-07 10:13:42,762 [DEBUG] core.argyll_runner: [argyll] Added 4203/9486
2026-09-07 10:13:42,784 [DEBUG] core.argyll_runner: [argyll] Added 4214/9486
2026-09-07 10:13:42,806 [DEBUG] core.argyll_runner: [argyll] Added 4225/9486
2026-09-07 10:13:42,824 [DEBUG] core.argyll_runner: [argyll] Added 4236/9486
2026-09-07 10:13:42,837 [DEBUG] core.argyll_runner: [argyll] Added 4247/9486
2026-09-07 10:13:42,849 [DEBUG] core.argyll_runner: [argyll] Added 4258/9486
2026-09-07 10:13:42,862 [DEBUG] core.argyll_runner: [argyll] Added 4269/9486
2026-09-07 10:13:42,875 [DEBUG] core.argyll_runner: [argyll] Added 4280/9486
2026-09-07 10:13:42,889 [DEBUG] core.argyll_runner: [argyll] Added 4291/9486
2026-09-07 10:13:42,902 [DEBUG] core.argyll_runner: [argyll] Added 4302/9486
2026-09-07 10:13:42,916 [DEBUG] core.argyll_runner: [argyll] Added 4313/9486
2026-09-07 10:13:42,930 [DEBUG] core.argyll_runner: [argyll] Added 4324/9486
2026-09-07 10:13:42,944 [DEBUG] core.argyll_runner: [argyll] Added 4335/9486
2026-09-07 10:13:42,958 [DEBUG] core.argyll_runner: [argyll] Added 4346/9486
2026-09-07 10:13:42,972 [DEBUG] core.argyll_runner: [argyll] Added 4357/9486
2026-09-07 10:13:42,986 [DEBUG] core.argyll_runner: [argyll] Added 4368/9486
2026-09-07 10:13:43,001 [DEBUG] core.argyll_runner: [argyll] Added 4379/9486
2026-09-07 10:13:43,015 [DEBUG] core.argyll_runner: [argyll] Added 4390/9486
2026-09-07 10:13:43,030 [DEBUG] core.argyll_runner: [argyll] Added 4401/9486
2026-09-07 10:13:43,045 [DEBUG] core.argyll_runner: [argyll] Added 4412/9486
2026-09-07 10:13:43,059 [DEBUG] core.argyll_runner: [argyll] Added 4423/9486
2026-09-07 10:13:43,075 [DEBUG] core.argyll_runner: [argyll] Added 4434/9486
2026-09-07 10:13:43,090 [DEBUG] core.argyll_runner: [argyll] Added 4445/9486
2026-09-07 10:13:43,105 [DEBUG] core.argyll_runner: [argyll] Added 4456/9486
2026-09-07 10:13:43,120 [DEBUG] core.argyll_runner: [argyll] Added 4467/9486
2026-09-07 10:13:43,136 [DEBUG] core.argyll_runner: [argyll] Added 4478/9486
2026-09-07 10:13:43,152 [DEBUG] core.argyll_runner: [argyll] Added 4489/9486
2026-09-07 10:13:43,168 [DEBUG] core.argyll_runner: [argyll] Added 4500/9486
2026-09-07 10:13:43,184 [DEBUG] core.argyll_runner: [argyll] Added 4511/9486
2026-09-07 10:13:43,200 [DEBUG] core.argyll_runner: [argyll] Added 4522/9486
2026-09-07 10:13:43,216 [DEBUG] core.argyll_runner: [argyll] Added 4533/9486
2026-09-07 10:13:43,233 [DEBUG] core.argyll_runner: [argyll] Added 4544/9486
2026-09-07 10:13:43,249 [DEBUG] core.argyll_runner: [argyll] Added 4555/9486
2026-09-07 10:13:43,266 [DEBUG] core.argyll_runner: [argyll] Added 4566/9486
2026-09-07 10:13:43,283 [DEBUG] core.argyll_runner: [argyll] Added 4577/9486
2026-09-07 10:13:43,300 [DEBUG] core.argyll_runner: [argyll] Added 4588/9486
2026-09-07 10:13:43,317 [DEBUG] core.argyll_runner: [argyll] Added 4599/9486
2026-09-07 10:13:43,334 [DEBUG] core.argyll_runner: [argyll] Added 4610/9486
2026-09-07 10:13:43,352 [DEBUG] core.argyll_runner: [argyll] Added 4621/9486
2026-09-07 10:13:43,369 [DEBUG] core.argyll_runner: [argyll] Added 4632/9486
2026-09-07 10:13:43,387 [DEBUG] core.argyll_runner: [argyll] Added 4643/9486
2026-09-07 10:13:43,405 [DEBUG] core.argyll_runner: [argyll] Added 4654/9486
2026-09-07 10:13:43,423 [DEBUG] core.argyll_runner: [argyll] Added 4665/9486
2026-09-07 10:13:43,441 [DEBUG] core.argyll_runner: [argyll] Added 4676/9486
2026-09-07 10:13:43,459 [DEBUG] core.argyll_runner: [argyll] Added 4687/9486
2026-09-07 10:13:43,478 [DEBUG] core.argyll_runner: [argyll] Added 4698/9486
2026-09-07 10:13:43,497 [DEBUG] core.argyll_runner: [argyll] Added 4709/9486
2026-09-07 10:13:43,515 [DEBUG] core.argyll_runner: [argyll] Added 4720/9486
2026-09-07 10:13:43,534 [DEBUG] core.argyll_runner: [argyll] Added 4731/9486
2026-09-07 10:13:43,553 [DEBUG] core.argyll_runner: [argyll] Added 4742/9486
2026-09-07 10:13:43,572 [DEBUG] core.argyll_runner: [argyll] Added 4753/9486
2026-09-07 10:13:43,592 [DEBUG] core.argyll_runner: [argyll] Added 4764/9486
2026-09-07 10:13:43,611 [DEBUG] core.argyll_runner: [argyll] Added 4775/9486
2026-09-07 10:13:43,631 [DEBUG] core.argyll_runner: [argyll] Added 4786/9486
2026-09-07 10:13:43,650 [DEBUG] core.argyll_runner: [argyll] Added 4797/9486
2026-09-07 10:13:43,670 [DEBUG] core.argyll_runner: [argyll] Added 4808/9486
2026-09-07 10:13:43,689 [DEBUG] core.argyll_runner: [argyll] Added 4819/9486
2026-09-07 10:13:43,709 [DEBUG] core.argyll_runner: [argyll] Added 4830/9486
2026-09-07 10:13:43,729 [DEBUG] core.argyll_runner: [argyll] Added 4841/9486
2026-09-07 10:13:43,748 [DEBUG] core.argyll_runner: [argyll] Added 4852/9486
2026-09-07 10:13:43,769 [DEBUG] core.argyll_runner: [argyll] Added 4863/9486
2026-09-07 10:13:43,789 [DEBUG] core.argyll_runner: [argyll] Added 4874/9486
2026-09-07 10:13:43,810 [DEBUG] core.argyll_runner: [argyll] Added 4885/9486
2026-09-07 10:13:43,830 [DEBUG] core.argyll_runner: [argyll] Added 4896/9486
2026-09-07 10:13:43,851 [DEBUG] core.argyll_runner: [argyll] Added 4907/9486
2026-09-07 10:13:43,872 [DEBUG] core.argyll_runner: [argyll] Added 4918/9486
2026-09-07 10:13:43,893 [DEBUG] core.argyll_runner: [argyll] Added 4929/9486
2026-09-07 10:13:43,915 [DEBUG] core.argyll_runner: [argyll] Added 4940/9486
2026-09-07 10:13:43,936 [DEBUG] core.argyll_runner: [argyll] Added 4951/9486
2026-09-07 10:13:43,958 [DEBUG] core.argyll_runner: [argyll] Added 4962/9486
2026-09-07 10:13:43,980 [DEBUG] core.argyll_runner: [argyll] Added 4973/9486
2026-09-07 10:13:44,002 [DEBUG] core.argyll_runner: [argyll] Added 4984/9486
2026-09-07 10:13:44,024 [DEBUG] core.argyll_runner: [argyll] Added 4995/9486
2026-09-07 10:13:44,047 [DEBUG] core.argyll_runner: [argyll] Added 5006/9486
2026-09-07 10:13:44,069 [DEBUG] core.argyll_runner: [argyll] Added 5017/9486
2026-09-07 10:13:44,092 [DEBUG] core.argyll_runner: [argyll] Added 5028/9486
2026-09-07 10:13:44,115 [DEBUG] core.argyll_runner: [argyll] Added 5039/9486
2026-09-07 10:13:44,138 [DEBUG] core.argyll_runner: [argyll] Added 5050/9486
2026-09-07 10:13:44,161 [DEBUG] core.argyll_runner: [argyll] Added 5061/9486
2026-09-07 10:13:44,184 [DEBUG] core.argyll_runner: [argyll] Added 5072/9486
2026-09-07 10:13:44,207 [DEBUG] core.argyll_runner: [argyll] Added 5083/9486
2026-09-07 10:13:44,231 [DEBUG] core.argyll_runner: [argyll] Added 5094/9486
2026-09-07 10:13:44,255 [DEBUG] core.argyll_runner: [argyll] Added 5105/9486
2026-09-07 10:13:44,279 [DEBUG] core.argyll_runner: [argyll] Added 5116/9486
2026-09-07 10:13:44,303 [DEBUG] core.argyll_runner: [argyll] Added 5127/9486
2026-09-07 10:13:44,327 [DEBUG] core.argyll_runner: [argyll] Added 5138/9486
2026-09-07 10:13:44,351 [DEBUG] core.argyll_runner: [argyll] Added 5149/9486
2026-09-07 10:13:44,375 [DEBUG] core.argyll_runner: [argyll] Added 5160/9486
2026-09-07 10:13:44,400 [DEBUG] core.argyll_runner: [argyll] Added 5171/9486
2026-09-07 10:13:44,424 [DEBUG] core.argyll_runner: [argyll] Added 5182/9486
2026-09-07 10:13:44,449 [DEBUG] core.argyll_runner: [argyll] Added 5193/9486
2026-09-07 10:13:44,474 [DEBUG] core.argyll_runner: [argyll] Added 5204/9486
2026-09-07 10:13:44,499 [DEBUG] core.argyll_runner: [argyll] Added 5215/9486
2026-09-07 10:13:44,524 [DEBUG] core.argyll_runner: [argyll] Added 5226/9486
2026-09-07 10:13:44,550 [DEBUG] core.argyll_runner: [argyll] Added 5237/9486
2026-09-07 10:13:44,576 [DEBUG] core.argyll_runner: [argyll] Added 5248/9486
2026-09-07 10:13:44,601 [DEBUG] core.argyll_runner: [argyll] Added 5259/9486
2026-09-07 10:13:44,627 [DEBUG] core.argyll_runner: [argyll] Added 5270/9486
2026-09-07 10:13:44,653 [DEBUG] core.argyll_runner: [argyll] Added 5281/9486
2026-09-07 10:13:44,680 [DEBUG] core.argyll_runner: [argyll] Added 5292/9486
2026-09-07 10:13:44,706 [DEBUG] core.argyll_runner: [argyll] Added 5303/9486
2026-09-07 10:13:44,732 [DEBUG] core.argyll_runner: [argyll] Added 5314/9486
2026-09-07 10:13:44,759 [DEBUG] core.argyll_runner: [argyll] Added 5325/9486
2026-09-07 10:13:44,786 [DEBUG] core.argyll_runner: [argyll] Added 5336/9486
2026-09-07 10:13:44,812 [DEBUG] core.argyll_runner: [argyll] Added 5347/9486
2026-09-07 10:13:44,839 [DEBUG] core.argyll_runner: [argyll] Added 5358/9486
2026-09-07 10:13:44,866 [DEBUG] core.argyll_runner: [argyll] Added 5369/9486
2026-09-07 10:13:44,893 [DEBUG] core.argyll_runner: [argyll] Added 5380/9486
2026-09-07 10:13:44,919 [DEBUG] core.argyll_runner: [argyll] Added 5391/9486
2026-09-07 10:13:44,945 [DEBUG] core.argyll_runner: [argyll] Added 5402/9486
2026-09-07 10:13:44,971 [DEBUG] core.argyll_runner: [argyll] Added 5413/9486
2026-09-07 10:13:44,997 [DEBUG] core.argyll_runner: [argyll] Added 5424/9486
2026-09-07 10:13:45,024 [DEBUG] core.argyll_runner: [argyll] Added 5435/9486
2026-09-07 10:13:45,051 [DEBUG] core.argyll_runner: [argyll] Added 5446/9486
2026-09-07 10:13:45,078 [DEBUG] core.argyll_runner: [argyll] Added 5457/9486
2026-09-07 10:13:45,106 [DEBUG] core.argyll_runner: [argyll] Added 5468/9486
2026-09-07 10:13:45,135 [DEBUG] core.argyll_runner: [argyll] Added 5479/9486
2026-09-07 10:13:45,163 [DEBUG] core.argyll_runner: [argyll] Added 5490/9486
2026-09-07 10:13:45,192 [DEBUG] core.argyll_runner: [argyll] Added 5501/9486
2026-09-07 10:13:45,221 [DEBUG] core.argyll_runner: [argyll] Added 5512/9486
2026-09-07 10:13:45,250 [DEBUG] core.argyll_runner: [argyll] Added 5523/9486
2026-09-07 10:13:45,279 [DEBUG] core.argyll_runner: [argyll] Added 5534/9486
2026-09-07 10:13:45,309 [DEBUG] core.argyll_runner: [argyll] Added 5545/9486
2026-09-07 10:13:45,338 [DEBUG] core.argyll_runner: [argyll] Added 5556/9486
2026-09-07 10:13:45,368 [DEBUG] core.argyll_runner: [argyll] Added 5567/9486
2026-09-07 10:13:45,398 [DEBUG] core.argyll_runner: [argyll] Added 5578/9486
2026-09-07 10:13:45,428 [DEBUG] core.argyll_runner: [argyll] Added 5589/9486
2026-09-07 10:13:45,459 [DEBUG] core.argyll_runner: [argyll] Added 5600/9486
2026-09-07 10:13:45,489 [DEBUG] core.argyll_runner: [argyll] Added 5611/9486
2026-09-07 10:13:45,520 [DEBUG] core.argyll_runner: [argyll] Added 5622/9486
2026-09-07 10:13:45,551 [DEBUG] core.argyll_runner: [argyll] Added 5633/9486
2026-09-07 10:13:45,582 [DEBUG] core.argyll_runner: [argyll] Added 5644/9486
2026-09-07 10:13:45,613 [DEBUG] core.argyll_runner: [argyll] Added 5655/9486
2026-09-07 10:13:45,645 [DEBUG] core.argyll_runner: [argyll] Added 5666/9486
2026-09-07 10:13:45,676 [DEBUG] core.argyll_runner: [argyll] Added 5677/9486
2026-09-07 10:13:45,707 [DEBUG] core.argyll_runner: [argyll] Added 5688/9486
2026-09-07 10:13:45,739 [DEBUG] core.argyll_runner: [argyll] Added 5699/9486
2026-09-07 10:13:45,771 [DEBUG] core.argyll_runner: [argyll] Added 5710/9486
2026-09-07 10:13:45,803 [DEBUG] core.argyll_runner: [argyll] Added 5721/9486
2026-09-07 10:13:45,835 [DEBUG] core.argyll_runner: [argyll] Added 5732/9486
2026-09-07 10:13:45,868 [DEBUG] core.argyll_runner: [argyll] Added 5743/9486
2026-09-07 10:13:45,900 [DEBUG] core.argyll_runner: [argyll] Added 5754/9486
2026-09-07 10:13:45,931 [DEBUG] core.argyll_runner: [argyll] Added 5765/9486
2026-09-07 10:13:45,963 [DEBUG] core.argyll_runner: [argyll] Added 5776/9486
2026-09-07 10:13:45,996 [DEBUG] core.argyll_runner: [argyll] Added 5787/9486
2026-09-07 10:13:46,029 [DEBUG] core.argyll_runner: [argyll] Added 5798/9486
2026-09-07 10:13:46,062 [DEBUG] core.argyll_runner: [argyll] Added 5809/9486
2026-09-07 10:13:46,094 [DEBUG] core.argyll_runner: [argyll] Added 5820/9486
2026-09-07 10:13:46,128 [DEBUG] core.argyll_runner: [argyll] Added 5831/9486
2026-09-07 10:13:46,160 [DEBUG] core.argyll_runner: [argyll] Added 5842/9486
2026-09-07 10:13:46,193 [DEBUG] core.argyll_runner: [argyll] Added 5853/9486
2026-09-07 10:13:46,226 [DEBUG] core.argyll_runner: [argyll] Added 5864/9486
2026-09-07 10:13:46,259 [DEBUG] core.argyll_runner: [argyll] Added 5875/9486
2026-09-07 10:13:46,292 [DEBUG] core.argyll_runner: [argyll] Added 5886/9486
2026-09-07 10:13:46,326 [DEBUG] core.argyll_runner: [argyll] Added 5897/9486
2026-09-07 10:13:46,359 [DEBUG] core.argyll_runner: [argyll] Added 5908/9486
2026-09-07 10:13:46,393 [DEBUG] core.argyll_runner: [argyll] Added 5919/9486
2026-09-07 10:13:46,427 [DEBUG] core.argyll_runner: [argyll] Added 5930/9486
2026-09-07 10:13:46,461 [DEBUG] core.argyll_runner: [argyll] Added 5941/9486
2026-09-07 10:13:46,495 [DEBUG] core.argyll_runner: [argyll] Added 5952/9486
2026-09-07 10:13:46,530 [DEBUG] core.argyll_runner: [argyll] Added 5963/9486
2026-09-07 10:13:46,560 [DEBUG] core.argyll_runner: [argyll] Added 5974/9486
2026-09-07 10:13:46,586 [DEBUG] core.argyll_runner: [argyll] Added 5985/9486
2026-09-07 10:13:46,611 [DEBUG] core.argyll_runner: [argyll] Added 5996/9486
2026-09-07 10:13:46,637 [DEBUG] core.argyll_runner: [argyll] Added 6007/9486
2026-09-07 10:13:46,664 [DEBUG] core.argyll_runner: [argyll] Added 6018/9486
2026-09-07 10:13:46,690 [DEBUG] core.argyll_runner: [argyll] Added 6029/9486
2026-09-07 10:13:46,716 [DEBUG] core.argyll_runner: [argyll] Added 6040/9486
2026-09-07 10:13:46,742 [DEBUG] core.argyll_runner: [argyll] Added 6051/9486
2026-09-07 10:13:46,769 [DEBUG] core.argyll_runner: [argyll] Added 6062/9486
2026-09-07 10:13:46,796 [DEBUG] core.argyll_runner: [argyll] Added 6073/9486
2026-09-07 10:13:46,823 [DEBUG] core.argyll_runner: [argyll] Added 6084/9486
2026-09-07 10:13:46,850 [DEBUG] core.argyll_runner: [argyll] Added 6095/9486
2026-09-07 10:13:46,878 [DEBUG] core.argyll_runner: [argyll] Added 6106/9486
2026-09-07 10:13:46,906 [DEBUG] core.argyll_runner: [argyll] Added 6117/9486
2026-09-07 10:13:46,933 [DEBUG] core.argyll_runner: [argyll] Added 6128/9486
2026-09-07 10:13:46,961 [DEBUG] core.argyll_runner: [argyll] Added 6139/9486
2026-09-07 10:13:46,989 [DEBUG] core.argyll_runner: [argyll] Added 6150/9486
2026-09-07 10:13:47,017 [DEBUG] core.argyll_runner: [argyll] Added 6161/9486
2026-09-07 10:13:47,046 [DEBUG] core.argyll_runner: [argyll] Added 6172/9486
2026-09-07 10:13:47,074 [DEBUG] core.argyll_runner: [argyll] Added 6183/9486
2026-09-07 10:13:47,103 [DEBUG] core.argyll_runner: [argyll] Added 6194/9486
2026-09-07 10:13:47,131 [DEBUG] core.argyll_runner: [argyll] Added 6205/9486
2026-09-07 10:13:47,160 [DEBUG] core.argyll_runner: [argyll] Added 6216/9486
2026-09-07 10:13:47,189 [DEBUG] core.argyll_runner: [argyll] Added 6227/9486
2026-09-07 10:13:47,217 [DEBUG] core.argyll_runner: [argyll] Added 6238/9486
2026-09-07 10:13:47,247 [DEBUG] core.argyll_runner: [argyll] Added 6249/9486
2026-09-07 10:13:47,276 [DEBUG] core.argyll_runner: [argyll] Added 6260/9486
2026-09-07 10:13:47,305 [DEBUG] core.argyll_runner: [argyll] Added 6271/9486
2026-09-07 10:13:47,334 [DEBUG] core.argyll_runner: [argyll] Added 6282/9486
2026-09-07 10:13:47,364 [DEBUG] core.argyll_runner: [argyll] Added 6293/9486
2026-09-07 10:13:47,394 [DEBUG] core.argyll_runner: [argyll] Added 6304/9486
2026-09-07 10:13:47,422 [DEBUG] core.argyll_runner: [argyll] Added 6315/9486
2026-09-07 10:13:47,451 [DEBUG] core.argyll_runner: [argyll] Added 6326/9486
2026-09-07 10:13:47,480 [DEBUG] core.argyll_runner: [argyll] Added 6337/9486
2026-09-07 10:13:47,509 [DEBUG] core.argyll_runner: [argyll] Added 6348/9486
2026-09-07 10:13:47,538 [DEBUG] core.argyll_runner: [argyll] Added 6359/9486
2026-09-07 10:13:47,567 [DEBUG] core.argyll_runner: [argyll] Added 6370/9486
2026-09-07 10:13:47,597 [DEBUG] core.argyll_runner: [argyll] Added 6381/9486
2026-09-07 10:13:47,627 [DEBUG] core.argyll_runner: [argyll] Added 6392/9486
2026-09-07 10:13:47,658 [DEBUG] core.argyll_runner: [argyll] Added 6403/9486
2026-09-07 10:13:47,689 [DEBUG] core.argyll_runner: [argyll] Added 6414/9486
2026-09-07 10:13:47,720 [DEBUG] core.argyll_runner: [argyll] Added 6425/9486
2026-09-07 10:13:47,751 [DEBUG] core.argyll_runner: [argyll] Added 6436/9486
2026-09-07 10:13:47,783 [DEBUG] core.argyll_runner: [argyll] Added 6447/9486
2026-09-07 10:13:47,815 [DEBUG] core.argyll_runner: [argyll] Added 6458/9486
2026-09-07 10:13:47,847 [DEBUG] core.argyll_runner: [argyll] Added 6469/9486
2026-09-07 10:13:47,878 [DEBUG] core.argyll_runner: [argyll] Added 6480/9486
2026-09-07 10:13:47,911 [DEBUG] core.argyll_runner: [argyll] Added 6491/9486
2026-09-07 10:13:47,943 [DEBUG] core.argyll_runner: [argyll] Added 6502/9486
2026-09-07 10:13:47,975 [DEBUG] core.argyll_runner: [argyll] Added 6513/9486
2026-09-07 10:13:48,008 [DEBUG] core.argyll_runner: [argyll] Added 6524/9486
2026-09-07 10:13:48,040 [DEBUG] core.argyll_runner: [argyll] Added 6535/9486
2026-09-07 10:13:48,073 [DEBUG] core.argyll_runner: [argyll] Added 6546/9486
2026-09-07 10:13:48,107 [DEBUG] core.argyll_runner: [argyll] Added 6557/9486
2026-09-07 10:13:48,140 [DEBUG] core.argyll_runner: [argyll] Added 6568/9486
2026-09-07 10:13:48,173 [DEBUG] core.argyll_runner: [argyll] Added 6579/9486
2026-09-07 10:13:48,207 [DEBUG] core.argyll_runner: [argyll] Added 6590/9486
2026-09-07 10:13:48,240 [DEBUG] core.argyll_runner: [argyll] Added 6601/9486
2026-09-07 10:13:48,274 [DEBUG] core.argyll_runner: [argyll] Added 6612/9486
2026-09-07 10:13:48,308 [DEBUG] core.argyll_runner: [argyll] Added 6623/9486
2026-09-07 10:13:48,342 [DEBUG] core.argyll_runner: [argyll] Added 6634/9486
2026-09-07 10:13:48,377 [DEBUG] core.argyll_runner: [argyll] Added 6645/9486
2026-09-07 10:13:48,412 [DEBUG] core.argyll_runner: [argyll] Added 6656/9486
2026-09-07 10:13:48,446 [DEBUG] core.argyll_runner: [argyll] Added 6667/9486
2026-09-07 10:13:48,481 [DEBUG] core.argyll_runner: [argyll] Added 6678/9486
2026-09-07 10:13:48,516 [DEBUG] core.argyll_runner: [argyll] Added 6689/9486
2026-09-07 10:13:48,552 [DEBUG] core.argyll_runner: [argyll] Added 6700/9486
2026-09-07 10:13:48,587 [DEBUG] core.argyll_runner: [argyll] Added 6711/9486
2026-09-07 10:13:48,623 [DEBUG] core.argyll_runner: [argyll] Added 6722/9486
2026-09-07 10:13:48,657 [DEBUG] core.argyll_runner: [argyll] Added 6733/9486
2026-09-07 10:13:48,691 [DEBUG] core.argyll_runner: [argyll] Added 6744/9486
2026-09-07 10:13:48,724 [DEBUG] core.argyll_runner: [argyll] Added 6755/9486
2026-09-07 10:13:48,758 [DEBUG] core.argyll_runner: [argyll] Added 6766/9486
2026-09-07 10:13:48,792 [DEBUG] core.argyll_runner: [argyll] Added 6777/9486
2026-09-07 10:13:48,827 [DEBUG] core.argyll_runner: [argyll] Added 6788/9486
2026-09-07 10:13:48,863 [DEBUG] core.argyll_runner: [argyll] Added 6799/9486
2026-09-07 10:13:48,898 [DEBUG] core.argyll_runner: [argyll] Added 6810/9486
2026-09-07 10:13:48,935 [DEBUG] core.argyll_runner: [argyll] Added 6821/9486
2026-09-07 10:13:48,971 [DEBUG] core.argyll_runner: [argyll] Added 6832/9486
2026-09-07 10:13:49,008 [DEBUG] core.argyll_runner: [argyll] Added 6843/9486
2026-09-07 10:13:49,044 [DEBUG] core.argyll_runner: [argyll] Added 6854/9486
2026-09-07 10:13:49,081 [DEBUG] core.argyll_runner: [argyll] Added 6865/9486
2026-09-07 10:13:49,118 [DEBUG] core.argyll_runner: [argyll] Added 6876/9486
2026-09-07 10:13:49,155 [DEBUG] core.argyll_runner: [argyll] Added 6887/9486
2026-09-07 10:13:49,192 [DEBUG] core.argyll_runner: [argyll] Added 6898/9486
2026-09-07 10:13:49,229 [DEBUG] core.argyll_runner: [argyll] Added 6909/9486
2026-09-07 10:13:49,267 [DEBUG] core.argyll_runner: [argyll] Added 6920/9486
2026-09-07 10:13:49,305 [DEBUG] core.argyll_runner: [argyll] Added 6931/9486
2026-09-07 10:13:49,343 [DEBUG] core.argyll_runner: [argyll] Added 6942/9486
2026-09-07 10:13:49,381 [DEBUG] core.argyll_runner: [argyll] Added 6953/9486
2026-09-07 10:13:49,419 [DEBUG] core.argyll_runner: [argyll] Added 6964/9486
2026-09-07 10:13:49,458 [DEBUG] core.argyll_runner: [argyll] Added 6975/9486
2026-09-07 10:13:49,497 [DEBUG] core.argyll_runner: [argyll] Added 6986/9486
2026-09-07 10:13:49,536 [DEBUG] core.argyll_runner: [argyll] Added 6997/9486
2026-09-07 10:13:49,575 [DEBUG] core.argyll_runner: [argyll] Added 7008/9486
2026-09-07 10:13:49,614 [DEBUG] core.argyll_runner: [argyll] Added 7019/9486
2026-09-07 10:13:49,653 [DEBUG] core.argyll_runner: [argyll] Added 7030/9486
2026-09-07 10:13:49,692 [DEBUG] core.argyll_runner: [argyll] Added 7041/9486
2026-09-07 10:13:49,732 [DEBUG] core.argyll_runner: [argyll] Added 7052/9486
2026-09-07 10:13:49,772 [DEBUG] core.argyll_runner: [argyll] Added 7063/9486
2026-09-07 10:13:49,812 [DEBUG] core.argyll_runner: [argyll] Added 7074/9486
2026-09-07 10:13:49,852 [DEBUG] core.argyll_runner: [argyll] Added 7085/9486
2026-09-07 10:13:49,892 [DEBUG] core.argyll_runner: [argyll] Added 7096/9486
2026-09-07 10:13:49,931 [DEBUG] core.argyll_runner: [argyll] Added 7107/9486
2026-09-07 10:13:49,970 [DEBUG] core.argyll_runner: [argyll] Added 7118/9486
2026-09-07 10:13:50,010 [DEBUG] core.argyll_runner: [argyll] Added 7129/9486
2026-09-07 10:13:50,049 [DEBUG] core.argyll_runner: [argyll] Added 7140/9486
2026-09-07 10:13:50,089 [DEBUG] core.argyll_runner: [argyll] Added 7151/9486
2026-09-07 10:13:50,130 [DEBUG] core.argyll_runner: [argyll] Added 7162/9486
2026-09-07 10:13:50,171 [DEBUG] core.argyll_runner: [argyll] Added 7173/9486
2026-09-07 10:13:50,212 [DEBUG] core.argyll_runner: [argyll] Added 7184/9486
2026-09-07 10:13:50,253 [DEBUG] core.argyll_runner: [argyll] Added 7195/9486
2026-09-07 10:13:50,295 [DEBUG] core.argyll_runner: [argyll] Added 7206/9486
2026-09-07 10:13:50,337 [DEBUG] core.argyll_runner: [argyll] Added 7217/9486
2026-09-07 10:13:50,378 [DEBUG] core.argyll_runner: [argyll] Added 7228/9486
2026-09-07 10:13:50,420 [DEBUG] core.argyll_runner: [argyll] Added 7239/9486
2026-09-07 10:13:50,462 [DEBUG] core.argyll_runner: [argyll] Added 7250/9486
2026-09-07 10:13:50,505 [DEBUG] core.argyll_runner: [argyll] Added 7261/9486
2026-09-07 10:13:50,547 [DEBUG] core.argyll_runner: [argyll] Added 7272/9486
2026-09-07 10:13:50,589 [DEBUG] core.argyll_runner: [argyll] Added 7283/9486
2026-09-07 10:13:50,632 [DEBUG] core.argyll_runner: [argyll] Added 7294/9486
2026-09-07 10:13:50,675 [DEBUG] core.argyll_runner: [argyll] Added 7305/9486
2026-09-07 10:13:50,718 [DEBUG] core.argyll_runner: [argyll] Added 7316/9486
2026-09-07 10:13:50,761 [DEBUG] core.argyll_runner: [argyll] Added 7327/9486
2026-09-07 10:13:50,804 [DEBUG] core.argyll_runner: [argyll] Added 7338/9486
2026-09-07 10:13:50,848 [DEBUG] core.argyll_runner: [argyll] Added 7349/9486
2026-09-07 10:13:50,891 [DEBUG] core.argyll_runner: [argyll] Added 7360/9486
2026-09-07 10:13:50,935 [DEBUG] core.argyll_runner: [argyll] Added 7371/9486
2026-09-07 10:13:50,979 [DEBUG] core.argyll_runner: [argyll] Added 7382/9486
2026-09-07 10:13:51,023 [DEBUG] core.argyll_runner: [argyll] Added 7393/9486
2026-09-07 10:13:51,067 [DEBUG] core.argyll_runner: [argyll] Added 7404/9486
2026-09-07 10:13:51,111 [DEBUG] core.argyll_runner: [argyll] Added 7415/9486
2026-09-07 10:13:51,155 [DEBUG] core.argyll_runner: [argyll] Added 7426/9486
2026-09-07 10:13:51,198 [DEBUG] core.argyll_runner: [argyll] Added 7437/9486
2026-09-07 10:13:51,240 [DEBUG] core.argyll_runner: [argyll] Added 7448/9486
2026-09-07 10:13:51,282 [DEBUG] core.argyll_runner: [argyll] Added 7459/9486
2026-09-07 10:13:51,326 [DEBUG] core.argyll_runner: [argyll] Added 7470/9486
2026-09-07 10:13:51,371 [DEBUG] core.argyll_runner: [argyll] Added 7481/9486
2026-09-07 10:13:51,417 [DEBUG] core.argyll_runner: [argyll] Added 7492/9486
2026-09-07 10:13:51,462 [DEBUG] core.argyll_runner: [argyll] Added 7503/9486
2026-09-07 10:13:51,508 [DEBUG] core.argyll_runner: [argyll] Added 7514/9486
2026-09-07 10:13:51,553 [DEBUG] core.argyll_runner: [argyll] Added 7525/9486
2026-09-07 10:13:51,600 [DEBUG] core.argyll_runner: [argyll] Added 7536/9486
2026-09-07 10:13:51,646 [DEBUG] core.argyll_runner: [argyll] Added 7547/9486
2026-09-07 10:13:51,692 [DEBUG] core.argyll_runner: [argyll] Added 7558/9486
2026-09-07 10:13:51,738 [DEBUG] core.argyll_runner: [argyll] Added 7569/9486
2026-09-07 10:13:51,785 [DEBUG] core.argyll_runner: [argyll] Added 7580/9486
2026-09-07 10:13:51,832 [DEBUG] core.argyll_runner: [argyll] Added 7591/9486
2026-09-07 10:13:51,879 [DEBUG] core.argyll_runner: [argyll] Added 7602/9486
2026-09-07 10:13:51,926 [DEBUG] core.argyll_runner: [argyll] Added 7613/9486
2026-09-07 10:13:51,973 [DEBUG] core.argyll_runner: [argyll] Added 7624/9486
2026-09-07 10:13:52,020 [DEBUG] core.argyll_runner: [argyll] Added 7635/9486
2026-09-07 10:13:52,067 [DEBUG] core.argyll_runner: [argyll] Added 7646/9486
2026-09-07 10:13:52,115 [DEBUG] core.argyll_runner: [argyll] Added 7657/9486
2026-09-07 10:13:52,162 [DEBUG] core.argyll_runner: [argyll] Added 7668/9486
2026-09-07 10:13:52,210 [DEBUG] core.argyll_runner: [argyll] Added 7679/9486
2026-09-07 10:13:52,258 [DEBUG] core.argyll_runner: [argyll] Added 7690/9486
2026-09-07 10:13:52,302 [DEBUG] core.argyll_runner: [argyll] Added 7701/9486
2026-09-07 10:13:52,340 [DEBUG] core.argyll_runner: [argyll] Added 7712/9486
2026-09-07 10:13:52,378 [DEBUG] core.argyll_runner: [argyll] Added 7723/9486
2026-09-07 10:13:52,417 [DEBUG] core.argyll_runner: [argyll] Added 7734/9486
2026-09-07 10:13:52,455 [DEBUG] core.argyll_runner: [argyll] Added 7745/9486
2026-09-07 10:13:52,493 [DEBUG] core.argyll_runner: [argyll] Added 7756/9486
2026-09-07 10:13:52,531 [DEBUG] core.argyll_runner: [argyll] Added 7767/9486
2026-09-07 10:13:52,570 [DEBUG] core.argyll_runner: [argyll] Added 7778/9486
2026-09-07 10:13:52,610 [DEBUG] core.argyll_runner: [argyll] Added 7789/9486
2026-09-07 10:13:52,651 [DEBUG] core.argyll_runner: [argyll] Added 7800/9486
2026-09-07 10:13:52,692 [DEBUG] core.argyll_runner: [argyll] Added 7811/9486
2026-09-07 10:13:52,733 [DEBUG] core.argyll_runner: [argyll] Added 7822/9486
2026-09-07 10:13:52,774 [DEBUG] core.argyll_runner: [argyll] Added 7833/9486
2026-09-07 10:13:52,816 [DEBUG] core.argyll_runner: [argyll] Added 7844/9486
2026-09-07 10:13:52,857 [DEBUG] core.argyll_runner: [argyll] Added 7855/9486
2026-09-07 10:13:52,899 [DEBUG] core.argyll_runner: [argyll] Added 7866/9486
2026-09-07 10:13:52,940 [DEBUG] core.argyll_runner: [argyll] Added 7877/9486
2026-09-07 10:13:52,982 [DEBUG] core.argyll_runner: [argyll] Added 7888/9486
2026-09-07 10:13:53,024 [DEBUG] core.argyll_runner: [argyll] Added 7899/9486
2026-09-07 10:13:53,066 [DEBUG] core.argyll_runner: [argyll] Added 7910/9486
2026-09-07 10:13:53,109 [DEBUG] core.argyll_runner: [argyll] Added 7921/9486
2026-09-07 10:13:53,151 [DEBUG] core.argyll_runner: [argyll] Added 7932/9486
2026-09-07 10:13:53,194 [DEBUG] core.argyll_runner: [argyll] Added 7943/9486
2026-09-07 10:13:53,236 [DEBUG] core.argyll_runner: [argyll] Added 7954/9486
2026-09-07 10:13:53,279 [DEBUG] core.argyll_runner: [argyll] Added 7965/9486
2026-09-07 10:13:53,322 [DEBUG] core.argyll_runner: [argyll] Added 7976/9486
2026-09-07 10:13:53,365 [DEBUG] core.argyll_runner: [argyll] Added 7987/9486
2026-09-07 10:13:53,408 [DEBUG] core.argyll_runner: [argyll] Added 7998/9486
2026-09-07 10:13:53,451 [DEBUG] core.argyll_runner: [argyll] Added 8009/9486
2026-09-07 10:13:53,495 [DEBUG] core.argyll_runner: [argyll] Added 8020/9486
2026-09-07 10:13:53,538 [DEBUG] core.argyll_runner: [argyll] Added 8031/9486
2026-09-07 10:13:53,582 [DEBUG] core.argyll_runner: [argyll] Added 8042/9486
2026-09-07 10:13:53,625 [DEBUG] core.argyll_runner: [argyll] Added 8053/9486
2026-09-07 10:13:53,669 [DEBUG] core.argyll_runner: [argyll] Added 8064/9486
2026-09-07 10:13:53,713 [DEBUG] core.argyll_runner: [argyll] Added 8075/9486
2026-09-07 10:13:53,754 [DEBUG] core.argyll_runner: [argyll] Added 8086/9486
2026-09-07 10:13:53,796 [DEBUG] core.argyll_runner: [argyll] Added 8097/9486
2026-09-07 10:13:53,839 [DEBUG] core.argyll_runner: [argyll] Added 8108/9486
2026-09-07 10:13:53,884 [DEBUG] core.argyll_runner: [argyll] Added 8119/9486
2026-09-07 10:13:53,929 [DEBUG] core.argyll_runner: [argyll] Added 8130/9486
2026-09-07 10:13:53,974 [DEBUG] core.argyll_runner: [argyll] Added 8141/9486
2026-09-07 10:13:54,020 [DEBUG] core.argyll_runner: [argyll] Added 8152/9486
2026-09-07 10:13:54,066 [DEBUG] core.argyll_runner: [argyll] Added 8163/9486
2026-09-07 10:13:54,112 [DEBUG] core.argyll_runner: [argyll] Added 8174/9486
2026-09-07 10:13:54,158 [DEBUG] core.argyll_runner: [argyll] Added 8185/9486
2026-09-07 10:13:54,203 [DEBUG] core.argyll_runner: [argyll] Added 8196/9486
2026-09-07 10:13:54,249 [DEBUG] core.argyll_runner: [argyll] Added 8207/9486
2026-09-07 10:13:54,295 [DEBUG] core.argyll_runner: [argyll] Added 8218/9486
2026-09-07 10:13:54,341 [DEBUG] core.argyll_runner: [argyll] Added 8229/9486
2026-09-07 10:13:54,388 [DEBUG] core.argyll_runner: [argyll] Added 8240/9486
2026-09-07 10:13:54,434 [DEBUG] core.argyll_runner: [argyll] Added 8251/9486
2026-09-07 10:13:54,481 [DEBUG] core.argyll_runner: [argyll] Added 8262/9486
2026-09-07 10:13:54,528 [DEBUG] core.argyll_runner: [argyll] Added 8273/9486
2026-09-07 10:13:54,575 [DEBUG] core.argyll_runner: [argyll] Added 8284/9486
2026-09-07 10:13:54,622 [DEBUG] core.argyll_runner: [argyll] Added 8295/9486
2026-09-07 10:13:54,669 [DEBUG] core.argyll_runner: [argyll] Added 8306/9486
2026-09-07 10:13:54,716 [DEBUG] core.argyll_runner: [argyll] Added 8317/9486
2026-09-07 10:13:54,764 [DEBUG] core.argyll_runner: [argyll] Added 8328/9486
2026-09-07 10:13:54,812 [DEBUG] core.argyll_runner: [argyll] Added 8339/9486
2026-09-07 10:13:54,859 [DEBUG] core.argyll_runner: [argyll] Added 8350/9486
2026-09-07 10:13:54,907 [DEBUG] core.argyll_runner: [argyll] Added 8361/9486
2026-09-07 10:13:54,955 [DEBUG] core.argyll_runner: [argyll] Added 8372/9486
2026-09-07 10:13:55,003 [DEBUG] core.argyll_runner: [argyll] Added 8383/9486
2026-09-07 10:13:55,050 [DEBUG] core.argyll_runner: [argyll] Added 8394/9486
2026-09-07 10:13:55,098 [DEBUG] core.argyll_runner: [argyll] Added 8405/9486
2026-09-07 10:13:55,146 [DEBUG] core.argyll_runner: [argyll] Added 8416/9486
2026-09-07 10:13:55,194 [DEBUG] core.argyll_runner: [argyll] Added 8427/9486
2026-09-07 10:13:55,242 [DEBUG] core.argyll_runner: [argyll] Added 8438/9486
2026-09-07 10:13:55,291 [DEBUG] core.argyll_runner: [argyll] Added 8449/9486
2026-09-07 10:13:55,341 [DEBUG] core.argyll_runner: [argyll] Added 8460/9486
2026-09-07 10:13:55,391 [DEBUG] core.argyll_runner: [argyll] Added 8471/9486
2026-09-07 10:13:55,440 [DEBUG] core.argyll_runner: [argyll] Added 8482/9486
2026-09-07 10:13:55,490 [DEBUG] core.argyll_runner: [argyll] Added 8493/9486
2026-09-07 10:13:55,540 [DEBUG] core.argyll_runner: [argyll] Added 8504/9486
2026-09-07 10:13:55,590 [DEBUG] core.argyll_runner: [argyll] Added 8515/9486
2026-09-07 10:13:55,640 [DEBUG] core.argyll_runner: [argyll] Added 8526/9486
2026-09-07 10:13:55,691 [DEBUG] core.argyll_runner: [argyll] Added 8537/9486
2026-09-07 10:13:55,742 [DEBUG] core.argyll_runner: [argyll] Added 8548/9486
2026-09-07 10:13:55,791 [DEBUG] core.argyll_runner: [argyll] Added 8559/9486
2026-09-07 10:13:55,841 [DEBUG] core.argyll_runner: [argyll] Added 8570/9486
2026-09-07 10:13:55,892 [DEBUG] core.argyll_runner: [argyll] Added 8581/9486
2026-09-07 10:13:55,943 [DEBUG] core.argyll_runner: [argyll] Added 8592/9486
2026-09-07 10:13:55,993 [DEBUG] core.argyll_runner: [argyll] Added 8603/9486
2026-09-07 10:13:56,044 [DEBUG] core.argyll_runner: [argyll] Added 8614/9486
2026-09-07 10:13:56,096 [DEBUG] core.argyll_runner: [argyll] Added 8625/9486
2026-09-07 10:13:56,147 [DEBUG] core.argyll_runner: [argyll] Added 8636/9486
2026-09-07 10:13:56,199 [DEBUG] core.argyll_runner: [argyll] Added 8647/9486
2026-09-07 10:13:56,251 [DEBUG] core.argyll_runner: [argyll] Added 8658/9486
2026-09-07 10:13:56,302 [DEBUG] core.argyll_runner: [argyll] Added 8669/9486
2026-09-07 10:13:56,352 [DEBUG] core.argyll_runner: [argyll] Added 8680/9486
2026-09-07 10:13:56,403 [DEBUG] core.argyll_runner: [argyll] Added 8691/9486
2026-09-07 10:13:56,455 [DEBUG] core.argyll_runner: [argyll] Added 8702/9486
2026-09-07 10:13:56,507 [DEBUG] core.argyll_runner: [argyll] Added 8713/9486
2026-09-07 10:13:56,558 [DEBUG] core.argyll_runner: [argyll] Added 8724/9486
2026-09-07 10:13:56,611 [DEBUG] core.argyll_runner: [argyll] Added 8735/9486
2026-09-07 10:13:56,664 [DEBUG] core.argyll_runner: [argyll] Added 8746/9486
2026-09-07 10:13:56,717 [DEBUG] core.argyll_runner: [argyll] Added 8757/9486
2026-09-07 10:13:56,770 [DEBUG] core.argyll_runner: [argyll] Added 8768/9486
2026-09-07 10:13:56,824 [DEBUG] core.argyll_runner: [argyll] Added 8779/9486
2026-09-07 10:13:56,877 [DEBUG] core.argyll_runner: [argyll] Added 8790/9486
2026-09-07 10:13:56,930 [DEBUG] core.argyll_runner: [argyll] Added 8801/9486
2026-09-07 10:13:56,984 [DEBUG] core.argyll_runner: [argyll] Added 8812/9486
2026-09-07 10:13:57,038 [DEBUG] core.argyll_runner: [argyll] Added 8823/9486
2026-09-07 10:13:57,092 [DEBUG] core.argyll_runner: [argyll] Added 8834/9486
2026-09-07 10:13:57,147 [DEBUG] core.argyll_runner: [argyll] Added 8845/9486
2026-09-07 10:13:57,201 [DEBUG] core.argyll_runner: [argyll] Added 8856/9486
2026-09-07 10:13:57,256 [DEBUG] core.argyll_runner: [argyll] Added 8867/9486
2026-09-07 10:13:57,311 [DEBUG] core.argyll_runner: [argyll] Added 8878/9486
2026-09-07 10:13:57,366 [DEBUG] core.argyll_runner: [argyll] Added 8889/9486
2026-09-07 10:13:57,421 [DEBUG] core.argyll_runner: [argyll] Added 8900/9486
2026-09-07 10:13:57,476 [DEBUG] core.argyll_runner: [argyll] Added 8911/9486
2026-09-07 10:13:57,532 [DEBUG] core.argyll_runner: [argyll] Added 8922/9486
2026-09-07 10:13:57,585 [DEBUG] core.argyll_runner: [argyll] Added 8933/9486
2026-09-07 10:13:57,637 [DEBUG] core.argyll_runner: [argyll] Added 8944/9486
2026-09-07 10:13:57,691 [DEBUG] core.argyll_runner: [argyll] Added 8955/9486
2026-09-07 10:13:57,745 [DEBUG] core.argyll_runner: [argyll] Added 8966/9486
2026-09-07 10:13:57,801 [DEBUG] core.argyll_runner: [argyll] Added 8977/9486
2026-09-07 10:13:57,857 [DEBUG] core.argyll_runner: [argyll] Added 8988/9486
2026-09-07 10:13:57,913 [DEBUG] core.argyll_runner: [argyll] Added 8999/9486
2026-09-07 10:13:57,969 [DEBUG] core.argyll_runner: [argyll] Added 9010/9486
2026-09-07 10:13:58,026 [DEBUG] core.argyll_runner: [argyll] Added 9021/9486
2026-09-07 10:13:58,082 [DEBUG] core.argyll_runner: [argyll] Added 9032/9486
2026-09-07 10:13:58,139 [DEBUG] core.argyll_runner: [argyll] Added 9043/9486
2026-09-07 10:13:58,197 [DEBUG] core.argyll_runner: [argyll] Added 9054/9486
2026-09-07 10:13:58,254 [DEBUG] core.argyll_runner: [argyll] Added 9065/9486
2026-09-07 10:13:58,312 [DEBUG] core.argyll_runner: [argyll] Added 9076/9486
2026-09-07 10:13:58,370 [DEBUG] core.argyll_runner: [argyll] Added 9087/9486
2026-09-07 10:13:58,428 [DEBUG] core.argyll_runner: [argyll] Added 9098/9486
2026-09-07 10:13:58,486 [DEBUG] core.argyll_runner: [argyll] Added 9109/9486
2026-09-07 10:13:58,545 [DEBUG] core.argyll_runner: [argyll] Added 9120/9486
2026-09-07 10:13:58,603 [DEBUG] core.argyll_runner: [argyll] Added 9131/9486
2026-09-07 10:13:58,661 [DEBUG] core.argyll_runner: [argyll] Added 9142/9486
2026-09-07 10:13:58,720 [DEBUG] core.argyll_runner: [argyll] Added 9153/9486
2026-09-07 10:13:58,778 [DEBUG] core.argyll_runner: [argyll] Added 9164/9486
2026-09-07 10:13:58,836 [DEBUG] core.argyll_runner: [argyll] Added 9175/9486
2026-09-07 10:13:58,894 [DEBUG] core.argyll_runner: [argyll] Added 9186/9486
2026-09-07 10:13:58,951 [DEBUG] core.argyll_runner: [argyll] Added 9197/9486
2026-09-07 10:13:59,009 [DEBUG] core.argyll_runner: [argyll] Added 9208/9486
2026-09-07 10:13:59,067 [DEBUG] core.argyll_runner: [argyll] Added 9219/9486
2026-09-07 10:13:59,126 [DEBUG] core.argyll_runner: [argyll] Added 9230/9486
2026-09-07 10:13:59,184 [DEBUG] core.argyll_runner: [argyll] Added 9241/9486
2026-09-07 10:13:59,243 [DEBUG] core.argyll_runner: [argyll] Added 9252/9486
2026-09-07 10:13:59,302 [DEBUG] core.argyll_runner: [argyll] Added 9263/9486
2026-09-07 10:13:59,362 [DEBUG] core.argyll_runner: [argyll] Added 9274/9486
2026-09-07 10:13:59,422 [DEBUG] core.argyll_runner: [argyll] Added 9285/9486
2026-09-07 10:13:59,483 [DEBUG] core.argyll_runner: [argyll] Added 9296/9486
2026-09-07 10:13:59,543 [DEBUG] core.argyll_runner: [argyll] Added 9307/9486
2026-09-07 10:13:59,603 [DEBUG] core.argyll_runner: [argyll] Added 9318/9486
2026-09-07 10:13:59,664 [DEBUG] core.argyll_runner: [argyll] Added 9329/9486
2026-09-07 10:13:59,724 [DEBUG] core.argyll_runner: [argyll] Added 9340/9486
2026-09-07 10:13:59,785 [DEBUG] core.argyll_runner: [argyll] Added 9351/9486
2026-09-07 10:13:59,846 [DEBUG] core.argyll_runner: [argyll] Added 9362/9486
2026-09-07 10:13:59,907 [DEBUG] core.argyll_runner: [argyll] Added 9373/9486
2026-09-07 10:13:59,999 [DEBUG] core.argyll_runner: [argyll] 
2026-09-07 10:14:00,024 [DEBUG] core.argyll_runner: [argyll] Added 9384/9486
2026-09-07 10:14:00,024 [DEBUG] core.argyll_runner: [argyll] Added 9395/9486
2026-09-07 10:14:00,024 [DEBUG] core.argyll_runner: [argyll] Added 9406/9486
2026-09-07 10:14:00,025 [DEBUG] core.argyll_runner: [argyll] Added 9417/9486
2026-09-07 10:14:00,025 [DEBUG] core.argyll_runner: [argyll] Added 9428/9486
2026-09-07 10:14:00,026 [DEBUG] core.argyll_runner: [argyll] Added 9439/9486
2026-09-07 10:14:00,027 [DEBUG] core.argyll_runner: [argyll] Added 9450/9486
2026-09-07 10:14:00,028 [DEBUG] core.argyll_runner: [argyll] Added 9461/9486
2026-09-07 10:14:00,029 [DEBUG] core.argyll_runner: [argyll] Added 9472/9486
2026-09-07 10:14:00,030 [DEBUG] core.argyll_runner: [argyll] Added 9483/9486
2026-09-07 10:14:00,032 [DEBUG] core.argyll_runner: [argyll] Added 9486/9486
2026-09-07 10:14:06,174 [DEBUG] core.argyll_runner: [argyll] 
2026-09-07 10:14:06,175 [DEBUG] core.argyll_runner: [argyll] After seeding points: MinPoint = 1.307, Min = 1.199, Avg. = 3.930, Max = 5.129, 1.3 secs
2026-09-07 10:14:06,175 [DEBUG] core.argyll_runner: [argyll] Re-seeding
2026-09-07 10:14:06,175 [DEBUG] core.argyll_runner: [argyll] It 1: Maxmv = 0.039346, MinPoint = 0.329, Min = 1.199, Avg. = 3.906, Max = 5.318, 1.2 secs.
2026-09-07 10:14:06,176 [DEBUG] core.argyll_runner: [argyll] Re-seeding
2026-09-07 10:14:06,176 [DEBUG] core.argyll_runner: [argyll] It 2: Maxmv = 0.039366, MinPoint = 0.948, Min = 1.199, Avg. = 3.875, Max = 5.154, 1.2 secs.
2026-09-07 10:14:06,176 [DEBUG] core.argyll_runner: [argyll] Re-seeding
2026-09-07 10:14:06,177 [DEBUG] core.argyll_runner: [argyll] It 3: Maxmv = 0.033363, MinPoint = 1.195, Min = 1.199, Avg. = 3.850, Max = 5.330, 1.2 secs.
2026-09-07 10:14:06,177 [DEBUG] core.argyll_runner: [argyll] Re-seeding
2026-09-07 10:14:06,177 [DEBUG] core.argyll_runner: [argyll] It 4: Maxmv = 0.027352, MinPoint = 0.975, Min = 1.199, Avg. = 3.821, Max = 5.171, 1.3 secs.
2026-09-07 10:14:06,177 [DEBUG] core.argyll_runner: [argyll] Re-seeding
2026-09-07 10:14:06,178 [DEBUG] core.argyll_runner: [argyll] It 5: Maxmv = 0.027380, MinPoint = 1.307, Min = 1.199, Avg. = 3.798, Max = 4.978, 1.2 secs.
2026-09-07 10:14:06,178 [DEBUG] core.argyll_runner: [argyll] Re-seeding
2026-09-07 10:14:06,178 [DEBUG] core.argyll_runner: [argyll] It 6: Maxmv = 0.023931, MinPoint = 1.307, Min = 1.199, Avg. = 3.780, Max = 4.978, 1.3 secs.
2026-09-07 10:14:06,178 [DEBUG] core.argyll_runner: [argyll] Re-seeding
2026-09-07 10:14:06,179 [DEBUG] core.argyll_runner: [argyll] It 7: Maxmv = 0.021561, MinPoint = 1.307, Min = 1.199, Avg. = 3.761, Max = 4.793, 1.3 secs.
2026-09-07 10:14:06,179 [DEBUG] core.argyll_runner: [argyll] Re-seeding
2026-09-07 10:14:06,179 [DEBUG] core.argyll_runner: [argyll] It 8: Maxmv = 0.017455, MinPoint = 1.307, Min = 1.199, Avg. = 3.746, Max = 4.822, 1.2 secs.
2026-09-07 10:14:06,179 [DEBUG] core.argyll_runner: [argyll] Re-seeding
2026-09-07 10:14:06,180 [DEBUG] core.argyll_runner: [argyll] It 9: Maxmv = 0.015174, MinPoint = 1.307, Min = 1.199, Avg. = 3.733, Max = 4.582, 1.3 secs.
2026-09-07 10:14:06,180 [DEBUG] core.argyll_runner: [argyll] Re-seeding
2026-09-07 10:14:06,180 [DEBUG] core.argyll_runner: [argyll] It 10: Maxmv = 0.013005, MinPoint = 1.307, Min = 1.199, Avg. = 3.723, Max = 4.551, 1.3 secs.
2026-09-07 10:14:06,180 [DEBUG] core.argyll_runner: [argyll] Re-seeding
2026-09-07 10:14:06,181 [DEBUG] core.argyll_runner: [argyll] It 11: Maxmv = 0.011049, MinPoint = 1.307, Min = 1.199, Avg. = 3.715, Max = 4.471, 1.3 secs.
2026-09-07 10:14:06,181 [DEBUG] core.argyll_runner: [argyll] Re-seeding
2026-09-07 10:14:06,181 [DEBUG] core.argyll_runner: [argyll] It 12: Maxmv = 0.011615, MinPoint = 1.307, Min = 1.199, Avg. = 3.708, Max = 4.511, 1.3 secs.
2026-09-07 10:14:06,181 [DEBUG] core.argyll_runner: [argyll] Re-seeding
2026-09-07 10:14:06,182 [DEBUG] core.argyll_runner: [argyll] It 13: Maxmv = 0.006915, MinPoint = 1.307, Min = 1.199, Avg. = 3.704, Max = 4.398, 1.3 secs.
2026-09-07 10:14:06,182 [DEBUG] core.argyll_runner: [argyll] Re-seeding
2026-09-07 10:14:06,182 [DEBUG] core.argyll_runner: [argyll] It 14: Maxmv = 0.006664, MinPoint = 1.307, Min = 1.199, Avg. = 3.700, Max = 4.385, 1.3 secs.
2026-09-07 10:14:06,182 [DEBUG] core.argyll_runner: [argyll] Re-seeding
2026-09-07 10:14:06,183 [DEBUG] core.argyll_runner: [argyll] It 15: Maxmv = 0.004559, MinPoint = 1.307, Min = 1.199, Avg. = 3.698, Max = 5.294, 1.3 secs.
2026-09-07 10:14:06,183 [DEBUG] core.argyll_runner: [argyll] Re-seeding
2026-09-07 10:14:06,183 [DEBUG] core.argyll_runner: [argyll] It 16: Maxmv = 0.005665, MinPoint = 1.307, Min = 1.199, Avg. = 3.696, Max = 4.295, 1.2 secs.
2026-09-07 10:14:06,183 [DEBUG] core.argyll_runner: [argyll] Re-seeding
2026-09-07 10:14:06,184 [DEBUG] core.argyll_runner: [argyll] It 17: Maxmv = 0.002764, MinPoint = 1.307, Min = 1.199, Avg. = 3.695, Max = 4.267, 1.2 secs.
2026-09-07 10:14:06,184 [DEBUG] core.argyll_runner: [argyll] Re-seeding
2026-09-07 10:14:06,184 [DEBUG] core.argyll_runner: [argyll] It 18: Maxmv = 0.001420, MinPoint = 1.307, Min = 1.199, Avg. = 3.695, Max = 4.270, 1.2 secs.
2026-09-07 10:14:06,184 [DEBUG] core.argyll_runner: [argyll] Re-seeding
2026-09-07 10:14:06,185 [DEBUG] core.argyll_runner: [argyll] It 19: Maxmv = 0.000529, MinPoint = 1.307, Min = 1.199, Avg. = 3.695, Max = 4.259, 1.2 secs.
2026-09-07 10:14:06,185 [DEBUG] core.argyll_runner: [argyll] Re-seeding
2026-09-07 10:14:06,185 [DEBUG] core.argyll_runner: [argyll] It 20: Maxmv = 0.000515, MinPoint = 1.307, Min = 1.199, Avg. = 3.695, Max = 4.250, 1.2 secs.
2026-09-07 10:14:06,185 [DEBUG] core.argyll_runner: [argyll] After optimization: MinPoint = 1.307, Min = 1.199, Avg. = 3.695, Max = 4.250
2026-09-07 10:14:06,186 [DEBUG] core.argyll_runner: [argyll] Total number of patches = 9500
2026-09-07 10:14:06,186 [DEBUG] core.argyll_runner: [argyll] Execution time = 26.277565 seconds
2026-09-07 10:14:06,186 [INFO] core.argyll_runner: ArgyllRunner: finished with code 0
2026-09-07 10:14:07,401 [DEBUG] workflow.chart_creator: Wrote channel sidecar R2-Engine.channels.json: ['r', 'g', 'b']
2026-09-07 10:14:09,226 [DEBUG] ui.tiff_preview: TiffPreview: loaded 22 page(s)
2026-09-07 10:14:09,226 [INFO] ui.tabs.tab_chart: Preview loaded: 22 TIFF(s)
2026-09-07 10:14:09,551 [INFO] review:   DIALOG expected [QMessageBox] title='' buttons=['OK', 'Edit patch set…'] text="Your patch set doesn't quite fill the last page — there's space for about 189 more patches on it (the page holds about 441 in total).\n\nThat's perfectly fine to print as it is; the empty area is just b" -> clicked 'OK'
2026-09-07 10:14:09,551 [INFO] ui.main_window: Chart-build lock released by watchdog — no chart_finished arrived after the last tool ended
2026-09-07 10:14:09,752 [DEBUG] ui.tiff_preview: TiffPreview: loaded 22 page(s)
2026-09-07 10:14:09,774 [DEBUG] ui.tiff_preview: TiffPreview: loaded 22 page(s)
2026-09-07 10:14:09,813 [DEBUG] ui.tabs.tab_chart: create-chart settings written for run1 (40 parameters + ui state)
2026-09-07 10:14:10,638 [INFO] review:   [9500 patches] built ok=True actual={'total': 9513, 'fillup': 13, 'page_patches': 441, 'rows': 21, 'cols': 21, 'pages': 22, 'patch': (8.04, 9.99), 'pitch': None} est={'total': 9513, 'fillup': 0, 'page_patches': 441, 'rows': 21, 'cols': 21, 'pages': 22, 'patch': (8.0, 10.0), 'pitch': None}
      margins=mm | inch | min | Left (to first patch) | 26.0 | 1.023 | 26.0 | Right (to first patch) | 16.0 | 0.631 | 9.0 | Top (to first patch) | 39.0 | 1.537 | 38.0 | Bottom (to first patch) | 28.0 | 1.103 | 19.0 | Patch width (in strip reading direction) | 8.0 | 0.317 | 
      status='Margins: OK' notes=''
2026-09-07 10:14:11,693 [INFO] review:   F-021: {'before': {'panel_pages': 1, 'printtarg_spin': 1, 'spin_max': 20, 'panel_max': 20}, 'built_9500': {'total': 9513, 'fillup': 13, 'page_patches': 441, 'rows': 21, 'cols': 21, 'pages': 22, 'patch': (8.04, 9.99), 'pitch': None}, 'after_build': {'panel_pages': 1, 'printtarg_spin': 1}, 'after_auto_pages1': {'panel_pages': 1, 'printtarg_spin': 1, 'est': {'total': 441, 'fillup': 0, 'page_patches': 441, 'rows': 21, 'cols': 21, 'pages': 1, 'patch': (8.0, 10.0), 'pitch': None}}}
2026-09-07 10:14:11,859 [INFO] review:   shot Review/Screenshots/R04-engine/f021-after-pages1.png  (3400x2100)
2026-09-07 10:14:11,859 [INFO] review:   armed: dialog ~'quite fill' -> click 'OK' (last page hint)
2026-09-07 10:14:11,859 [INFO] review:   armed: dialog ~'already' -> click 'Continue' 
2026-09-07 10:14:11,859 [INFO] ui.tabs.tab_chart: chart build (Generate Chart) in manual: patch set targen | manual panel: A4, 0x0 grid, margins T38.0 R9.0 B19.0 L26.0
2026-09-07 10:14:11,860 [DEBUG] core.settings: settings.set session_ti3_path = ''
2026-09-07 10:14:11,860 [DEBUG] core.settings: settings.set session_icc_path = ''
2026-09-07 10:14:11,860 [DEBUG] core.settings: settings.set session_cal_ti3_path = ''
2026-09-07 10:14:11,860 [DEBUG] core.file_manager: Target name set to: R2-Engine (root /Users/Basti/ChromIQ-assessment/R2-Engine)
2026-09-07 10:14:11,861 [INFO] core.file_manager: opened the EXISTING project at /Users/Basti/ChromIQ-assessment/R2-Engine (1 run(s) on disk)
2026-09-07 10:14:11,873 [INFO] workflow.chart_creator: Chart generation: 441 patches, instrument=i1 paper=A4 disable_lb=True
2026-09-07 10:14:11,873 [INFO] workflow.chart_creator: targen args: ['-v', '-d2', '-f441', '-e3', '-B3', '-G', '-g25', 'R2-Engine']
2026-09-07 10:14:11,873 [INFO] core.argyll_runner: Run: /Applications/Argyll/bin/targen -v -d2 -f441 -e3 -B3 -G -g25 R2-Engine  [cwd=/Users/Basti/ChromIQ-assessment/R2-Engine/runs/run1]
2026-09-07 10:14:11,944 [DEBUG] core.argyll_runner: [argyll] iRGB test chart
2026-09-07 10:14:11,944 [DEBUG] core.argyll_runner: [argyll] White patches = 3
2026-09-07 10:14:11,944 [DEBUG] core.argyll_runner: [argyll] Black patches = 3
2026-09-07 10:14:11,944 [DEBUG] core.argyll_runner: [argyll] Composite Grey steps = 25
2026-09-07 10:14:11,944 [DEBUG] core.argyll_runner: [argyll] Full spread patches = 441
2026-09-07 10:14:11,945 [DEBUG] core.argyll_runner: [argyll] Degree of adaptation: 0.100
2026-09-07 10:14:11,945 [DEBUG] core.argyll_runner: [argyll] Adaptation weights: Device = 0.935, Perceptual = 0.065, Curvature = 0.010
2026-09-07 10:14:11,945 [DEBUG] core.argyll_runner: [argyll] Perceptual cache resolution = 9
2026-09-07 10:14:11,945 [DEBUG] core.argyll_runner: [argyll] Seeding cache...done
2026-09-07 10:14:11,945 [DEBUG] core.argyll_runner: [argyll] Acceleration grid res = 8
2026-09-07 10:14:11,946 [DEBUG] core.argyll_runner: [argyll] 
2026-09-07 10:14:11,946 [DEBUG] core.argyll_runner: [argyll] There are 25 unique fixed points to add (29 total fixed points)
2026-09-07 10:14:11,946 [DEBUG] core.argyll_runner: [argyll] There are 412 far spread points to add
2026-09-07 10:14:11,946 [DEBUG] core.argyll_runner: [argyll] 
2026-09-07 10:14:11,946 [DEBUG] core.argyll_runner: [argyll] Added 12/437
2026-09-07 10:14:11,946 [DEBUG] core.argyll_runner: [argyll] Added 23/437
2026-09-07 10:14:11,946 [DEBUG] core.argyll_runner: [argyll] Added 34/437
2026-09-07 10:14:11,947 [DEBUG] core.argyll_runner: [argyll] Added 45/437
2026-09-07 10:14:11,947 [DEBUG] core.argyll_runner: [argyll] Added 56/437
2026-09-07 10:14:11,948 [DEBUG] core.argyll_runner: [argyll] Added 67/437
2026-09-07 10:14:11,968 [DEBUG] core.argyll_runner: [argyll] 
2026-09-07 10:14:11,968 [DEBUG] core.argyll_runner: [argyll] Added 78/437
2026-09-07 10:14:11,968 [DEBUG] core.argyll_runner: [argyll] Added 89/437
2026-09-07 10:14:11,969 [DEBUG] core.argyll_runner: [argyll] Added 100/437
2026-09-07 10:14:11,969 [DEBUG] core.argyll_runner: [argyll] Added 111/437
2026-09-07 10:14:11,970 [DEBUG] core.argyll_runner: [argyll] Added 122/437
2026-09-07 10:14:11,970 [DEBUG] core.argyll_runner: [argyll] Added 133/437
2026-09-07 10:14:11,971 [DEBUG] core.argyll_runner: [argyll] Added 144/437
2026-09-07 10:14:11,972 [DEBUG] core.argyll_runner: [argyll] Added 155/437
2026-09-07 10:14:11,973 [DEBUG] core.argyll_runner: [argyll] Added 166/437
2026-09-07 10:14:11,974 [DEBUG] core.argyll_runner: [argyll] Added 177/437
2026-09-07 10:14:11,975 [DEBUG] core.argyll_runner: [argyll] Added 188/437
2026-09-07 10:14:11,977 [DEBUG] core.argyll_runner: [argyll] Added 199/437
2026-09-07 10:14:11,978 [DEBUG] core.argyll_runner: [argyll] Added 210/437
2026-09-07 10:14:11,980 [DEBUG] core.argyll_runner: [argyll] Added 221/437
2026-09-07 10:14:11,982 [DEBUG] core.argyll_runner: [argyll] Added 232/437
2026-09-07 10:14:11,984 [DEBUG] core.argyll_runner: [argyll] Added 243/437
2026-09-07 10:14:11,986 [DEBUG] core.argyll_runner: [argyll] Added 254/437
2026-09-07 10:14:11,988 [DEBUG] core.argyll_runner: [argyll] Added 265/437
2026-09-07 10:14:11,990 [DEBUG] core.argyll_runner: [argyll] Added 276/437
2026-09-07 10:14:11,993 [DEBUG] core.argyll_runner: [argyll] Added 287/437
2026-09-07 10:14:11,995 [DEBUG] core.argyll_runner: [argyll] Added 298/437
2026-09-07 10:14:11,998 [DEBUG] core.argyll_runner: [argyll] Added 309/437
2026-09-07 10:14:12,001 [DEBUG] core.argyll_runner: [argyll] Added 320/437
2026-09-07 10:14:12,004 [DEBUG] core.argyll_runner: [argyll] Added 331/437
2026-09-07 10:14:12,008 [DEBUG] core.argyll_runner: [argyll] Added 342/437
2026-09-07 10:14:12,011 [DEBUG] core.argyll_runner: [argyll] Added 353/437
2026-09-07 10:14:12,014 [DEBUG] core.argyll_runner: [argyll] Added 364/437
2026-09-07 10:14:12,031 [DEBUG] core.argyll_runner: [argyll] 
2026-09-07 10:14:12,032 [DEBUG] core.argyll_runner: [argyll] Added 375/437
2026-09-07 10:14:12,032 [DEBUG] core.argyll_runner: [argyll] Added 386/437
2026-09-07 10:14:12,032 [DEBUG] core.argyll_runner: [argyll] Added 397/437
2026-09-07 10:14:12,033 [DEBUG] core.argyll_runner: [argyll] Added 408/437
2026-09-07 10:14:12,033 [DEBUG] core.argyll_runner: [argyll] Added 419/437
2026-09-07 10:14:12,034 [DEBUG] core.argyll_runner: [argyll] Added 430/437
2026-09-07 10:14:12,035 [DEBUG] core.argyll_runner: [argyll] Added 437/437
2026-09-07 10:14:12,748 [DEBUG] core.argyll_runner: [argyll] 
2026-09-07 10:14:12,749 [DEBUG] core.argyll_runner: [argyll] After seeding points: MinPoint = 6.443, Min = 5.001, Avg. = 11.581, Max = 14.655, 0.0 secs
2026-09-07 10:14:12,749 [DEBUG] core.argyll_runner: [argyll] Re-seeding
2026-09-07 10:14:12,749 [DEBUG] core.argyll_runner: [argyll] It 1: Maxmv = 0.100957, MinPoint = 2.621, Min = 3.131, Avg. = 11.595, Max = 15.339, 0.0 secs.
2026-09-07 10:14:12,750 [DEBUG] core.argyll_runner: [argyll] Re-seeding
2026-09-07 10:14:12,750 [DEBUG] core.argyll_runner: [argyll] It 2: Maxmv = 0.107089, MinPoint = 5.369, Min = 4.805, Avg. = 11.490, Max = 14.870, 0.0 secs.
2026-09-07 10:14:12,750 [DEBUG] core.argyll_runner: [argyll] Re-seeding
2026-09-07 10:14:12,750 [DEBUG] core.argyll_runner: [argyll] It 3: Maxmv = 0.076464, MinPoint = 5.216, Min = 6.240, Avg. = 11.408, Max = 15.351, 0.0 secs.
2026-09-07 10:14:12,751 [DEBUG] core.argyll_runner: [argyll] Re-seeding
2026-09-07 10:14:12,751 [DEBUG] core.argyll_runner: [argyll] It 4: Maxmv = 0.078248, MinPoint = 6.539, Min = 6.380, Avg. = 11.287, Max = 14.900, 0.0 secs.
2026-09-07 10:14:12,751 [DEBUG] core.argyll_runner: [argyll] Re-seeding
2026-09-07 10:14:12,751 [DEBUG] core.argyll_runner: [argyll] It 5: Maxmv = 0.074777, MinPoint = 5.515, Min = 6.380, Avg. = 11.278, Max = 14.530, 0.0 secs.
2026-09-07 10:14:12,752 [DEBUG] core.argyll_runner: [argyll] Re-seeding
2026-09-07 10:14:12,752 [DEBUG] core.argyll_runner: [argyll] It 6: Maxmv = 0.066707, MinPoint = 6.939, Min = 6.380, Avg. = 11.183, Max = 14.267, 0.0 secs.
2026-09-07 10:14:12,752 [DEBUG] core.argyll_runner: [argyll] Re-seeding
2026-09-07 10:14:12,752 [DEBUG] core.argyll_runner: [argyll] It 7: Maxmv = 0.059242, MinPoint = 6.939, Min = 6.380, Avg. = 11.134, Max = 13.857, 0.0 secs.
2026-09-07 10:14:12,752 [DEBUG] core.argyll_runner: [argyll] Re-seeding
2026-09-07 10:14:12,753 [DEBUG] core.argyll_runner: [argyll] It 8: Maxmv = 0.045789, MinPoint = 6.939, Min = 6.380, Avg. = 11.098, Max = 13.419, 0.0 secs.
2026-09-07 10:14:12,753 [DEBUG] core.argyll_runner: [argyll] Re-seeding
2026-09-07 10:14:12,753 [DEBUG] core.argyll_runner: [argyll] It 9: Maxmv = 0.039985, MinPoint = 6.939, Min = 6.380, Avg. = 11.073, Max = 14.168, 0.0 secs.
2026-09-07 10:14:12,753 [DEBUG] core.argyll_runner: [argyll] Re-seeding
2026-09-07 10:14:12,754 [DEBUG] core.argyll_runner: [argyll] It 10: Maxmv = 0.032069, MinPoint = 6.939, Min = 6.380, Avg. = 11.044, Max = 13.618, 0.0 secs.
2026-09-07 10:14:12,754 [DEBUG] core.argyll_runner: [argyll] Re-seeding
2026-09-07 10:14:12,754 [DEBUG] core.argyll_runner: [argyll] It 11: Maxmv = 0.037803, MinPoint = 6.939, Min = 6.380, Avg. = 11.016, Max = 13.581, 0.0 secs.
2026-09-07 10:14:12,754 [DEBUG] core.argyll_runner: [argyll] Re-seeding
2026-09-07 10:14:12,755 [DEBUG] core.argyll_runner: [argyll] It 12: Maxmv = 0.029002, MinPoint = 6.939, Min = 6.380, Avg. = 11.002, Max = 13.223, 0.0 secs.
2026-09-07 10:14:12,755 [DEBUG] core.argyll_runner: [argyll] Re-seeding
2026-09-07 10:14:12,755 [DEBUG] core.argyll_runner: [argyll] It 13: Maxmv = 0.024374, MinPoint = 6.939, Min = 6.380, Avg. = 10.996, Max = 13.186, 0.0 secs.
2026-09-07 10:14:12,755 [DEBUG] core.argyll_runner: [argyll] Re-seeding
2026-09-07 10:14:12,755 [DEBUG] core.argyll_runner: [argyll] It 14: Maxmv = 0.018224, MinPoint = 6.939, Min = 6.380, Avg. = 10.990, Max = 12.973, 0.0 secs.
2026-09-07 10:14:12,756 [DEBUG] core.argyll_runner: [argyll] Re-seeding
2026-09-07 10:14:12,756 [DEBUG] core.argyll_runner: [argyll] It 15: Maxmv = 0.013661, MinPoint = 6.939, Min = 6.380, Avg. = 10.981, Max = 13.080, 0.0 secs.
2026-09-07 10:14:12,756 [DEBUG] core.argyll_runner: [argyll] Re-seeding
2026-09-07 10:14:12,756 [DEBUG] core.argyll_runner: [argyll] It 16: Maxmv = 0.010253, MinPoint = 6.939, Min = 6.380, Avg. = 10.981, Max = 13.004, 0.0 secs.
2026-09-07 10:14:12,757 [DEBUG] core.argyll_runner: [argyll] Re-seeding
2026-09-07 10:14:12,757 [DEBUG] core.argyll_runner: [argyll] It 17: Maxmv = 0.008446, MinPoint = 6.939, Min = 6.380, Avg. = 10.975, Max = 13.152, 0.0 secs.
2026-09-07 10:14:12,757 [DEBUG] core.argyll_runner: [argyll] Re-seeding
2026-09-07 10:14:12,757 [DEBUG] core.argyll_runner: [argyll] It 18: Maxmv = 0.005404, MinPoint = 6.939, Min = 6.380, Avg. = 10.972, Max = 13.156, 0.0 secs.
2026-09-07 10:14:12,758 [DEBUG] core.argyll_runner: [argyll] Re-seeding
2026-09-07 10:14:12,758 [DEBUG] core.argyll_runner: [argyll] It 19: Maxmv = 0.002000, MinPoint = 6.939, Min = 6.380, Avg. = 10.973, Max = 13.158, 0.0 secs.
2026-09-07 10:14:12,758 [DEBUG] core.argyll_runner: [argyll] Re-seeding
2026-09-07 10:14:12,758 [DEBUG] core.argyll_runner: [argyll] It 20: Maxmv = 0.001940, MinPoint = 6.939, Min = 6.380, Avg. = 10.972, Max = 13.170, 0.0 secs.
2026-09-07 10:14:12,759 [DEBUG] core.argyll_runner: [argyll] After optimization: MinPoint = 6.939, Min = 6.380, Avg. = 10.972, Max = 13.170
2026-09-07 10:14:12,759 [DEBUG] core.argyll_runner: [argyll] Total number of patches = 441
2026-09-07 10:14:12,759 [DEBUG] core.argyll_runner: [argyll] Execution time = 0.824946 seconds
2026-09-07 10:14:12,772 [INFO] core.argyll_runner: ArgyllRunner: finished with code 0
2026-09-07 10:14:12,832 [DEBUG] workflow.chart_creator: Wrote channel sidecar R2-Engine.channels.json: ['r', 'g', 'b']
2026-09-07 10:14:12,913 [DEBUG] ui.tiff_preview: TiffPreview: loaded 1 page(s)
2026-09-07 10:14:12,913 [INFO] ui.tabs.tab_chart: Preview loaded: 1 TIFF(s)
2026-09-07 10:14:12,926 [DEBUG] ui.tiff_preview: TiffPreview: loaded 1 page(s)
2026-09-07 10:14:12,928 [DEBUG] ui.tiff_preview: TiffPreview: loaded 1 page(s)
2026-09-07 10:14:12,933 [DEBUG] ui.tabs.tab_chart: create-chart settings written for run1 (40 parameters + ui state)
2026-09-07 10:14:14,573 [INFO] review:   [after pages 1] built ok=True actual={'total': 441, 'fillup': 0, 'page_patches': 441, 'rows': 21, 'cols': 21, 'pages': 1, 'patch': (8.04, 9.99), 'pitch': None} est={'total': 441, 'fillup': 0, 'page_patches': 441, 'rows': 21, 'cols': 21, 'pages': 1, 'patch': (8.0, 10.0), 'pitch': None}
      margins=mm | inch | min | Left (to first patch) | 26.0 | 1.023 | 26.0 | Right (to first patch) | 16.0 | 0.631 | 9.0 | Top (to first patch) | 39.0 | 1.537 | 38.0 | Bottom (to first patch) | 28.0 | 1.103 | 19.0 | Patch width (in strip reading direction) | 8.0 | 0.317 | 
      status='Margins: OK' notes=''
2026-09-07 10:14:14,574 [INFO] review:   F-021 built pages=1 est pages=1
2026-09-07 10:14:15,074 [DEBUG] core.settings: settings.set helper_markers_show = False
2026-09-07 10:14:15,074 [DEBUG] core.settings: settings.set helper_marker_edge_mm = 2.0
2026-09-07 10:14:15,074 [DEBUG] core.settings: settings.set helper_marker_len_mm = 2.0
2026-09-07 10:14:15,074 [DEBUG] core.settings: settings.set helper_marker_per_patch = 3
2026-09-07 10:14:15,074 [DEBUG] core.settings: settings.set helper_markers_top_bottom = True
2026-09-07 10:14:15,074 [DEBUG] core.settings: settings.set helper_markers_sides = True
2026-09-07 10:14:15,303 [DEBUG] core.settings: settings.set helper_markers_show = False
2026-09-07 10:14:15,303 [DEBUG] core.settings: settings.set helper_marker_edge_mm = 2.0
2026-09-07 10:14:15,303 [DEBUG] core.settings: settings.set helper_marker_len_mm = 2.0
2026-09-07 10:14:15,303 [DEBUG] core.settings: settings.set helper_marker_per_patch = 3
2026-09-07 10:14:15,303 [DEBUG] core.settings: settings.set helper_markers_top_bottom = True
2026-09-07 10:14:15,303 [DEBUG] core.settings: settings.set helper_markers_sides = True
2026-09-07 10:14:15,454 [DEBUG] core.settings: settings.set helper_markers_show = False
2026-09-07 10:14:15,454 [DEBUG] core.settings: settings.set helper_marker_edge_mm = 2.0
2026-09-07 10:14:15,454 [DEBUG] core.settings: settings.set helper_marker_len_mm = 2.0
2026-09-07 10:14:15,454 [DEBUG] core.settings: settings.set helper_marker_per_patch = 3
2026-09-07 10:14:15,454 [DEBUG] core.settings: settings.set helper_markers_top_bottom = True
2026-09-07 10:14:15,454 [DEBUG] core.settings: settings.set helper_markers_sides = True
2026-09-07 10:14:16,436 [DEBUG] core.settings: settings.set helper_markers_show = False
2026-09-07 10:14:16,436 [DEBUG] core.settings: settings.set helper_marker_edge_mm = 2.0
2026-09-07 10:14:16,436 [DEBUG] core.settings: settings.set helper_marker_len_mm = 2.0
2026-09-07 10:14:16,436 [DEBUG] core.settings: settings.set helper_marker_per_patch = 3
2026-09-07 10:14:16,436 [DEBUG] core.settings: settings.set helper_markers_top_bottom = True
2026-09-07 10:14:16,436 [DEBUG] core.settings: settings.set helper_markers_sides = True
2026-09-07 10:14:16,596 [DEBUG] core.settings: settings.set helper_markers_show = False
2026-09-07 10:14:16,596 [DEBUG] core.settings: settings.set helper_marker_edge_mm = 2.0
2026-09-07 10:14:16,596 [DEBUG] core.settings: settings.set helper_marker_len_mm = 2.0
2026-09-07 10:14:16,596 [DEBUG] core.settings: settings.set helper_marker_per_patch = 3
2026-09-07 10:14:16,596 [DEBUG] core.settings: settings.set helper_markers_top_bottom = True
2026-09-07 10:14:16,596 [DEBUG] core.settings: settings.set helper_markers_sides = True
2026-09-07 10:14:17,231 [INFO] ui.tabs.tab_chart: chart build (Generate Chart) in manual: patch set targen | manual panel: 20x20, 0x0 grid, margins T6.0 R6.0 B6.0 L26.0
2026-09-07 10:14:17,234 [DEBUG] core.settings: settings.set session_ti3_path = ''
2026-09-07 10:14:17,234 [DEBUG] core.settings: settings.set session_icc_path = ''
2026-09-07 10:14:17,234 [DEBUG] core.settings: settings.set session_cal_ti3_path = ''
2026-09-07 10:14:17,236 [DEBUG] core.file_manager: Target name set to: R2-Engine (root /Users/Basti/ChromIQ-assessment/R2-Engine)
2026-09-07 10:14:17,237 [INFO] core.file_manager: opened the EXISTING project at /Users/Basti/ChromIQ-assessment/R2-Engine (1 run(s) on disk)
2026-09-07 10:14:17,262 [WARNING] workflow.chart_creator: engine patch estimate failed: paper too short: a single pass of patches does not fit (8.0 mm available)
2026-09-07 10:14:19,638 [WARNING] workflow.chart_creator: _binary_search found no valid capacity in [221, 1107]; falling back to scaled estimate 443
2026-09-07 10:14:19,639 [INFO] workflow.chart_creator: Chart generation: 443 patches, instrument=i1 paper=20x20 disable_lb=True
2026-09-07 10:14:19,639 [INFO] workflow.chart_creator: targen args: ['-v', '-d2', '-f443', '-e3', '-B3', '-G', '-g25', 'R2-Engine']
2026-09-07 10:14:19,639 [INFO] core.argyll_runner: Run: /Applications/Argyll/bin/targen -v -d2 -f443 -e3 -B3 -G -g25 R2-Engine  [cwd=/Users/Basti/ChromIQ-assessment/R2-Engine/runs/run1]
2026-09-07 10:14:19,723 [DEBUG] core.argyll_runner: [argyll] iRGB test chart
2026-09-07 10:14:19,723 [DEBUG] core.argyll_runner: [argyll] White patches = 3
2026-09-07 10:14:19,723 [DEBUG] core.argyll_runner: [argyll] Black patches = 3
2026-09-07 10:14:19,724 [DEBUG] core.argyll_runner: [argyll] Composite Grey steps = 25
2026-09-07 10:14:19,724 [DEBUG] core.argyll_runner: [argyll] Full spread patches = 443
2026-09-07 10:14:19,724 [DEBUG] core.argyll_runner: [argyll] Degree of adaptation: 0.100
2026-09-07 10:14:19,724 [DEBUG] core.argyll_runner: [argyll] Adaptation weights: Device = 0.935, Perceptual = 0.065, Curvature = 0.010
2026-09-07 10:14:19,724 [DEBUG] core.argyll_runner: [argyll] Perceptual cache resolution = 9
2026-09-07 10:14:19,724 [DEBUG] core.argyll_runner: [argyll] Seeding cache...done
2026-09-07 10:14:19,725 [DEBUG] core.argyll_runner: [argyll] Acceleration grid res = 8
2026-09-07 10:14:19,725 [DEBUG] core.argyll_runner: [argyll] 
2026-09-07 10:14:19,725 [DEBUG] core.argyll_runner: [argyll] There are 25 unique fixed points to add (29 total fixed points)
2026-09-07 10:14:19,725 [DEBUG] core.argyll_runner: [argyll] There are 414 far spread points to add
2026-09-07 10:14:19,725 [DEBUG] core.argyll_runner: [argyll] 
2026-09-07 10:14:19,725 [DEBUG] core.argyll_runner: [argyll] Added 12/439
2026-09-07 10:14:19,725 [DEBUG] core.argyll_runner: [argyll] Added 23/439
2026-09-07 10:14:19,726 [DEBUG] core.argyll_runner: [argyll] Added 34/439
2026-09-07 10:14:19,726 [DEBUG] core.argyll_runner: [argyll] Added 45/439
2026-09-07 10:14:19,726 [DEBUG] core.argyll_runner: [argyll] Added 56/439
2026-09-07 10:14:19,727 [DEBUG] core.argyll_runner: [argyll] Added 67/439
2026-09-07 10:14:19,727 [DEBUG] core.argyll_runner: [argyll] Added 78/439
2026-09-07 10:14:19,728 [DEBUG] core.argyll_runner: [argyll] Added 89/439
2026-09-07 10:14:19,729 [DEBUG] core.argyll_runner: [argyll] Added 100/439
2026-09-07 10:14:19,730 [DEBUG] core.argyll_runner: [argyll] Added 111/439
2026-09-07 10:14:19,731 [DEBUG] core.argyll_runner: [argyll] Added 122/439
2026-09-07 10:14:19,733 [DEBUG] core.argyll_runner: [argyll] Added 133/439
2026-09-07 10:14:19,734 [DEBUG] core.argyll_runner: [argyll] Added 144/439
2026-09-07 10:14:19,735 [DEBUG] core.argyll_runner: [argyll] Added 155/439
2026-09-07 10:14:19,737 [DEBUG] core.argyll_runner: [argyll] Added 166/439
2026-09-07 10:14:19,739 [DEBUG] core.argyll_runner: [argyll] Added 177/439
2026-09-07 10:14:19,741 [DEBUG] core.argyll_runner: [argyll] Added 188/439
2026-09-07 10:14:19,743 [DEBUG] core.argyll_runner: [argyll] Added 199/439
2026-09-07 10:14:19,745 [DEBUG] core.argyll_runner: [argyll] Added 210/439
2026-09-07 10:14:19,748 [DEBUG] core.argyll_runner: [argyll] Added 221/439
2026-09-07 10:14:19,750 [DEBUG] core.argyll_runner: [argyll] Added 232/439
2026-09-07 10:14:19,753 [DEBUG] core.argyll_runner: [argyll] Added 243/439
2026-09-07 10:14:19,756 [DEBUG] core.argyll_runner: [argyll] Added 254/439
2026-09-07 10:14:19,759 [DEBUG] core.argyll_runner: [argyll] Added 265/439
2026-09-07 10:14:19,762 [DEBUG] core.argyll_runner: [argyll] Added 276/439
2026-09-07 10:14:19,765 [DEBUG] core.argyll_runner: [argyll] Added 287/439
2026-09-07 10:14:19,768 [DEBUG] core.argyll_runner: [argyll] Added 298/439
2026-09-07 10:14:19,800 [DEBUG] core.argyll_runner: [argyll] 
2026-09-07 10:14:19,801 [DEBUG] core.argyll_runner: [argyll] Added 309/439
2026-09-07 10:14:19,801 [DEBUG] core.argyll_runner: [argyll] Added 320/439
2026-09-07 10:14:19,801 [DEBUG] core.argyll_runner: [argyll] Added 331/439
2026-09-07 10:14:19,802 [DEBUG] core.argyll_runner: [argyll] Added 342/439
2026-09-07 10:14:19,802 [DEBUG] core.argyll_runner: [argyll] Added 353/439
2026-09-07 10:14:19,803 [DEBUG] core.argyll_runner: [argyll] Added 364/439
2026-09-07 10:14:19,803 [DEBUG] core.argyll_runner: [argyll] Added 375/439
2026-09-07 10:14:19,804 [DEBUG] core.argyll_runner: [argyll] Added 386/439
2026-09-07 10:14:19,805 [DEBUG] core.argyll_runner: [argyll] Added 397/439
2026-09-07 10:14:19,806 [DEBUG] core.argyll_runner: [argyll] Added 408/439
2026-09-07 10:14:19,808 [DEBUG] core.argyll_runner: [argyll] Added 419/439
2026-09-07 10:14:19,809 [DEBUG] core.argyll_runner: [argyll] Added 430/439
2026-09-07 10:14:19,811 [DEBUG] core.argyll_runner: [argyll] Added 439/439
2026-09-07 10:14:20,527 [DEBUG] core.argyll_runner: [argyll] 
2026-09-07 10:14:20,528 [DEBUG] core.argyll_runner: [argyll] After seeding points: MinPoint = 4.996, Min = 4.482, Avg. = 11.539, Max = 15.806, 0.0 secs
2026-09-07 10:14:20,528 [DEBUG] core.argyll_runner: [argyll] Re-seeding
2026-09-07 10:14:20,528 [DEBUG] core.argyll_runner: [argyll] It 1: Maxmv = 0.105559, MinPoint = 3.574, Min = 4.819, Avg. = 11.556, Max = 15.443, 0.0 secs.
2026-09-07 10:14:20,529 [DEBUG] core.argyll_runner: [argyll] Re-seeding
2026-09-07 10:14:20,529 [DEBUG] core.argyll_runner: [argyll] It 2: Maxmv = 0.096779, MinPoint = 4.647, Min = 5.927, Avg. = 11.387, Max = 14.646, 0.0 secs.
2026-09-07 10:14:20,529 [DEBUG] core.argyll_runner: [argyll] Re-seeding
2026-09-07 10:14:20,529 [DEBUG] core.argyll_runner: [argyll] It 3: Maxmv = 0.081249, MinPoint = 5.405, Min = 6.380, Avg. = 11.331, Max = 14.904, 0.0 secs.
2026-09-07 10:14:20,530 [DEBUG] core.argyll_runner: [argyll] Re-seeding
2026-09-07 10:14:20,530 [DEBUG] core.argyll_runner: [argyll] It 4: Maxmv = 0.072545, MinPoint = 6.939, Min = 6.236, Avg. = 11.285, Max = 14.863, 0.0 secs.
2026-09-07 10:14:20,530 [DEBUG] core.argyll_runner: [argyll] Re-seeding
2026-09-07 10:14:20,530 [DEBUG] core.argyll_runner: [argyll] It 5: Maxmv = 0.075272, MinPoint = 5.357, Min = 6.380, Avg. = 11.229, Max = 14.297, 0.0 secs.
2026-09-07 10:14:20,531 [DEBUG] core.argyll_runner: [argyll] Re-seeding
2026-09-07 10:14:20,531 [DEBUG] core.argyll_runner: [argyll] It 6: Maxmv = 0.061024, MinPoint = 6.939, Min = 6.380, Avg. = 11.210, Max = 15.106, 0.0 secs.
2026-09-07 10:14:20,531 [DEBUG] core.argyll_runner: [argyll] Re-seeding
2026-09-07 10:14:20,531 [DEBUG] core.argyll_runner: [argyll] It 7: Maxmv = 0.057356, MinPoint = 6.939, Min = 6.380, Avg. = 11.157, Max = 14.416, 0.0 secs.
2026-09-07 10:14:20,532 [DEBUG] core.argyll_runner: [argyll] Re-seeding
2026-09-07 10:14:20,532 [DEBUG] core.argyll_runner: [argyll] It 8: Maxmv = 0.046724, MinPoint = 6.939, Min = 6.380, Avg. = 11.111, Max = 14.305, 0.0 secs.
2026-09-07 10:14:20,532 [DEBUG] core.argyll_runner: [argyll] Re-seeding
2026-09-07 10:14:20,532 [DEBUG] core.argyll_runner: [argyll] It 9: Maxmv = 0.043764, MinPoint = 6.939, Min = 6.380, Avg. = 11.083, Max = 13.838, 0.0 secs.
2026-09-07 10:14:20,533 [DEBUG] core.argyll_runner: [argyll] Re-seeding
2026-09-07 10:14:20,533 [DEBUG] core.argyll_runner: [argyll] It 10: Maxmv = 0.040178, MinPoint = 6.939, Min = 6.380, Avg. = 11.066, Max = 14.301, 0.0 secs.
2026-09-07 10:14:20,533 [DEBUG] core.argyll_runner: [argyll] Re-seeding
2026-09-07 10:14:20,533 [DEBUG] core.argyll_runner: [argyll] It 11: Maxmv = 0.036076, MinPoint = 6.939, Min = 6.380, Avg. = 11.037, Max = 13.522, 0.0 secs.
2026-09-07 10:14:20,534 [DEBUG] core.argyll_runner: [argyll] Re-seeding
2026-09-07 10:14:20,534 [DEBUG] core.argyll_runner: [argyll] It 12: Maxmv = 0.028746, MinPoint = 6.939, Min = 6.380, Avg. = 11.024, Max = 13.564, 0.0 secs.
2026-09-07 10:14:20,534 [DEBUG] core.argyll_runner: [argyll] Re-seeding
2026-09-07 10:14:20,534 [DEBUG] core.argyll_runner: [argyll] It 13: Maxmv = 0.023465, MinPoint = 6.939, Min = 6.380, Avg. = 11.005, Max = 13.400, 0.0 secs.
2026-09-07 10:14:20,535 [DEBUG] core.argyll_runner: [argyll] Re-seeding
2026-09-07 10:14:20,535 [DEBUG] core.argyll_runner: [argyll] It 14: Maxmv = 0.021018, MinPoint = 6.939, Min = 6.380, Avg. = 11.001, Max = 13.772, 0.0 secs.
2026-09-07 10:14:20,535 [DEBUG] core.argyll_runner: [argyll] Re-seeding
2026-09-07 10:14:20,535 [DEBUG] core.argyll_runner: [argyll] It 15: Maxmv = 0.015079, MinPoint = 6.939, Min = 6.380, Avg. = 10.996, Max = 13.778, 0.0 secs.
2026-09-07 10:14:20,536 [DEBUG] core.argyll_runner: [argyll] Re-seeding
2026-09-07 10:14:20,536 [DEBUG] core.argyll_runner: [argyll] It 16: Maxmv = 0.010928, MinPoint = 6.939, Min = 6.380, Avg. = 10.996, Max = 13.940, 0.0 secs.
2026-09-07 10:14:20,536 [DEBUG] core.argyll_runner: [argyll] Re-seeding
2026-09-07 10:14:20,536 [DEBUG] core.argyll_runner: [argyll] It 17: Maxmv = 0.008212, MinPoint = 6.939, Min = 6.380, Avg. = 10.993, Max = 13.747, 0.0 secs.
2026-09-07 10:14:20,537 [DEBUG] core.argyll_runner: [argyll] Re-seeding
2026-09-07 10:14:20,537 [DEBUG] core.argyll_runner: [argyll] It 18: Maxmv = 0.004748, MinPoint = 6.939, Min = 6.380, Avg. = 10.993, Max = 13.766, 0.0 secs.
2026-09-07 10:14:20,537 [DEBUG] core.argyll_runner: [argyll] Re-seeding
2026-09-07 10:14:20,537 [DEBUG] core.argyll_runner: [argyll] It 19: Maxmv = 0.001690, MinPoint = 6.939, Min = 6.380, Avg. = 10.993, Max = 13.758, 0.0 secs.
2026-09-07 10:14:20,538 [DEBUG] core.argyll_runner: [argyll] Re-seeding
2026-09-07 10:14:20,538 [DEBUG] core.argyll_runner: [argyll] It 20: Maxmv = 0.001679, MinPoint = 6.939, Min = 6.380, Avg. = 10.991, Max = 13.725, 0.0 secs.
2026-09-07 10:14:20,538 [DEBUG] core.argyll_runner: [argyll] After optimization: MinPoint = 6.939, Min = 6.380, Avg. = 10.991, Max = 13.725
2026-09-07 10:14:20,539 [DEBUG] core.argyll_runner: [argyll] Total number of patches = 443
2026-09-07 10:14:20,539 [DEBUG] core.argyll_runner: [argyll] Execution time = 0.826674 seconds
2026-09-07 10:14:20,539 [INFO] core.argyll_runner: ArgyllRunner: finished with code 0
2026-09-07 10:14:20,542 [ERROR] workflow.chart_creator: ChromIQ layout engine failed
Traceback (most recent call last):
  File "/Users/Basti/develop/ChromIQ/workflow/chart_creator.py", line 1446, in _run_engine
    result = le_chart.build_chart(
        ti1, work_dir / stem, **engine_kwargs)
  File "/Users/Basti/develop/ChromIQ/workflow/layout_engine/chart.py", line 246, in build_chart
    layout = geometry.compute(geom, w_mm, h_mm, len(target.patches))
  File "/Users/Basti/develop/ChromIQ/workflow/layout_engine/geometry.py", line 111, in compute
    raise LayoutError(
    ...<2 lines>...
    )
workflow.layout_engine.geometry.LayoutError: paper too short: a single pass of patches does not fit (8.0 mm available)
2026-09-07 10:14:20,543 [DEBUG] core.file_manager: preset undo: discarding R2-Engine.ti1 left by the unfinished build
2026-09-07 10:14:20,544 [INFO] core.file_manager: Chart build did not finish — the previous chart was put back in /Users/Basti/ChromIQ-assessment/R2-Engine/runs/run1
2026-09-07 10:14:20,547 [DEBUG] ui.tabs.tab_chart: create-chart settings written for run1 (40 parameters + ui state)
2026-09-07 10:14:21,983 [INFO] ui.main_window: Chart-build lock released by watchdog — no chart_finished arrived after the last tool ended
2026-09-07 10:14:22,599 [INFO] review:   F-019/025: {'est_before': None, 'generate_enabled': True, 'dialogs': [{'class': 'QMessageBox', 'title': '', 'text': 'This chart uses hexagonal patches, and the scanner and camera tools are set to turn those away.\n\nNot because they cannot work — they can. A hexagonal chart has been read and profiled successfully, and the two things that used to go wrong have both been dealt with: ScanIn, the Argyll program that finds the chart in your scan, is no longer asked to work out the perspective for itself once you have placed the four corners, which is what used to make it give up on a honeycomb; and the area read inside each patch is now limited automatically to what fits within the hexagon, so it cannot reach into the patches next door.\n\nWhat has not been proven is finding a honeycomb chart in a scan without your help — so the tools ask for the four corners, and the whole thing is still switched off until you say otherwise.\n\nTo try it, turn on “Allow hexagonal charts in the scanner and camera tools” in Preferences → Beta, place the four corners yourself, and check the result before you trust the profile.\n\nOtherwise, make the chart with square patches: in Create Chart, with the SpectroScan selected, set the layout to “Rectangular”. | ', 'buttons': ['OK'], 'answer': "clicked 'OK'", 'expected': 'hexagon'}, {'class': 'QMessageBox', 'title': '', 'text': "Your patch set doesn't quite fill the last page — there's space for about 189 more patches on it (the page holds about 441 in total).\n\nThat's perfectly fine to print as it is; the empty area is just blank paper. If you'd rather have a tidy, completely full page, you have two easy options in the patch-set editor:\n\n• Add a few more patches to fill the gap, or\n• Remove a few so the set ends neatly on the previous page.\n\nThe page layout itself — instrument, paper, margins and patch size — stays exactly as you've set it here in Create Chart; only the colours in the set change. Click “Edit patch set…” to open the editor now, or “OK” to keep the chart as it is. | ", 'buttons': ['OK', 'Edit patch set…'], 'answer': "clicked 'OK'", 'expected': 'quite fill'}], 'errors': ['[WARNING] workflow.chart_creator: engine patch estimate failed: paper too short: a single pass of patches does not fit (8.0 mm available)', '[ERROR] workflow.chart_creator: ChromIQ layout engine failed'], 'files_same': False, 'files_before': 9, 'files_after': 6, 'preview_pages': 0, 'status': 'Margins: OK', 'status_visible': False, 'info_actual': None, 'tab_log_tail': '725, 0.0 secs.\nAfter optimization: MinPoint = 6.939, Min = 6.380, Avg. = 10.991, Max = 13.725\nTotal number of patches = 443\nExecution time = 0.826674 seconds\n[ChromIQ layout engine] building chart from the targen .ti1…\n[ChromIQ layout engine] Drawing the pages. This part runs in one go and cannot be stopped, so the window will not respond until it is finished.\n[ERROR] ChromIQ layout engine: paper too short: a single pass of patches does not fit (8.0 mm available)\n[ERROR] Chart generation failed.'}
2026-09-07 10:14:22,751 [INFO] review:   shot Review/Screenshots/R04-engine/f019-after-failed-build.png  (3400x2100)
2026-09-07 10:14:23,248 [DEBUG] core.settings: settings.set helper_markers_show = False
2026-09-07 10:14:23,248 [DEBUG] core.settings: settings.set helper_marker_edge_mm = 2.0
2026-09-07 10:14:23,248 [DEBUG] core.settings: settings.set helper_marker_len_mm = 2.0
2026-09-07 10:14:23,248 [DEBUG] core.settings: settings.set helper_marker_per_patch = 3
2026-09-07 10:14:23,248 [DEBUG] core.settings: settings.set helper_markers_top_bottom = True
2026-09-07 10:14:23,248 [DEBUG] core.settings: settings.set helper_markers_sides = True
2026-09-07 10:14:24,074 [INFO] review:   armed: dialog ~'default' -> click 'OK' 
2026-09-07 10:14:24,077 [DEBUG] core.settings: settings.set chart_target_name = ''
2026-09-07 10:14:24,077 [DEBUG] core.settings: settings.set chart_stamp_commands = True
2026-09-07 10:14:24,077 [DEBUG] core.settings: settings.set chart_left_clip_info = False
2026-09-07 10:14:24,077 [DEBUG] core.settings: settings.set chart_instrument = 'i1'
2026-09-07 10:14:24,077 [DEBUG] core.settings: settings.set chart_paper = 'A4'
2026-09-07 10:14:24,077 [DEBUG] core.settings: settings.set chart_pages = 1
2026-09-07 10:14:24,078 [DEBUG] core.settings: settings.set chart_double_density = False
2026-09-07 10:14:24,078 [DEBUG] core.settings: settings.set chart_triple_density = False
2026-09-07 10:14:24,078 [DEBUG] core.settings: settings.set chart_disable_left_border = True
2026-09-07 10:14:24,078 [DEBUG] core.settings: settings.set chart_no_strip_limit = False
2026-09-07 10:14:24,078 [DEBUG] core.settings: settings.set targen_device_type = '2'
2026-09-07 10:14:24,078 [DEBUG] core.settings: settings.set targen_good_mode = True
2026-09-07 10:14:24,078 [DEBUG] core.settings: settings.set printtarg_dpi = 300
2026-09-07 10:14:24,078 [DEBUG] core.settings: settings.set manual_targen_-d_l = '2'
2026-09-07 10:14:24,078 [DEBUG] core.settings: settings.set manual_targen_-f_l = 0
2026-09-07 10:14:24,078 [DEBUG] core.settings: settings.set manual_targen_-e_l = 0
2026-09-07 10:14:24,078 [DEBUG] core.settings: settings.set manual_targen_-B_u = 0
2026-09-07 10:14:24,078 [DEBUG] core.settings: settings.set manual_targen_-g_l = 0
2026-09-07 10:14:24,078 [DEBUG] core.settings: settings.set manual_targen_-G_u = True
2026-09-07 10:14:24,078 [DEBUG] core.settings: settings.set manual_targen_-s_l = 0
2026-09-07 10:14:24,078 [DEBUG] core.settings: settings.set manual_targen_-c_l = ''
2026-09-07 10:14:24,078 [DEBUG] core.settings: settings.set manual_targen_-c_l_enabled = False
2026-09-07 10:14:24,078 [DEBUG] core.settings: settings.set manual_targen_-C_u = ''
2026-09-07 10:14:24,078 [DEBUG] core.settings: settings.set manual_targen_-C_u_enabled = False
2026-09-07 10:14:24,078 [DEBUG] core.settings: settings.set manual_targen_-n_l = 0
2026-09-07 10:14:24,078 [DEBUG] core.settings: settings.set manual_targen_-n_l_enabled = False
2026-09-07 10:14:24,079 [DEBUG] core.settings: settings.set manual_targen_-N_u = 0.5
2026-09-07 10:14:24,079 [DEBUG] core.settings: settings.set manual_targen_-N_u_enabled = False
2026-09-07 10:14:24,079 [DEBUG] core.settings: settings.set manual_targen_-V_u = 1.0
2026-09-07 10:14:24,079 [DEBUG] core.settings: settings.set manual_targen_-V_u_enabled = False
2026-09-07 10:14:24,079 [DEBUG] core.settings: settings.set manual_targen_-l_l = 300
2026-09-07 10:14:24,079 [DEBUG] core.settings: settings.set manual_targen_-l_l_enabled = False
2026-09-07 10:14:24,079 [DEBUG] core.settings: settings.set manual_targen___targen_distribution__ = ''
2026-09-07 10:14:24,079 [DEBUG] core.settings: settings.set manual_targen___targen_distribution___enabled = False
2026-09-07 10:14:24,079 [DEBUG] core.settings: settings.set manual_targen_-A_u = 0.1
2026-09-07 10:14:24,079 [DEBUG] core.settings: settings.set manual_targen_-A_u_enabled = False
2026-09-07 10:14:24,079 [DEBUG] core.settings: settings.set manual_targen_-m_l = 0
2026-09-07 10:14:24,079 [DEBUG] core.settings: settings.set manual_targen_-m_l_enabled = False
2026-09-07 10:14:24,079 [DEBUG] core.settings: settings.set manual_targen_-M_u = 0
2026-09-07 10:14:24,079 [DEBUG] core.settings: settings.set manual_targen_-M_u_enabled = False
2026-09-07 10:14:24,079 [DEBUG] core.settings: settings.set manual_targen_-b_l = 0
2026-09-07 10:14:24,079 [DEBUG] core.settings: settings.set manual_targen_-b_l_enabled = False
2026-09-07 10:14:24,079 [DEBUG] core.settings: settings.set manual_printtarg_-i_l = 'i1'
2026-09-07 10:14:24,079 [DEBUG] core.settings: settings.set manual_printtarg_-h_l = False
2026-09-07 10:14:24,079 [DEBUG] core.settings: settings.set manual_printtarg_-p_l = 'A4'
2026-09-07 10:14:24,079 [DEBUG] core.settings: settings.set manual_printtarg_-t_l = 300
2026-09-07 10:14:24,079 [DEBUG] core.settings: settings.set manual_printtarg_-L_u = True
2026-09-07 10:14:24,079 [DEBUG] core.settings: settings.set manual_printtarg_-a_l = 0.95
2026-09-07 10:14:24,079 [DEBUG] core.settings: settings.set manual_printtarg_-m_l = 10
2026-09-07 10:14:24,079 [DEBUG] core.settings: settings.set manual_printtarg_-m_l_enabled = False
2026-09-07 10:14:24,079 [DEBUG] core.settings: settings.set manual_printtarg_-r_l = False
2026-09-07 10:14:24,079 [DEBUG] core.settings: settings.set manual_printtarg_-b_l = False
2026-09-07 10:14:24,080 [DEBUG] core.settings: settings.set manual_printtarg_-P_u = False
2026-09-07 10:14:24,080 [DEBUG] core.settings: settings.set manual_printtarg_-N_u = False
2026-09-07 10:14:24,080 [DEBUG] core.settings: settings.set manual_printtarg_-K_u = ''
2026-09-07 10:14:24,080 [DEBUG] core.settings: settings.set manual_printtarg_-K_u_enabled = False
2026-09-07 10:14:24,080 [DEBUG] core.settings: settings.set manual_printtarg_-I_u = ''
2026-09-07 10:14:24,080 [DEBUG] core.settings: settings.set manual_printtarg_-I_u_enabled = False
2026-09-07 10:14:24,080 [DEBUG] core.settings: settings.set manual_printtarg_-C_u = False
2026-09-07 10:14:24,080 [DEBUG] core.settings: settings.set manual_printtarg_-D_u = False
2026-09-07 10:14:24,080 [DEBUG] core.settings: settings.set manual_printtarg_-U_u = False
2026-09-07 10:14:24,080 [DEBUG] core.settings: settings.set manual_printtarg_-R_u = 1
2026-09-07 10:14:24,080 [DEBUG] core.settings: settings.set manual_printtarg_-R_u_enabled = False
2026-09-07 10:14:24,080 [DEBUG] core.settings: settings.set manual_printtarg_-Q_u = 8
2026-09-07 10:14:24,080 [DEBUG] core.settings: settings.set manual_printtarg_-Q_u_enabled = False
2026-09-07 10:14:24,080 [DEBUG] core.settings: settings.set manual_printtarg_-A_u = 1.0
2026-09-07 10:14:24,080 [DEBUG] core.settings: settings.set manual_printtarg_-A_u_enabled = False
2026-09-07 10:14:24,080 [DEBUG] core.settings: settings.set manual_printtarg_-n_l = False
2026-09-07 10:14:24,080 [DEBUG] core.settings: settings.set manual_printtarg_-c_l = False
2026-09-07 10:14:24,080 [DEBUG] core.settings: settings.set manual_targen_-D_0 = '5'
2026-09-07 10:14:24,080 [DEBUG] core.settings: settings.set manual_targen_-D_0_enabled = False
2026-09-07 10:14:24,080 [DEBUG] core.settings: settings.set manual_targen_-D_1 = '5'
2026-09-07 10:14:24,080 [DEBUG] core.settings: settings.set manual_targen_-D_1_enabled = False
2026-09-07 10:14:24,080 [DEBUG] core.settings: settings.set manual_targen_-D_2 = '5'
2026-09-07 10:14:24,080 [DEBUG] core.settings: settings.set manual_targen_-D_2_enabled = False
2026-09-07 10:14:24,080 [DEBUG] core.settings: settings.set manual_targen_-D_3 = '5'
2026-09-07 10:14:24,080 [DEBUG] core.settings: settings.set manual_targen_-D_3_enabled = False
2026-09-07 10:14:24,080 [DEBUG] core.settings: settings.set manual_targen_-D_4 = '5'
2026-09-07 10:14:24,080 [DEBUG] core.settings: settings.set manual_targen_-D_4_enabled = False
2026-09-07 10:14:24,080 [DEBUG] core.settings: settings.set manual_targen_-D_5 = '5'
2026-09-07 10:14:24,080 [DEBUG] core.settings: settings.set manual_targen_-D_5_enabled = False
2026-09-07 10:14:24,080 [DEBUG] core.settings: settings.set manual_targen_-D_6 = '5'
2026-09-07 10:14:24,081 [DEBUG] core.settings: settings.set manual_targen_-D_6_enabled = False
2026-09-07 10:14:24,081 [DEBUG] core.settings: settings.set manual_targen_-D_7 = '5'
2026-09-07 10:14:24,081 [DEBUG] core.settings: settings.set manual_targen_-D_7_enabled = False
2026-09-07 10:14:24,081 [DEBUG] core.settings: settings.set manual_targen_-D_8 = '5'
2026-09-07 10:14:24,081 [DEBUG] core.settings: settings.set manual_targen_-D_8_enabled = False
2026-09-07 10:14:24,081 [DEBUG] core.settings: settings.set manual_targen_-D_9 = '5'
2026-09-07 10:14:24,081 [DEBUG] core.settings: settings.set manual_targen_-D_9_enabled = False
2026-09-07 10:14:24,081 [DEBUG] core.settings: settings.set manual_targen_-D_10 = '5'
2026-09-07 10:14:24,081 [DEBUG] core.settings: settings.set manual_targen_-D_10_enabled = False
2026-09-07 10:14:24,081 [DEBUG] core.settings: settings.set manual_printtarg_tiff_16bit = False
2026-09-07 10:14:24,081 [DEBUG] core.settings: settings.set manual_auto_patches = True
2026-09-07 10:14:24,081 [DEBUG] core.settings: settings.set manual_auto_grey = True
2026-09-07 10:14:24,081 [DEBUG] core.settings: settings.set manual_auto_white = True
2026-09-07 10:14:24,081 [DEBUG] core.settings: settings.set manual_auto_black = True
2026-09-07 10:14:24,081 [DEBUG] core.settings: settings.set manual_pages = 1
2026-09-07 10:14:24,081 [DEBUG] core.settings: settings.set manual_printtarg__triple_density = False
2026-09-07 10:14:24,081 [DEBUG] core.settings: settings.set manual_engine_recipe = {'instrument': 'i1', 'paper': 'A4', 'dpi': 300, 'randomize': True, 'seed': None, 'hflag': False, 'cm_density': 1, 'cm_stagger': False, 'spacer_on': True, 'spacer_mode': 'colored', 'spacer_palette': [], 'spacer_overrides': {}, 'edge_spacers': False, 'patch_area_align': 'top-left', 'pscale': 1.0, 'sscale': 1.0, 'border': 6.0, 'margin_top': 38.0, 'margin_right': 9.0, 'margin_bottom': 19.0, 'margin_left': 26.0, 'use_instrument_margins': True, 'patch_w_mm': 60.0, 'patch_h_mm': 60.0, 'layout_mode': 'patch_first', 'area_method': 'by_width', 'area_cols': 0, 'area_rows': 0, 'area_ratio': 1.0, 'area_min_patch_mm': 0.0, 'layout_explicit': True, 'spacer_width_mm': 0.0, 'inter_patch_mm': 0.0, 'strip_gap_mm': 0.0, 'max_strip_mm': 0.0, 'strip_indicator_gap_mm': 0.0, 'offset_x_mm': 0.0, 'offset_y_mm': 0.0, 'bit16': False, 'compression': 'lzw', 'export_pdf': False, 'show_strip_indicators': True, 'show_row_indicators': None, 'label_style_explicit': False, 'indicator_font': 'JetBrains Mono', 'indicator_size_mm': 0.0, 'indicator_bold': False, 'indicator_italic': False, 'indicator_rotation': 0, 'indicator_align': 'left', 'strip_label_offset_mm': 0.0, 'underline_mode': 'off', 'underline_thickness_mm': 0.5, 'underline_gap_mm': 0.5, 'chart_text': '', 'chart_text_font': 'Inter', 'chart_text_size_mm': 0.0, 'chart_text_bold': False, 'chart_text_italic': False, 'helper_markers': False, 'helper_marker_edge_mm': 2.0, 'helper_marker_len_mm': 2.0, 'helper_marker_per_patch': 3, 'helper_markers_top_bottom': True, 'helper_markers_sides': True, 'text_edge_mm': 4.0, 'text_edge_top_mm': 4.0, 'text_edge_clip_mm': 4.0, 'stamp_command': False, 'clip_border': True, 'clip_border_width_mm': 26.0, 'clip_side': 'left', 'clip_content_mode': 'notes', 'clip_text': '', 'clip_text_font': 'Inter', 'clip_text_size_mm': 0.0, 'clip_image_path': '', 'clip_image_rotation': 0, 'clip_image_scale': 100.0, 'clip_image_offset_x_mm': 0.0, 'clip_image_offset_y_mm': 0.0, 'clip_flip_180': False, 'nolimit': False, 'strip_pattern': 'A-Z, A-Z', 'patch_pattern': '0-9,@-9,@-9;1-999'}
2026-09-07 10:14:24,082 [INFO] ui.tabs.tab_chart: Chart defaults saved
2026-09-07 10:14:25,499 [INFO] review:   Save as Defaults: {'had_before': False, 'after_keys': ['area_cols', 'area_method', 'area_min_patch_mm', 'area_ratio', 'area_rows', 'bit16', 'border', 'chart_text', 'chart_text_bold', 'chart_text_font', 'chart_text_italic', 'chart_text_size_mm'], 'after_paper': 'A4', 'dialogs': [{'class': 'QMessageBox', 'title': '', 'text': "Your patch set doesn't quite fill the last page — there's space for about 189 more patches on it (the page holds about 441 in total).\n\nThat's perfectly fine to print as it is; the empty area is just blank paper. If you'd rather have a tidy, completely full page, you have two easy options in the patch-set editor:\n\n• Add a few more patches to fill the gap, or\n• Remove a few so the set ends neatly on the previous page.\n\nThe page layout itself — instrument, paper, margins and patch size — stays exactly as you've set it here in Create Chart; only the colours in the set change. Click “Edit patch set…” to open the editor now, or “OK” to keep the chart as it is. | ", 'buttons': ['OK', 'Edit patch set…'], 'answer': "clicked 'OK'", 'expected': 'quite fill'}], 'lines': ['[DEBUG] core.settings: settings.set manual_auto_black = True', '[DEBUG] core.settings: settings.set manual_pages = 1', '[DEBUG] core.settings: settings.set manual_printtarg__triple_density = False', "[DEBUG] core.settings: settings.set manual_engine_recipe = {'instrument': 'i1', 'paper': 'A4', 'dpi': 300, 'randomize': True, 'seed': None, 'hflag': False, 'cm_density': 1, 'cm_stagger': False, 'spacer_on': True, 'spacer_mode': 'colored', 'spacer_palette': [], 'spacer_overrides': {}, 'edge_spacers': False, 'patch_area_align': 'top-left', 'pscale': 1.0, 'sscale': 1.0, 'border': 6.0, 'margin_top': 38.0, 'margin_right': 9.0, 'margin_bottom': 19.0, 'margin_left': 26.0, 'use_instrument_margins': True, 'patch_w_mm': 60.0, 'patch_h_mm': 60.0, 'layout_mode': 'patch_first', 'area_method': 'by_width', 'area_cols': 0, 'area_rows': 0, 'area_ratio': 1.0, 'area_min_patch_mm': 0.0, 'layout_explicit': True, 'spacer_width_mm': 0.0, 'inter_patch_mm': 0.0, 'strip_gap_mm': 0.0, 'max_strip_mm': 0.0, 'strip_indicator_gap_mm': 0.0, 'offset_x_mm': 0.0, 'offset_y_mm': 0.0, 'bit16': False, 'compression': 'lzw', 'export_pdf': False, 'show_strip_indicators': True, 'show_row_indicators': None, 'label_style_explicit': False, 'indicator_font': 'JetBrains Mono', 'indicator_size_mm': 0.0, 'indicator_bold': False, 'indicator_italic': False, 'indicator_rotation': 0, 'indicator_align': 'left', 'strip_label_offset_mm': 0.0, 'underline_mode': 'off', 'underline_thickness_mm': 0.5, 'underline_gap_mm': 0.5, 'chart_text': '', 'chart_text_font': 'Inter', 'chart_text_size_mm': 0.0, 'chart_text_bold': False, 'chart_text_italic': False, 'helper_markers': False, 'helper_marker_edge_mm': 2.0, 'helper_marker_len_mm': 2.0, 'helper_marker_per_patch': 3, 'helper_markers_top_bottom': True, 'helper_markers_sides': True, 'text_edge_mm': 4.0, 'text_edge_top_mm': 4.0, 'text_edge_clip_mm': 4.0, 'stamp_command': False, 'clip_border': True, 'clip_border_width_mm': 26.0, 'clip_side': 'left', 'clip_content_mode': 'notes', 'clip_text': '', 'clip_text_font': 'Inter', 'clip_text_size_mm': 0.0, 'clip_image_path': '', 'clip_image_rotation': 0, 'clip_image_scale': 100.0, 'clip_image_offset_x_mm': 0.0, 'clip_image_offset_y_mm': 0.0, 'clip_flip_180': False, 'nolimit': False, 'strip_pattern': 'A-Z, A-Z', 'patch_pattern': '0-9,@-9,@-9;1-999'}", '[INFO] ui.tabs.tab_chart: Chart defaults saved']}
2026-09-07 10:14:25,500 [INFO] review:   json Review/Test Runs/logs/r04_results.json
2026-09-07 10:14:25,500 [INFO] review: unexpected=[] serious=['[ERROR] workflow.chart_creator: ChromIQ layout engine failed']
2026-09-07 10:14:25,505 [DEBUG] ui.tabs.tab_chart: create-chart settings written for run1 (40 parameters + ui state)
2026-09-07 10:14:25,505 [DEBUG] core.settings: settings.set window_geometry = PyQt6.QtCore.QByteArray(b'\x01\xd9\xd0\xcb\x00\x03\x00\x00\x00\x00\x00\n\x00\x00\x00&\x00\x00\x06\xad\x00\x00\x04[\x00\x00\x00\n\x00\x00\x00B\x00\x00\x06\xad\x00\x00\x04[\x00\x00\x00\x00\x00\x00\x00\x00\x06\xc0\x00\x00\x00\n\x00\x00\x00B\x00\x00\x06\xad\x00\x00\x04[')
2026-09-07 10:14:25,505 [DEBUG] core.settings: settings.set window_maximized = False
2026-09-07 10:14:25,505 [DEBUG] core.settings: settings.set window_fullscreen = False
2026-09-07 10:14:25,727 [DEBUG] core.settings: settings.set active_tab = 0
2026-09-07 10:14:25,727 [DEBUG] core.settings: settings.set session_target_name = 'R2-Engine'
2026-09-07 10:14:25,727 [DEBUG] core.settings: settings.set session_project_root = ''
2026-09-07 10:14:25,727 [INFO] core.argyll_runner: ArgyllRunner: cleanup complete
