2026-09-07 10:18:13,261 [WARNING] core.settings: Settings SANDBOXED to /Users/Basti/Desktop/Create Chart Assessment/Test Runs/sandbox/chromiq-assessment.ini (CHROMIQ_SETTINGS_FILE is set) — the real preferences are untouched
2026-09-07 10:18:13,261 [DEBUG] core.settings: Settings loaded from /Users/Basti/Desktop/Create Chart Assessment/Test Runs/sandbox/chromiq-assessment.ini
2026-09-07 10:18:13,261 [DEBUG] ui.theme: Appearance applied: setting=neutral mode=neutral
2026-09-07 10:18:13,261 [INFO] review: app built: v4.2.0 appearance=neutral lang=en settings=/Users/Basti/Desktop/Create Chart Assessment/Test Runs/sandbox/chromiq-assessment.ini presets=/Users/Basti/Desktop/Create Chart Assessment/Test Runs/sandbox/presets projects=/Users/Basti/ChromIQ-assessment
2026-09-07 10:18:13,697 [DEBUG] ui.dialogs.layout_options_panel: layout panel set_recipe: spacer=colored/True gaps=0.0/0.0  [_refresh_manual_command_preview:5501  ←  _init_manual_layout_panel:5622  ←  _set_engine_recipe:17986]
2026-09-07 10:18:13,718 [DEBUG] core.settings: settings.set helper_markers_show = False
2026-09-07 10:18:13,718 [DEBUG] core.settings: settings.set helper_marker_edge_mm = 2.0
2026-09-07 10:18:13,718 [DEBUG] core.settings: settings.set helper_marker_len_mm = 2.0
2026-09-07 10:18:13,718 [DEBUG] core.settings: settings.set helper_marker_per_patch = 3
2026-09-07 10:18:13,718 [DEBUG] core.settings: settings.set helper_markers_top_bottom = True
2026-09-07 10:18:13,718 [DEBUG] core.settings: settings.set helper_markers_sides = True
2026-09-07 10:18:13,721 [DEBUG] core.settings: settings.set helper_markers_show = False
2026-09-07 10:18:13,721 [DEBUG] core.settings: settings.set helper_marker_edge_mm = 2.0
2026-09-07 10:18:13,721 [DEBUG] core.settings: settings.set helper_marker_len_mm = 2.0
2026-09-07 10:18:13,721 [DEBUG] core.settings: settings.set helper_marker_per_patch = 3
2026-09-07 10:18:13,721 [DEBUG] core.settings: settings.set helper_markers_top_bottom = True
2026-09-07 10:18:13,721 [DEBUG] core.settings: settings.set helper_markers_sides = True
2026-09-07 10:18:15,046 [INFO] ui.main_window: MainWindow initialised
2026-09-07 10:18:15,558 [INFO] ui.main_window: ---- Tab → 1. Create Chart ----
2026-09-07 10:18:15,572 [DEBUG] ui.theme: Appearance applied: setting=neutral mode=neutral
2026-09-07 10:18:15,717 [INFO] ui.main_window: ---- Tab → 1. Create Chart ----
2026-09-07 10:18:17,825 [DEBUG] core.settings: settings.set session_target_name = 'R2-Engine'
2026-09-07 10:18:17,825 [DEBUG] core.settings: settings.set session_project_root = ''
2026-09-07 10:18:17,826 [DEBUG] core.file_manager: Target name set to: R2-Engine (root /Users/Basti/ChromIQ-assessment/R2-Engine)
2026-09-07 10:18:17,827 [INFO] core.file_manager: opened the EXISTING project at /Users/Basti/ChromIQ-assessment/R2-Engine (1 run(s) on disk)
2026-09-07 10:18:17,840 [DEBUG] core.settings: settings.set use_chromiq_layout_engine = True
2026-09-07 10:18:17,841 [DEBUG] ui.dialogs.layout_options_panel: layout panel set_recipe: spacer=colored/True gaps=0.0/0.0  [load_target_settings:14638  ←  _apply_ui_state:14991  ←  _set_engine_recipe:17986]
2026-09-07 10:18:17,872 [DEBUG] core.settings: settings.set helper_markers_show = False
2026-09-07 10:18:17,872 [DEBUG] core.settings: settings.set helper_marker_edge_mm = 2.0
2026-09-07 10:18:17,872 [DEBUG] core.settings: settings.set helper_marker_len_mm = 2.0
2026-09-07 10:18:17,872 [DEBUG] core.settings: settings.set helper_marker_per_patch = 3
2026-09-07 10:18:17,872 [DEBUG] core.settings: settings.set helper_markers_top_bottom = True
2026-09-07 10:18:17,872 [DEBUG] core.settings: settings.set helper_markers_sides = True
2026-09-07 10:18:17,874 [DEBUG] core.settings: settings.set helper_markers_show = False
2026-09-07 10:18:17,874 [DEBUG] core.settings: settings.set helper_marker_edge_mm = 2.0
2026-09-07 10:18:17,874 [DEBUG] core.settings: settings.set helper_marker_len_mm = 2.0
2026-09-07 10:18:17,874 [DEBUG] core.settings: settings.set helper_marker_per_patch = 3
2026-09-07 10:18:17,874 [DEBUG] core.settings: settings.set helper_markers_top_bottom = True
2026-09-07 10:18:17,874 [DEBUG] core.settings: settings.set helper_markers_sides = True
2026-09-07 10:18:17,901 [DEBUG] core.settings: settings.set use_chromiq_layout_engine = True
2026-09-07 10:18:17,901 [DEBUG] ui.dialogs.layout_options_panel: layout panel set_recipe: spacer=colored/True gaps=0.0/0.0  [load_target_settings:14638  ←  _apply_ui_state:14991  ←  _set_engine_recipe:17986]
2026-09-07 10:18:17,924 [DEBUG] core.settings: settings.set helper_markers_show = False
2026-09-07 10:18:17,924 [DEBUG] core.settings: settings.set helper_marker_edge_mm = 2.0
2026-09-07 10:18:17,924 [DEBUG] core.settings: settings.set helper_marker_len_mm = 2.0
2026-09-07 10:18:17,924 [DEBUG] core.settings: settings.set helper_marker_per_patch = 3
2026-09-07 10:18:17,924 [DEBUG] core.settings: settings.set helper_markers_top_bottom = True
2026-09-07 10:18:17,924 [DEBUG] core.settings: settings.set helper_markers_sides = True
2026-09-07 10:18:17,927 [DEBUG] core.settings: settings.set helper_markers_show = False
2026-09-07 10:18:17,927 [DEBUG] core.settings: settings.set helper_marker_edge_mm = 2.0
2026-09-07 10:18:17,927 [DEBUG] core.settings: settings.set helper_marker_len_mm = 2.0
2026-09-07 10:18:17,927 [DEBUG] core.settings: settings.set helper_marker_per_patch = 3
2026-09-07 10:18:17,927 [DEBUG] core.settings: settings.set helper_markers_top_bottom = True
2026-09-07 10:18:17,927 [DEBUG] core.settings: settings.set helper_markers_sides = True
2026-09-07 10:18:17,938 [DEBUG] core.settings: settings.set use_chromiq_layout_engine = True
2026-09-07 10:18:17,938 [DEBUG] ui.dialogs.layout_options_panel: layout panel set_recipe: spacer=colored/True gaps=0.0/0.0  [load_target_settings:14638  ←  _apply_ui_state:14991  ←  _set_engine_recipe:17986]
2026-09-07 10:18:17,959 [DEBUG] core.settings: settings.set helper_markers_show = False
2026-09-07 10:18:17,960 [DEBUG] core.settings: settings.set helper_marker_edge_mm = 2.0
2026-09-07 10:18:17,960 [DEBUG] core.settings: settings.set helper_marker_len_mm = 2.0
2026-09-07 10:18:17,960 [DEBUG] core.settings: settings.set helper_marker_per_patch = 3
2026-09-07 10:18:17,960 [DEBUG] core.settings: settings.set helper_markers_top_bottom = True
2026-09-07 10:18:17,960 [DEBUG] core.settings: settings.set helper_markers_sides = True
2026-09-07 10:18:17,962 [DEBUG] core.settings: settings.set helper_markers_show = False
2026-09-07 10:18:17,962 [DEBUG] core.settings: settings.set helper_marker_edge_mm = 2.0
2026-09-07 10:18:17,962 [DEBUG] core.settings: settings.set helper_marker_len_mm = 2.0
2026-09-07 10:18:17,962 [DEBUG] core.settings: settings.set helper_marker_per_patch = 3
2026-09-07 10:18:17,962 [DEBUG] core.settings: settings.set helper_markers_top_bottom = True
2026-09-07 10:18:17,962 [DEBUG] core.settings: settings.set helper_markers_sides = True
2026-09-07 10:18:17,971 [DEBUG] core.settings: settings.set use_chromiq_layout_engine = True
2026-09-07 10:18:17,971 [DEBUG] ui.dialogs.layout_options_panel: layout panel set_recipe: spacer=colored/True gaps=0.0/0.0  [load_target_settings:14638  ←  _apply_ui_state:14991  ←  _set_engine_recipe:17986]
2026-09-07 10:18:17,993 [DEBUG] core.settings: settings.set helper_markers_show = False
2026-09-07 10:18:17,993 [DEBUG] core.settings: settings.set helper_marker_edge_mm = 2.0
2026-09-07 10:18:17,993 [DEBUG] core.settings: settings.set helper_marker_len_mm = 2.0
2026-09-07 10:18:17,993 [DEBUG] core.settings: settings.set helper_marker_per_patch = 3
2026-09-07 10:18:17,993 [DEBUG] core.settings: settings.set helper_markers_top_bottom = True
2026-09-07 10:18:17,993 [DEBUG] core.settings: settings.set helper_markers_sides = True
2026-09-07 10:18:17,995 [DEBUG] core.settings: settings.set helper_markers_show = False
2026-09-07 10:18:17,995 [DEBUG] core.settings: settings.set helper_marker_edge_mm = 2.0
2026-09-07 10:18:17,995 [DEBUG] core.settings: settings.set helper_marker_len_mm = 2.0
2026-09-07 10:18:17,995 [DEBUG] core.settings: settings.set helper_marker_per_patch = 3
2026-09-07 10:18:17,995 [DEBUG] core.settings: settings.set helper_markers_top_bottom = True
2026-09-07 10:18:17,995 [DEBUG] core.settings: settings.set helper_markers_sides = True
2026-09-07 10:18:18,008 [DEBUG] ui.tiff_preview: TiffPreview: loaded 1 page(s)
2026-09-07 10:18:18,017 [DEBUG] ui.dialogs.layout_options_panel: layout panel set_recipe: spacer=colored/True gaps=0.0/0.0  [_display_run_chart:6588  ←  _restore_chart_settings:11047  ←  _set_engine_recipe:17986]
2026-09-07 10:18:18,039 [DEBUG] core.settings: settings.set helper_markers_show = False
2026-09-07 10:18:18,039 [DEBUG] core.settings: settings.set helper_marker_edge_mm = 2.0
2026-09-07 10:18:18,039 [DEBUG] core.settings: settings.set helper_marker_len_mm = 2.0
2026-09-07 10:18:18,039 [DEBUG] core.settings: settings.set helper_marker_per_patch = 3
2026-09-07 10:18:18,039 [DEBUG] core.settings: settings.set helper_markers_top_bottom = True
2026-09-07 10:18:18,039 [DEBUG] core.settings: settings.set helper_markers_sides = True
2026-09-07 10:18:18,041 [DEBUG] core.settings: settings.set helper_markers_show = False
2026-09-07 10:18:18,041 [DEBUG] core.settings: settings.set helper_marker_edge_mm = 2.0
2026-09-07 10:18:18,041 [DEBUG] core.settings: settings.set helper_marker_len_mm = 2.0
2026-09-07 10:18:18,041 [DEBUG] core.settings: settings.set helper_marker_per_patch = 3
2026-09-07 10:18:18,041 [DEBUG] core.settings: settings.set helper_markers_top_bottom = True
2026-09-07 10:18:18,041 [DEBUG] core.settings: settings.set helper_markers_sides = True
2026-09-07 10:18:18,051 [INFO] ui.tabs.tab_chart: chart loaded: 1 page(s) counted from the page images (field was 1, now 1)
2026-09-07 10:18:18,053 [DEBUG] ui.tiff_preview: TiffPreview: loaded 1 page(s)
2026-09-07 10:18:18,056 [DEBUG] ui.tiff_preview: TiffPreview: loaded 1 page(s)
2026-09-07 10:18:18,062 [DEBUG] ui.tabs.tab_chart: the chart sidecar moved 1 parameters and 1 ui values away from the target's own
2026-09-07 10:18:18,064 [DEBUG] ui.tiff_preview: TiffPreview: loaded 1 page(s)
2026-09-07 10:18:18,068 [DEBUG] ui.tiff_preview: TiffPreview: loaded 1 page(s)
2026-09-07 10:18:18,068 [INFO] ui.main_window: Session restored: target=R2-Engine run=run1
2026-09-07 10:18:19,569 [INFO] review: open_project('R2-Engine') -> run bar reads 'Run 1 (overwrite)' ok=True
2026-09-07 10:18:21,884 [DEBUG] core.settings: settings.set helper_markers_show = False
2026-09-07 10:18:21,884 [DEBUG] core.settings: settings.set helper_marker_edge_mm = 2.0
2026-09-07 10:18:21,884 [DEBUG] core.settings: settings.set helper_marker_len_mm = 2.0
2026-09-07 10:18:21,884 [DEBUG] core.settings: settings.set helper_marker_per_patch = 3
2026-09-07 10:18:21,884 [DEBUG] core.settings: settings.set helper_markers_top_bottom = True
2026-09-07 10:18:21,884 [DEBUG] core.settings: settings.set helper_markers_sides = True
2026-09-07 10:18:22,569 [INFO] review:   armed: dialog ~'quite fill' -> click 'OK' (last page hint)
2026-09-07 10:18:22,570 [INFO] review:   armed: dialog ~'already' -> click 'Continue' 
2026-09-07 10:18:22,571 [INFO] ui.tabs.tab_chart: chart build (Generate Chart) in manual: patch set targen | manual panel: A4, 0x0 grid, margins T38.0 R9.0 B19.0 L26.0
2026-09-07 10:18:22,578 [DEBUG] core.settings: settings.set session_ti3_path = ''
2026-09-07 10:18:22,578 [DEBUG] core.settings: settings.set session_icc_path = ''
2026-09-07 10:18:22,578 [DEBUG] core.settings: settings.set session_cal_ti3_path = ''
2026-09-07 10:18:22,580 [DEBUG] core.file_manager: Target name set to: R2-Engine (root /Users/Basti/ChromIQ-assessment/R2-Engine)
2026-09-07 10:18:22,581 [INFO] core.file_manager: opened the EXISTING project at /Users/Basti/ChromIQ-assessment/R2-Engine (1 run(s) on disk)
2026-09-07 10:18:22,629 [INFO] workflow.chart_creator: Chart generation: 525 patches, instrument=i1 paper=A4 disable_lb=True
2026-09-07 10:18:22,629 [INFO] workflow.chart_creator: targen args: ['-v', '-d2', '-f525', '-e4', '-B4', '-G', '-g30', 'R2-Engine']
2026-09-07 10:18:22,629 [INFO] core.argyll_runner: Run: /Applications/Argyll/bin/targen -v -d2 -f525 -e4 -B4 -G -g30 R2-Engine  [cwd=/Users/Basti/ChromIQ-assessment/R2-Engine/runs/run1]
2026-09-07 10:18:22,694 [DEBUG] core.argyll_runner: [argyll] iRGB test chart
2026-09-07 10:18:22,695 [DEBUG] core.argyll_runner: [argyll] White patches = 4
2026-09-07 10:18:22,695 [DEBUG] core.argyll_runner: [argyll] Black patches = 4
2026-09-07 10:18:22,695 [DEBUG] core.argyll_runner: [argyll] Composite Grey steps = 30
2026-09-07 10:18:22,695 [DEBUG] core.argyll_runner: [argyll] Full spread patches = 525
2026-09-07 10:18:22,695 [DEBUG] core.argyll_runner: [argyll] Degree of adaptation: 0.100
2026-09-07 10:18:22,696 [DEBUG] core.argyll_runner: [argyll] Adaptation weights: Device = 0.935, Perceptual = 0.065, Curvature = 0.010
2026-09-07 10:18:22,696 [DEBUG] core.argyll_runner: [argyll] Perceptual cache resolution = 9
2026-09-07 10:18:22,696 [DEBUG] core.argyll_runner: [argyll] Seeding cache...done
2026-09-07 10:18:22,696 [DEBUG] core.argyll_runner: [argyll] Acceleration grid res = 9
2026-09-07 10:18:22,696 [DEBUG] core.argyll_runner: [argyll] 
2026-09-07 10:18:22,696 [DEBUG] core.argyll_runner: [argyll] There are 30 unique fixed points to add (36 total fixed points)
2026-09-07 10:18:22,697 [DEBUG] core.argyll_runner: [argyll] There are 489 far spread points to add
2026-09-07 10:18:22,697 [DEBUG] core.argyll_runner: [argyll] 
2026-09-07 10:18:22,697 [DEBUG] core.argyll_runner: [argyll] Added 12/519
2026-09-07 10:18:22,697 [DEBUG] core.argyll_runner: [argyll] Added 23/519
2026-09-07 10:18:22,697 [DEBUG] core.argyll_runner: [argyll] Added 34/519
2026-09-07 10:18:22,697 [DEBUG] core.argyll_runner: [argyll] Added 45/519
2026-09-07 10:18:22,717 [DEBUG] core.argyll_runner: [argyll] 
2026-09-07 10:18:22,717 [DEBUG] core.argyll_runner: [argyll] Added 56/519
2026-09-07 10:18:22,718 [DEBUG] core.argyll_runner: [argyll] Added 67/519
2026-09-07 10:18:22,718 [DEBUG] core.argyll_runner: [argyll] Added 78/519
2026-09-07 10:18:22,718 [DEBUG] core.argyll_runner: [argyll] Added 89/519
2026-09-07 10:18:22,718 [DEBUG] core.argyll_runner: [argyll] Added 100/519
2026-09-07 10:18:22,718 [DEBUG] core.argyll_runner: [argyll] Added 111/519
2026-09-07 10:18:22,718 [DEBUG] core.argyll_runner: [argyll] Added 122/519
2026-09-07 10:18:22,718 [DEBUG] core.argyll_runner: [argyll] Added 133/519
2026-09-07 10:18:22,718 [DEBUG] core.argyll_runner: [argyll] Added 144/519
2026-09-07 10:18:22,718 [DEBUG] core.argyll_runner: [argyll] Added 155/519
2026-09-07 10:18:22,718 [DEBUG] core.argyll_runner: [argyll] Added 166/519
2026-09-07 10:18:22,719 [DEBUG] core.argyll_runner: [argyll] Added 177/519
2026-09-07 10:18:22,719 [DEBUG] core.argyll_runner: [argyll] Added 188/519
2026-09-07 10:18:22,719 [DEBUG] core.argyll_runner: [argyll] Added 199/519
2026-09-07 10:18:22,719 [DEBUG] core.argyll_runner: [argyll] Added 210/519
2026-09-07 10:18:22,719 [DEBUG] core.argyll_runner: [argyll] Added 221/519
2026-09-07 10:18:22,719 [DEBUG] core.argyll_runner: [argyll] Added 232/519
2026-09-07 10:18:22,719 [DEBUG] core.argyll_runner: [argyll] Added 243/519
2026-09-07 10:18:22,719 [DEBUG] core.argyll_runner: [argyll] Added 254/519
2026-09-07 10:18:22,719 [DEBUG] core.argyll_runner: [argyll] Added 265/519
2026-09-07 10:18:22,719 [DEBUG] core.argyll_runner: [argyll] Added 276/519
2026-09-07 10:18:22,720 [DEBUG] core.argyll_runner: [argyll] Added 287/519
2026-09-07 10:18:22,720 [DEBUG] core.argyll_runner: [argyll] Added 298/519
2026-09-07 10:18:22,720 [DEBUG] core.argyll_runner: [argyll] Added 309/519
2026-09-07 10:18:22,732 [DEBUG] core.argyll_runner: [argyll] 
2026-09-07 10:18:22,732 [DEBUG] core.argyll_runner: [argyll] Added 320/519
2026-09-07 10:18:22,732 [DEBUG] core.argyll_runner: [argyll] Added 331/519
2026-09-07 10:18:22,732 [DEBUG] core.argyll_runner: [argyll] Added 342/519
2026-09-07 10:18:22,732 [DEBUG] core.argyll_runner: [argyll] Added 353/519
2026-09-07 10:18:22,732 [DEBUG] core.argyll_runner: [argyll] Added 364/519
2026-09-07 10:18:22,733 [DEBUG] core.argyll_runner: [argyll] Added 375/519
2026-09-07 10:18:22,733 [DEBUG] core.argyll_runner: [argyll] Added 386/519
2026-09-07 10:18:22,733 [DEBUG] core.argyll_runner: [argyll] Added 397/519
2026-09-07 10:18:22,733 [DEBUG] core.argyll_runner: [argyll] Added 408/519
2026-09-07 10:18:22,733 [DEBUG] core.argyll_runner: [argyll] Added 419/519
2026-09-07 10:18:22,733 [DEBUG] core.argyll_runner: [argyll] Added 430/519
2026-09-07 10:18:22,733 [DEBUG] core.argyll_runner: [argyll] Added 441/519
2026-09-07 10:18:22,733 [DEBUG] core.argyll_runner: [argyll] Added 452/519
2026-09-07 10:18:22,733 [DEBUG] core.argyll_runner: [argyll] Added 463/519
2026-09-07 10:18:22,733 [DEBUG] core.argyll_runner: [argyll] Added 474/519
2026-09-07 10:18:22,733 [DEBUG] core.argyll_runner: [argyll] Added 485/519
2026-09-07 10:18:22,734 [DEBUG] core.argyll_runner: [argyll] Added 496/519
2026-09-07 10:18:22,734 [DEBUG] core.argyll_runner: [argyll] Added 507/519
2026-09-07 10:18:22,752 [DEBUG] core.argyll_runner: [argyll] 
2026-09-07 10:18:22,753 [DEBUG] core.argyll_runner: [argyll] Added 518/519
2026-09-07 10:18:22,753 [DEBUG] core.argyll_runner: [argyll] Added 519/519
2026-09-07 10:18:23,664 [DEBUG] core.argyll_runner: [argyll] 
2026-09-07 10:18:23,664 [DEBUG] core.argyll_runner: [argyll] After seeding points: MinPoint = 4.448, Min = 4.322, Avg. = 10.848, Max = 14.666, 0.1 secs
2026-09-07 10:18:23,665 [DEBUG] core.argyll_runner: [argyll] Re-seeding
2026-09-07 10:18:23,665 [DEBUG] core.argyll_runner: [argyll] It 1: Maxmv = 0.103363, MinPoint = 3.460, Min = 4.005, Avg. = 10.861, Max = 14.358, 0.0 secs.
2026-09-07 10:18:23,665 [DEBUG] core.argyll_runner: [argyll] Re-seeding
2026-09-07 10:18:23,665 [DEBUG] core.argyll_runner: [argyll] It 2: Maxmv = 0.084402, MinPoint = 5.380, Min = 5.280, Avg. = 10.758, Max = 13.964, 0.0 secs.
2026-09-07 10:18:23,666 [DEBUG] core.argyll_runner: [argyll] Re-seeding
2026-09-07 10:18:23,666 [DEBUG] core.argyll_runner: [argyll] It 3: Maxmv = 0.076162, MinPoint = 5.428, Min = 5.280, Avg. = 10.700, Max = 13.835, 0.0 secs.
2026-09-07 10:18:23,666 [DEBUG] core.argyll_runner: [argyll] Re-seeding
2026-09-07 10:18:23,666 [DEBUG] core.argyll_runner: [argyll] It 4: Maxmv = 0.072726, MinPoint = 5.743, Min = 5.280, Avg. = 10.603, Max = 14.075, 0.0 secs.
2026-09-07 10:18:23,667 [DEBUG] core.argyll_runner: [argyll] Re-seeding
2026-09-07 10:18:23,667 [DEBUG] core.argyll_runner: [argyll] It 5: Maxmv = 0.068513, MinPoint = 5.743, Min = 5.280, Avg. = 10.535, Max = 13.679, 0.0 secs.
2026-09-07 10:18:23,667 [DEBUG] core.argyll_runner: [argyll] Re-seeding
2026-09-07 10:18:23,667 [DEBUG] core.argyll_runner: [argyll] It 6: Maxmv = 0.056321, MinPoint = 5.743, Min = 5.280, Avg. = 10.518, Max = 13.779, 0.0 secs.
2026-09-07 10:18:23,668 [DEBUG] core.argyll_runner: [argyll] Re-seeding
2026-09-07 10:18:23,668 [DEBUG] core.argyll_runner: [argyll] It 7: Maxmv = 0.059854, MinPoint = 5.743, Min = 5.280, Avg. = 10.461, Max = 13.725, 0.0 secs.
2026-09-07 10:18:23,668 [DEBUG] core.argyll_runner: [argyll] Re-seeding
2026-09-07 10:18:23,668 [DEBUG] core.argyll_runner: [argyll] It 8: Maxmv = 0.051345, MinPoint = 5.743, Min = 5.280, Avg. = 10.437, Max = 13.448, 0.0 secs.
2026-09-07 10:18:23,669 [DEBUG] core.argyll_runner: [argyll] Re-seeding
2026-09-07 10:18:23,669 [DEBUG] core.argyll_runner: [argyll] It 9: Maxmv = 0.040554, MinPoint = 5.743, Min = 5.280, Avg. = 10.411, Max = 13.065, 0.0 secs.
2026-09-07 10:18:23,669 [DEBUG] core.argyll_runner: [argyll] Re-seeding
2026-09-07 10:18:23,669 [DEBUG] core.argyll_runner: [argyll] It 10: Maxmv = 0.030994, MinPoint = 5.743, Min = 5.280, Avg. = 10.383, Max = 12.735, 0.0 secs.
2026-09-07 10:18:23,669 [DEBUG] core.argyll_runner: [argyll] Re-seeding
2026-09-07 10:18:23,670 [DEBUG] core.argyll_runner: [argyll] It 11: Maxmv = 0.032989, MinPoint = 5.743, Min = 5.280, Avg. = 10.373, Max = 12.994, 0.0 secs.
2026-09-07 10:18:23,670 [DEBUG] core.argyll_runner: [argyll] Re-seeding
2026-09-07 10:18:23,670 [DEBUG] core.argyll_runner: [argyll] It 12: Maxmv = 0.030487, MinPoint = 5.743, Min = 5.280, Avg. = 10.349, Max = 12.936, 0.0 secs.
2026-09-07 10:18:23,670 [DEBUG] core.argyll_runner: [argyll] Re-seeding
2026-09-07 10:18:23,671 [DEBUG] core.argyll_runner: [argyll] It 13: Maxmv = 0.021481, MinPoint = 5.743, Min = 5.280, Avg. = 10.346, Max = 12.600, 0.0 secs.
2026-09-07 10:18:23,671 [DEBUG] core.argyll_runner: [argyll] Re-seeding
2026-09-07 10:18:23,671 [DEBUG] core.argyll_runner: [argyll] It 14: Maxmv = 0.016377, MinPoint = 5.743, Min = 5.280, Avg. = 10.329, Max = 12.441, 0.0 secs.
2026-09-07 10:18:23,671 [DEBUG] core.argyll_runner: [argyll] Re-seeding
2026-09-07 10:18:23,672 [DEBUG] core.argyll_runner: [argyll] It 15: Maxmv = 0.013408, MinPoint = 5.743, Min = 5.280, Avg. = 10.331, Max = 12.462, 0.0 secs.
2026-09-07 10:18:23,672 [DEBUG] core.argyll_runner: [argyll] Re-seeding
2026-09-07 10:18:23,672 [DEBUG] core.argyll_runner: [argyll] It 16: Maxmv = 0.011614, MinPoint = 5.743, Min = 5.280, Avg. = 10.321, Max = 12.261, 0.0 secs.
2026-09-07 10:18:23,672 [DEBUG] core.argyll_runner: [argyll] Re-seeding
2026-09-07 10:18:23,672 [DEBUG] core.argyll_runner: [argyll] It 17: Maxmv = 0.006463, MinPoint = 5.743, Min = 5.280, Avg. = 10.321, Max = 12.391, 0.0 secs.
2026-09-07 10:18:23,673 [DEBUG] core.argyll_runner: [argyll] Re-seeding
2026-09-07 10:18:23,673 [DEBUG] core.argyll_runner: [argyll] It 18: Maxmv = 0.005609, MinPoint = 5.743, Min = 5.280, Avg. = 10.319, Max = 12.293, 0.0 secs.
2026-09-07 10:18:23,673 [DEBUG] core.argyll_runner: [argyll] Re-seeding
2026-09-07 10:18:23,673 [DEBUG] core.argyll_runner: [argyll] It 19: Maxmv = 0.001380, MinPoint = 5.743, Min = 5.280, Avg. = 10.320, Max = 12.323, 0.0 secs.
2026-09-07 10:18:23,674 [DEBUG] core.argyll_runner: [argyll] Re-seeding
2026-09-07 10:18:23,674 [DEBUG] core.argyll_runner: [argyll] It 20: Maxmv = 0.001368, MinPoint = 5.743, Min = 5.280, Avg. = 10.321, Max = 12.343, 0.0 secs.
2026-09-07 10:18:23,674 [DEBUG] core.argyll_runner: [argyll] After optimization: MinPoint = 5.743, Min = 5.280, Avg. = 10.321, Max = 12.343
2026-09-07 10:18:23,674 [DEBUG] core.argyll_runner: [argyll] Total number of patches = 525
2026-09-07 10:18:23,675 [DEBUG] core.argyll_runner: [argyll] Execution time = 0.973383 seconds
2026-09-07 10:18:23,675 [INFO] core.argyll_runner: ArgyllRunner: finished with code 0
2026-09-07 10:18:24,073 [DEBUG] workflow.chart_creator: Wrote channel sidecar R2-Engine.channels.json: ['r', 'g', 'b']
2026-09-07 10:18:24,153 [DEBUG] ui.tiff_preview: TiffPreview: loaded 1 page(s)
2026-09-07 10:18:24,153 [INFO] ui.tabs.tab_chart: Preview loaded: 1 TIFF(s)
2026-09-07 10:18:24,197 [DEBUG] ui.tiff_preview: TiffPreview: loaded 1 page(s)
2026-09-07 10:18:24,199 [DEBUG] ui.tiff_preview: TiffPreview: loaded 1 page(s)
2026-09-07 10:18:24,204 [DEBUG] ui.tabs.tab_chart: create-chart settings written for run1 (40 parameters + ui state)
2026-09-07 10:18:25,812 [INFO] review:   [good A4 chart] built ok=True actual={'total': 525, 'fillup': 0, 'page_patches': 525, 'rows': 25, 'cols': 21, 'pages': 1, 'patch': (8.3, 8.55), 'pitch': None} est={'total': 525, 'fillup': 0, 'page_patches': 525, 'rows': 25, 'cols': 21, 'pages': 1, 'patch': (8.33, 8.56), 'pitch': None}
      margins=mm | inch | min | Left (to first patch) | 26.0 | 1.023 | 26.0 | Right (to first patch) | 9.1 | 0.358 | 9.0 | Top (to first patch) | 39.0 | 1.537 | 38.0 | Bottom (to first patch) | 20.0 | 0.786 | 19.0 | Patch width (in strip reading direction) | 8.3 | 0.327 | S
      status='Margins: OK' notes=''
2026-09-07 10:18:25,906 [DEBUG] core.settings: settings.set helper_markers_show = False
2026-09-07 10:18:25,906 [DEBUG] core.settings: settings.set helper_marker_edge_mm = 2.0
2026-09-07 10:18:25,906 [DEBUG] core.settings: settings.set helper_marker_len_mm = 2.0
2026-09-07 10:18:25,906 [DEBUG] core.settings: settings.set helper_marker_per_patch = 3
2026-09-07 10:18:25,906 [DEBUG] core.settings: settings.set helper_markers_top_bottom = True
2026-09-07 10:18:25,906 [DEBUG] core.settings: settings.set helper_markers_sides = True
2026-09-07 10:18:26,137 [DEBUG] core.settings: settings.set helper_markers_show = False
2026-09-07 10:18:26,137 [DEBUG] core.settings: settings.set helper_marker_edge_mm = 2.0
2026-09-07 10:18:26,137 [DEBUG] core.settings: settings.set helper_marker_len_mm = 2.0
2026-09-07 10:18:26,137 [DEBUG] core.settings: settings.set helper_marker_per_patch = 3
2026-09-07 10:18:26,137 [DEBUG] core.settings: settings.set helper_markers_top_bottom = True
2026-09-07 10:18:26,137 [DEBUG] core.settings: settings.set helper_markers_sides = True
2026-09-07 10:18:26,287 [DEBUG] core.settings: settings.set helper_markers_show = False
2026-09-07 10:18:26,287 [DEBUG] core.settings: settings.set helper_marker_edge_mm = 2.0
2026-09-07 10:18:26,287 [DEBUG] core.settings: settings.set helper_marker_len_mm = 2.0
2026-09-07 10:18:26,287 [DEBUG] core.settings: settings.set helper_marker_per_patch = 3
2026-09-07 10:18:26,287 [DEBUG] core.settings: settings.set helper_markers_top_bottom = True
2026-09-07 10:18:26,287 [DEBUG] core.settings: settings.set helper_markers_sides = True
2026-09-07 10:18:26,444 [DEBUG] core.settings: settings.set helper_markers_show = False
2026-09-07 10:18:26,444 [DEBUG] core.settings: settings.set helper_marker_edge_mm = 2.0
2026-09-07 10:18:26,444 [DEBUG] core.settings: settings.set helper_marker_len_mm = 2.0
2026-09-07 10:18:26,444 [DEBUG] core.settings: settings.set helper_marker_per_patch = 3
2026-09-07 10:18:26,444 [DEBUG] core.settings: settings.set helper_markers_top_bottom = True
2026-09-07 10:18:26,444 [DEBUG] core.settings: settings.set helper_markers_sides = True
2026-09-07 10:18:26,650 [DEBUG] core.settings: settings.set helper_markers_show = False
2026-09-07 10:18:26,650 [DEBUG] core.settings: settings.set helper_marker_edge_mm = 2.0
2026-09-07 10:18:26,650 [DEBUG] core.settings: settings.set helper_marker_len_mm = 2.0
2026-09-07 10:18:26,650 [DEBUG] core.settings: settings.set helper_marker_per_patch = 3
2026-09-07 10:18:26,650 [DEBUG] core.settings: settings.set helper_markers_top_bottom = True
2026-09-07 10:18:26,650 [DEBUG] core.settings: settings.set helper_markers_sides = True
2026-09-07 10:18:26,797 [DEBUG] core.settings: settings.set helper_markers_show = False
2026-09-07 10:18:26,797 [DEBUG] core.settings: settings.set helper_marker_edge_mm = 2.0
2026-09-07 10:18:26,797 [DEBUG] core.settings: settings.set helper_marker_len_mm = 2.0
2026-09-07 10:18:26,798 [DEBUG] core.settings: settings.set helper_marker_per_patch = 3
2026-09-07 10:18:26,798 [DEBUG] core.settings: settings.set helper_markers_top_bottom = True
2026-09-07 10:18:26,798 [DEBUG] core.settings: settings.set helper_markers_sides = True
2026-09-07 10:18:27,428 [INFO] ui.tabs.tab_chart: chart build (Generate Chart) in manual: patch set targen | manual panel: 20x20, 0x0 grid, margins T6.0 R6.0 B6.0 L26.0
2026-09-07 10:18:27,430 [DEBUG] core.settings: settings.set session_ti3_path = ''
2026-09-07 10:18:27,430 [DEBUG] core.settings: settings.set session_icc_path = ''
2026-09-07 10:18:27,430 [DEBUG] core.settings: settings.set session_cal_ti3_path = ''
2026-09-07 10:18:27,432 [DEBUG] core.file_manager: Target name set to: R2-Engine (root /Users/Basti/ChromIQ-assessment/R2-Engine)
2026-09-07 10:18:27,433 [INFO] core.file_manager: opened the EXISTING project at /Users/Basti/ChromIQ-assessment/R2-Engine (1 run(s) on disk)
2026-09-07 10:18:27,459 [WARNING] workflow.chart_creator: engine patch estimate failed: paper too short: a single pass of patches does not fit (8.0 mm available)
2026-09-07 10:18:29,631 [WARNING] workflow.chart_creator: _binary_search found no valid capacity in [221, 1107]; falling back to scaled estimate 443
2026-09-07 10:18:29,632 [INFO] workflow.chart_creator: Chart generation: 443 patches, instrument=i1 paper=20x20 disable_lb=True
2026-09-07 10:18:29,632 [INFO] workflow.chart_creator: targen args: ['-v', '-d2', '-f443', '-e3', '-B3', '-G', '-g25', 'R2-Engine']
2026-09-07 10:18:29,632 [INFO] core.argyll_runner: Run: /Applications/Argyll/bin/targen -v -d2 -f443 -e3 -B3 -G -g25 R2-Engine  [cwd=/Users/Basti/ChromIQ-assessment/R2-Engine/runs/run1]
2026-09-07 10:18:29,695 [DEBUG] core.argyll_runner: [argyll] iRGB test chart
2026-09-07 10:18:29,695 [DEBUG] core.argyll_runner: [argyll] White patches = 3
2026-09-07 10:18:29,696 [DEBUG] core.argyll_runner: [argyll] Black patches = 3
2026-09-07 10:18:29,696 [DEBUG] core.argyll_runner: [argyll] Composite Grey steps = 25
2026-09-07 10:18:29,696 [DEBUG] core.argyll_runner: [argyll] Full spread patches = 443
2026-09-07 10:18:29,696 [DEBUG] core.argyll_runner: [argyll] Degree of adaptation: 0.100
2026-09-07 10:18:29,696 [DEBUG] core.argyll_runner: [argyll] Adaptation weights: Device = 0.935, Perceptual = 0.065, Curvature = 0.010
2026-09-07 10:18:29,696 [DEBUG] core.argyll_runner: [argyll] Perceptual cache resolution = 9
2026-09-07 10:18:29,697 [DEBUG] core.argyll_runner: [argyll] Seeding cache...done
2026-09-07 10:18:29,697 [DEBUG] core.argyll_runner: [argyll] Acceleration grid res = 8
2026-09-07 10:18:29,697 [DEBUG] core.argyll_runner: [argyll] 
2026-09-07 10:18:29,697 [DEBUG] core.argyll_runner: [argyll] There are 25 unique fixed points to add (29 total fixed points)
2026-09-07 10:18:29,697 [DEBUG] core.argyll_runner: [argyll] There are 414 far spread points to add
2026-09-07 10:18:29,697 [DEBUG] core.argyll_runner: [argyll] 
2026-09-07 10:18:29,697 [DEBUG] core.argyll_runner: [argyll] Added 12/439
2026-09-07 10:18:29,697 [DEBUG] core.argyll_runner: [argyll] Added 23/439
2026-09-07 10:18:29,698 [DEBUG] core.argyll_runner: [argyll] Added 34/439
2026-09-07 10:18:29,698 [DEBUG] core.argyll_runner: [argyll] Added 45/439
2026-09-07 10:18:29,698 [DEBUG] core.argyll_runner: [argyll] Added 56/439
2026-09-07 10:18:29,698 [DEBUG] core.argyll_runner: [argyll] Added 67/439
2026-09-07 10:18:29,698 [DEBUG] core.argyll_runner: [argyll] Added 78/439
2026-09-07 10:18:29,698 [DEBUG] core.argyll_runner: [argyll] Added 89/439
2026-09-07 10:18:29,698 [DEBUG] core.argyll_runner: [argyll] Added 100/439
2026-09-07 10:18:29,698 [DEBUG] core.argyll_runner: [argyll] Added 111/439
2026-09-07 10:18:29,698 [DEBUG] core.argyll_runner: [argyll] Added 122/439
2026-09-07 10:18:29,725 [DEBUG] core.argyll_runner: [argyll] 
2026-09-07 10:18:29,725 [DEBUG] core.argyll_runner: [argyll] Added 133/439
2026-09-07 10:18:29,725 [DEBUG] core.argyll_runner: [argyll] Added 144/439
2026-09-07 10:18:29,725 [DEBUG] core.argyll_runner: [argyll] Added 155/439
2026-09-07 10:18:29,725 [DEBUG] core.argyll_runner: [argyll] Added 166/439
2026-09-07 10:18:29,725 [DEBUG] core.argyll_runner: [argyll] Added 177/439
2026-09-07 10:18:29,726 [DEBUG] core.argyll_runner: [argyll] Added 188/439
2026-09-07 10:18:29,726 [DEBUG] core.argyll_runner: [argyll] Added 199/439
2026-09-07 10:18:29,726 [DEBUG] core.argyll_runner: [argyll] Added 210/439
2026-09-07 10:18:29,726 [DEBUG] core.argyll_runner: [argyll] Added 221/439
2026-09-07 10:18:29,726 [DEBUG] core.argyll_runner: [argyll] Added 232/439
2026-09-07 10:18:29,726 [DEBUG] core.argyll_runner: [argyll] Added 243/439
2026-09-07 10:18:29,726 [DEBUG] core.argyll_runner: [argyll] Added 254/439
2026-09-07 10:18:29,726 [DEBUG] core.argyll_runner: [argyll] Added 265/439
2026-09-07 10:18:29,726 [DEBUG] core.argyll_runner: [argyll] Added 276/439
2026-09-07 10:18:29,726 [DEBUG] core.argyll_runner: [argyll] Added 287/439
2026-09-07 10:18:29,727 [DEBUG] core.argyll_runner: [argyll] Added 298/439
2026-09-07 10:18:29,727 [DEBUG] core.argyll_runner: [argyll] Added 309/439
2026-09-07 10:18:29,727 [DEBUG] core.argyll_runner: [argyll] Added 320/439
2026-09-07 10:18:29,727 [DEBUG] core.argyll_runner: [argyll] Added 331/439
2026-09-07 10:18:29,727 [DEBUG] core.argyll_runner: [argyll] Added 342/439
2026-09-07 10:18:29,727 [DEBUG] core.argyll_runner: [argyll] Added 353/439
2026-09-07 10:18:29,727 [DEBUG] core.argyll_runner: [argyll] Added 364/439
2026-09-07 10:18:29,727 [DEBUG] core.argyll_runner: [argyll] Added 375/439
2026-09-07 10:18:29,727 [DEBUG] core.argyll_runner: [argyll] Added 386/439
2026-09-07 10:18:29,727 [DEBUG] core.argyll_runner: [argyll] Added 397/439
2026-09-07 10:18:29,727 [DEBUG] core.argyll_runner: [argyll] Added 408/439
2026-09-07 10:18:29,728 [DEBUG] core.argyll_runner: [argyll] Added 419/439
2026-09-07 10:18:29,728 [DEBUG] core.argyll_runner: [argyll] Added 430/439
2026-09-07 10:18:29,728 [DEBUG] core.argyll_runner: [argyll] Added 439/439
2026-09-07 10:18:30,464 [DEBUG] core.argyll_runner: [argyll] 
2026-09-07 10:18:30,464 [DEBUG] core.argyll_runner: [argyll] After seeding points: MinPoint = 4.996, Min = 4.482, Avg. = 11.539, Max = 15.806, 0.0 secs
2026-09-07 10:18:30,464 [DEBUG] core.argyll_runner: [argyll] Re-seeding
2026-09-07 10:18:30,465 [DEBUG] core.argyll_runner: [argyll] It 1: Maxmv = 0.105559, MinPoint = 3.574, Min = 4.819, Avg. = 11.556, Max = 15.443, 0.0 secs.
2026-09-07 10:18:30,465 [DEBUG] core.argyll_runner: [argyll] Re-seeding
2026-09-07 10:18:30,465 [DEBUG] core.argyll_runner: [argyll] It 2: Maxmv = 0.096779, MinPoint = 4.647, Min = 5.927, Avg. = 11.387, Max = 14.646, 0.0 secs.
2026-09-07 10:18:30,465 [DEBUG] core.argyll_runner: [argyll] Re-seeding
2026-09-07 10:18:30,465 [DEBUG] core.argyll_runner: [argyll] It 3: Maxmv = 0.081249, MinPoint = 5.405, Min = 6.380, Avg. = 11.331, Max = 14.904, 0.0 secs.
2026-09-07 10:18:30,466 [DEBUG] core.argyll_runner: [argyll] Re-seeding
2026-09-07 10:18:30,466 [DEBUG] core.argyll_runner: [argyll] It 4: Maxmv = 0.072545, MinPoint = 6.939, Min = 6.236, Avg. = 11.285, Max = 14.863, 0.0 secs.
2026-09-07 10:18:30,466 [DEBUG] core.argyll_runner: [argyll] Re-seeding
2026-09-07 10:18:30,466 [DEBUG] core.argyll_runner: [argyll] It 5: Maxmv = 0.075272, MinPoint = 5.357, Min = 6.380, Avg. = 11.229, Max = 14.297, 0.0 secs.
2026-09-07 10:18:30,467 [DEBUG] core.argyll_runner: [argyll] Re-seeding
2026-09-07 10:18:30,467 [DEBUG] core.argyll_runner: [argyll] It 6: Maxmv = 0.061024, MinPoint = 6.939, Min = 6.380, Avg. = 11.210, Max = 15.106, 0.0 secs.
2026-09-07 10:18:30,467 [DEBUG] core.argyll_runner: [argyll] Re-seeding
2026-09-07 10:18:30,467 [DEBUG] core.argyll_runner: [argyll] It 7: Maxmv = 0.057356, MinPoint = 6.939, Min = 6.380, Avg. = 11.157, Max = 14.416, 0.0 secs.
2026-09-07 10:18:30,467 [DEBUG] core.argyll_runner: [argyll] Re-seeding
2026-09-07 10:18:30,468 [DEBUG] core.argyll_runner: [argyll] It 8: Maxmv = 0.046724, MinPoint = 6.939, Min = 6.380, Avg. = 11.111, Max = 14.305, 0.0 secs.
2026-09-07 10:18:30,468 [DEBUG] core.argyll_runner: [argyll] Re-seeding
2026-09-07 10:18:30,468 [DEBUG] core.argyll_runner: [argyll] It 9: Maxmv = 0.043764, MinPoint = 6.939, Min = 6.380, Avg. = 11.083, Max = 13.838, 0.0 secs.
2026-09-07 10:18:30,468 [DEBUG] core.argyll_runner: [argyll] Re-seeding
2026-09-07 10:18:30,468 [DEBUG] core.argyll_runner: [argyll] It 10: Maxmv = 0.040178, MinPoint = 6.939, Min = 6.380, Avg. = 11.066, Max = 14.301, 0.0 secs.
2026-09-07 10:18:30,469 [DEBUG] core.argyll_runner: [argyll] Re-seeding
2026-09-07 10:18:30,469 [DEBUG] core.argyll_runner: [argyll] It 11: Maxmv = 0.036076, MinPoint = 6.939, Min = 6.380, Avg. = 11.037, Max = 13.522, 0.0 secs.
2026-09-07 10:18:30,469 [DEBUG] core.argyll_runner: [argyll] Re-seeding
2026-09-07 10:18:30,469 [DEBUG] core.argyll_runner: [argyll] It 12: Maxmv = 0.028746, MinPoint = 6.939, Min = 6.380, Avg. = 11.024, Max = 13.564, 0.0 secs.
2026-09-07 10:18:30,470 [DEBUG] core.argyll_runner: [argyll] Re-seeding
2026-09-07 10:18:30,470 [DEBUG] core.argyll_runner: [argyll] It 13: Maxmv = 0.023465, MinPoint = 6.939, Min = 6.380, Avg. = 11.005, Max = 13.400, 0.0 secs.
2026-09-07 10:18:30,470 [DEBUG] core.argyll_runner: [argyll] Re-seeding
2026-09-07 10:18:30,470 [DEBUG] core.argyll_runner: [argyll] It 14: Maxmv = 0.021018, MinPoint = 6.939, Min = 6.380, Avg. = 11.001, Max = 13.772, 0.0 secs.
2026-09-07 10:18:30,470 [DEBUG] core.argyll_runner: [argyll] Re-seeding
2026-09-07 10:18:30,471 [DEBUG] core.argyll_runner: [argyll] It 15: Maxmv = 0.015079, MinPoint = 6.939, Min = 6.380, Avg. = 10.996, Max = 13.778, 0.0 secs.
2026-09-07 10:18:30,471 [DEBUG] core.argyll_runner: [argyll] Re-seeding
2026-09-07 10:18:30,471 [DEBUG] core.argyll_runner: [argyll] It 16: Maxmv = 0.010928, MinPoint = 6.939, Min = 6.380, Avg. = 10.996, Max = 13.940, 0.0 secs.
2026-09-07 10:18:30,471 [DEBUG] core.argyll_runner: [argyll] Re-seeding
2026-09-07 10:18:30,471 [DEBUG] core.argyll_runner: [argyll] It 17: Maxmv = 0.008212, MinPoint = 6.939, Min = 6.380, Avg. = 10.993, Max = 13.747, 0.0 secs.
2026-09-07 10:18:30,472 [DEBUG] core.argyll_runner: [argyll] Re-seeding
2026-09-07 10:18:30,472 [DEBUG] core.argyll_runner: [argyll] It 18: Maxmv = 0.004748, MinPoint = 6.939, Min = 6.380, Avg. = 10.993, Max = 13.766, 0.0 secs.
2026-09-07 10:18:30,472 [DEBUG] core.argyll_runner: [argyll] Re-seeding
2026-09-07 10:18:30,472 [DEBUG] core.argyll_runner: [argyll] It 19: Maxmv = 0.001690, MinPoint = 6.939, Min = 6.380, Avg. = 10.993, Max = 13.758, 0.0 secs.
2026-09-07 10:18:30,473 [DEBUG] core.argyll_runner: [argyll] Re-seeding
2026-09-07 10:18:30,473 [DEBUG] core.argyll_runner: [argyll] It 20: Maxmv = 0.001679, MinPoint = 6.939, Min = 6.380, Avg. = 10.991, Max = 13.725, 0.0 secs.
2026-09-07 10:18:30,473 [DEBUG] core.argyll_runner: [argyll] After optimization: MinPoint = 6.939, Min = 6.380, Avg. = 10.991, Max = 13.725
2026-09-07 10:18:30,473 [DEBUG] core.argyll_runner: [argyll] Total number of patches = 443
2026-09-07 10:18:30,474 [DEBUG] core.argyll_runner: [argyll] Execution time = 0.793944 seconds
2026-09-07 10:18:30,487 [INFO] core.argyll_runner: ArgyllRunner: finished with code 0
2026-09-07 10:18:30,489 [ERROR] workflow.chart_creator: ChromIQ layout engine failed
Traceback (most recent call last):
  File "/Users/Basti/develop/ChromIQ/workflow/chart_creator.py", line 1446, in _run_engine
    result = le_chart.build_chart(
        ti1, work_dir / stem, **engine_kwargs)
  File "/Users/Basti/develop/ChromIQ/workflow/layout_engine/chart.py", line 246, in build_chart
    layout = geometry.compute(geom, w_mm, h_mm, len(target.patches))
  File "/Users/Basti/develop/ChromIQ/workflow/layout_engine/geometry.py", line 111, in compute
    raise LayoutError(
    ...<2 lines>...
    )
workflow.layout_engine.geometry.LayoutError: paper too short: a single pass of patches does not fit (8.0 mm available)
2026-09-07 10:18:30,491 [DEBUG] core.file_manager: preset undo: discarding R2-Engine.ti1 left by the unfinished build
2026-09-07 10:18:30,491 [INFO] core.file_manager: Chart build did not finish — the previous chart was put back in /Users/Basti/ChromIQ-assessment/R2-Engine/runs/run1
2026-09-07 10:18:30,494 [DEBUG] ui.tabs.tab_chart: create-chart settings written for run1 (40 parameters + ui state)
2026-09-07 10:18:31,982 [INFO] ui.main_window: Chart-build lock released by watchdog — no chart_finished arrived after the last tool ended
2026-09-07 10:18:32,895 [INFO] review:   A: missing after failure=['exports/R2-Engine-colours.txt', 'exports/R2-Engine-i1profiler.pxf', 'exports/R2-Engine-i1profiler.txt'] new=[] preview_pages=0
2026-09-07 10:18:33,084 [INFO] review:   shot Review/Screenshots/R05-files-presets-cal/a01-after-failed-build.png  (3400x2100)
2026-09-07 10:18:33,087 [DEBUG] ui.tiff_preview: TiffPreview: loaded 0 page(s)
2026-09-07 10:18:33,088 [DEBUG] core.settings: settings.set session_ti1_path = ''
2026-09-07 10:18:34,458 [DEBUG] core.settings: settings.set use_chromiq_layout_engine = True
2026-09-07 10:18:34,459 [DEBUG] ui.dialogs.layout_options_panel: layout panel set_recipe: spacer=colored/True gaps=0.0/0.0  [load_target_settings:14638  ←  _apply_ui_state:14991  ←  _set_engine_recipe:17986]
2026-09-07 10:18:34,500 [DEBUG] core.settings: settings.set helper_markers_show = False
2026-09-07 10:18:34,500 [DEBUG] core.settings: settings.set helper_marker_edge_mm = 2.0
2026-09-07 10:18:34,500 [DEBUG] core.settings: settings.set helper_marker_len_mm = 2.0
2026-09-07 10:18:34,500 [DEBUG] core.settings: settings.set helper_marker_per_patch = 3
2026-09-07 10:18:34,500 [DEBUG] core.settings: settings.set helper_markers_top_bottom = True
2026-09-07 10:18:34,500 [DEBUG] core.settings: settings.set helper_markers_sides = True
2026-09-07 10:18:34,503 [DEBUG] core.settings: settings.set helper_markers_show = False
2026-09-07 10:18:34,503 [DEBUG] core.settings: settings.set helper_marker_edge_mm = 2.0
2026-09-07 10:18:34,503 [DEBUG] core.settings: settings.set helper_marker_len_mm = 2.0
2026-09-07 10:18:34,503 [DEBUG] core.settings: settings.set helper_marker_per_patch = 3
2026-09-07 10:18:34,503 [DEBUG] core.settings: settings.set helper_markers_top_bottom = True
2026-09-07 10:18:34,503 [DEBUG] core.settings: settings.set helper_markers_sides = True
2026-09-07 10:18:34,520 [DEBUG] core.settings: settings.set use_chromiq_layout_engine = True
2026-09-07 10:18:34,520 [DEBUG] ui.dialogs.layout_options_panel: layout panel set_recipe: spacer=colored/True gaps=0.0/0.0  [load_target_settings:14638  ←  _apply_ui_state:14991  ←  _set_engine_recipe:17986]
2026-09-07 10:18:34,544 [DEBUG] core.settings: settings.set helper_markers_show = False
2026-09-07 10:18:34,544 [DEBUG] core.settings: settings.set helper_marker_edge_mm = 2.0
2026-09-07 10:18:34,544 [DEBUG] core.settings: settings.set helper_marker_len_mm = 2.0
2026-09-07 10:18:34,544 [DEBUG] core.settings: settings.set helper_marker_per_patch = 3
2026-09-07 10:18:34,544 [DEBUG] core.settings: settings.set helper_markers_top_bottom = True
2026-09-07 10:18:34,544 [DEBUG] core.settings: settings.set helper_markers_sides = True
2026-09-07 10:18:34,546 [DEBUG] core.settings: settings.set helper_markers_show = False
2026-09-07 10:18:34,546 [DEBUG] core.settings: settings.set helper_marker_edge_mm = 2.0
2026-09-07 10:18:34,546 [DEBUG] core.settings: settings.set helper_marker_len_mm = 2.0
2026-09-07 10:18:34,546 [DEBUG] core.settings: settings.set helper_marker_per_patch = 3
2026-09-07 10:18:34,546 [DEBUG] core.settings: settings.set helper_markers_top_bottom = True
2026-09-07 10:18:34,546 [DEBUG] core.settings: settings.set helper_markers_sides = True
2026-09-07 10:18:34,561 [DEBUG] ui.tiff_preview: TiffPreview: loaded 1 page(s)
2026-09-07 10:18:34,569 [DEBUG] ui.dialogs.layout_options_panel: layout panel set_recipe: spacer=colored/True gaps=0.0/0.0  [_display_run_chart:6588  ←  _restore_chart_settings:11047  ←  _set_engine_recipe:17986]
2026-09-07 10:18:34,592 [DEBUG] core.settings: settings.set helper_markers_show = False
2026-09-07 10:18:34,592 [DEBUG] core.settings: settings.set helper_marker_edge_mm = 2.0
2026-09-07 10:18:34,592 [DEBUG] core.settings: settings.set helper_marker_len_mm = 2.0
2026-09-07 10:18:34,592 [DEBUG] core.settings: settings.set helper_marker_per_patch = 3
2026-09-07 10:18:34,592 [DEBUG] core.settings: settings.set helper_markers_top_bottom = True
2026-09-07 10:18:34,592 [DEBUG] core.settings: settings.set helper_markers_sides = True
2026-09-07 10:18:34,630 [DEBUG] core.settings: settings.set helper_markers_show = False
2026-09-07 10:18:34,630 [DEBUG] core.settings: settings.set helper_marker_edge_mm = 2.0
2026-09-07 10:18:34,630 [DEBUG] core.settings: settings.set helper_marker_len_mm = 2.0
2026-09-07 10:18:34,630 [DEBUG] core.settings: settings.set helper_marker_per_patch = 3
2026-09-07 10:18:34,630 [DEBUG] core.settings: settings.set helper_markers_top_bottom = True
2026-09-07 10:18:34,630 [DEBUG] core.settings: settings.set helper_markers_sides = True
2026-09-07 10:18:34,655 [INFO] ui.tabs.tab_chart: chart loaded: 1 page(s) counted from the page images (field was 1, now 1)
2026-09-07 10:18:34,674 [DEBUG] ui.tiff_preview: TiffPreview: loaded 1 page(s)
2026-09-07 10:18:34,676 [DEBUG] ui.tiff_preview: TiffPreview: loaded 1 page(s)
2026-09-07 10:18:34,680 [DEBUG] ui.tabs.tab_chart: the chart sidecar moved 1 parameters and 1 ui values away from the target's own
2026-09-07 10:18:36,996 [INFO] review:   A roundtrip: {'preview_pages': 1, 'actual': {'total': 525, 'fillup': 0, 'page_patches': 525, 'rows': 25, 'cols': 21, 'pages': 1, 'patch': (8.3, 8.55), 'pitch': None}, 'status': 'Margins: OK', 'panel_paper': 'A4 (210 × 297 mm) Portrait', 'custom': (20.0, 20.0), 'patch': (0.0, 0.0), 'layout_mode': 'area_first'}
2026-09-07 10:18:37,159 [INFO] review:   shot Review/Screenshots/R05-files-presets-cal/a02-after-run-roundtrip.png  (3400x2100)
2026-09-07 10:18:37,338 [DEBUG] core.settings: settings.set helper_markers_show = False
2026-09-07 10:18:37,338 [DEBUG] core.settings: settings.set helper_marker_edge_mm = 2.0
2026-09-07 10:18:37,338 [DEBUG] core.settings: settings.set helper_marker_len_mm = 2.0
2026-09-07 10:18:37,338 [DEBUG] core.settings: settings.set helper_marker_per_patch = 3
2026-09-07 10:18:37,338 [DEBUG] core.settings: settings.set helper_markers_top_bottom = True
2026-09-07 10:18:37,338 [DEBUG] core.settings: settings.set helper_markers_sides = True
2026-09-07 10:18:38,186 [INFO] review:   armed: dialog ~'quite fill' -> click 'OK' (last page hint)
2026-09-07 10:18:38,186 [INFO] review:   armed: dialog ~'already' -> click 'Continue' 
2026-09-07 10:18:38,187 [INFO] ui.tabs.tab_chart: chart build (Generate Chart) in manual: patch set targen | manual panel: A4, 0x0 grid, margins T38.0 R9.0 B19.0 L26.0
2026-09-07 10:18:38,191 [DEBUG] core.settings: settings.set session_ti3_path = ''
2026-09-07 10:18:38,191 [DEBUG] core.settings: settings.set session_icc_path = ''
2026-09-07 10:18:38,191 [DEBUG] core.settings: settings.set session_cal_ti3_path = ''
2026-09-07 10:18:38,192 [DEBUG] core.file_manager: Target name set to: R2-Engine (root /Users/Basti/ChromIQ-assessment/R2-Engine)
2026-09-07 10:18:38,193 [INFO] core.file_manager: opened the EXISTING project at /Users/Basti/ChromIQ-assessment/R2-Engine (1 run(s) on disk)
2026-09-07 10:18:38,196 [INFO] workflow.chart_creator: Chart generation: 9500 patches, instrument=i1 paper=A4 disable_lb=True
2026-09-07 10:18:38,196 [INFO] workflow.chart_creator: targen args: ['-v', '-d2', '-f9500', '-e8', '-B8', '-G', '-g128', 'R2-Engine']
2026-09-07 10:18:38,196 [INFO] core.argyll_runner: Run: /Applications/Argyll/bin/targen -v -d2 -f9500 -e8 -B8 -G -g128 R2-Engine  [cwd=/Users/Basti/ChromIQ-assessment/R2-Engine/runs/run1]
2026-09-07 10:18:38,275 [DEBUG] core.argyll_runner: [argyll] iRGB test chart
2026-09-07 10:18:38,275 [DEBUG] core.argyll_runner: [argyll] White patches = 8
2026-09-07 10:18:38,275 [DEBUG] core.argyll_runner: [argyll] Black patches = 8
2026-09-07 10:18:38,276 [DEBUG] core.argyll_runner: [argyll] Composite Grey steps = 128
2026-09-07 10:18:38,276 [DEBUG] core.argyll_runner: [argyll] Full spread patches = 9500
2026-09-07 10:18:38,276 [DEBUG] core.argyll_runner: [argyll] Degree of adaptation: 0.100
2026-09-07 10:18:38,276 [DEBUG] core.argyll_runner: [argyll] Adaptation weights: Device = 0.935, Perceptual = 0.065, Curvature = 0.010
2026-09-07 10:18:38,276 [DEBUG] core.argyll_runner: [argyll] Perceptual cache resolution = 23
2026-09-07 10:18:38,277 [DEBUG] core.argyll_runner: [argyll] Seeding cache...
2026-09-07 10:18:38,410 [DEBUG] core.argyll_runner: [argyll] done
2026-09-07 10:18:38,410 [DEBUG] core.argyll_runner: [argyll] Acceleration grid res = 23
2026-09-07 10:18:38,411 [DEBUG] core.argyll_runner: [argyll] 
2026-09-07 10:18:38,411 [DEBUG] core.argyll_runner: [argyll] There are 128 unique fixed points to add (142 total fixed points)
2026-09-07 10:18:38,411 [DEBUG] core.argyll_runner: [argyll] There are 9358 far spread points to add
2026-09-07 10:18:38,411 [DEBUG] core.argyll_runner: [argyll] 
2026-09-07 10:18:38,411 [DEBUG] core.argyll_runner: [argyll] Added 12/9486
2026-09-07 10:18:38,411 [DEBUG] core.argyll_runner: [argyll] Added 23/9486
2026-09-07 10:18:38,412 [DEBUG] core.argyll_runner: [argyll] Added 34/9486
2026-09-07 10:18:38,412 [DEBUG] core.argyll_runner: [argyll] Added 45/9486
2026-09-07 10:18:38,424 [DEBUG] core.argyll_runner: [argyll] 
2026-09-07 10:18:38,425 [DEBUG] core.argyll_runner: [argyll] Added 56/9486
2026-09-07 10:18:38,425 [DEBUG] core.argyll_runner: [argyll] Added 67/9486
2026-09-07 10:18:38,425 [DEBUG] core.argyll_runner: [argyll] Added 78/9486
2026-09-07 10:18:38,425 [DEBUG] core.argyll_runner: [argyll] Added 89/9486
2026-09-07 10:18:38,426 [DEBUG] core.argyll_runner: [argyll] Added 100/9486
2026-09-07 10:18:38,426 [DEBUG] core.argyll_runner: [argyll] Added 111/9486
2026-09-07 10:18:38,427 [DEBUG] core.argyll_runner: [argyll] Added 122/9486
2026-09-07 10:18:38,427 [DEBUG] core.argyll_runner: [argyll] Added 133/9486
2026-09-07 10:18:38,428 [DEBUG] core.argyll_runner: [argyll] Added 144/9486
2026-09-07 10:18:38,441 [DEBUG] core.argyll_runner: [argyll] 
2026-09-07 10:18:38,441 [DEBUG] core.argyll_runner: [argyll] Added 155/9486
2026-09-07 10:18:38,441 [DEBUG] core.argyll_runner: [argyll] Added 166/9486
2026-09-07 10:18:38,442 [DEBUG] core.argyll_runner: [argyll] Added 177/9486
2026-09-07 10:18:38,442 [DEBUG] core.argyll_runner: [argyll] Added 188/9486
2026-09-07 10:18:38,442 [DEBUG] core.argyll_runner: [argyll] Added 199/9486
2026-09-07 10:18:38,443 [DEBUG] core.argyll_runner: [argyll] Added 210/9486
2026-09-07 10:18:38,443 [DEBUG] core.argyll_runner: [argyll] Added 221/9486
2026-09-07 10:18:38,444 [DEBUG] core.argyll_runner: [argyll] Added 232/9486
2026-09-07 10:18:38,455 [DEBUG] core.argyll_runner: [argyll] 
2026-09-07 10:18:38,455 [DEBUG] core.argyll_runner: [argyll] Added 243/9486
2026-09-07 10:18:38,456 [DEBUG] core.argyll_runner: [argyll] Added 254/9486
2026-09-07 10:18:38,456 [DEBUG] core.argyll_runner: [argyll] Added 265/9486
2026-09-07 10:18:38,456 [DEBUG] core.argyll_runner: [argyll] Added 276/9486
2026-09-07 10:18:38,456 [DEBUG] core.argyll_runner: [argyll] Added 287/9486
2026-09-07 10:18:38,457 [DEBUG] core.argyll_runner: [argyll] Added 298/9486
2026-09-07 10:18:38,457 [DEBUG] core.argyll_runner: [argyll] Added 309/9486
2026-09-07 10:18:38,458 [DEBUG] core.argyll_runner: [argyll] Added 320/9486
2026-09-07 10:18:38,459 [DEBUG] core.argyll_runner: [argyll] Added 331/9486
2026-09-07 10:18:38,472 [DEBUG] core.argyll_runner: [argyll] 
2026-09-07 10:18:38,472 [DEBUG] core.argyll_runner: [argyll] Added 342/9486
2026-09-07 10:18:38,472 [DEBUG] core.argyll_runner: [argyll] Added 353/9486
2026-09-07 10:18:38,472 [DEBUG] core.argyll_runner: [argyll] Added 364/9486
2026-09-07 10:18:38,473 [DEBUG] core.argyll_runner: [argyll] Added 375/9486
2026-09-07 10:18:38,473 [DEBUG] core.argyll_runner: [argyll] Added 386/9486
2026-09-07 10:18:38,473 [DEBUG] core.argyll_runner: [argyll] Added 397/9486
2026-09-07 10:18:38,474 [DEBUG] core.argyll_runner: [argyll] Added 408/9486
2026-09-07 10:18:38,474 [DEBUG] core.argyll_runner: [argyll] Added 419/9486
2026-09-07 10:18:38,475 [DEBUG] core.argyll_runner: [argyll] Added 430/9486
2026-09-07 10:18:38,488 [DEBUG] core.argyll_runner: [argyll] 
2026-09-07 10:18:38,488 [DEBUG] core.argyll_runner: [argyll] Added 441/9486
2026-09-07 10:18:38,489 [DEBUG] core.argyll_runner: [argyll] Added 452/9486
2026-09-07 10:18:38,489 [DEBUG] core.argyll_runner: [argyll] Added 463/9486
2026-09-07 10:18:38,489 [DEBUG] core.argyll_runner: [argyll] Added 474/9486
2026-09-07 10:18:38,489 [DEBUG] core.argyll_runner: [argyll] Added 485/9486
2026-09-07 10:18:38,490 [DEBUG] core.argyll_runner: [argyll] Added 496/9486
2026-09-07 10:18:38,490 [DEBUG] core.argyll_runner: [argyll] Added 507/9486
2026-09-07 10:18:38,491 [DEBUG] core.argyll_runner: [argyll] Added 518/9486
2026-09-07 10:18:38,491 [DEBUG] core.argyll_runner: [argyll] Added 529/9486
2026-09-07 10:18:38,492 [DEBUG] core.argyll_runner: [argyll] Added 540/9486
2026-09-07 10:18:38,493 [DEBUG] core.argyll_runner: [argyll] Added 551/9486
2026-09-07 10:18:38,494 [DEBUG] core.argyll_runner: [argyll] Added 562/9486
2026-09-07 10:18:38,495 [DEBUG] core.argyll_runner: [argyll] Added 573/9486
2026-09-07 10:18:38,496 [DEBUG] core.argyll_runner: [argyll] Added 584/9486
2026-09-07 10:18:38,510 [DEBUG] core.argyll_runner: [argyll] 
2026-09-07 10:18:38,510 [DEBUG] core.argyll_runner: [argyll] Added 595/9486
2026-09-07 10:18:38,510 [DEBUG] core.argyll_runner: [argyll] Added 606/9486
2026-09-07 10:18:38,510 [DEBUG] core.argyll_runner: [argyll] Added 617/9486
2026-09-07 10:18:38,511 [DEBUG] core.argyll_runner: [argyll] Added 628/9486
2026-09-07 10:18:38,511 [DEBUG] core.argyll_runner: [argyll] Added 639/9486
2026-09-07 10:18:38,511 [DEBUG] core.argyll_runner: [argyll] Added 650/9486
2026-09-07 10:18:38,512 [DEBUG] core.argyll_runner: [argyll] Added 661/9486
2026-09-07 10:18:38,513 [DEBUG] core.argyll_runner: [argyll] Added 672/9486
2026-09-07 10:18:38,513 [DEBUG] core.argyll_runner: [argyll] Added 683/9486
2026-09-07 10:18:38,514 [DEBUG] core.argyll_runner: [argyll] Added 694/9486
2026-09-07 10:18:38,515 [DEBUG] core.argyll_runner: [argyll] Added 705/9486
2026-09-07 10:18:38,516 [DEBUG] core.argyll_runner: [argyll] Added 716/9486
2026-09-07 10:18:38,517 [DEBUG] core.argyll_runner: [argyll] Added 727/9486
2026-09-07 10:18:38,518 [DEBUG] core.argyll_runner: [argyll] Added 738/9486
2026-09-07 10:18:38,519 [DEBUG] core.argyll_runner: [argyll] Added 749/9486
2026-09-07 10:18:38,520 [DEBUG] core.argyll_runner: [argyll] Added 760/9486
2026-09-07 10:18:38,522 [DEBUG] core.argyll_runner: [argyll] Added 771/9486
2026-09-07 10:18:38,523 [DEBUG] core.argyll_runner: [argyll] Added 782/9486
2026-09-07 10:18:38,525 [DEBUG] core.argyll_runner: [argyll] Added 793/9486
2026-09-07 10:18:38,526 [DEBUG] core.argyll_runner: [argyll] Added 804/9486
2026-09-07 10:18:38,528 [DEBUG] core.argyll_runner: [argyll] Added 815/9486
2026-09-07 10:18:38,542 [DEBUG] core.argyll_runner: [argyll] 
2026-09-07 10:18:38,543 [DEBUG] core.argyll_runner: [argyll] Added 826/9486
2026-09-07 10:18:38,543 [DEBUG] core.argyll_runner: [argyll] Added 837/9486
2026-09-07 10:18:38,543 [DEBUG] core.argyll_runner: [argyll] Added 848/9486
2026-09-07 10:18:38,543 [DEBUG] core.argyll_runner: [argyll] Added 859/9486
2026-09-07 10:18:38,544 [DEBUG] core.argyll_runner: [argyll] Added 870/9486
2026-09-07 10:18:38,544 [DEBUG] core.argyll_runner: [argyll] Added 881/9486
2026-09-07 10:18:38,545 [DEBUG] core.argyll_runner: [argyll] Added 892/9486
2026-09-07 10:18:38,545 [DEBUG] core.argyll_runner: [argyll] Added 903/9486
2026-09-07 10:18:38,546 [DEBUG] core.argyll_runner: [argyll] Added 914/9486
2026-09-07 10:18:38,547 [DEBUG] core.argyll_runner: [argyll] Added 925/9486
2026-09-07 10:18:38,547 [DEBUG] core.argyll_runner: [argyll] Added 936/9486
2026-09-07 10:18:38,548 [DEBUG] core.argyll_runner: [argyll] Added 947/9486
2026-09-07 10:18:38,549 [DEBUG] core.argyll_runner: [argyll] Added 958/9486
2026-09-07 10:18:38,550 [DEBUG] core.argyll_runner: [argyll] Added 969/9486
2026-09-07 10:18:38,552 [DEBUG] core.argyll_runner: [argyll] Added 980/9486
2026-09-07 10:18:38,553 [DEBUG] core.argyll_runner: [argyll] Added 991/9486
2026-09-07 10:18:38,555 [DEBUG] core.argyll_runner: [argyll] Added 1002/9486
2026-09-07 10:18:38,556 [DEBUG] core.argyll_runner: [argyll] Added 1013/9486
2026-09-07 10:18:38,558 [DEBUG] core.argyll_runner: [argyll] Added 1024/9486
2026-09-07 10:18:38,560 [DEBUG] core.argyll_runner: [argyll] Added 1035/9486
2026-09-07 10:18:38,562 [DEBUG] core.argyll_runner: [argyll] Added 1046/9486
2026-09-07 10:18:38,564 [DEBUG] core.argyll_runner: [argyll] Added 1057/9486
2026-09-07 10:18:38,566 [DEBUG] core.argyll_runner: [argyll] Added 1068/9486
2026-09-07 10:18:38,568 [DEBUG] core.argyll_runner: [argyll] Added 1079/9486
2026-09-07 10:18:38,571 [DEBUG] core.argyll_runner: [argyll] Added 1090/9486
2026-09-07 10:18:38,574 [DEBUG] core.argyll_runner: [argyll] Added 1101/9486
2026-09-07 10:18:38,576 [DEBUG] core.argyll_runner: [argyll] Added 1112/9486
2026-09-07 10:18:38,579 [DEBUG] core.argyll_runner: [argyll] Added 1123/9486
2026-09-07 10:18:38,582 [DEBUG] core.argyll_runner: [argyll] Added 1134/9486
2026-09-07 10:18:38,585 [DEBUG] core.argyll_runner: [argyll] Added 1145/9486
2026-09-07 10:18:38,589 [DEBUG] core.argyll_runner: [argyll] Added 1156/9486
2026-09-07 10:18:38,592 [DEBUG] core.argyll_runner: [argyll] Added 1167/9486
2026-09-07 10:18:38,609 [DEBUG] core.argyll_runner: [argyll] 
2026-09-07 10:18:38,610 [DEBUG] core.argyll_runner: [argyll] Added 1178/9486
2026-09-07 10:18:38,610 [DEBUG] core.argyll_runner: [argyll] Added 1189/9486
2026-09-07 10:18:38,610 [DEBUG] core.argyll_runner: [argyll] Added 1200/9486
2026-09-07 10:18:38,610 [DEBUG] core.argyll_runner: [argyll] Added 1211/9486
2026-09-07 10:18:38,611 [DEBUG] core.argyll_runner: [argyll] Added 1222/9486
2026-09-07 10:18:38,612 [DEBUG] core.argyll_runner: [argyll] Added 1233/9486
2026-09-07 10:18:38,612 [DEBUG] core.argyll_runner: [argyll] Added 1244/9486
2026-09-07 10:18:38,613 [DEBUG] core.argyll_runner: [argyll] Added 1255/9486
2026-09-07 10:18:38,614 [DEBUG] core.argyll_runner: [argyll] Added 1266/9486
2026-09-07 10:18:38,615 [DEBUG] core.argyll_runner: [argyll] Added 1277/9486
2026-09-07 10:18:38,617 [DEBUG] core.argyll_runner: [argyll] Added 1288/9486
2026-09-07 10:18:38,618 [DEBUG] core.argyll_runner: [argyll] Added 1299/9486
2026-09-07 10:18:38,620 [DEBUG] core.argyll_runner: [argyll] Added 1310/9486
2026-09-07 10:18:38,621 [DEBUG] core.argyll_runner: [argyll] Added 1321/9486
2026-09-07 10:18:38,623 [DEBUG] core.argyll_runner: [argyll] Added 1332/9486
2026-09-07 10:18:38,625 [DEBUG] core.argyll_runner: [argyll] Added 1343/9486
2026-09-07 10:18:38,627 [DEBUG] core.argyll_runner: [argyll] Added 1354/9486
2026-09-07 10:18:38,629 [DEBUG] core.argyll_runner: [argyll] Added 1365/9486
2026-09-07 10:18:38,631 [DEBUG] core.argyll_runner: [argyll] Added 1376/9486
2026-09-07 10:18:38,634 [DEBUG] core.argyll_runner: [argyll] Added 1387/9486
2026-09-07 10:18:38,636 [DEBUG] core.argyll_runner: [argyll] Added 1398/9486
2026-09-07 10:18:38,639 [DEBUG] core.argyll_runner: [argyll] Added 1409/9486
2026-09-07 10:18:38,642 [DEBUG] core.argyll_runner: [argyll] Added 1420/9486
2026-09-07 10:18:38,645 [DEBUG] core.argyll_runner: [argyll] Added 1431/9486
2026-09-07 10:18:38,648 [DEBUG] core.argyll_runner: [argyll] Added 1442/9486
2026-09-07 10:18:38,651 [DEBUG] core.argyll_runner: [argyll] Added 1453/9486
2026-09-07 10:18:38,655 [DEBUG] core.argyll_runner: [argyll] Added 1464/9486
2026-09-07 10:18:38,658 [DEBUG] core.argyll_runner: [argyll] Added 1475/9486
2026-09-07 10:18:38,662 [DEBUG] core.argyll_runner: [argyll] Added 1486/9486
2026-09-07 10:18:38,666 [DEBUG] core.argyll_runner: [argyll] Added 1497/9486
2026-09-07 10:18:38,670 [DEBUG] core.argyll_runner: [argyll] Added 1508/9486
2026-09-07 10:18:38,674 [DEBUG] core.argyll_runner: [argyll] Added 1519/9486
2026-09-07 10:18:38,678 [DEBUG] core.argyll_runner: [argyll] Added 1530/9486
2026-09-07 10:18:38,682 [DEBUG] core.argyll_runner: [argyll] Added 1541/9486
2026-09-07 10:18:38,687 [DEBUG] core.argyll_runner: [argyll] Added 1552/9486
2026-09-07 10:18:38,691 [DEBUG] core.argyll_runner: [argyll] Added 1563/9486
2026-09-07 10:18:38,696 [DEBUG] core.argyll_runner: [argyll] Added 1574/9486
2026-09-07 10:18:38,701 [DEBUG] core.argyll_runner: [argyll] Added 1585/9486
2026-09-07 10:18:38,706 [DEBUG] core.argyll_runner: [argyll] Added 1596/9486
2026-09-07 10:18:38,711 [DEBUG] core.argyll_runner: [argyll] Added 1607/9486
2026-09-07 10:18:38,716 [DEBUG] core.argyll_runner: [argyll] Added 1618/9486
2026-09-07 10:18:38,722 [DEBUG] core.argyll_runner: [argyll] Added 1629/9486
2026-09-07 10:18:38,727 [DEBUG] core.argyll_runner: [argyll] Added 1640/9486
2026-09-07 10:18:38,733 [DEBUG] core.argyll_runner: [argyll] Added 1651/9486
2026-09-07 10:18:38,738 [DEBUG] core.argyll_runner: [argyll] Added 1662/9486
2026-09-07 10:18:38,744 [DEBUG] core.argyll_runner: [argyll] Added 1673/9486
2026-09-07 10:18:38,750 [DEBUG] core.argyll_runner: [argyll] Added 1684/9486
2026-09-07 10:18:38,757 [DEBUG] core.argyll_runner: [argyll] Added 1695/9486
2026-09-07 10:18:38,763 [DEBUG] core.argyll_runner: [argyll] Added 1706/9486
2026-09-07 10:18:38,770 [DEBUG] core.argyll_runner: [argyll] Added 1717/9486
2026-09-07 10:18:38,776 [DEBUG] core.argyll_runner: [argyll] Added 1728/9486
2026-09-07 10:18:38,783 [DEBUG] core.argyll_runner: [argyll] Added 1739/9486
2026-09-07 10:18:38,790 [DEBUG] core.argyll_runner: [argyll] Added 1750/9486
2026-09-07 10:18:38,797 [DEBUG] core.argyll_runner: [argyll] Added 1761/9486
2026-09-07 10:18:38,804 [DEBUG] core.argyll_runner: [argyll] Added 1772/9486
2026-09-07 10:18:38,812 [DEBUG] core.argyll_runner: [argyll] Added 1783/9486
2026-09-07 10:18:38,819 [DEBUG] core.argyll_runner: [argyll] Added 1794/9486
2026-09-07 10:18:38,827 [DEBUG] core.argyll_runner: [argyll] Added 1805/9486
2026-09-07 10:18:38,835 [DEBUG] core.argyll_runner: [argyll] Added 1816/9486
2026-09-07 10:18:38,843 [DEBUG] core.argyll_runner: [argyll] Added 1827/9486
2026-09-07 10:18:38,851 [DEBUG] core.argyll_runner: [argyll] Added 1838/9486
2026-09-07 10:18:38,860 [DEBUG] core.argyll_runner: [argyll] Added 1849/9486
2026-09-07 10:18:38,869 [DEBUG] core.argyll_runner: [argyll] Added 1860/9486
2026-09-07 10:18:38,877 [DEBUG] core.argyll_runner: [argyll] Added 1871/9486
2026-09-07 10:18:38,886 [DEBUG] core.argyll_runner: [argyll] Added 1882/9486
2026-09-07 10:18:38,895 [DEBUG] core.argyll_runner: [argyll] Added 1893/9486
2026-09-07 10:18:38,905 [DEBUG] core.argyll_runner: [argyll] Added 1904/9486
2026-09-07 10:18:38,928 [DEBUG] core.argyll_runner: [argyll] 
2026-09-07 10:18:38,931 [DEBUG] core.argyll_runner: [argyll] Added 1915/9486
2026-09-07 10:18:38,931 [DEBUG] core.argyll_runner: [argyll] Added 1926/9486
2026-09-07 10:18:38,931 [DEBUG] core.argyll_runner: [argyll] Added 1937/9486
2026-09-07 10:18:38,932 [DEBUG] core.argyll_runner: [argyll] Added 1948/9486
2026-09-07 10:18:38,932 [DEBUG] core.argyll_runner: [argyll] Added 1959/9486
2026-09-07 10:18:38,933 [DEBUG] core.argyll_runner: [argyll] Added 1970/9486
2026-09-07 10:18:38,934 [DEBUG] core.argyll_runner: [argyll] Added 1981/9486
2026-09-07 10:18:38,934 [DEBUG] core.argyll_runner: [argyll] Added 1992/9486
2026-09-07 10:18:38,935 [DEBUG] core.argyll_runner: [argyll] Added 2003/9486
2026-09-07 10:18:38,937 [DEBUG] core.argyll_runner: [argyll] Added 2014/9486
2026-09-07 10:18:38,938 [DEBUG] core.argyll_runner: [argyll] Added 2025/9486
2026-09-07 10:18:38,939 [DEBUG] core.argyll_runner: [argyll] Added 2036/9486
2026-09-07 10:18:38,941 [DEBUG] core.argyll_runner: [argyll] Added 2047/9486
2026-09-07 10:18:38,943 [DEBUG] core.argyll_runner: [argyll] Added 2058/9486
2026-09-07 10:18:38,945 [DEBUG] core.argyll_runner: [argyll] Added 2069/9486
2026-09-07 10:18:38,946 [DEBUG] core.argyll_runner: [argyll] Added 2080/9486
2026-09-07 10:18:38,949 [DEBUG] core.argyll_runner: [argyll] Added 2091/9486
2026-09-07 10:18:38,951 [DEBUG] core.argyll_runner: [argyll] Added 2102/9486
2026-09-07 10:18:38,953 [DEBUG] core.argyll_runner: [argyll] Added 2113/9486
2026-09-07 10:18:38,956 [DEBUG] core.argyll_runner: [argyll] Added 2124/9486
2026-09-07 10:18:38,958 [DEBUG] core.argyll_runner: [argyll] Added 2135/9486
2026-09-07 10:18:38,961 [DEBUG] core.argyll_runner: [argyll] Added 2146/9486
2026-09-07 10:18:38,964 [DEBUG] core.argyll_runner: [argyll] Added 2157/9486
2026-09-07 10:18:38,967 [DEBUG] core.argyll_runner: [argyll] Added 2168/9486
2026-09-07 10:18:38,970 [DEBUG] core.argyll_runner: [argyll] Added 2179/9486
2026-09-07 10:18:38,974 [DEBUG] core.argyll_runner: [argyll] Added 2190/9486
2026-09-07 10:18:38,977 [DEBUG] core.argyll_runner: [argyll] Added 2201/9486
2026-09-07 10:18:38,981 [DEBUG] core.argyll_runner: [argyll] Added 2212/9486
2026-09-07 10:18:38,985 [DEBUG] core.argyll_runner: [argyll] Added 2223/9486
2026-09-07 10:18:38,988 [DEBUG] core.argyll_runner: [argyll] Added 2234/9486
2026-09-07 10:18:38,992 [DEBUG] core.argyll_runner: [argyll] Added 2245/9486
2026-09-07 10:18:38,997 [DEBUG] core.argyll_runner: [argyll] Added 2256/9486
2026-09-07 10:18:39,001 [DEBUG] core.argyll_runner: [argyll] Added 2267/9486
2026-09-07 10:18:39,005 [DEBUG] core.argyll_runner: [argyll] Added 2278/9486
2026-09-07 10:18:39,010 [DEBUG] core.argyll_runner: [argyll] Added 2289/9486
2026-09-07 10:18:39,014 [DEBUG] core.argyll_runner: [argyll] Added 2300/9486
2026-09-07 10:18:39,019 [DEBUG] core.argyll_runner: [argyll] Added 2311/9486
2026-09-07 10:18:39,024 [DEBUG] core.argyll_runner: [argyll] Added 2322/9486
2026-09-07 10:18:39,029 [DEBUG] core.argyll_runner: [argyll] Added 2333/9486
2026-09-07 10:18:39,034 [DEBUG] core.argyll_runner: [argyll] Added 2344/9486
2026-09-07 10:18:39,039 [DEBUG] core.argyll_runner: [argyll] Added 2355/9486
2026-09-07 10:18:39,045 [DEBUG] core.argyll_runner: [argyll] Added 2366/9486
2026-09-07 10:18:39,051 [DEBUG] core.argyll_runner: [argyll] Added 2377/9486
2026-09-07 10:18:39,056 [DEBUG] core.argyll_runner: [argyll] Added 2388/9486
2026-09-07 10:18:39,062 [DEBUG] core.argyll_runner: [argyll] Added 2399/9486
2026-09-07 10:18:39,069 [DEBUG] core.argyll_runner: [argyll] Added 2410/9486
2026-09-07 10:18:39,075 [DEBUG] core.argyll_runner: [argyll] Added 2421/9486
2026-09-07 10:18:39,082 [DEBUG] core.argyll_runner: [argyll] Added 2432/9486
2026-09-07 10:18:39,089 [DEBUG] core.argyll_runner: [argyll] Added 2443/9486
2026-09-07 10:18:39,095 [DEBUG] core.argyll_runner: [argyll] Added 2454/9486
2026-09-07 10:18:39,102 [DEBUG] core.argyll_runner: [argyll] Added 2465/9486
2026-09-07 10:18:39,110 [DEBUG] core.argyll_runner: [argyll] Added 2476/9486
2026-09-07 10:18:39,117 [DEBUG] core.argyll_runner: [argyll] Added 2487/9486
2026-09-07 10:18:39,125 [DEBUG] core.argyll_runner: [argyll] Added 2498/9486
2026-09-07 10:18:39,132 [DEBUG] core.argyll_runner: [argyll] Added 2509/9486
2026-09-07 10:18:39,140 [DEBUG] core.argyll_runner: [argyll] Added 2520/9486
2026-09-07 10:18:39,148 [DEBUG] core.argyll_runner: [argyll] Added 2531/9486
2026-09-07 10:18:39,156 [DEBUG] core.argyll_runner: [argyll] Added 2542/9486
2026-09-07 10:18:39,164 [DEBUG] core.argyll_runner: [argyll] Added 2553/9486
2026-09-07 10:18:39,172 [DEBUG] core.argyll_runner: [argyll] Added 2564/9486
2026-09-07 10:18:39,181 [DEBUG] core.argyll_runner: [argyll] Added 2575/9486
2026-09-07 10:18:39,189 [DEBUG] core.argyll_runner: [argyll] Added 2586/9486
2026-09-07 10:18:39,198 [DEBUG] core.argyll_runner: [argyll] Added 2597/9486
2026-09-07 10:18:39,207 [DEBUG] core.argyll_runner: [argyll] Added 2608/9486
2026-09-07 10:18:39,216 [DEBUG] core.argyll_runner: [argyll] Added 2619/9486
2026-09-07 10:18:39,225 [DEBUG] core.argyll_runner: [argyll] Added 2630/9486
2026-09-07 10:18:39,234 [DEBUG] core.argyll_runner: [argyll] Added 2641/9486
2026-09-07 10:18:39,243 [DEBUG] core.argyll_runner: [argyll] Added 2652/9486
2026-09-07 10:18:39,253 [DEBUG] core.argyll_runner: [argyll] Added 2663/9486
2026-09-07 10:18:39,262 [DEBUG] core.argyll_runner: [argyll] Added 2674/9486
2026-09-07 10:18:39,272 [DEBUG] core.argyll_runner: [argyll] Added 2685/9486
2026-09-07 10:18:39,282 [DEBUG] core.argyll_runner: [argyll] Added 2696/9486
2026-09-07 10:18:39,292 [DEBUG] core.argyll_runner: [argyll] Added 2707/9486
2026-09-07 10:18:39,302 [DEBUG] core.argyll_runner: [argyll] Added 2718/9486
2026-09-07 10:18:39,312 [DEBUG] core.argyll_runner: [argyll] Added 2729/9486
2026-09-07 10:18:39,323 [DEBUG] core.argyll_runner: [argyll] Added 2740/9486
2026-09-07 10:18:39,334 [DEBUG] core.argyll_runner: [argyll] Added 2751/9486
2026-09-07 10:18:39,344 [DEBUG] core.argyll_runner: [argyll] Added 2762/9486
2026-09-07 10:18:39,355 [DEBUG] core.argyll_runner: [argyll] Added 2773/9486
2026-09-07 10:18:39,366 [DEBUG] core.argyll_runner: [argyll] Added 2784/9486
2026-09-07 10:18:39,377 [DEBUG] core.argyll_runner: [argyll] Added 2795/9486
2026-09-07 10:18:39,389 [DEBUG] core.argyll_runner: [argyll] Added 2806/9486
2026-09-07 10:18:39,400 [DEBUG] core.argyll_runner: [argyll] Added 2817/9486
2026-09-07 10:18:39,412 [DEBUG] core.argyll_runner: [argyll] Added 2828/9486
2026-09-07 10:18:39,423 [DEBUG] core.argyll_runner: [argyll] Added 2839/9486
2026-09-07 10:18:39,435 [DEBUG] core.argyll_runner: [argyll] Added 2850/9486
2026-09-07 10:18:39,447 [DEBUG] core.argyll_runner: [argyll] Added 2861/9486
2026-09-07 10:18:39,459 [DEBUG] core.argyll_runner: [argyll] Added 2872/9486
2026-09-07 10:18:39,471 [DEBUG] core.argyll_runner: [argyll] Added 2883/9486
2026-09-07 10:18:39,484 [DEBUG] core.argyll_runner: [argyll] Added 2894/9486
2026-09-07 10:18:39,497 [DEBUG] core.argyll_runner: [argyll] Added 2905/9486
2026-09-07 10:18:39,509 [DEBUG] core.argyll_runner: [argyll] Added 2916/9486
2026-09-07 10:18:39,522 [DEBUG] core.argyll_runner: [argyll] Added 2927/9486
2026-09-07 10:18:39,535 [DEBUG] core.argyll_runner: [argyll] Added 2938/9486
2026-09-07 10:18:39,548 [DEBUG] core.argyll_runner: [argyll] Added 2949/9486
2026-09-07 10:18:39,561 [DEBUG] core.argyll_runner: [argyll] Added 2960/9486
2026-09-07 10:18:39,575 [DEBUG] core.argyll_runner: [argyll] Added 2971/9486
2026-09-07 10:18:39,588 [DEBUG] core.argyll_runner: [argyll] Added 2982/9486
2026-09-07 10:18:39,601 [DEBUG] core.argyll_runner: [argyll] Added 2993/9486
2026-09-07 10:18:39,615 [DEBUG] core.argyll_runner: [argyll] Added 3004/9486
2026-09-07 10:18:39,628 [DEBUG] core.argyll_runner: [argyll] Added 3015/9486
2026-09-07 10:18:39,641 [DEBUG] core.argyll_runner: [argyll] Added 3026/9486
2026-09-07 10:18:39,654 [DEBUG] core.argyll_runner: [argyll] Added 3037/9486
2026-09-07 10:18:39,668 [DEBUG] core.argyll_runner: [argyll] Added 3048/9486
2026-09-07 10:18:39,682 [DEBUG] core.argyll_runner: [argyll] Added 3059/9486
2026-09-07 10:18:39,696 [DEBUG] core.argyll_runner: [argyll] Added 3070/9486
2026-09-07 10:18:39,710 [DEBUG] core.argyll_runner: [argyll] Added 3081/9486
2026-09-07 10:18:39,724 [DEBUG] core.argyll_runner: [argyll] Added 3092/9486
2026-09-07 10:18:39,738 [DEBUG] core.argyll_runner: [argyll] Added 3103/9486
2026-09-07 10:18:39,752 [DEBUG] core.argyll_runner: [argyll] Added 3114/9486
2026-09-07 10:18:39,767 [DEBUG] core.argyll_runner: [argyll] Added 3125/9486
2026-09-07 10:18:39,782 [DEBUG] core.argyll_runner: [argyll] Added 3136/9486
2026-09-07 10:18:39,797 [DEBUG] core.argyll_runner: [argyll] Added 3147/9486
2026-09-07 10:18:39,812 [DEBUG] core.argyll_runner: [argyll] Added 3158/9486
2026-09-07 10:18:39,828 [DEBUG] core.argyll_runner: [argyll] Added 3169/9486
2026-09-07 10:18:39,844 [DEBUG] core.argyll_runner: [argyll] Added 3180/9486
2026-09-07 10:18:39,860 [DEBUG] core.argyll_runner: [argyll] Added 3191/9486
2026-09-07 10:18:39,876 [DEBUG] core.argyll_runner: [argyll] Added 3202/9486
2026-09-07 10:18:39,892 [DEBUG] core.argyll_runner: [argyll] Added 3213/9486
2026-09-07 10:18:39,909 [DEBUG] core.argyll_runner: [argyll] Added 3224/9486
2026-09-07 10:18:39,926 [DEBUG] core.argyll_runner: [argyll] Added 3235/9486
2026-09-07 10:18:39,942 [DEBUG] core.argyll_runner: [argyll] Added 3246/9486
2026-09-07 10:18:39,959 [DEBUG] core.argyll_runner: [argyll] Added 3257/9486
2026-09-07 10:18:39,977 [DEBUG] core.argyll_runner: [argyll] Added 3268/9486
2026-09-07 10:18:39,994 [DEBUG] core.argyll_runner: [argyll] Added 3279/9486
2026-09-07 10:18:40,011 [DEBUG] core.argyll_runner: [argyll] Added 3290/9486
2026-09-07 10:18:40,029 [DEBUG] core.argyll_runner: [argyll] Added 3301/9486
2026-09-07 10:18:40,047 [DEBUG] core.argyll_runner: [argyll] Added 3312/9486
2026-09-07 10:18:40,065 [DEBUG] core.argyll_runner: [argyll] Added 3323/9486
2026-09-07 10:18:40,083 [DEBUG] core.argyll_runner: [argyll] Added 3334/9486
2026-09-07 10:18:40,101 [DEBUG] core.argyll_runner: [argyll] Added 3345/9486
2026-09-07 10:18:40,120 [DEBUG] core.argyll_runner: [argyll] Added 3356/9486
2026-09-07 10:18:40,138 [DEBUG] core.argyll_runner: [argyll] Added 3367/9486
2026-09-07 10:18:40,157 [DEBUG] core.argyll_runner: [argyll] Added 3378/9486
2026-09-07 10:18:40,176 [DEBUG] core.argyll_runner: [argyll] Added 3389/9486
2026-09-07 10:18:40,195 [DEBUG] core.argyll_runner: [argyll] Added 3400/9486
2026-09-07 10:18:40,214 [DEBUG] core.argyll_runner: [argyll] Added 3411/9486
2026-09-07 10:18:40,233 [DEBUG] core.argyll_runner: [argyll] Added 3422/9486
2026-09-07 10:18:40,253 [DEBUG] core.argyll_runner: [argyll] Added 3433/9486
2026-09-07 10:18:40,272 [DEBUG] core.argyll_runner: [argyll] Added 3444/9486
2026-09-07 10:18:40,292 [DEBUG] core.argyll_runner: [argyll] Added 3455/9486
2026-09-07 10:18:40,312 [DEBUG] core.argyll_runner: [argyll] Added 3466/9486
2026-09-07 10:18:40,332 [DEBUG] core.argyll_runner: [argyll] Added 3477/9486
2026-09-07 10:18:40,353 [DEBUG] core.argyll_runner: [argyll] Added 3488/9486
2026-09-07 10:18:40,373 [DEBUG] core.argyll_runner: [argyll] Added 3499/9486
2026-09-07 10:18:40,394 [DEBUG] core.argyll_runner: [argyll] Added 3510/9486
2026-09-07 10:18:40,414 [DEBUG] core.argyll_runner: [argyll] Added 3521/9486
2026-09-07 10:18:40,435 [DEBUG] core.argyll_runner: [argyll] Added 3532/9486
2026-09-07 10:18:40,456 [DEBUG] core.argyll_runner: [argyll] Added 3543/9486
2026-09-07 10:18:40,477 [DEBUG] core.argyll_runner: [argyll] Added 3554/9486
2026-09-07 10:18:40,498 [DEBUG] core.argyll_runner: [argyll] Added 3565/9486
2026-09-07 10:18:40,519 [DEBUG] core.argyll_runner: [argyll] Added 3576/9486
2026-09-07 10:18:40,541 [DEBUG] core.argyll_runner: [argyll] Added 3587/9486
2026-09-07 10:18:40,562 [DEBUG] core.argyll_runner: [argyll] Added 3598/9486
2026-09-07 10:18:40,584 [DEBUG] core.argyll_runner: [argyll] Added 3609/9486
2026-09-07 10:18:40,606 [DEBUG] core.argyll_runner: [argyll] Added 3620/9486
2026-09-07 10:18:40,628 [DEBUG] core.argyll_runner: [argyll] Added 3631/9486
2026-09-07 10:18:40,650 [DEBUG] core.argyll_runner: [argyll] Added 3642/9486
2026-09-07 10:18:40,667 [DEBUG] core.argyll_runner: [argyll] Added 3653/9486
2026-09-07 10:18:40,680 [DEBUG] core.argyll_runner: [argyll] Added 3664/9486
2026-09-07 10:18:40,693 [DEBUG] core.argyll_runner: [argyll] Added 3675/9486
2026-09-07 10:18:40,706 [DEBUG] core.argyll_runner: [argyll] Added 3686/9486
2026-09-07 10:18:40,719 [DEBUG] core.argyll_runner: [argyll] Added 3697/9486
2026-09-07 10:18:40,732 [DEBUG] core.argyll_runner: [argyll] Added 3708/9486
2026-09-07 10:18:40,745 [DEBUG] core.argyll_runner: [argyll] Added 3719/9486
2026-09-07 10:18:40,759 [DEBUG] core.argyll_runner: [argyll] Added 3730/9486
2026-09-07 10:18:40,773 [DEBUG] core.argyll_runner: [argyll] Added 3741/9486
2026-09-07 10:18:40,786 [DEBUG] core.argyll_runner: [argyll] Added 3752/9486
2026-09-07 10:18:40,800 [DEBUG] core.argyll_runner: [argyll] Added 3763/9486
2026-09-07 10:18:40,814 [DEBUG] core.argyll_runner: [argyll] Added 3774/9486
2026-09-07 10:18:40,828 [DEBUG] core.argyll_runner: [argyll] Added 3785/9486
2026-09-07 10:18:40,842 [DEBUG] core.argyll_runner: [argyll] Added 3796/9486
2026-09-07 10:18:40,856 [DEBUG] core.argyll_runner: [argyll] Added 3807/9486
2026-09-07 10:18:40,870 [DEBUG] core.argyll_runner: [argyll] Added 3818/9486
2026-09-07 10:18:40,885 [DEBUG] core.argyll_runner: [argyll] Added 3829/9486
2026-09-07 10:18:40,899 [DEBUG] core.argyll_runner: [argyll] Added 3840/9486
2026-09-07 10:18:40,914 [DEBUG] core.argyll_runner: [argyll] Added 3851/9486
2026-09-07 10:18:40,929 [DEBUG] core.argyll_runner: [argyll] Added 3862/9486
2026-09-07 10:18:40,944 [DEBUG] core.argyll_runner: [argyll] Added 3873/9486
2026-09-07 10:18:40,959 [DEBUG] core.argyll_runner: [argyll] Added 3884/9486
2026-09-07 10:18:40,974 [DEBUG] core.argyll_runner: [argyll] Added 3895/9486
2026-09-07 10:18:40,990 [DEBUG] core.argyll_runner: [argyll] Added 3906/9486
2026-09-07 10:18:41,005 [DEBUG] core.argyll_runner: [argyll] Added 3917/9486
2026-09-07 10:18:41,021 [DEBUG] core.argyll_runner: [argyll] Added 3928/9486
2026-09-07 10:18:41,037 [DEBUG] core.argyll_runner: [argyll] Added 3939/9486
2026-09-07 10:18:41,053 [DEBUG] core.argyll_runner: [argyll] Added 3950/9486
2026-09-07 10:18:41,070 [DEBUG] core.argyll_runner: [argyll] Added 3961/9486
2026-09-07 10:18:41,086 [DEBUG] core.argyll_runner: [argyll] Added 3972/9486
2026-09-07 10:18:41,102 [DEBUG] core.argyll_runner: [argyll] Added 3983/9486
2026-09-07 10:18:41,119 [DEBUG] core.argyll_runner: [argyll] Added 3994/9486
2026-09-07 10:18:41,136 [DEBUG] core.argyll_runner: [argyll] Added 4005/9486
2026-09-07 10:18:41,153 [DEBUG] core.argyll_runner: [argyll] Added 4016/9486
2026-09-07 10:18:41,170 [DEBUG] core.argyll_runner: [argyll] Added 4027/9486
2026-09-07 10:18:41,188 [DEBUG] core.argyll_runner: [argyll] Added 4038/9486
2026-09-07 10:18:41,205 [DEBUG] core.argyll_runner: [argyll] Added 4049/9486
2026-09-07 10:18:41,223 [DEBUG] core.argyll_runner: [argyll] Added 4060/9486
2026-09-07 10:18:41,240 [DEBUG] core.argyll_runner: [argyll] Added 4071/9486
2026-09-07 10:18:41,258 [DEBUG] core.argyll_runner: [argyll] Added 4082/9486
2026-09-07 10:18:41,276 [DEBUG] core.argyll_runner: [argyll] Added 4093/9486
2026-09-07 10:18:41,295 [DEBUG] core.argyll_runner: [argyll] Added 4104/9486
2026-09-07 10:18:41,313 [DEBUG] core.argyll_runner: [argyll] Added 4115/9486
2026-09-07 10:18:41,331 [DEBUG] core.argyll_runner: [argyll] Added 4126/9486
2026-09-07 10:18:41,350 [DEBUG] core.argyll_runner: [argyll] Added 4137/9486
2026-09-07 10:18:41,369 [DEBUG] core.argyll_runner: [argyll] Added 4148/9486
2026-09-07 10:18:41,388 [DEBUG] core.argyll_runner: [argyll] Added 4159/9486
2026-09-07 10:18:41,407 [DEBUG] core.argyll_runner: [argyll] Added 4170/9486
2026-09-07 10:18:41,426 [DEBUG] core.argyll_runner: [argyll] Added 4181/9486
2026-09-07 10:18:41,445 [DEBUG] core.argyll_runner: [argyll] Added 4192/9486
2026-09-07 10:18:41,465 [DEBUG] core.argyll_runner: [argyll] Added 4203/9486
2026-09-07 10:18:41,484 [DEBUG] core.argyll_runner: [argyll] Added 4214/9486
2026-09-07 10:18:41,504 [DEBUG] core.argyll_runner: [argyll] Added 4225/9486
2026-09-07 10:18:41,524 [DEBUG] core.argyll_runner: [argyll] Added 4236/9486
2026-09-07 10:18:41,544 [DEBUG] core.argyll_runner: [argyll] Added 4247/9486
2026-09-07 10:18:41,564 [DEBUG] core.argyll_runner: [argyll] Added 4258/9486
2026-09-07 10:18:41,584 [DEBUG] core.argyll_runner: [argyll] Added 4269/9486
2026-09-07 10:18:41,604 [DEBUG] core.argyll_runner: [argyll] Added 4280/9486
2026-09-07 10:18:41,625 [DEBUG] core.argyll_runner: [argyll] Added 4291/9486
2026-09-07 10:18:41,646 [DEBUG] core.argyll_runner: [argyll] Added 4302/9486
2026-09-07 10:18:41,666 [DEBUG] core.argyll_runner: [argyll] Added 4313/9486
2026-09-07 10:18:41,687 [DEBUG] core.argyll_runner: [argyll] Added 4324/9486
2026-09-07 10:18:41,709 [DEBUG] core.argyll_runner: [argyll] Added 4335/9486
2026-09-07 10:18:41,730 [DEBUG] core.argyll_runner: [argyll] Added 4346/9486
2026-09-07 10:18:41,751 [DEBUG] core.argyll_runner: [argyll] Added 4357/9486
2026-09-07 10:18:41,773 [DEBUG] core.argyll_runner: [argyll] Added 4368/9486
2026-09-07 10:18:41,795 [DEBUG] core.argyll_runner: [argyll] Added 4379/9486
2026-09-07 10:18:41,817 [DEBUG] core.argyll_runner: [argyll] Added 4390/9486
2026-09-07 10:18:41,839 [DEBUG] core.argyll_runner: [argyll] Added 4401/9486
2026-09-07 10:18:41,861 [DEBUG] core.argyll_runner: [argyll] Added 4412/9486
2026-09-07 10:18:41,884 [DEBUG] core.argyll_runner: [argyll] Added 4423/9486
2026-09-07 10:18:41,907 [DEBUG] core.argyll_runner: [argyll] Added 4434/9486
2026-09-07 10:18:41,930 [DEBUG] core.argyll_runner: [argyll] Added 4445/9486
2026-09-07 10:18:41,953 [DEBUG] core.argyll_runner: [argyll] Added 4456/9486
2026-09-07 10:18:41,976 [DEBUG] core.argyll_runner: [argyll] Added 4467/9486
2026-09-07 10:18:41,999 [DEBUG] core.argyll_runner: [argyll] Added 4478/9486
2026-09-07 10:18:42,023 [DEBUG] core.argyll_runner: [argyll] Added 4489/9486
2026-09-07 10:18:42,046 [DEBUG] core.argyll_runner: [argyll] Added 4500/9486
2026-09-07 10:18:42,069 [DEBUG] core.argyll_runner: [argyll] Added 4511/9486
2026-09-07 10:18:42,092 [DEBUG] core.argyll_runner: [argyll] Added 4522/9486
2026-09-07 10:18:42,115 [DEBUG] core.argyll_runner: [argyll] Added 4533/9486
2026-09-07 10:18:42,138 [DEBUG] core.argyll_runner: [argyll] Added 4544/9486
2026-09-07 10:18:42,162 [DEBUG] core.argyll_runner: [argyll] Added 4555/9486
2026-09-07 10:18:42,186 [DEBUG] core.argyll_runner: [argyll] Added 4566/9486
2026-09-07 10:18:42,211 [DEBUG] core.argyll_runner: [argyll] Added 4577/9486
2026-09-07 10:18:42,235 [DEBUG] core.argyll_runner: [argyll] Added 4588/9486
2026-09-07 10:18:42,260 [DEBUG] core.argyll_runner: [argyll] Added 4599/9486
2026-09-07 10:18:42,285 [DEBUG] core.argyll_runner: [argyll] Added 4610/9486
2026-09-07 10:18:42,311 [DEBUG] core.argyll_runner: [argyll] Added 4621/9486
2026-09-07 10:18:42,336 [DEBUG] core.argyll_runner: [argyll] Added 4632/9486
2026-09-07 10:18:42,362 [DEBUG] core.argyll_runner: [argyll] Added 4643/9486
2026-09-07 10:18:42,388 [DEBUG] core.argyll_runner: [argyll] Added 4654/9486
2026-09-07 10:18:42,414 [DEBUG] core.argyll_runner: [argyll] Added 4665/9486
2026-09-07 10:18:42,440 [DEBUG] core.argyll_runner: [argyll] Added 4676/9486
2026-09-07 10:18:42,466 [DEBUG] core.argyll_runner: [argyll] Added 4687/9486
2026-09-07 10:18:42,493 [DEBUG] core.argyll_runner: [argyll] Added 4698/9486
2026-09-07 10:18:42,520 [DEBUG] core.argyll_runner: [argyll] Added 4709/9486
2026-09-07 10:18:42,546 [DEBUG] core.argyll_runner: [argyll] Added 4720/9486
2026-09-07 10:18:42,573 [DEBUG] core.argyll_runner: [argyll] Added 4731/9486
2026-09-07 10:18:42,600 [DEBUG] core.argyll_runner: [argyll] Added 4742/9486
2026-09-07 10:18:42,628 [DEBUG] core.argyll_runner: [argyll] Added 4753/9486
2026-09-07 10:18:42,655 [DEBUG] core.argyll_runner: [argyll] Added 4764/9486
2026-09-07 10:18:42,683 [DEBUG] core.argyll_runner: [argyll] Added 4775/9486
2026-09-07 10:18:42,710 [DEBUG] core.argyll_runner: [argyll] Added 4786/9486
2026-09-07 10:18:42,738 [DEBUG] core.argyll_runner: [argyll] Added 4797/9486
2026-09-07 10:18:42,766 [DEBUG] core.argyll_runner: [argyll] Added 4808/9486
2026-09-07 10:18:42,794 [DEBUG] core.argyll_runner: [argyll] Added 4819/9486
2026-09-07 10:18:42,823 [DEBUG] core.argyll_runner: [argyll] Added 4830/9486
2026-09-07 10:18:42,851 [DEBUG] core.argyll_runner: [argyll] Added 4841/9486
2026-09-07 10:18:42,880 [DEBUG] core.argyll_runner: [argyll] Added 4852/9486
2026-09-07 10:18:42,909 [DEBUG] core.argyll_runner: [argyll] Added 4863/9486
2026-09-07 10:18:42,938 [DEBUG] core.argyll_runner: [argyll] Added 4874/9486
2026-09-07 10:18:42,967 [DEBUG] core.argyll_runner: [argyll] Added 4885/9486
2026-09-07 10:18:42,996 [DEBUG] core.argyll_runner: [argyll] Added 4896/9486
2026-09-07 10:18:43,025 [DEBUG] core.argyll_runner: [argyll] Added 4907/9486
2026-09-07 10:18:43,055 [DEBUG] core.argyll_runner: [argyll] Added 4918/9486
2026-09-07 10:18:43,084 [DEBUG] core.argyll_runner: [argyll] Added 4929/9486
2026-09-07 10:18:43,114 [DEBUG] core.argyll_runner: [argyll] Added 4940/9486
2026-09-07 10:18:43,144 [DEBUG] core.argyll_runner: [argyll] Added 4951/9486
2026-09-07 10:18:43,174 [DEBUG] core.argyll_runner: [argyll] Added 4962/9486
2026-09-07 10:18:43,204 [DEBUG] core.argyll_runner: [argyll] Added 4973/9486
2026-09-07 10:18:43,234 [DEBUG] core.argyll_runner: [argyll] Added 4984/9486
2026-09-07 10:18:43,264 [DEBUG] core.argyll_runner: [argyll] Added 4995/9486
2026-09-07 10:18:43,295 [DEBUG] core.argyll_runner: [argyll] Added 5006/9486
2026-09-07 10:18:43,325 [DEBUG] core.argyll_runner: [argyll] Added 5017/9486
2026-09-07 10:18:43,355 [DEBUG] core.argyll_runner: [argyll] Added 5028/9486
2026-09-07 10:18:43,386 [DEBUG] core.argyll_runner: [argyll] Added 5039/9486
2026-09-07 10:18:43,417 [DEBUG] core.argyll_runner: [argyll] Added 5050/9486
2026-09-07 10:18:43,448 [DEBUG] core.argyll_runner: [argyll] Added 5061/9486
2026-09-07 10:18:43,480 [DEBUG] core.argyll_runner: [argyll] Added 5072/9486
2026-09-07 10:18:43,511 [DEBUG] core.argyll_runner: [argyll] Added 5083/9486
2026-09-07 10:18:43,543 [DEBUG] core.argyll_runner: [argyll] Added 5094/9486
2026-09-07 10:18:43,575 [DEBUG] core.argyll_runner: [argyll] Added 5105/9486
2026-09-07 10:18:43,606 [DEBUG] core.argyll_runner: [argyll] Added 5116/9486
2026-09-07 10:18:43,660 [DEBUG] core.argyll_runner: [argyll] 
2026-09-07 10:18:43,672 [DEBUG] core.argyll_runner: [argyll] Added 5127/9486
2026-09-07 10:18:43,672 [DEBUG] core.argyll_runner: [argyll] Added 5138/9486
2026-09-07 10:18:43,672 [DEBUG] core.argyll_runner: [argyll] Added 5149/9486
2026-09-07 10:18:43,672 [DEBUG] core.argyll_runner: [argyll] Added 5160/9486
2026-09-07 10:18:43,673 [DEBUG] core.argyll_runner: [argyll] Added 5171/9486
2026-09-07 10:18:43,674 [DEBUG] core.argyll_runner: [argyll] Added 5182/9486
2026-09-07 10:18:43,674 [DEBUG] core.argyll_runner: [argyll] Added 5193/9486
2026-09-07 10:18:43,675 [DEBUG] core.argyll_runner: [argyll] Added 5204/9486
2026-09-07 10:18:43,676 [DEBUG] core.argyll_runner: [argyll] Added 5215/9486
2026-09-07 10:18:43,678 [DEBUG] core.argyll_runner: [argyll] Added 5226/9486
2026-09-07 10:18:43,679 [DEBUG] core.argyll_runner: [argyll] Added 5237/9486
2026-09-07 10:18:43,681 [DEBUG] core.argyll_runner: [argyll] Added 5248/9486
2026-09-07 10:18:43,682 [DEBUG] core.argyll_runner: [argyll] Added 5259/9486
2026-09-07 10:18:43,684 [DEBUG] core.argyll_runner: [argyll] Added 5270/9486
2026-09-07 10:18:43,686 [DEBUG] core.argyll_runner: [argyll] Added 5281/9486
2026-09-07 10:18:43,688 [DEBUG] core.argyll_runner: [argyll] Added 5292/9486
2026-09-07 10:18:43,690 [DEBUG] core.argyll_runner: [argyll] Added 5303/9486
2026-09-07 10:18:43,693 [DEBUG] core.argyll_runner: [argyll] Added 5314/9486
2026-09-07 10:18:43,695 [DEBUG] core.argyll_runner: [argyll] Added 5325/9486
2026-09-07 10:18:43,698 [DEBUG] core.argyll_runner: [argyll] Added 5336/9486
2026-09-07 10:18:43,700 [DEBUG] core.argyll_runner: [argyll] Added 5347/9486
2026-09-07 10:18:43,703 [DEBUG] core.argyll_runner: [argyll] Added 5358/9486
2026-09-07 10:18:43,706 [DEBUG] core.argyll_runner: [argyll] Added 5369/9486
2026-09-07 10:18:43,710 [DEBUG] core.argyll_runner: [argyll] Added 5380/9486
2026-09-07 10:18:43,713 [DEBUG] core.argyll_runner: [argyll] Added 5391/9486
2026-09-07 10:18:43,716 [DEBUG] core.argyll_runner: [argyll] Added 5402/9486
2026-09-07 10:18:43,720 [DEBUG] core.argyll_runner: [argyll] Added 5413/9486
2026-09-07 10:18:43,724 [DEBUG] core.argyll_runner: [argyll] Added 5424/9486
2026-09-07 10:18:43,728 [DEBUG] core.argyll_runner: [argyll] Added 5435/9486
2026-09-07 10:18:43,732 [DEBUG] core.argyll_runner: [argyll] Added 5446/9486
2026-09-07 10:18:43,736 [DEBUG] core.argyll_runner: [argyll] Added 5457/9486
2026-09-07 10:18:43,740 [DEBUG] core.argyll_runner: [argyll] Added 5468/9486
2026-09-07 10:18:43,745 [DEBUG] core.argyll_runner: [argyll] Added 5479/9486
2026-09-07 10:18:43,749 [DEBUG] core.argyll_runner: [argyll] Added 5490/9486
2026-09-07 10:18:43,754 [DEBUG] core.argyll_runner: [argyll] Added 5501/9486
2026-09-07 10:18:43,759 [DEBUG] core.argyll_runner: [argyll] Added 5512/9486
2026-09-07 10:18:43,764 [DEBUG] core.argyll_runner: [argyll] Added 5523/9486
2026-09-07 10:18:43,769 [DEBUG] core.argyll_runner: [argyll] Added 5534/9486
2026-09-07 10:18:43,774 [DEBUG] core.argyll_runner: [argyll] Added 5545/9486
2026-09-07 10:18:43,780 [DEBUG] core.argyll_runner: [argyll] Added 5556/9486
2026-09-07 10:18:43,785 [DEBUG] core.argyll_runner: [argyll] Added 5567/9486
2026-09-07 10:18:43,791 [DEBUG] core.argyll_runner: [argyll] Added 5578/9486
2026-09-07 10:18:43,797 [DEBUG] core.argyll_runner: [argyll] Added 5589/9486
2026-09-07 10:18:43,803 [DEBUG] core.argyll_runner: [argyll] Added 5600/9486
2026-09-07 10:18:43,809 [DEBUG] core.argyll_runner: [argyll] Added 5611/9486
2026-09-07 10:18:43,816 [DEBUG] core.argyll_runner: [argyll] Added 5622/9486
2026-09-07 10:18:43,822 [DEBUG] core.argyll_runner: [argyll] Added 5633/9486
2026-09-07 10:18:43,829 [DEBUG] core.argyll_runner: [argyll] Added 5644/9486
2026-09-07 10:18:43,836 [DEBUG] core.argyll_runner: [argyll] Added 5655/9486
2026-09-07 10:18:43,843 [DEBUG] core.argyll_runner: [argyll] Added 5666/9486
2026-09-07 10:18:43,850 [DEBUG] core.argyll_runner: [argyll] Added 5677/9486
2026-09-07 10:18:43,857 [DEBUG] core.argyll_runner: [argyll] Added 5688/9486
2026-09-07 10:18:43,865 [DEBUG] core.argyll_runner: [argyll] Added 5699/9486
2026-09-07 10:18:43,872 [DEBUG] core.argyll_runner: [argyll] Added 5710/9486
2026-09-07 10:18:43,880 [DEBUG] core.argyll_runner: [argyll] Added 5721/9486
2026-09-07 10:18:43,888 [DEBUG] core.argyll_runner: [argyll] Added 5732/9486
2026-09-07 10:18:43,896 [DEBUG] core.argyll_runner: [argyll] Added 5743/9486
2026-09-07 10:18:43,904 [DEBUG] core.argyll_runner: [argyll] Added 5754/9486
2026-09-07 10:18:43,912 [DEBUG] core.argyll_runner: [argyll] Added 5765/9486
2026-09-07 10:18:43,921 [DEBUG] core.argyll_runner: [argyll] Added 5776/9486
2026-09-07 10:18:43,929 [DEBUG] core.argyll_runner: [argyll] Added 5787/9486
2026-09-07 10:18:43,938 [DEBUG] core.argyll_runner: [argyll] Added 5798/9486
2026-09-07 10:18:43,947 [DEBUG] core.argyll_runner: [argyll] Added 5809/9486
2026-09-07 10:18:43,956 [DEBUG] core.argyll_runner: [argyll] Added 5820/9486
2026-09-07 10:18:43,965 [DEBUG] core.argyll_runner: [argyll] Added 5831/9486
2026-09-07 10:18:43,975 [DEBUG] core.argyll_runner: [argyll] Added 5842/9486
2026-09-07 10:18:43,984 [DEBUG] core.argyll_runner: [argyll] Added 5853/9486
2026-09-07 10:18:43,994 [DEBUG] core.argyll_runner: [argyll] Added 5864/9486
2026-09-07 10:18:44,003 [DEBUG] core.argyll_runner: [argyll] Added 5875/9486
2026-09-07 10:18:44,013 [DEBUG] core.argyll_runner: [argyll] Added 5886/9486
2026-09-07 10:18:44,023 [DEBUG] core.argyll_runner: [argyll] Added 5897/9486
2026-09-07 10:18:44,033 [DEBUG] core.argyll_runner: [argyll] Added 5908/9486
2026-09-07 10:18:44,044 [DEBUG] core.argyll_runner: [argyll] Added 5919/9486
2026-09-07 10:18:44,054 [DEBUG] core.argyll_runner: [argyll] Added 5930/9486
2026-09-07 10:18:44,065 [DEBUG] core.argyll_runner: [argyll] Added 5941/9486
2026-09-07 10:18:44,076 [DEBUG] core.argyll_runner: [argyll] Added 5952/9486
2026-09-07 10:18:44,087 [DEBUG] core.argyll_runner: [argyll] Added 5963/9486
2026-09-07 10:18:44,098 [DEBUG] core.argyll_runner: [argyll] Added 5974/9486
2026-09-07 10:18:44,109 [DEBUG] core.argyll_runner: [argyll] Added 5985/9486
2026-09-07 10:18:44,121 [DEBUG] core.argyll_runner: [argyll] Added 5996/9486
2026-09-07 10:18:44,132 [DEBUG] core.argyll_runner: [argyll] Added 6007/9486
2026-09-07 10:18:44,144 [DEBUG] core.argyll_runner: [argyll] Added 6018/9486
2026-09-07 10:18:44,156 [DEBUG] core.argyll_runner: [argyll] Added 6029/9486
2026-09-07 10:18:44,168 [DEBUG] core.argyll_runner: [argyll] Added 6040/9486
2026-09-07 10:18:44,180 [DEBUG] core.argyll_runner: [argyll] Added 6051/9486
2026-09-07 10:18:44,192 [DEBUG] core.argyll_runner: [argyll] Added 6062/9486
2026-09-07 10:18:44,204 [DEBUG] core.argyll_runner: [argyll] Added 6073/9486
2026-09-07 10:18:44,216 [DEBUG] core.argyll_runner: [argyll] Added 6084/9486
2026-09-07 10:18:44,229 [DEBUG] core.argyll_runner: [argyll] Added 6095/9486
2026-09-07 10:18:44,242 [DEBUG] core.argyll_runner: [argyll] Added 6106/9486
2026-09-07 10:18:44,255 [DEBUG] core.argyll_runner: [argyll] Added 6117/9486
2026-09-07 10:18:44,268 [DEBUG] core.argyll_runner: [argyll] Added 6128/9486
2026-09-07 10:18:44,281 [DEBUG] core.argyll_runner: [argyll] Added 6139/9486
2026-09-07 10:18:44,294 [DEBUG] core.argyll_runner: [argyll] Added 6150/9486
2026-09-07 10:18:44,308 [DEBUG] core.argyll_runner: [argyll] Added 6161/9486
2026-09-07 10:18:44,322 [DEBUG] core.argyll_runner: [argyll] Added 6172/9486
2026-09-07 10:18:44,335 [DEBUG] core.argyll_runner: [argyll] Added 6183/9486
2026-09-07 10:18:44,349 [DEBUG] core.argyll_runner: [argyll] Added 6194/9486
2026-09-07 10:18:44,363 [DEBUG] core.argyll_runner: [argyll] Added 6205/9486
2026-09-07 10:18:44,378 [DEBUG] core.argyll_runner: [argyll] Added 6216/9486
2026-09-07 10:18:44,392 [DEBUG] core.argyll_runner: [argyll] Added 6227/9486
2026-09-07 10:18:44,406 [DEBUG] core.argyll_runner: [argyll] Added 6238/9486
2026-09-07 10:18:44,421 [DEBUG] core.argyll_runner: [argyll] Added 6249/9486
2026-09-07 10:18:44,436 [DEBUG] core.argyll_runner: [argyll] Added 6260/9486
2026-09-07 10:18:44,451 [DEBUG] core.argyll_runner: [argyll] Added 6271/9486
2026-09-07 10:18:44,466 [DEBUG] core.argyll_runner: [argyll] Added 6282/9486
2026-09-07 10:18:44,481 [DEBUG] core.argyll_runner: [argyll] Added 6293/9486
2026-09-07 10:18:44,496 [DEBUG] core.argyll_runner: [argyll] Added 6304/9486
2026-09-07 10:18:44,512 [DEBUG] core.argyll_runner: [argyll] Added 6315/9486
2026-09-07 10:18:44,527 [DEBUG] core.argyll_runner: [argyll] Added 6326/9486
2026-09-07 10:18:44,543 [DEBUG] core.argyll_runner: [argyll] Added 6337/9486
2026-09-07 10:18:44,559 [DEBUG] core.argyll_runner: [argyll] Added 6348/9486
2026-09-07 10:18:44,575 [DEBUG] core.argyll_runner: [argyll] Added 6359/9486
2026-09-07 10:18:44,591 [DEBUG] core.argyll_runner: [argyll] Added 6370/9486
2026-09-07 10:18:44,606 [DEBUG] core.argyll_runner: [argyll] Added 6381/9486
2026-09-07 10:18:44,622 [DEBUG] core.argyll_runner: [argyll] Added 6392/9486
2026-09-07 10:18:44,638 [DEBUG] core.argyll_runner: [argyll] Added 6403/9486
2026-09-07 10:18:44,654 [DEBUG] core.argyll_runner: [argyll] Added 6414/9486
2026-09-07 10:18:44,671 [DEBUG] core.argyll_runner: [argyll] Added 6425/9486
2026-09-07 10:18:44,687 [DEBUG] core.argyll_runner: [argyll] Added 6436/9486
2026-09-07 10:18:44,703 [DEBUG] core.argyll_runner: [argyll] Added 6447/9486
2026-09-07 10:18:44,720 [DEBUG] core.argyll_runner: [argyll] Added 6458/9486
2026-09-07 10:18:44,737 [DEBUG] core.argyll_runner: [argyll] Added 6469/9486
2026-09-07 10:18:44,755 [DEBUG] core.argyll_runner: [argyll] Added 6480/9486
2026-09-07 10:18:44,772 [DEBUG] core.argyll_runner: [argyll] Added 6491/9486
2026-09-07 10:18:44,791 [DEBUG] core.argyll_runner: [argyll] Added 6502/9486
2026-09-07 10:18:44,809 [DEBUG] core.argyll_runner: [argyll] Added 6513/9486
2026-09-07 10:18:44,827 [DEBUG] core.argyll_runner: [argyll] Added 6524/9486
2026-09-07 10:18:44,846 [DEBUG] core.argyll_runner: [argyll] Added 6535/9486
2026-09-07 10:18:44,865 [DEBUG] core.argyll_runner: [argyll] Added 6546/9486
2026-09-07 10:18:44,883 [DEBUG] core.argyll_runner: [argyll] Added 6557/9486
2026-09-07 10:18:44,902 [DEBUG] core.argyll_runner: [argyll] Added 6568/9486
2026-09-07 10:18:44,921 [DEBUG] core.argyll_runner: [argyll] Added 6579/9486
2026-09-07 10:18:44,941 [DEBUG] core.argyll_runner: [argyll] Added 6590/9486
2026-09-07 10:18:44,960 [DEBUG] core.argyll_runner: [argyll] Added 6601/9486
2026-09-07 10:18:44,979 [DEBUG] core.argyll_runner: [argyll] Added 6612/9486
2026-09-07 10:18:44,999 [DEBUG] core.argyll_runner: [argyll] Added 6623/9486
2026-09-07 10:18:45,019 [DEBUG] core.argyll_runner: [argyll] Added 6634/9486
2026-09-07 10:18:45,039 [DEBUG] core.argyll_runner: [argyll] Added 6645/9486
2026-09-07 10:18:45,059 [DEBUG] core.argyll_runner: [argyll] Added 6656/9486
2026-09-07 10:18:45,079 [DEBUG] core.argyll_runner: [argyll] Added 6667/9486
2026-09-07 10:18:45,100 [DEBUG] core.argyll_runner: [argyll] Added 6678/9486
2026-09-07 10:18:45,120 [DEBUG] core.argyll_runner: [argyll] Added 6689/9486
2026-09-07 10:18:45,141 [DEBUG] core.argyll_runner: [argyll] Added 6700/9486
2026-09-07 10:18:45,162 [DEBUG] core.argyll_runner: [argyll] Added 6711/9486
2026-09-07 10:18:45,183 [DEBUG] core.argyll_runner: [argyll] Added 6722/9486
2026-09-07 10:18:45,204 [DEBUG] core.argyll_runner: [argyll] Added 6733/9486
2026-09-07 10:18:45,225 [DEBUG] core.argyll_runner: [argyll] Added 6744/9486
2026-09-07 10:18:45,246 [DEBUG] core.argyll_runner: [argyll] Added 6755/9486
2026-09-07 10:18:45,267 [DEBUG] core.argyll_runner: [argyll] Added 6766/9486
2026-09-07 10:18:45,288 [DEBUG] core.argyll_runner: [argyll] Added 6777/9486
2026-09-07 10:18:45,310 [DEBUG] core.argyll_runner: [argyll] Added 6788/9486
2026-09-07 10:18:45,331 [DEBUG] core.argyll_runner: [argyll] Added 6799/9486
2026-09-07 10:18:45,353 [DEBUG] core.argyll_runner: [argyll] Added 6810/9486
2026-09-07 10:18:45,375 [DEBUG] core.argyll_runner: [argyll] Added 6821/9486
2026-09-07 10:18:45,396 [DEBUG] core.argyll_runner: [argyll] Added 6832/9486
2026-09-07 10:18:45,419 [DEBUG] core.argyll_runner: [argyll] Added 6843/9486
2026-09-07 10:18:45,441 [DEBUG] core.argyll_runner: [argyll] Added 6854/9486
2026-09-07 10:18:45,458 [DEBUG] core.argyll_runner: [argyll] Added 6865/9486
2026-09-07 10:18:45,471 [DEBUG] core.argyll_runner: [argyll] Added 6876/9486
2026-09-07 10:18:45,484 [DEBUG] core.argyll_runner: [argyll] Added 6887/9486
2026-09-07 10:18:45,497 [DEBUG] core.argyll_runner: [argyll] Added 6898/9486
2026-09-07 10:18:45,510 [DEBUG] core.argyll_runner: [argyll] Added 6909/9486
2026-09-07 10:18:45,523 [DEBUG] core.argyll_runner: [argyll] Added 6920/9486
2026-09-07 10:18:45,537 [DEBUG] core.argyll_runner: [argyll] Added 6931/9486
2026-09-07 10:18:45,550 [DEBUG] core.argyll_runner: [argyll] Added 6942/9486
2026-09-07 10:18:45,563 [DEBUG] core.argyll_runner: [argyll] Added 6953/9486
2026-09-07 10:18:45,577 [DEBUG] core.argyll_runner: [argyll] Added 6964/9486
2026-09-07 10:18:45,591 [DEBUG] core.argyll_runner: [argyll] Added 6975/9486
2026-09-07 10:18:45,605 [DEBUG] core.argyll_runner: [argyll] Added 6986/9486
2026-09-07 10:18:45,619 [DEBUG] core.argyll_runner: [argyll] Added 6997/9486
2026-09-07 10:18:45,634 [DEBUG] core.argyll_runner: [argyll] Added 7008/9486
2026-09-07 10:18:45,648 [DEBUG] core.argyll_runner: [argyll] Added 7019/9486
2026-09-07 10:18:45,663 [DEBUG] core.argyll_runner: [argyll] Added 7030/9486
2026-09-07 10:18:45,677 [DEBUG] core.argyll_runner: [argyll] Added 7041/9486
2026-09-07 10:18:45,692 [DEBUG] core.argyll_runner: [argyll] Added 7052/9486
2026-09-07 10:18:45,707 [DEBUG] core.argyll_runner: [argyll] Added 7063/9486
2026-09-07 10:18:45,722 [DEBUG] core.argyll_runner: [argyll] Added 7074/9486
2026-09-07 10:18:45,737 [DEBUG] core.argyll_runner: [argyll] Added 7085/9486
2026-09-07 10:18:45,753 [DEBUG] core.argyll_runner: [argyll] Added 7096/9486
2026-09-07 10:18:45,768 [DEBUG] core.argyll_runner: [argyll] Added 7107/9486
2026-09-07 10:18:45,784 [DEBUG] core.argyll_runner: [argyll] Added 7118/9486
2026-09-07 10:18:45,800 [DEBUG] core.argyll_runner: [argyll] Added 7129/9486
2026-09-07 10:18:45,816 [DEBUG] core.argyll_runner: [argyll] Added 7140/9486
2026-09-07 10:18:45,831 [DEBUG] core.argyll_runner: [argyll] Added 7151/9486
2026-09-07 10:18:45,847 [DEBUG] core.argyll_runner: [argyll] Added 7162/9486
2026-09-07 10:18:45,863 [DEBUG] core.argyll_runner: [argyll] Added 7173/9486
2026-09-07 10:18:45,879 [DEBUG] core.argyll_runner: [argyll] Added 7184/9486
2026-09-07 10:18:45,895 [DEBUG] core.argyll_runner: [argyll] Added 7195/9486
2026-09-07 10:18:45,912 [DEBUG] core.argyll_runner: [argyll] Added 7206/9486
2026-09-07 10:18:45,928 [DEBUG] core.argyll_runner: [argyll] Added 7217/9486
2026-09-07 10:18:45,945 [DEBUG] core.argyll_runner: [argyll] Added 7228/9486
2026-09-07 10:18:45,962 [DEBUG] core.argyll_runner: [argyll] Added 7239/9486
2026-09-07 10:18:45,979 [DEBUG] core.argyll_runner: [argyll] Added 7250/9486
2026-09-07 10:18:45,996 [DEBUG] core.argyll_runner: [argyll] Added 7261/9486
2026-09-07 10:18:46,013 [DEBUG] core.argyll_runner: [argyll] Added 7272/9486
2026-09-07 10:18:46,031 [DEBUG] core.argyll_runner: [argyll] Added 7283/9486
2026-09-07 10:18:46,048 [DEBUG] core.argyll_runner: [argyll] Added 7294/9486
2026-09-07 10:18:46,066 [DEBUG] core.argyll_runner: [argyll] Added 7305/9486
2026-09-07 10:18:46,083 [DEBUG] core.argyll_runner: [argyll] Added 7316/9486
2026-09-07 10:18:46,101 [DEBUG] core.argyll_runner: [argyll] Added 7327/9486
2026-09-07 10:18:46,120 [DEBUG] core.argyll_runner: [argyll] Added 7338/9486
2026-09-07 10:18:46,138 [DEBUG] core.argyll_runner: [argyll] Added 7349/9486
2026-09-07 10:18:46,156 [DEBUG] core.argyll_runner: [argyll] Added 7360/9486
2026-09-07 10:18:46,175 [DEBUG] core.argyll_runner: [argyll] Added 7371/9486
2026-09-07 10:18:46,194 [DEBUG] core.argyll_runner: [argyll] Added 7382/9486
2026-09-07 10:18:46,213 [DEBUG] core.argyll_runner: [argyll] Added 7393/9486
2026-09-07 10:18:46,232 [DEBUG] core.argyll_runner: [argyll] Added 7404/9486
2026-09-07 10:18:46,251 [DEBUG] core.argyll_runner: [argyll] Added 7415/9486
2026-09-07 10:18:46,271 [DEBUG] core.argyll_runner: [argyll] Added 7426/9486
2026-09-07 10:18:46,290 [DEBUG] core.argyll_runner: [argyll] Added 7437/9486
2026-09-07 10:18:46,310 [DEBUG] core.argyll_runner: [argyll] Added 7448/9486
2026-09-07 10:18:46,330 [DEBUG] core.argyll_runner: [argyll] Added 7459/9486
2026-09-07 10:18:46,350 [DEBUG] core.argyll_runner: [argyll] Added 7470/9486
2026-09-07 10:18:46,370 [DEBUG] core.argyll_runner: [argyll] Added 7481/9486
2026-09-07 10:18:46,390 [DEBUG] core.argyll_runner: [argyll] Added 7492/9486
2026-09-07 10:18:46,410 [DEBUG] core.argyll_runner: [argyll] Added 7503/9486
2026-09-07 10:18:46,431 [DEBUG] core.argyll_runner: [argyll] Added 7514/9486
2026-09-07 10:18:46,452 [DEBUG] core.argyll_runner: [argyll] Added 7525/9486
2026-09-07 10:18:46,473 [DEBUG] core.argyll_runner: [argyll] Added 7536/9486
2026-09-07 10:18:46,494 [DEBUG] core.argyll_runner: [argyll] Added 7547/9486
2026-09-07 10:18:46,515 [DEBUG] core.argyll_runner: [argyll] Added 7558/9486
2026-09-07 10:18:46,536 [DEBUG] core.argyll_runner: [argyll] Added 7569/9486
2026-09-07 10:18:46,557 [DEBUG] core.argyll_runner: [argyll] Added 7580/9486
2026-09-07 10:18:46,579 [DEBUG] core.argyll_runner: [argyll] Added 7591/9486
2026-09-07 10:18:46,601 [DEBUG] core.argyll_runner: [argyll] Added 7602/9486
2026-09-07 10:18:46,623 [DEBUG] core.argyll_runner: [argyll] Added 7613/9486
2026-09-07 10:18:46,645 [DEBUG] core.argyll_runner: [argyll] Added 7624/9486
2026-09-07 10:18:46,667 [DEBUG] core.argyll_runner: [argyll] Added 7635/9486
2026-09-07 10:18:46,689 [DEBUG] core.argyll_runner: [argyll] Added 7646/9486
2026-09-07 10:18:46,711 [DEBUG] core.argyll_runner: [argyll] Added 7657/9486
2026-09-07 10:18:46,734 [DEBUG] core.argyll_runner: [argyll] Added 7668/9486
2026-09-07 10:18:46,757 [DEBUG] core.argyll_runner: [argyll] Added 7679/9486
2026-09-07 10:18:46,779 [DEBUG] core.argyll_runner: [argyll] Added 7690/9486
2026-09-07 10:18:46,803 [DEBUG] core.argyll_runner: [argyll] Added 7701/9486
2026-09-07 10:18:46,826 [DEBUG] core.argyll_runner: [argyll] Added 7712/9486
2026-09-07 10:18:46,850 [DEBUG] core.argyll_runner: [argyll] Added 7723/9486
2026-09-07 10:18:46,873 [DEBUG] core.argyll_runner: [argyll] Added 7734/9486
2026-09-07 10:18:46,897 [DEBUG] core.argyll_runner: [argyll] Added 7745/9486
2026-09-07 10:18:46,921 [DEBUG] core.argyll_runner: [argyll] Added 7756/9486
2026-09-07 10:18:46,945 [DEBUG] core.argyll_runner: [argyll] Added 7767/9486
2026-09-07 10:18:46,968 [DEBUG] core.argyll_runner: [argyll] Added 7778/9486
2026-09-07 10:18:46,993 [DEBUG] core.argyll_runner: [argyll] Added 7789/9486
2026-09-07 10:18:47,017 [DEBUG] core.argyll_runner: [argyll] Added 7800/9486
2026-09-07 10:18:47,041 [DEBUG] core.argyll_runner: [argyll] Added 7811/9486
2026-09-07 10:18:47,064 [DEBUG] core.argyll_runner: [argyll] Added 7822/9486
2026-09-07 10:18:47,087 [DEBUG] core.argyll_runner: [argyll] Added 7833/9486
2026-09-07 10:18:47,110 [DEBUG] core.argyll_runner: [argyll] Added 7844/9486
2026-09-07 10:18:47,134 [DEBUG] core.argyll_runner: [argyll] Added 7855/9486
2026-09-07 10:18:47,158 [DEBUG] core.argyll_runner: [argyll] Added 7866/9486
2026-09-07 10:18:47,182 [DEBUG] core.argyll_runner: [argyll] Added 7877/9486
2026-09-07 10:18:47,206 [DEBUG] core.argyll_runner: [argyll] Added 7888/9486
2026-09-07 10:18:47,231 [DEBUG] core.argyll_runner: [argyll] Added 7899/9486
2026-09-07 10:18:47,256 [DEBUG] core.argyll_runner: [argyll] Added 7910/9486
2026-09-07 10:18:47,281 [DEBUG] core.argyll_runner: [argyll] Added 7921/9486
2026-09-07 10:18:47,307 [DEBUG] core.argyll_runner: [argyll] Added 7932/9486
2026-09-07 10:18:47,333 [DEBUG] core.argyll_runner: [argyll] Added 7943/9486
2026-09-07 10:18:47,359 [DEBUG] core.argyll_runner: [argyll] Added 7954/9486
2026-09-07 10:18:47,385 [DEBUG] core.argyll_runner: [argyll] Added 7965/9486
2026-09-07 10:18:47,412 [DEBUG] core.argyll_runner: [argyll] Added 7976/9486
2026-09-07 10:18:47,438 [DEBUG] core.argyll_runner: [argyll] Added 7987/9486
2026-09-07 10:18:47,465 [DEBUG] core.argyll_runner: [argyll] Added 7998/9486
2026-09-07 10:18:47,492 [DEBUG] core.argyll_runner: [argyll] Added 8009/9486
2026-09-07 10:18:47,519 [DEBUG] core.argyll_runner: [argyll] Added 8020/9486
2026-09-07 10:18:47,546 [DEBUG] core.argyll_runner: [argyll] Added 8031/9486
2026-09-07 10:18:47,574 [DEBUG] core.argyll_runner: [argyll] Added 8042/9486
2026-09-07 10:18:47,601 [DEBUG] core.argyll_runner: [argyll] Added 8053/9486
2026-09-07 10:18:47,629 [DEBUG] core.argyll_runner: [argyll] Added 8064/9486
2026-09-07 10:18:47,656 [DEBUG] core.argyll_runner: [argyll] Added 8075/9486
2026-09-07 10:18:47,684 [DEBUG] core.argyll_runner: [argyll] Added 8086/9486
2026-09-07 10:18:47,712 [DEBUG] core.argyll_runner: [argyll] Added 8097/9486
2026-09-07 10:18:47,740 [DEBUG] core.argyll_runner: [argyll] Added 8108/9486
2026-09-07 10:18:47,768 [DEBUG] core.argyll_runner: [argyll] Added 8119/9486
2026-09-07 10:18:47,797 [DEBUG] core.argyll_runner: [argyll] Added 8130/9486
2026-09-07 10:18:47,825 [DEBUG] core.argyll_runner: [argyll] Added 8141/9486
2026-09-07 10:18:47,854 [DEBUG] core.argyll_runner: [argyll] Added 8152/9486
2026-09-07 10:18:47,883 [DEBUG] core.argyll_runner: [argyll] Added 8163/9486
2026-09-07 10:18:47,912 [DEBUG] core.argyll_runner: [argyll] Added 8174/9486
2026-09-07 10:18:47,941 [DEBUG] core.argyll_runner: [argyll] Added 8185/9486
2026-09-07 10:18:47,971 [DEBUG] core.argyll_runner: [argyll] Added 8196/9486
2026-09-07 10:18:48,000 [DEBUG] core.argyll_runner: [argyll] Added 8207/9486
2026-09-07 10:18:48,030 [DEBUG] core.argyll_runner: [argyll] Added 8218/9486
2026-09-07 10:18:48,060 [DEBUG] core.argyll_runner: [argyll] Added 8229/9486
2026-09-07 10:18:48,090 [DEBUG] core.argyll_runner: [argyll] Added 8240/9486
2026-09-07 10:18:48,120 [DEBUG] core.argyll_runner: [argyll] Added 8251/9486
2026-09-07 10:18:48,151 [DEBUG] core.argyll_runner: [argyll] Added 8262/9486
2026-09-07 10:18:48,181 [DEBUG] core.argyll_runner: [argyll] Added 8273/9486
2026-09-07 10:18:48,212 [DEBUG] core.argyll_runner: [argyll] Added 8284/9486
2026-09-07 10:18:48,242 [DEBUG] core.argyll_runner: [argyll] Added 8295/9486
2026-09-07 10:18:48,273 [DEBUG] core.argyll_runner: [argyll] Added 8306/9486
2026-09-07 10:18:48,304 [DEBUG] core.argyll_runner: [argyll] Added 8317/9486
2026-09-07 10:18:48,334 [DEBUG] core.argyll_runner: [argyll] Added 8328/9486
2026-09-07 10:18:48,365 [DEBUG] core.argyll_runner: [argyll] Added 8339/9486
2026-09-07 10:18:48,396 [DEBUG] core.argyll_runner: [argyll] Added 8350/9486
2026-09-07 10:18:48,427 [DEBUG] core.argyll_runner: [argyll] Added 8361/9486
2026-09-07 10:18:48,458 [DEBUG] core.argyll_runner: [argyll] Added 8372/9486
2026-09-07 10:18:48,489 [DEBUG] core.argyll_runner: [argyll] Added 8383/9486
2026-09-07 10:18:48,521 [DEBUG] core.argyll_runner: [argyll] Added 8394/9486
2026-09-07 10:18:48,552 [DEBUG] core.argyll_runner: [argyll] Added 8405/9486
2026-09-07 10:18:48,584 [DEBUG] core.argyll_runner: [argyll] Added 8416/9486
2026-09-07 10:18:48,616 [DEBUG] core.argyll_runner: [argyll] Added 8427/9486
2026-09-07 10:18:48,648 [DEBUG] core.argyll_runner: [argyll] Added 8438/9486
2026-09-07 10:18:48,681 [DEBUG] core.argyll_runner: [argyll] Added 8449/9486
2026-09-07 10:18:48,714 [DEBUG] core.argyll_runner: [argyll] Added 8460/9486
2026-09-07 10:18:48,747 [DEBUG] core.argyll_runner: [argyll] Added 8471/9486
2026-09-07 10:18:48,780 [DEBUG] core.argyll_runner: [argyll] Added 8482/9486
2026-09-07 10:18:48,814 [DEBUG] core.argyll_runner: [argyll] Added 8493/9486
2026-09-07 10:18:48,848 [DEBUG] core.argyll_runner: [argyll] Added 8504/9486
2026-09-07 10:18:48,883 [DEBUG] core.argyll_runner: [argyll] Added 8515/9486
2026-09-07 10:18:48,918 [DEBUG] core.argyll_runner: [argyll] Added 8526/9486
2026-09-07 10:18:48,952 [DEBUG] core.argyll_runner: [argyll] Added 8537/9486
2026-09-07 10:18:48,988 [DEBUG] core.argyll_runner: [argyll] Added 8548/9486
2026-09-07 10:18:49,023 [DEBUG] core.argyll_runner: [argyll] Added 8559/9486
2026-09-07 10:18:49,058 [DEBUG] core.argyll_runner: [argyll] Added 8570/9486
2026-09-07 10:18:49,093 [DEBUG] core.argyll_runner: [argyll] Added 8581/9486
2026-09-07 10:18:49,129 [DEBUG] core.argyll_runner: [argyll] Added 8592/9486
2026-09-07 10:18:49,160 [DEBUG] core.argyll_runner: [argyll] Added 8603/9486
2026-09-07 10:18:49,186 [DEBUG] core.argyll_runner: [argyll] Added 8614/9486
2026-09-07 10:18:49,211 [DEBUG] core.argyll_runner: [argyll] Added 8625/9486
2026-09-07 10:18:49,238 [DEBUG] core.argyll_runner: [argyll] Added 8636/9486
2026-09-07 10:18:49,264 [DEBUG] core.argyll_runner: [argyll] Added 8647/9486
2026-09-07 10:18:49,290 [DEBUG] core.argyll_runner: [argyll] Added 8658/9486
2026-09-07 10:18:49,317 [DEBUG] core.argyll_runner: [argyll] Added 8669/9486
2026-09-07 10:18:49,343 [DEBUG] core.argyll_runner: [argyll] Added 8680/9486
2026-09-07 10:18:49,370 [DEBUG] core.argyll_runner: [argyll] Added 8691/9486
2026-09-07 10:18:49,397 [DEBUG] core.argyll_runner: [argyll] Added 8702/9486
2026-09-07 10:18:49,424 [DEBUG] core.argyll_runner: [argyll] Added 8713/9486
2026-09-07 10:18:49,452 [DEBUG] core.argyll_runner: [argyll] Added 8724/9486
2026-09-07 10:18:49,478 [DEBUG] core.argyll_runner: [argyll] Added 8735/9486
2026-09-07 10:18:49,506 [DEBUG] core.argyll_runner: [argyll] Added 8746/9486
2026-09-07 10:18:49,534 [DEBUG] core.argyll_runner: [argyll] Added 8757/9486
2026-09-07 10:18:49,561 [DEBUG] core.argyll_runner: [argyll] Added 8768/9486
2026-09-07 10:18:49,587 [DEBUG] core.argyll_runner: [argyll] Added 8779/9486
2026-09-07 10:18:49,614 [DEBUG] core.argyll_runner: [argyll] Added 8790/9486
2026-09-07 10:18:49,641 [DEBUG] core.argyll_runner: [argyll] Added 8801/9486
2026-09-07 10:18:49,668 [DEBUG] core.argyll_runner: [argyll] Added 8812/9486
2026-09-07 10:18:49,695 [DEBUG] core.argyll_runner: [argyll] Added 8823/9486
2026-09-07 10:18:49,722 [DEBUG] core.argyll_runner: [argyll] Added 8834/9486
2026-09-07 10:18:49,751 [DEBUG] core.argyll_runner: [argyll] Added 8845/9486
2026-09-07 10:18:49,780 [DEBUG] core.argyll_runner: [argyll] Added 8856/9486
2026-09-07 10:18:49,809 [DEBUG] core.argyll_runner: [argyll] Added 8867/9486
2026-09-07 10:18:49,838 [DEBUG] core.argyll_runner: [argyll] Added 8878/9486
2026-09-07 10:18:49,867 [DEBUG] core.argyll_runner: [argyll] Added 8889/9486
2026-09-07 10:18:49,896 [DEBUG] core.argyll_runner: [argyll] Added 8900/9486
2026-09-07 10:18:49,926 [DEBUG] core.argyll_runner: [argyll] Added 8911/9486
2026-09-07 10:18:49,956 [DEBUG] core.argyll_runner: [argyll] Added 8922/9486
2026-09-07 10:18:49,986 [DEBUG] core.argyll_runner: [argyll] Added 8933/9486
2026-09-07 10:18:50,015 [DEBUG] core.argyll_runner: [argyll] Added 8944/9486
2026-09-07 10:18:50,045 [DEBUG] core.argyll_runner: [argyll] Added 8955/9486
2026-09-07 10:18:50,075 [DEBUG] core.argyll_runner: [argyll] Added 8966/9486
2026-09-07 10:18:50,105 [DEBUG] core.argyll_runner: [argyll] Added 8977/9486
2026-09-07 10:18:50,135 [DEBUG] core.argyll_runner: [argyll] Added 8988/9486
2026-09-07 10:18:50,166 [DEBUG] core.argyll_runner: [argyll] Added 8999/9486
2026-09-07 10:18:50,197 [DEBUG] core.argyll_runner: [argyll] Added 9010/9486
2026-09-07 10:18:50,228 [DEBUG] core.argyll_runner: [argyll] Added 9021/9486
2026-09-07 10:18:50,259 [DEBUG] core.argyll_runner: [argyll] Added 9032/9486
2026-09-07 10:18:50,290 [DEBUG] core.argyll_runner: [argyll] Added 9043/9486
2026-09-07 10:18:50,322 [DEBUG] core.argyll_runner: [argyll] Added 9054/9486
2026-09-07 10:18:50,353 [DEBUG] core.argyll_runner: [argyll] Added 9065/9486
2026-09-07 10:18:50,385 [DEBUG] core.argyll_runner: [argyll] Added 9076/9486
2026-09-07 10:18:50,417 [DEBUG] core.argyll_runner: [argyll] Added 9087/9486
2026-09-07 10:18:50,449 [DEBUG] core.argyll_runner: [argyll] Added 9098/9486
2026-09-07 10:18:50,481 [DEBUG] core.argyll_runner: [argyll] Added 9109/9486
2026-09-07 10:18:50,513 [DEBUG] core.argyll_runner: [argyll] Added 9120/9486
2026-09-07 10:18:50,545 [DEBUG] core.argyll_runner: [argyll] Added 9131/9486
2026-09-07 10:18:50,578 [DEBUG] core.argyll_runner: [argyll] Added 9142/9486
2026-09-07 10:18:50,611 [DEBUG] core.argyll_runner: [argyll] Added 9153/9486
2026-09-07 10:18:50,644 [DEBUG] core.argyll_runner: [argyll] Added 9164/9486
2026-09-07 10:18:50,677 [DEBUG] core.argyll_runner: [argyll] Added 9175/9486
2026-09-07 10:18:50,710 [DEBUG] core.argyll_runner: [argyll] Added 9186/9486
2026-09-07 10:18:50,743 [DEBUG] core.argyll_runner: [argyll] Added 9197/9486
2026-09-07 10:18:50,776 [DEBUG] core.argyll_runner: [argyll] Added 9208/9486
2026-09-07 10:18:50,810 [DEBUG] core.argyll_runner: [argyll] Added 9219/9486
2026-09-07 10:18:50,843 [DEBUG] core.argyll_runner: [argyll] Added 9230/9486
2026-09-07 10:18:50,876 [DEBUG] core.argyll_runner: [argyll] Added 9241/9486
2026-09-07 10:18:50,910 [DEBUG] core.argyll_runner: [argyll] Added 9252/9486
2026-09-07 10:18:50,944 [DEBUG] core.argyll_runner: [argyll] Added 9263/9486
2026-09-07 10:18:50,978 [DEBUG] core.argyll_runner: [argyll] Added 9274/9486
2026-09-07 10:18:51,012 [DEBUG] core.argyll_runner: [argyll] Added 9285/9486
2026-09-07 10:18:51,046 [DEBUG] core.argyll_runner: [argyll] Added 9296/9486
2026-09-07 10:18:51,081 [DEBUG] core.argyll_runner: [argyll] Added 9307/9486
2026-09-07 10:18:51,116 [DEBUG] core.argyll_runner: [argyll] Added 9318/9486
2026-09-07 10:18:51,151 [DEBUG] core.argyll_runner: [argyll] Added 9329/9486
2026-09-07 10:18:51,186 [DEBUG] core.argyll_runner: [argyll] Added 9340/9486
2026-09-07 10:18:51,221 [DEBUG] core.argyll_runner: [argyll] Added 9351/9486
2026-09-07 10:18:51,256 [DEBUG] core.argyll_runner: [argyll] Added 9362/9486
2026-09-07 10:18:51,292 [DEBUG] core.argyll_runner: [argyll] Added 9373/9486
2026-09-07 10:18:51,328 [DEBUG] core.argyll_runner: [argyll] Added 9384/9486
2026-09-07 10:18:51,364 [DEBUG] core.argyll_runner: [argyll] Added 9395/9486
2026-09-07 10:18:51,400 [DEBUG] core.argyll_runner: [argyll] Added 9406/9486
2026-09-07 10:18:51,436 [DEBUG] core.argyll_runner: [argyll] Added 9417/9486
2026-09-07 10:18:51,473 [DEBUG] core.argyll_runner: [argyll] Added 9428/9486
2026-09-07 10:18:51,509 [DEBUG] core.argyll_runner: [argyll] Added 9439/9486
2026-09-07 10:18:51,546 [DEBUG] core.argyll_runner: [argyll] Added 9450/9486
2026-09-07 10:18:51,583 [DEBUG] core.argyll_runner: [argyll] Added 9461/9486
2026-09-07 10:18:51,620 [DEBUG] core.argyll_runner: [argyll] Added 9472/9486
2026-09-07 10:18:51,657 [DEBUG] core.argyll_runner: [argyll] Added 9483/9486
2026-09-07 10:18:51,694 [DEBUG] core.argyll_runner: [argyll] Added 9486/9486
2026-09-07 10:19:04,094 [DEBUG] core.argyll_runner: [argyll] 
2026-09-07 10:19:04,108 [DEBUG] core.argyll_runner: [argyll] After seeding points: MinPoint = 1.307, Min = 1.199, Avg. = 3.930, Max = 5.129, 1.3 secs
2026-09-07 10:19:04,109 [DEBUG] core.argyll_runner: [argyll] Re-seeding
2026-09-07 10:19:04,109 [DEBUG] core.argyll_runner: [argyll] It 1: Maxmv = 0.039346, MinPoint = 0.329, Min = 1.199, Avg. = 3.906, Max = 5.318, 1.2 secs.
2026-09-07 10:19:04,109 [DEBUG] core.argyll_runner: [argyll] Re-seeding
2026-09-07 10:19:04,109 [DEBUG] core.argyll_runner: [argyll] It 2: Maxmv = 0.039366, MinPoint = 0.948, Min = 1.199, Avg. = 3.875, Max = 5.154, 1.2 secs.
2026-09-07 10:19:04,109 [DEBUG] core.argyll_runner: [argyll] Re-seeding
2026-09-07 10:19:04,110 [DEBUG] core.argyll_runner: [argyll] It 3: Maxmv = 0.033363, MinPoint = 1.195, Min = 1.199, Avg. = 3.850, Max = 5.330, 1.3 secs.
2026-09-07 10:19:04,110 [DEBUG] core.argyll_runner: [argyll] Re-seeding
2026-09-07 10:19:04,110 [DEBUG] core.argyll_runner: [argyll] It 4: Maxmv = 0.027352, MinPoint = 0.975, Min = 1.199, Avg. = 3.821, Max = 5.171, 1.3 secs.
2026-09-07 10:19:04,110 [DEBUG] core.argyll_runner: [argyll] Re-seeding
2026-09-07 10:19:04,111 [DEBUG] core.argyll_runner: [argyll] It 5: Maxmv = 0.027380, MinPoint = 1.307, Min = 1.199, Avg. = 3.798, Max = 4.978, 1.3 secs.
2026-09-07 10:19:04,111 [DEBUG] core.argyll_runner: [argyll] Re-seeding
2026-09-07 10:19:04,111 [DEBUG] core.argyll_runner: [argyll] It 6: Maxmv = 0.023931, MinPoint = 1.307, Min = 1.199, Avg. = 3.780, Max = 4.978, 1.2 secs.
2026-09-07 10:19:04,111 [DEBUG] core.argyll_runner: [argyll] Re-seeding
2026-09-07 10:19:04,111 [DEBUG] core.argyll_runner: [argyll] It 7: Maxmv = 0.021561, MinPoint = 1.307, Min = 1.199, Avg. = 3.761, Max = 4.793, 1.2 secs.
2026-09-07 10:19:04,112 [DEBUG] core.argyll_runner: [argyll] Re-seeding
2026-09-07 10:19:04,112 [DEBUG] core.argyll_runner: [argyll] It 8: Maxmv = 0.017455, MinPoint = 1.307, Min = 1.199, Avg. = 3.746, Max = 4.822, 1.3 secs.
2026-09-07 10:19:04,112 [DEBUG] core.argyll_runner: [argyll] Re-seeding
2026-09-07 10:19:04,112 [DEBUG] core.argyll_runner: [argyll] It 9: Maxmv = 0.015174, MinPoint = 1.307, Min = 1.199, Avg. = 3.733, Max = 4.582, 1.3 secs.
2026-09-07 10:19:04,113 [DEBUG] core.argyll_runner: [argyll] Re-seeding
2026-09-07 10:19:04,113 [DEBUG] core.argyll_runner: [argyll] It 10: Maxmv = 0.013005, MinPoint = 1.307, Min = 1.199, Avg. = 3.723, Max = 4.551, 1.2 secs.
2026-09-07 10:19:04,113 [DEBUG] core.argyll_runner: [argyll] Re-seeding
2026-09-07 10:19:04,113 [DEBUG] core.argyll_runner: [argyll] It 11: Maxmv = 0.011049, MinPoint = 1.307, Min = 1.199, Avg. = 3.715, Max = 4.471, 1.2 secs.
2026-09-07 10:19:04,113 [DEBUG] core.argyll_runner: [argyll] Re-seeding
2026-09-07 10:19:04,114 [DEBUG] core.argyll_runner: [argyll] It 12: Maxmv = 0.011615, MinPoint = 1.307, Min = 1.199, Avg. = 3.708, Max = 4.511, 1.2 secs.
2026-09-07 10:19:04,114 [DEBUG] core.argyll_runner: [argyll] Re-seeding
2026-09-07 10:19:04,114 [DEBUG] core.argyll_runner: [argyll] It 13: Maxmv = 0.006915, MinPoint = 1.307, Min = 1.199, Avg. = 3.704, Max = 4.398, 1.2 secs.
2026-09-07 10:19:04,114 [DEBUG] core.argyll_runner: [argyll] Re-seeding
2026-09-07 10:19:04,115 [DEBUG] core.argyll_runner: [argyll] It 14: Maxmv = 0.006664, MinPoint = 1.307, Min = 1.199, Avg. = 3.700, Max = 4.385, 1.2 secs.
2026-09-07 10:19:04,115 [DEBUG] core.argyll_runner: [argyll] Re-seeding
2026-09-07 10:19:04,115 [DEBUG] core.argyll_runner: [argyll] It 15: Maxmv = 0.004559, MinPoint = 1.307, Min = 1.199, Avg. = 3.698, Max = 5.294, 1.2 secs.
2026-09-07 10:19:04,115 [DEBUG] core.argyll_runner: [argyll] Re-seeding
2026-09-07 10:19:04,115 [DEBUG] core.argyll_runner: [argyll] It 16: Maxmv = 0.005665, MinPoint = 1.307, Min = 1.199, Avg. = 3.696, Max = 4.295, 1.2 secs.
2026-09-07 10:19:04,116 [DEBUG] core.argyll_runner: [argyll] Re-seeding
2026-09-07 10:19:04,116 [DEBUG] core.argyll_runner: [argyll] It 17: Maxmv = 0.002764, MinPoint = 1.307, Min = 1.199, Avg. = 3.695, Max = 4.267, 1.2 secs.
2026-09-07 10:19:04,116 [DEBUG] core.argyll_runner: [argyll] Re-seeding
2026-09-07 10:19:04,116 [DEBUG] core.argyll_runner: [argyll] It 18: Maxmv = 0.001420, MinPoint = 1.307, Min = 1.199, Avg. = 3.695, Max = 4.270, 1.2 secs.
2026-09-07 10:19:04,117 [DEBUG] core.argyll_runner: [argyll] Re-seeding
2026-09-07 10:19:04,117 [DEBUG] core.argyll_runner: [argyll] It 19: Maxmv = 0.000529, MinPoint = 1.307, Min = 1.199, Avg. = 3.695, Max = 4.259, 1.2 secs.
2026-09-07 10:19:04,117 [DEBUG] core.argyll_runner: [argyll] Re-seeding
2026-09-07 10:19:04,117 [DEBUG] core.argyll_runner: [argyll] It 20: Maxmv = 0.000515, MinPoint = 1.307, Min = 1.199, Avg. = 3.695, Max = 4.250, 1.2 secs.
2026-09-07 10:19:04,118 [DEBUG] core.argyll_runner: [argyll] After optimization: MinPoint = 1.307, Min = 1.199, Avg. = 3.695, Max = 4.250
2026-09-07 10:19:04,118 [DEBUG] core.argyll_runner: [argyll] Total number of patches = 9500
2026-09-07 10:19:04,118 [DEBUG] core.argyll_runner: [argyll] Execution time = 25.832493 seconds
2026-09-07 10:19:04,131 [INFO] core.argyll_runner: ArgyllRunner: finished with code 0
2026-09-07 10:19:05,279 [DEBUG] workflow.chart_creator: Wrote channel sidecar R2-Engine.channels.json: ['r', 'g', 'b']
2026-09-07 10:19:07,114 [DEBUG] ui.tiff_preview: TiffPreview: loaded 22 page(s)
2026-09-07 10:19:07,114 [INFO] ui.tabs.tab_chart: Preview loaded: 22 TIFF(s)
2026-09-07 10:19:07,440 [INFO] review:   DIALOG expected [QMessageBox] title='' buttons=['OK', 'Edit patch set…'] text="Your patch set doesn't quite fill the last page — there's space for about 189 more patches on it (the page holds about 441 in total).\n\nThat's perfectly fine to print as it is; the empty area is just b" -> clicked 'OK'
2026-09-07 10:19:07,440 [INFO] ui.main_window: Chart-build lock released by watchdog — no chart_finished arrived after the last tool ended
2026-09-07 10:19:07,635 [DEBUG] ui.tiff_preview: TiffPreview: loaded 22 page(s)
2026-09-07 10:19:07,659 [DEBUG] ui.tiff_preview: TiffPreview: loaded 22 page(s)
2026-09-07 10:19:07,697 [DEBUG] ui.tabs.tab_chart: create-chart settings written for run1 (40 parameters + ui state)
2026-09-07 10:19:08,518 [INFO] review:   [9500 fixed, 22 pages] built ok=True actual={'total': 9513, 'fillup': 13, 'page_patches': 441, 'rows': 21, 'cols': 21, 'pages': 22, 'patch': (8.04, 9.99), 'pitch': None} est={'total': 9513, 'fillup': 0, 'page_patches': 441, 'rows': 21, 'cols': 21, 'pages': 22, 'patch': (8.0, 10.0), 'pitch': None}
      margins=mm | inch | min | Left (to first patch) | 26.0 | 1.023 | 26.0 | Right (to first patch) | 16.0 | 0.631 | 9.0 | Top (to first patch) | 39.0 | 1.537 | 38.0 | Bottom (to first patch) | 28.0 | 1.103 | 19.0 | Patch width (in strip reading direction) | 8.0 | 0.317 | 
      status='Margins: OK' notes=''
2026-09-07 10:19:08,518 [DEBUG] core.settings: settings.set session_target_name = 'Demo-Full-RGB'
2026-09-07 10:19:08,518 [DEBUG] core.settings: settings.set session_project_root = ''
2026-09-07 10:19:08,519 [DEBUG] core.file_manager: Target name set to: Demo-Full-RGB (root /Users/Basti/ChromIQ-assessment/Demo-Full-RGB)
2026-09-07 10:19:08,524 [INFO] core.file_manager: opened the EXISTING project at /Users/Basti/ChromIQ-assessment/Demo-Full-RGB (4 run(s) on disk)
2026-09-07 10:19:08,528 [DEBUG] ui.tabs.tab_chart: create-chart settings written for run1 (40 parameters + ui state)
2026-09-07 10:19:08,533 [DEBUG] core.settings: settings.set use_chromiq_layout_engine = True
2026-09-07 10:19:08,534 [DEBUG] ui.dialogs.layout_options_panel: layout panel set_recipe: spacer=colored/True gaps=0.0/0.0  [load_target_settings:14638  ←  _apply_ui_state:14991  ←  _set_engine_recipe:17986]
2026-09-07 10:19:08,569 [DEBUG] core.settings: settings.set helper_markers_show = False
2026-09-07 10:19:08,569 [DEBUG] core.settings: settings.set helper_marker_edge_mm = 2.0
2026-09-07 10:19:08,569 [DEBUG] core.settings: settings.set helper_marker_len_mm = 2.0
2026-09-07 10:19:08,569 [DEBUG] core.settings: settings.set helper_marker_per_patch = 3
2026-09-07 10:19:08,569 [DEBUG] core.settings: settings.set helper_markers_top_bottom = True
2026-09-07 10:19:08,569 [DEBUG] core.settings: settings.set helper_markers_sides = True
2026-09-07 10:19:08,582 [DEBUG] core.settings: settings.set helper_markers_show = False
2026-09-07 10:19:08,582 [DEBUG] core.settings: settings.set helper_marker_edge_mm = 2.0
2026-09-07 10:19:08,582 [DEBUG] core.settings: settings.set helper_marker_len_mm = 2.0
2026-09-07 10:19:08,582 [DEBUG] core.settings: settings.set helper_marker_per_patch = 3
2026-09-07 10:19:08,582 [DEBUG] core.settings: settings.set helper_markers_top_bottom = True
2026-09-07 10:19:08,582 [DEBUG] core.settings: settings.set helper_markers_sides = True
2026-09-07 10:19:08,607 [DEBUG] ui.tabs.tab_chart: create-chart settings written for run4 (40 parameters + ui state)
2026-09-07 10:19:08,608 [DEBUG] core.settings: settings.set use_chromiq_layout_engine = True
2026-09-07 10:19:08,608 [DEBUG] ui.dialogs.layout_options_panel: layout panel set_recipe: spacer=colored/True gaps=0.0/0.0  [load_target_settings:14638  ←  _apply_ui_state:14991  ←  _set_engine_recipe:17986]
2026-09-07 10:19:08,627 [DEBUG] core.settings: settings.set helper_markers_show = False
2026-09-07 10:19:08,627 [DEBUG] core.settings: settings.set helper_marker_edge_mm = 2.0
2026-09-07 10:19:08,627 [DEBUG] core.settings: settings.set helper_marker_len_mm = 2.0
2026-09-07 10:19:08,627 [DEBUG] core.settings: settings.set helper_marker_per_patch = 3
2026-09-07 10:19:08,627 [DEBUG] core.settings: settings.set helper_markers_top_bottom = True
2026-09-07 10:19:08,627 [DEBUG] core.settings: settings.set helper_markers_sides = True
2026-09-07 10:19:08,637 [DEBUG] core.settings: settings.set helper_markers_show = False
2026-09-07 10:19:08,637 [DEBUG] core.settings: settings.set helper_marker_edge_mm = 2.0
2026-09-07 10:19:08,637 [DEBUG] core.settings: settings.set helper_marker_len_mm = 2.0
2026-09-07 10:19:08,637 [DEBUG] core.settings: settings.set helper_marker_per_patch = 3
2026-09-07 10:19:08,637 [DEBUG] core.settings: settings.set helper_markers_top_bottom = True
2026-09-07 10:19:08,637 [DEBUG] core.settings: settings.set helper_markers_sides = True
2026-09-07 10:19:08,660 [DEBUG] core.settings: settings.set use_chromiq_layout_engine = True
2026-09-07 10:19:08,660 [DEBUG] ui.dialogs.layout_options_panel: layout panel set_recipe: spacer=colored/True gaps=0.0/0.0  [load_target_settings:14638  ←  _apply_ui_state:14991  ←  _set_engine_recipe:17986]
2026-09-07 10:19:08,677 [DEBUG] core.settings: settings.set helper_markers_show = False
2026-09-07 10:19:08,677 [DEBUG] core.settings: settings.set helper_marker_edge_mm = 2.0
2026-09-07 10:19:08,677 [DEBUG] core.settings: settings.set helper_marker_len_mm = 2.0
2026-09-07 10:19:08,677 [DEBUG] core.settings: settings.set helper_marker_per_patch = 3
2026-09-07 10:19:08,677 [DEBUG] core.settings: settings.set helper_markers_top_bottom = True
2026-09-07 10:19:08,677 [DEBUG] core.settings: settings.set helper_markers_sides = True
2026-09-07 10:19:08,687 [DEBUG] core.settings: settings.set helper_markers_show = False
2026-09-07 10:19:08,687 [DEBUG] core.settings: settings.set helper_marker_edge_mm = 2.0
2026-09-07 10:19:08,687 [DEBUG] core.settings: settings.set helper_marker_len_mm = 2.0
2026-09-07 10:19:08,687 [DEBUG] core.settings: settings.set helper_marker_per_patch = 3
2026-09-07 10:19:08,688 [DEBUG] core.settings: settings.set helper_markers_top_bottom = True
2026-09-07 10:19:08,688 [DEBUG] core.settings: settings.set helper_markers_sides = True
2026-09-07 10:19:08,710 [DEBUG] core.settings: settings.set use_chromiq_layout_engine = True
2026-09-07 10:19:08,710 [DEBUG] ui.dialogs.layout_options_panel: layout panel set_recipe: spacer=colored/True gaps=0.0/0.0  [load_target_settings:14638  ←  _apply_ui_state:14991  ←  _set_engine_recipe:17986]
2026-09-07 10:19:08,728 [DEBUG] core.settings: settings.set helper_markers_show = False
2026-09-07 10:19:08,728 [DEBUG] core.settings: settings.set helper_marker_edge_mm = 2.0
2026-09-07 10:19:08,728 [DEBUG] core.settings: settings.set helper_marker_len_mm = 2.0
2026-09-07 10:19:08,728 [DEBUG] core.settings: settings.set helper_marker_per_patch = 3
2026-09-07 10:19:08,728 [DEBUG] core.settings: settings.set helper_markers_top_bottom = True
2026-09-07 10:19:08,728 [DEBUG] core.settings: settings.set helper_markers_sides = True
2026-09-07 10:19:08,737 [DEBUG] core.settings: settings.set helper_markers_show = False
2026-09-07 10:19:08,737 [DEBUG] core.settings: settings.set helper_marker_edge_mm = 2.0
2026-09-07 10:19:08,737 [DEBUG] core.settings: settings.set helper_marker_len_mm = 2.0
2026-09-07 10:19:08,737 [DEBUG] core.settings: settings.set helper_marker_per_patch = 3
2026-09-07 10:19:08,737 [DEBUG] core.settings: settings.set helper_markers_top_bottom = True
2026-09-07 10:19:08,737 [DEBUG] core.settings: settings.set helper_markers_sides = True
2026-09-07 10:19:08,759 [DEBUG] ui.tiff_preview: TiffPreview: loaded 1 page(s)
2026-09-07 10:19:08,768 [DEBUG] ui.dialogs.layout_options_panel: layout panel set_recipe: spacer=colored/True gaps=0.0/0.0  [_display_run_chart:6588  ←  _restore_chart_settings:11047  ←  _set_engine_recipe:17986]
2026-09-07 10:19:08,786 [DEBUG] core.settings: settings.set helper_markers_show = False
2026-09-07 10:19:08,786 [DEBUG] core.settings: settings.set helper_marker_edge_mm = 2.0
2026-09-07 10:19:08,786 [DEBUG] core.settings: settings.set helper_marker_len_mm = 2.0
2026-09-07 10:19:08,786 [DEBUG] core.settings: settings.set helper_marker_per_patch = 3
2026-09-07 10:19:08,786 [DEBUG] core.settings: settings.set helper_markers_top_bottom = True
2026-09-07 10:19:08,786 [DEBUG] core.settings: settings.set helper_markers_sides = True
2026-09-07 10:19:08,790 [DEBUG] core.settings: settings.set helper_markers_show = False
2026-09-07 10:19:08,790 [DEBUG] core.settings: settings.set helper_marker_edge_mm = 2.0
2026-09-07 10:19:08,790 [DEBUG] core.settings: settings.set helper_marker_len_mm = 2.0
2026-09-07 10:19:08,790 [DEBUG] core.settings: settings.set helper_marker_per_patch = 3
2026-09-07 10:19:08,790 [DEBUG] core.settings: settings.set helper_markers_top_bottom = True
2026-09-07 10:19:08,790 [DEBUG] core.settings: settings.set helper_markers_sides = True
2026-09-07 10:19:08,802 [INFO] ui.tabs.tab_chart: chart loaded: 1 page(s) counted from the page images (field was 1, now 1)
2026-09-07 10:19:08,804 [INFO] ui.tabs.tab_chart: Create Chart: this run's own patch set (Demo-Full-RGB.ti1) is attached, so regenerating reproduces it
2026-09-07 10:19:08,804 [DEBUG] ui.tiff_preview: TiffPreview: loaded 1 page(s)
2026-09-07 10:19:08,805 [DEBUG] ui.tiff_preview: TiffPreview: loaded 1 page(s)
2026-09-07 10:19:08,810 [DEBUG] ui.tabs.tab_chart: the chart sidecar moved 0 parameters and 1 ui values away from the target's own
2026-09-07 10:19:08,812 [DEBUG] ui.tiff_preview: TiffPreview: loaded 1 page(s)
2026-09-07 10:19:08,814 [DEBUG] ui.tiff_preview: TiffPreview: loaded 1 page(s)
2026-09-07 10:19:08,814 [INFO] ui.main_window: Session restored: target=Demo-Full-RGB run=run4
2026-09-07 10:19:10,318 [INFO] review: open_project('Demo-Full-RGB') -> run bar reads 'Run 4 (overwrite)' ok=True
2026-09-07 10:19:10,828 [DEBUG] core.settings: settings.set session_target_name = 'R2-Engine'
2026-09-07 10:19:10,828 [DEBUG] core.settings: settings.set session_project_root = ''
2026-09-07 10:19:10,829 [DEBUG] core.file_manager: Target name set to: R2-Engine (root /Users/Basti/ChromIQ-assessment/R2-Engine)
2026-09-07 10:19:10,834 [INFO] core.file_manager: opened the EXISTING project at /Users/Basti/ChromIQ-assessment/R2-Engine (1 run(s) on disk)
2026-09-07 10:19:10,838 [DEBUG] ui.tabs.tab_chart: create-chart settings written for run1 (40 parameters + ui state)
2026-09-07 10:19:10,842 [DEBUG] core.settings: settings.set use_chromiq_layout_engine = True
2026-09-07 10:19:10,842 [DEBUG] ui.dialogs.layout_options_panel: layout panel set_recipe: spacer=colored/True gaps=0.0/0.0  [load_target_settings:14638  ←  _apply_ui_state:14991  ←  _set_engine_recipe:17986]
2026-09-07 10:19:10,875 [DEBUG] core.settings: settings.set helper_markers_show = False
2026-09-07 10:19:10,876 [DEBUG] core.settings: settings.set helper_marker_edge_mm = 2.0
2026-09-07 10:19:10,876 [DEBUG] core.settings: settings.set helper_marker_len_mm = 2.0
2026-09-07 10:19:10,876 [DEBUG] core.settings: settings.set helper_marker_per_patch = 3
2026-09-07 10:19:10,876 [DEBUG] core.settings: settings.set helper_markers_top_bottom = True
2026-09-07 10:19:10,876 [DEBUG] core.settings: settings.set helper_markers_sides = True
2026-09-07 10:19:10,880 [DEBUG] core.settings: settings.set helper_markers_show = False
2026-09-07 10:19:10,880 [DEBUG] core.settings: settings.set helper_marker_edge_mm = 2.0
2026-09-07 10:19:10,880 [DEBUG] core.settings: settings.set helper_marker_len_mm = 2.0
2026-09-07 10:19:10,880 [DEBUG] core.settings: settings.set helper_marker_per_patch = 3
2026-09-07 10:19:10,880 [DEBUG] core.settings: settings.set helper_markers_top_bottom = True
2026-09-07 10:19:10,880 [DEBUG] core.settings: settings.set helper_markers_sides = True
2026-09-07 10:19:10,895 [DEBUG] core.settings: settings.set use_chromiq_layout_engine = True
2026-09-07 10:19:10,895 [DEBUG] ui.dialogs.layout_options_panel: layout panel set_recipe: spacer=colored/True gaps=0.0/0.0  [load_target_settings:14638  ←  _apply_ui_state:14991  ←  _set_engine_recipe:17986]
2026-09-07 10:19:10,916 [DEBUG] core.settings: settings.set helper_markers_show = False
2026-09-07 10:19:10,916 [DEBUG] core.settings: settings.set helper_marker_edge_mm = 2.0
2026-09-07 10:19:10,916 [DEBUG] core.settings: settings.set helper_marker_len_mm = 2.0
2026-09-07 10:19:10,916 [DEBUG] core.settings: settings.set helper_marker_per_patch = 3
2026-09-07 10:19:10,916 [DEBUG] core.settings: settings.set helper_markers_top_bottom = True
2026-09-07 10:19:10,916 [DEBUG] core.settings: settings.set helper_markers_sides = True
2026-09-07 10:19:10,920 [DEBUG] core.settings: settings.set helper_markers_show = False
2026-09-07 10:19:10,920 [DEBUG] core.settings: settings.set helper_marker_edge_mm = 2.0
2026-09-07 10:19:10,920 [DEBUG] core.settings: settings.set helper_marker_len_mm = 2.0
2026-09-07 10:19:10,920 [DEBUG] core.settings: settings.set helper_marker_per_patch = 3
2026-09-07 10:19:10,920 [DEBUG] core.settings: settings.set helper_markers_top_bottom = True
2026-09-07 10:19:10,920 [DEBUG] core.settings: settings.set helper_markers_sides = True
2026-09-07 10:19:10,935 [DEBUG] core.settings: settings.set use_chromiq_layout_engine = True
2026-09-07 10:19:10,935 [DEBUG] ui.dialogs.layout_options_panel: layout panel set_recipe: spacer=colored/True gaps=0.0/0.0  [load_target_settings:14638  ←  _apply_ui_state:14991  ←  _set_engine_recipe:17986]
2026-09-07 10:19:10,954 [DEBUG] core.settings: settings.set helper_markers_show = False
2026-09-07 10:19:10,954 [DEBUG] core.settings: settings.set helper_marker_edge_mm = 2.0
2026-09-07 10:19:10,954 [DEBUG] core.settings: settings.set helper_marker_len_mm = 2.0
2026-09-07 10:19:10,954 [DEBUG] core.settings: settings.set helper_marker_per_patch = 3
2026-09-07 10:19:10,954 [DEBUG] core.settings: settings.set helper_markers_top_bottom = True
2026-09-07 10:19:10,954 [DEBUG] core.settings: settings.set helper_markers_sides = True
2026-09-07 10:19:10,958 [DEBUG] core.settings: settings.set helper_markers_show = False
2026-09-07 10:19:10,958 [DEBUG] core.settings: settings.set helper_marker_edge_mm = 2.0
2026-09-07 10:19:10,958 [DEBUG] core.settings: settings.set helper_marker_len_mm = 2.0
2026-09-07 10:19:10,958 [DEBUG] core.settings: settings.set helper_marker_per_patch = 3
2026-09-07 10:19:10,958 [DEBUG] core.settings: settings.set helper_markers_top_bottom = True
2026-09-07 10:19:10,958 [DEBUG] core.settings: settings.set helper_markers_sides = True
2026-09-07 10:19:10,970 [DEBUG] core.settings: settings.set use_chromiq_layout_engine = True
2026-09-07 10:19:10,970 [DEBUG] ui.dialogs.layout_options_panel: layout panel set_recipe: spacer=colored/True gaps=0.0/0.0  [load_target_settings:14638  ←  _apply_ui_state:14991  ←  _set_engine_recipe:17986]
2026-09-07 10:19:10,989 [DEBUG] core.settings: settings.set helper_markers_show = False
2026-09-07 10:19:10,989 [DEBUG] core.settings: settings.set helper_marker_edge_mm = 2.0
2026-09-07 10:19:10,989 [DEBUG] core.settings: settings.set helper_marker_len_mm = 2.0
2026-09-07 10:19:10,989 [DEBUG] core.settings: settings.set helper_marker_per_patch = 3
2026-09-07 10:19:10,989 [DEBUG] core.settings: settings.set helper_markers_top_bottom = True
2026-09-07 10:19:10,989 [DEBUG] core.settings: settings.set helper_markers_sides = True
2026-09-07 10:19:10,992 [DEBUG] core.settings: settings.set helper_markers_show = False
2026-09-07 10:19:10,993 [DEBUG] core.settings: settings.set helper_marker_edge_mm = 2.0
2026-09-07 10:19:10,993 [DEBUG] core.settings: settings.set helper_marker_len_mm = 2.0
2026-09-07 10:19:10,993 [DEBUG] core.settings: settings.set helper_marker_per_patch = 3
2026-09-07 10:19:10,993 [DEBUG] core.settings: settings.set helper_markers_top_bottom = True
2026-09-07 10:19:10,993 [DEBUG] core.settings: settings.set helper_markers_sides = True
2026-09-07 10:19:11,013 [DEBUG] ui.tiff_preview: TiffPreview: loaded 22 page(s)
2026-09-07 10:19:11,055 [DEBUG] ui.dialogs.layout_options_panel: layout panel set_recipe: spacer=colored/True gaps=0.0/0.0  [_display_run_chart:6588  ←  _restore_chart_settings:11047  ←  _set_engine_recipe:17986]
2026-09-07 10:19:11,073 [DEBUG] core.settings: settings.set helper_markers_show = False
2026-09-07 10:19:11,073 [DEBUG] core.settings: settings.set helper_marker_edge_mm = 2.0
2026-09-07 10:19:11,073 [DEBUG] core.settings: settings.set helper_marker_len_mm = 2.0
2026-09-07 10:19:11,073 [DEBUG] core.settings: settings.set helper_marker_per_patch = 3
2026-09-07 10:19:11,073 [DEBUG] core.settings: settings.set helper_markers_top_bottom = True
2026-09-07 10:19:11,073 [DEBUG] core.settings: settings.set helper_markers_sides = True
2026-09-07 10:19:11,083 [DEBUG] core.settings: settings.set helper_markers_show = False
2026-09-07 10:19:11,083 [DEBUG] core.settings: settings.set helper_marker_edge_mm = 2.0
2026-09-07 10:19:11,083 [DEBUG] core.settings: settings.set helper_marker_len_mm = 2.0
2026-09-07 10:19:11,083 [DEBUG] core.settings: settings.set helper_marker_per_patch = 3
2026-09-07 10:19:11,083 [DEBUG] core.settings: settings.set helper_markers_top_bottom = True
2026-09-07 10:19:11,083 [DEBUG] core.settings: settings.set helper_markers_sides = True
2026-09-07 10:19:11,103 [INFO] ui.tabs.tab_chart: chart loaded: 22 page(s) counted from the page images (field was 20, now 22)
2026-09-07 10:19:11,113 [DEBUG] ui.tiff_preview: TiffPreview: loaded 22 page(s)
2026-09-07 10:19:11,136 [DEBUG] ui.tiff_preview: TiffPreview: loaded 22 page(s)
2026-09-07 10:19:11,172 [DEBUG] ui.tabs.tab_chart: the chart sidecar moved 5 parameters and 2 ui values away from the target's own
2026-09-07 10:19:11,198 [DEBUG] ui.tiff_preview: TiffPreview: loaded 22 page(s)
2026-09-07 10:19:11,242 [DEBUG] ui.tiff_preview: TiffPreview: loaded 22 page(s)
2026-09-07 10:19:11,242 [INFO] ui.main_window: Session restored: target=R2-Engine run=run1
2026-09-07 10:19:12,752 [INFO] review: open_project('R2-Engine') -> run bar reads 'Run 1 (overwrite)' ok=True
2026-09-07 10:19:14,503 [DEBUG] core.settings: settings.set helper_markers_show = False
2026-09-07 10:19:14,503 [DEBUG] core.settings: settings.set helper_marker_edge_mm = 2.0
2026-09-07 10:19:14,503 [DEBUG] core.settings: settings.set helper_marker_len_mm = 2.0
2026-09-07 10:19:14,503 [DEBUG] core.settings: settings.set helper_marker_per_patch = 3
2026-09-07 10:19:14,503 [DEBUG] core.settings: settings.set helper_markers_top_bottom = True
2026-09-07 10:19:14,503 [DEBUG] core.settings: settings.set helper_markers_sides = True
2026-09-07 10:19:15,565 [DEBUG] core.settings: settings.set helper_markers_show = False
2026-09-07 10:19:15,566 [DEBUG] core.settings: settings.set helper_marker_edge_mm = 2.0
2026-09-07 10:19:15,566 [DEBUG] core.settings: settings.set helper_marker_len_mm = 2.0
2026-09-07 10:19:15,566 [DEBUG] core.settings: settings.set helper_marker_per_patch = 3
2026-09-07 10:19:15,566 [DEBUG] core.settings: settings.set helper_markers_top_bottom = True
2026-09-07 10:19:15,566 [DEBUG] core.settings: settings.set helper_markers_sides = True
2026-09-07 10:19:16,311 [INFO] review:   B F-021: {'built': {'total': 9513, 'fillup': 13, 'page_patches': 441, 'rows': 21, 'cols': 21, 'pages': 22, 'patch': (8.04, 9.99), 'pitch': None}, 'spins_after_build': (1, 1), 'spins_after_reopen': (20, 20, False, False), 'auto_after_reopen': False, 'f_after_reopen': 9513, 'spins_after_auto': (20, 20), 'spins_after_pages1': (1, 20), 'est_after_pages1': {'total': 315, 'fillup': 11, 'page_patches': 315, 'rows': 21, 'cols': 15, 'pages': 1, 'patch': (8.0, 10.0), 'pitch': None}}
2026-09-07 10:19:16,480 [INFO] review:   shot Review/Screenshots/R05-files-presets-cal/b01-f021-after-reopen-pages1.png  (3400x2100)
2026-09-07 10:19:16,481 [INFO] review:   armed: dialog ~'quite fill' -> click 'OK' (last page hint)
2026-09-07 10:19:16,481 [INFO] review:   armed: dialog ~'already' -> click 'Continue' 
2026-09-07 10:19:16,481 [INFO] ui.tabs.tab_chart: chart build (Generate Chart) in manual: patch set targen | manual panel: A4, 0x0 grid, margins T38.0 R9.0 B19.0 L26.0
2026-09-07 10:19:16,482 [INFO] ui.tabs.tab_chart: chart build (live preview) in manual: patch set Demo-Full-RGB.ti1 | manual panel: A4, 0x0 grid, margins T38.0 R9.0 B19.0 L26.0
2026-09-07 10:19:16,482 [DEBUG] core.settings: settings.set session_ti3_path = ''
2026-09-07 10:19:16,482 [DEBUG] core.settings: settings.set session_icc_path = ''
2026-09-07 10:19:16,482 [DEBUG] core.settings: settings.set session_cal_ti3_path = ''
2026-09-07 10:19:16,482 [DEBUG] core.file_manager: Target name set to: R2-Engine (root /Users/Basti/ChromIQ-assessment/R2-Engine)
2026-09-07 10:19:16,483 [INFO] core.file_manager: opened the EXISTING project at /Users/Basti/ChromIQ-assessment/R2-Engine (1 run(s) on disk)
2026-09-07 10:19:16,536 [DEBUG] workflow.chart_creator: Wrote channel sidecar R2-Engine.channels.json: ['r', 'g', 'b']
2026-09-07 10:19:16,618 [DEBUG] ui.tiff_preview: TiffPreview: loaded 1 page(s)
2026-09-07 10:19:16,618 [INFO] ui.tabs.tab_chart: Preview loaded: 1 TIFF(s)
2026-09-07 10:19:16,627 [DEBUG] ui.tiff_preview: TiffPreview: loaded 1 page(s)
2026-09-07 10:19:16,628 [DEBUG] ui.tiff_preview: TiffPreview: loaded 1 page(s)
2026-09-07 10:19:16,632 [DEBUG] ui.tabs.tab_chart: create-chart settings written for run1 (40 parameters + ui state)
2026-09-07 10:19:18,568 [INFO] review:   [after reopen, pages 1] built ok=True actual={'total': 315, 'fillup': 11, 'page_patches': 315, 'rows': 21, 'cols': 15, 'pages': 1, 'patch': (8.04, 9.99), 'pitch': None} est={'total': 315, 'fillup': 11, 'page_patches': 315, 'rows': 21, 'cols': 15, 'pages': 1, 'patch': (8.0, 10.0), 'pitch': None}
      margins=mm | inch | min | Left (to first patch) | 26.0 | 1.023 | 26.0 | Right (to first patch) | 64.0 | 2.521 | 9.0 | Top (to first patch) | 39.0 | 1.537 | 38.0 | Bottom (to first patch) | 28.0 | 1.103 | 19.0 | Patch width (in strip reading direction) | 8.0 | 0.317 | 
      status='Margins: OK' notes=''
2026-09-07 10:19:18,569 [INFO] review:   B built pages=1 est pages=1
2026-09-07 10:19:18,570 [INFO] review:   presets in combo: ['none', 'Alpha', 'AssessPresetA', 'AssessPresetB', '▶  CR30-A4-77p-1page-Portrait-w24.0mm', '▶  CR30-A4-153p-1page-Portrait-w18.0mm-Hexagonal', '▶  CR30-A4-160p-1page-Portrait-w17.0mm', '▶  CR30-A4-192p-1page-Portrait-w11.0mm', '▶  CR30-A4-360p-1page-Portrait-w11.0mm', '▶  CR30-A4-420p-1page-Portrait-w11.0mm-Hexagonal', '▶  CR30-A4-720p-2pages-Portrait-w11.0mm', '▶  CR30-A4-840p-2pages-Portrait-w11.0mm-Hexagonal', '▶  CR30-A4-1080p-3pages-Portrait-w11.0mm', '▶  CR30-A4-1260p-3pages-Portrait-w11.0mm-Hexagonal', '▶  CR30-Letter-88p-1page-Portrait-w22.0mm', '▶  CR30-Letter-150p-1page-Portrait-w17.0mm', '▶  CR30-Letter-170p-1page-Portrait-w16.0mm-Hexagonal', '▶  CR30-Letter-184p-1page-Portrait-w11.0mm', '▶  CR30-Letter-368p-1page-Portrait-w11.0mm', '▶  CR30-Letter-390p-1page-Portrait-w11.0mm-Hexagonal', '▶  CR30-Letter-736p-2pages-Portrait-w11.0mm', '▶  CR30-Letter-780p-2pages-Portrait-w11.0mm-Hexagonal', '▶  CR30-Letter-1104p-3pages-Portrait-w11.0mm', '▶  CR30-Letter-1170p-3pages-Portrait-w11.0mm-Hexagonal', '▶  i1Pro-A4-1page-Portrait-BrandNew', '▶  i1Pro-A4-525p-3pages-Landscape-AssessPresetB', '', 'ColorMunki / i1Studio / ColorChecker Studio', '★  ColorMunki · A4-300p-1page TC3.00 by Pharmacist  ·  built-in', '★  ColorMunki · A4-702p-2pages ABW-optimized by Pharmacist  ·  built-in', '★  ColorMunki · A3-924p-1page TC9.24 by Pharmacist  ·  built-in', '★  ColorMunki · A3+-1160p-1page TC9.18 extended greys by Pharmacist  ·  built-in', '★  ColorMunki · A4-84p-1page-Portrait-w26.0mm-Fast Reading Speed-Hand Held · Full layout setup  ·  built-in', '★  ColorMunki · A4-144p-1page-Portrait-w14.0mm-Fast Reading Speed · Full layout setup  ·  built-in', '★  ColorMunki · A4-204p-1page-Portrait-w10.0mm-Fast Reading Speed · Full layout setup  ·  built-in', '★  ColorMunki · A4-306p-1page-Portrait-w10.0mm-Slow Reading Speed · Full layout setup  ·  built-in', '★  ColorMunki · A4-374p-1page-Portrait-w10.0mm-Very Slow Reading Speed · Full layout setup  ·  built-in', '★  ColorMunki · A4-408p-2pages-Portrait-w10.0mm-Fast Reading Speed · Full layout setup  ·  built-in', '★  ColorMunki · A4-612p-2pages-Portrait-w10.0mm-Slow Reading Speed · Full layout setup  ·  built-in', '★  ColorMunki · A4-612p-3pages-Portrait-w10.0mm-Fast Reading Speed · Full layout setup  ·  built-in', '★  ColorMunki · A4-1224p-4pages-Portrait-w10.0mm-Slow Reading Speed · Full layout setup  ·  built-in', '★  ColorMunki · A4-1224p-6pages-Portrait-w10.0mm-Fast Reading Speed · Full layout setup  ·  built-in', '★  ColorMunki · A4-1615p-5pages-Portrait-w10.0mm-Slow Reading Speed · Full layout setup  ·  built-in', '★  ColorMunki · A4-1623p-8pages-Portrait-w10.0mm-Fast Reading Speed · Full layout setup  ·  built-in', '★  ColorMunki · A4-2040p-10pages-Portrait-w10.0mm-Fast Reading Speed · Full layout setup  ·  built-in', '★  ColorMunki · A4-2142p-7pages-Portrait-w10.0mm-Slow Reading Speed · Full layout setup  ·  built-in', '★  ColorMunki · Letter-84p-1page-Portrait-w26.0mm-Fast Reading Speed-Hand Held · Full layout setup  ·  built-in', '★  ColorMunki · Letter-144p-1page-Portrait-w15.0mm-Fast Reading Speed · Full layout setup  ·  built-in', '★  ColorMunki · Letter-204p-1page-Portrait-w10.0mm-Fast Reading Speed · Full layout setup  ·  built-in', '★  ColorMunki · Letter-306p-1page-Portrait-w10.0mm-Slow Reading Speed · Full layout setup  ·  built-in', '★  ColorMunki · Letter-374p-1page-Portrait-w10.0mm-Very Slow Reading Speed · Full layout setup  ·  built-in', '★  ColorMunki · Letter-408p-2pages-Portrait-w10.0mm-Fast Reading Speed · Full layout setup  ·  built-in', '★  ColorMunki · Letter-612p-2pages-Portrait-w10.0mm-Slow Reading Speed · Full layout setup  ·  built-in', '★  ColorMunki · Letter-612p-3pages-Portrait-w10.0mm-Fast Reading Speed · Full layout setup  ·  built-in', '★  ColorMunki · Letter-1224p-4pages-Portrait-w10.0mm-Slow Reading Speed · Full layout setup  ·  built-in', '★  ColorMunki · Letter-1224p-6pages-Portrait-w10.0mm-Fast Reading Speed · Full layout setup  ·  built-in', '★  ColorMunki · Letter-1615p-5pages-Portrait-w10.0mm-Slow Reading Speed · Full layout setup  ·  built-in', '★  ColorMunki · Letter-1623p-8pages-Portrait-w10.0mm-Fast Reading Speed · Full layout setup  ·  built-in', '★  ColorMunki · Letter-2040p-10pages-Portrait-w10.0mm-Fast Reading Speed · Full layout setup  ·  built-in', '★  ColorMunki · Letter-2142p-7pages-Portrait-w10.0mm-Slow Reading Speed · Full layout setup  ·  built-in', '★  ColorMunki · A3-180p-1page-Landscape-w26.0mm-Fast Reading Speed-Hand Held · Full layout setup  ·  built-in', '★  ColorMunki · A3-450p-1page-Portrait-w10.0mm-Fast Reading Speed · Full layout setup  ·  built-in', '★  ColorMunki · A3-456p-1page-Landscape-w10.0mm-Fast Reading Speed · Full layout setup  ·  built-in', '★  ColorMunki · A3-800p-1page-Portrait-w10.0mm-Slow Reading Speed · Full layout setup  ·  built-in', '★  ColorMunki · A3-900p-2pages-Portrait-w10.0mm-Fast Reading Speed · Full layout setup  ·  built-in', '★  ColorMunki · A3-912p-2pages-Landscape-w10.0mm-Fast Reading Speed · Full layout setup  ·  built-in', '★  ColorMunki · A3-1224p-2pages-Landscape-w10.0mm-Slow Reading Speed · Full layout setup  ·  built-in', '★  ColorMunki · A3-1350p-3pages-Portrait-w10.0mm-Fast Reading Speed · Full layout setup  ·  built-in', '★  ColorMunki · A3-1368p-2pages-Landscape-w10.0mm-Slow Reading Speed · Full layout setup  ·  built-in', '★  ColorMunki · A3-1368p-3pages-Landscape-w10.0mm-Fast Reading Speed · Full layout setup  ·  built-in', '★  ColorMunki · A3-1600p-2pages-Portrait-w10.0mm-Slow Reading Speed · Full layout setup  ·  built-in', '★  ColorMunki · A3-2052p-3pages-Landscape-w10.0mm-Slow Reading Speed-Nature · Full layout setup  ·  built-in', '★  ColorMunki · A3-2280p-5pages-Landscape-w10.0mm-Fast Reading Speed-Nature · Full layout setup  ·  built-in', '★  ColorMunki · A3Plus-588p-1page-Portrait-w10.0mm-Fast Reading Speed · Full layout setup  ·  built-in', '★  ColorMunki · A3Plus-616p-1page-Landscape-w10.0mm-Fast Reading Speed · Full layout setup  ·  built-in', '★  ColorMunki · A3Plus-1176p-2pages-Portrait-w10.0mm-Fast Reading Speed · Full layout setup  ·  built-in', '★  ColorMunki · A3Plus-1232p-2pages-Landscape-w10.0mm-Fast Reading Speed · Full layout setup  ·  built-in', '', 'i1Pro / i1Pro 2 / i1Pro 3', '★  i1Pro · A4-1110p-2pages ABW-optimized by Pharmacist  ·  built-in', '★  i1Pro · A4-1160p-2pages TC9.18 extended greys by Pharmacist  ·  built-in', '★  i1Pro · A4-1944p-3pages extended target by Pharmacist  ·  built-in', '★  i1Pro · Letter-1160p-2pages TC9.18 extended greys by Pharmacist  ·  built-in', '★  i1Pro · Letter-1944p-3pages extended target by Pharmacist  ·  built-in', '★  i1Pro · A4-162p-1page-Portrait-w7.5mm · Full layout setup  ·  built-in', '★  i1Pro · A4-324p-1page-Portrait-w7.5mm · Full layout setup  ·  built-in', '★  i1Pro · A4-484p-1page-Portrait-w7.5mm · Full layout setup  ·  built-in', '★  i1Pro · A4-648p-1page-Portrait-w7.5mm · Full layout setup  ·  built-in', '★  i1Pro · A4-1296p-2pages-Portrait-w7.5mm · Full layout setup  ·  built-in', '★  i1Pro · A4-1944p-3pages-Portrait-w7.5mm · Full layout setup  ·  built-in', '★  i1Pro · A4-2592p-4pages-Portrait-w7.5mm · Full layout setup  ·  built-in', '★  i1Pro · A4-3240p-5pages-Portrait-w7.5mm · Full layout setup  ·  built-in', '★  i1Pro · A4-3888p-6pages-Portrait-w7.5mm · Full layout setup  ·  built-in', '★  i1Pro · A4-156p-1page-Portrait-w8.0mm · Full layout setup  ·  built-in', '★  i1Pro · A4-312p-1page-Portrait-w8.0mm · Full layout setup  ·  built-in', '★  i1Pro · A4-572p-1page-Portrait-w8.0mm · Full layout setup  ·  built-in', '★  i1Pro · A4-1144p-2pages-Portrait-w8.0mm · Full layout setup  ·  built-in', '★  i1Pro · A4-1716p-3pages-Portrait-w8.0mm · Full layout setup  ·  built-in', '★  i1Pro · A4-2288p-4pages-Portrait-w8.0mm · Full layout setup  ·  built-in', '★  i1Pro · A4-2860p-5pages-Portrait-w8.0mm · Full layout setup  ·  built-in', '★  i1Pro · A4-3432p-6pages-Portrait-w8.0mm · Full layout setup  ·  built-in', '★  i1Pro · A4-1200p-3pages-Portrait-w8.5mm · Full layout setup  ·  built-in', '★  i1Pro · Letter-162p-1page-Portrait-w7.5mm · Full layout setup  ·  built-in', '★  i1Pro · Letter-324p-1page-Portrait-w7.5mm · Full layout setup  ·  built-in', '★  i1Pro · Letter-648p-1page-Portrait-w7.5mm · Full layout setup  ·  built-in', '★  i1Pro · Letter-1296p-2pages-Portrait-w7.5mm · Full layout setup  ·  built-in', '★  i1Pro · Letter-1944p-3pages-Portrait-w7.5mm · Full layout setup  ·  built-in', '★  i1Pro · Letter-2592p-4pages-Portrait-w7.5mm · Full layout setup  ·  built-in', '★  i1Pro · Letter-3240p-5pages-Portrait-w7.5mm · Full layout setup  ·  built-in', '★  i1Pro · Letter-3888p-6pages-Portrait-w7.5mm · Full layout setup  ·  built-in', '★  i1Pro · Letter-156p-1page-Portrait-w8.0mm · Full layout setup  ·  built-in', '★  i1Pro · Letter-312p-1page-Portrait-w8.0mm · Full layout setup  ·  built-in', '★  i1Pro · Letter-572p-1page-Portrait-w8.0mm · Full layout setup  ·  built-in', '★  i1Pro · Letter-1144p-2pages-Portrait-w8.0mm · Full layout setup  ·  built-in', '★  i1Pro · Letter-1716p-3pages-Portrait-w8.0mm · Full layout setup  ·  built-in', '★  i1Pro · Letter-2288p-4pages-Portrait-w8.0mm · Full layout setup  ·  built-in', '★  i1Pro · Letter-2860p-5pages-Portrait-w8.0mm · Full layout setup  ·  built-in', '★  i1Pro · Letter-3432p-6pages-Portrait-w8.0mm · Full layout setup  ·  built-in', '★  i1Pro · A3-1404p-1page-Landscape-w7.5mm · Full layout setup  ·  built-in', '★  i1Pro · A3-2808p-2pages-Landscape-w7.5mm · Full layout setup  ·  built-in', '★  i1Pro · A3-4212p-3pages-Landscape-w7.5mm · Full layout setup  ·  built-in', '★  i1Pro · A3-1144p-1page-Landscape-w9.0mm · Full layout setup  ·  built-in', '★  i1Pro · A3-2288p-2pages-Landscape-w9.0mm · Full layout setup  ·  built-in', '★  i1Pro · A3-3432p-3pages-Landscape-w9.0mm · Full layout setup  ·  built-in', '', 'i1Pro 3 Plus', '★  i1Pro 3 Plus · A4-84p-1page-Portrait-w25.0mm · Full layout setup  ·  built-in', '★  i1Pro 3 Plus · A4-154p-1page-Portrait-w16.0mm · Full layout setup  ·  built-in', '★  i1Pro 3 Plus · A4-308p-2pages-Portrait-w16.0mm · Full layout setup  ·  built-in', '★  i1Pro 3 Plus · A4-462p-3pages-Portrait-w16.0mm · Full layout setup  ·  built-in', '★  i1Pro 3 Plus · A4-616p-4pages-Portrait-w16.0mm · Full layout setup  ·  built-in', '★  i1Pro 3 Plus · A4-924p-6pages-Portrait-w16.0mm · Full layout setup  ·  built-in', '★  i1Pro 3 Plus · A4-1232p-8pages-Portrait-w16.0mm · Full layout setup  ·  built-in', '★  i1Pro 3 Plus · A4-1540p-10pages-Portrait-w16.0mm · Full layout setup  ·  built-in', '★  i1Pro 3 Plus · A4-2002p-13pages-Portrait-w16.0mm · Full layout setup  ·  built-in', '★  i1Pro 3 Plus · Letter-84p-1page-Portrait-w25.0mm · Full layout setup  ·  built-in', '★  i1Pro 3 Plus · Letter-143p-1page-Portrait-w16.0mm · Full layout setup  ·  built-in', '★  i1Pro 3 Plus · Letter-286p-2pages-Portrait-w16.0mm · Full layout setup  ·  built-in', '★  i1Pro 3 Plus · Letter-429p-3pages-Portrait-w16.0mm · Full layout setup  ·  built-in', '★  i1Pro 3 Plus · Letter-572p-4pages-Portrait-w16.0mm · Full layout setup  ·  built-in', '★  i1Pro 3 Plus · Letter-858p-6pages-Portrait-w16.0mm · Full layout setup  ·  built-in', '★  i1Pro 3 Plus · Letter-1144p-8pages-Portrait-w16.0mm · Full layout setup  ·  built-in', '★  i1Pro 3 Plus · Letter-1430p-10pages-Portrait-w16.0mm · Full layout setup  ·  built-in', '★  i1Pro 3 Plus · Letter-2002p-14pages-Portrait-w16.0mm · Full layout setup  ·  built-in', '★  i1Pro 3 Plus · A3-336p-1page-Portrait-w16.0mm · Full layout setup  ·  built-in', '★  i1Pro 3 Plus · A3-672p-2pages-Portrait-w16.0mm · Full layout setup  ·  built-in', '★  i1Pro 3 Plus · A3-1008p-3pages-Portrait-w16.0mm · Full layout setup  ·  built-in', '★  i1Pro 3 Plus · A3-1344p-4pages-Portrait-w16.0mm · Full layout setup  ·  built-in', '★  i1Pro 3 Plus · A3-1680p-5pages-Portrait-w16.0mm · Full layout setup  ·  built-in', '★  i1Pro 3 Plus · A3-2016p-6pages-Portrait-w16.0mm · Full layout setup  ·  built-in', '', 'CR30 (ChnSpec)', '★  CR30 · A4-77p-1page-Portrait-w24.0mm · Full layout setup  ·  built-in', '★  CR30 · A4-153p-1page-Portrait-w18.0mm-Hexagonal · Full layout setup  ·  built-in', '★  CR30 · A4-160p-1page-Portrait-w17.0mm · Full layout setup  ·  built-in', '★  CR30 · A4-192p-1page-Portrait-w11.0mm · Full layout setup  ·  built-in', '★  CR30 · A4-360p-1page-Portrait-w11.0mm · Full layout setup  ·  built-in', '★  CR30 · A4-420p-1page-Portrait-w11.0mm-Hexagonal · Full layout setup  ·  built-in', '★  CR30 · A4-720p-2pages-Portrait-w11.0mm · Full layout setup  ·  built-in', '★  CR30 · A4-840p-2pages-Portrait-w11.0mm-Hexagonal · Full layout setup  ·  built-in', '★  CR30 · A4-1080p-3pages-Portrait-w11.0mm · Full layout setup  ·  built-in', '★  CR30 · A4-1260p-3pages-Portrait-w11.0mm-Hexagonal · Full layout setup  ·  built-in', '★  CR30 · Letter-88p-1page-Portrait-w22.0mm · Full layout setup  ·  built-in', '★  CR30 · Letter-150p-1page-Portrait-w17.0mm · Full layout setup  ·  built-in', '★  CR30 · Letter-170p-1page-Portrait-w16.0mm-Hexagonal · Full layout setup  ·  built-in', '★  CR30 · Letter-184p-1page-Portrait-w11.0mm · Full layout setup  ·  built-in', '★  CR30 · Letter-368p-1page-Portrait-w11.0mm · Full layout setup  ·  built-in', '★  CR30 · Letter-390p-1page-Portrait-w11.0mm-Hexagonal · Full layout setup  ·  built-in', '★  CR30 · Letter-736p-2pages-Portrait-w11.0mm · Full layout setup  ·  built-in', '★  CR30 · Letter-780p-2pages-Portrait-w11.0mm-Hexagonal · Full layout setup  ·  built-in', '★  CR30 · Letter-1104p-3pages-Portrait-w11.0mm · Full layout setup  ·  built-in', '★  CR30 · Letter-1170p-3pages-Portrait-w11.0mm-Hexagonal · Full layout setup  ·  built-in', '', 'Scanner', '★  Scanner · A4-3430p-1page-Landscape-w4.0mm · Profile printer with scanner · Full layout setup  ·  built-in', '★  Scanner · A4-6860p-2pages-Landscape-w4.0mm · Profile printer with scanner · Full layout setup  ·  built-in', '★  Scanner · A4-10290p-3pages-Landscape-w4.0mm · Profile printer with scanner · Full layout setup  ·  built-in', '★  Scanner · Letter-3250p-1page-Landscape-w4.0mm · Profile printer with scanner · Full layout setup  ·  built-in', '★  Scanner · Letter-6500p-2pages-Landscape-w4.0mm · Profile printer with scanner · Full layout setup  ·  built-in', '★  Scanner · Letter-9750p-3pages-Landscape-w4.0mm · Profile printer with scanner · Full layout setup  ·  built-in', '', 'Red River Paper', '★  Red River Paper · i1Pro · A4-2052p-4pages · Standard Patch Set v25  ·  built-in', '★  Red River Paper · ColorMunki · A4-2052p-8pages · Standard Patch Set v25  ·  built-in', '★  Red River Paper · ColorMunki · A4-2052p-9pages · Standard Patch Set v25  ·  built-in', '★  Red River Paper · i1Pro · Letter-2052p-4pages · Standard Patch Set v25  ·  built-in', '★  Red River Paper · ColorMunki · Letter-2052p-8pages · Standard Patch Set v25  ·  built-in', '★  Red River Paper · ColorMunki · Letter-2052p-9pages · Standard Patch Set v25  ·  built-in']
2026-09-07 10:19:18,570 [INFO] review:   armed: dialog ~'quite fill' -> click 'OK' 
2026-09-07 10:19:18,570 [INFO] review:   armed: dialog ~'already' -> click 'Continue' 
2026-09-07 10:19:18,680 [DEBUG] core.settings: settings.set use_chromiq_layout_engine = False
2026-09-07 10:19:18,699 [DEBUG] core.file_manager: Target name set to: R2-Engine (root /Users/Basti/ChromIQ-assessment/R2-Engine)
2026-09-07 10:19:18,700 [INFO] core.file_manager: opened the EXISTING project at /Users/Basti/ChromIQ-assessment/R2-Engine (1 run(s) on disk)
2026-09-07 10:19:18,700 [DEBUG] core.settings: settings.set session_ti3_path = ''
2026-09-07 10:19:18,700 [DEBUG] core.settings: settings.set session_icc_path = ''
2026-09-07 10:19:18,700 [DEBUG] core.settings: settings.set session_cal_ti3_path = ''
2026-09-07 10:19:18,714 [DEBUG] ui.tiff_preview: TiffPreview: loaded 1 page(s)
2026-09-07 10:19:18,714 [INFO] ui.tabs.tab_chart: Preview loaded: 1 TIFF(s)
2026-09-07 10:19:19,459 [DEBUG] ui.tiff_preview: TiffPreview: loaded 1 page(s)
2026-09-07 10:19:19,462 [DEBUG] ui.tiff_preview: TiffPreview: loaded 1 page(s)
2026-09-07 10:19:19,470 [DEBUG] ui.tabs.tab_chart: create-chart settings written for run1 (40 parameters + ui state)
2026-09-07 10:19:21,655 [INFO] review:   picked preset #31 '★  ColorMunki · A3+-1160p-1page TC9.18 extended greys by Pharmacist  ·  built-in' (activated)
2026-09-07 10:19:24,065 [INFO] review:   builtin tc918eg: engine True->False status='⚠ Left margin 5.3 mm is below the 6 mm instrument minimum'
     info='Manual mode — your current configuration (1 page · Auto grey/white/black):\ntargen -d2 -f9513 -e8 -B8 -G -g128 chart\nprinttarg -ii1 -pA4 -t300 -m10 -M10 -R 99999 -c chart'
2026-09-07 10:19:24,231 [INFO] review:   shot Review/Screenshots/R05-files-presets-cal/c-builtin-tc918eg.png  (3400x2100)
2026-09-07 10:19:24,231 [INFO] review:   armed: dialog ~'quite fill' -> click 'OK' 
2026-09-07 10:19:24,231 [INFO] review:   armed: dialog ~'already' -> click 'Continue' 
2026-09-07 10:19:24,344 [DEBUG] core.settings: settings.set use_chromiq_layout_engine = True
2026-09-07 10:19:24,344 [DEBUG] ui.dialogs.layout_options_panel: layout panel set_recipe: spacer=colored/True gaps=0.0/0.0  [_on_manual_engine_toggled:5062  ←  _convert_printtarg_to_engine:5156  ←  _set_engine_recipe:17986]
2026-09-07 10:19:24,378 [DEBUG] core.settings: settings.set helper_markers_show = False
2026-09-07 10:19:24,378 [DEBUG] core.settings: settings.set helper_marker_edge_mm = 2.0
2026-09-07 10:19:24,378 [DEBUG] core.settings: settings.set helper_marker_len_mm = 2.0
2026-09-07 10:19:24,378 [DEBUG] core.settings: settings.set helper_marker_per_patch = 3
2026-09-07 10:19:24,378 [DEBUG] core.settings: settings.set helper_markers_top_bottom = True
2026-09-07 10:19:24,378 [DEBUG] core.settings: settings.set helper_markers_sides = True
2026-09-07 10:19:24,385 [DEBUG] core.settings: settings.set helper_markers_show = False
2026-09-07 10:19:24,386 [DEBUG] core.settings: settings.set helper_marker_edge_mm = 2.0
2026-09-07 10:19:24,386 [DEBUG] core.settings: settings.set helper_marker_len_mm = 2.0
2026-09-07 10:19:24,386 [DEBUG] core.settings: settings.set helper_marker_per_patch = 3
2026-09-07 10:19:24,386 [DEBUG] core.settings: settings.set helper_markers_top_bottom = True
2026-09-07 10:19:24,386 [DEBUG] core.settings: settings.set helper_markers_sides = True
2026-09-07 10:19:24,413 [DEBUG] core.settings: settings.set helper_markers_show = False
2026-09-07 10:19:24,413 [DEBUG] core.settings: settings.set helper_marker_edge_mm = 2.0
2026-09-07 10:19:24,413 [DEBUG] core.settings: settings.set helper_marker_len_mm = 2.0
2026-09-07 10:19:24,413 [DEBUG] core.settings: settings.set helper_marker_per_patch = 3
2026-09-07 10:19:24,413 [DEBUG] core.settings: settings.set helper_markers_top_bottom = True
2026-09-07 10:19:24,413 [DEBUG] core.settings: settings.set helper_markers_sides = True
2026-09-07 10:19:24,422 [DEBUG] core.settings: settings.set helper_markers_show = False
2026-09-07 10:19:24,422 [DEBUG] core.settings: settings.set helper_marker_edge_mm = 2.0
2026-09-07 10:19:24,422 [DEBUG] core.settings: settings.set helper_marker_len_mm = 2.0
2026-09-07 10:19:24,422 [DEBUG] core.settings: settings.set helper_marker_per_patch = 3
2026-09-07 10:19:24,422 [DEBUG] core.settings: settings.set helper_markers_top_bottom = True
2026-09-07 10:19:24,422 [DEBUG] core.settings: settings.set helper_markers_sides = True
2026-09-07 10:19:24,449 [DEBUG] ui.dialogs.layout_options_panel: layout panel set_recipe: spacer=colored/True gaps=0.0/0.0  [_apply_knut_preset:10802  ←  _seed_knut_preset:10730  ←  _set_engine_recipe:17986]
2026-09-07 10:19:24,451 [DEBUG] core.settings: settings.set helper_markers_show = True
2026-09-07 10:19:24,451 [DEBUG] core.settings: settings.set helper_marker_edge_mm = 2.0
2026-09-07 10:19:24,451 [DEBUG] core.settings: settings.set helper_marker_len_mm = 2.0
2026-09-07 10:19:24,451 [DEBUG] core.settings: settings.set helper_marker_per_patch = 3
2026-09-07 10:19:24,451 [DEBUG] core.settings: settings.set helper_markers_top_bottom = True
2026-09-07 10:19:24,451 [DEBUG] core.settings: settings.set helper_markers_sides = True
2026-09-07 10:19:24,458 [DEBUG] core.settings: settings.set helper_markers_show = True
2026-09-07 10:19:24,458 [DEBUG] core.settings: settings.set helper_marker_edge_mm = 4.0
2026-09-07 10:19:24,458 [DEBUG] core.settings: settings.set helper_marker_len_mm = 2.0
2026-09-07 10:19:24,458 [DEBUG] core.settings: settings.set helper_marker_per_patch = 3
2026-09-07 10:19:24,458 [DEBUG] core.settings: settings.set helper_markers_top_bottom = True
2026-09-07 10:19:24,458 [DEBUG] core.settings: settings.set helper_markers_sides = True
2026-09-07 10:19:24,464 [DEBUG] core.settings: settings.set helper_markers_show = True
2026-09-07 10:19:24,464 [DEBUG] core.settings: settings.set helper_marker_edge_mm = 4.0
2026-09-07 10:19:24,464 [DEBUG] core.settings: settings.set helper_marker_len_mm = 2.0
2026-09-07 10:19:24,464 [DEBUG] core.settings: settings.set helper_marker_per_patch = 5
2026-09-07 10:19:24,464 [DEBUG] core.settings: settings.set helper_markers_top_bottom = True
2026-09-07 10:19:24,464 [DEBUG] core.settings: settings.set helper_markers_sides = True
2026-09-07 10:19:24,470 [DEBUG] core.settings: settings.set helper_markers_show = True
2026-09-07 10:19:24,470 [DEBUG] core.settings: settings.set helper_marker_edge_mm = 4.0
2026-09-07 10:19:24,470 [DEBUG] core.settings: settings.set helper_marker_len_mm = 2.0
2026-09-07 10:19:24,470 [DEBUG] core.settings: settings.set helper_marker_per_patch = 5
2026-09-07 10:19:24,470 [DEBUG] core.settings: settings.set helper_markers_top_bottom = True
2026-09-07 10:19:24,470 [DEBUG] core.settings: settings.set helper_markers_sides = False
2026-09-07 10:19:24,496 [DEBUG] core.settings: settings.set helper_markers_show = True
2026-09-07 10:19:24,496 [DEBUG] core.settings: settings.set helper_marker_edge_mm = 4.0
2026-09-07 10:19:24,496 [DEBUG] core.settings: settings.set helper_marker_len_mm = 2.0
2026-09-07 10:19:24,496 [DEBUG] core.settings: settings.set helper_marker_per_patch = 5
2026-09-07 10:19:24,496 [DEBUG] core.settings: settings.set helper_markers_top_bottom = True
2026-09-07 10:19:24,496 [DEBUG] core.settings: settings.set helper_markers_sides = False
2026-09-07 10:19:24,523 [DEBUG] core.settings: settings.set helper_markers_show = True
2026-09-07 10:19:24,523 [DEBUG] core.settings: settings.set helper_marker_edge_mm = 4.0
2026-09-07 10:19:24,523 [DEBUG] core.settings: settings.set helper_marker_len_mm = 2.0
2026-09-07 10:19:24,523 [DEBUG] core.settings: settings.set helper_marker_per_patch = 5
2026-09-07 10:19:24,523 [DEBUG] core.settings: settings.set helper_markers_top_bottom = True
2026-09-07 10:19:24,523 [DEBUG] core.settings: settings.set helper_markers_sides = False
2026-09-07 10:19:24,566 [DEBUG] core.settings: settings.set helper_markers_show = True
2026-09-07 10:19:24,566 [DEBUG] core.settings: settings.set helper_marker_edge_mm = 4.0
2026-09-07 10:19:24,566 [DEBUG] core.settings: settings.set helper_marker_len_mm = 2.0
2026-09-07 10:19:24,566 [DEBUG] core.settings: settings.set helper_marker_per_patch = 5
2026-09-07 10:19:24,566 [DEBUG] core.settings: settings.set helper_markers_top_bottom = True
2026-09-07 10:19:24,566 [DEBUG] core.settings: settings.set helper_markers_sides = False
2026-09-07 10:19:24,611 [INFO] ui.tabs.tab_chart: chart build (user) in manual: patch set chart.ti1 | manual panel: A4, 24x27 grid, margins T38.0 R4.0 B19.0 L26.0
2026-09-07 10:19:24,612 [DEBUG] core.settings: settings.set session_ti3_path = ''
2026-09-07 10:19:24,612 [DEBUG] core.settings: settings.set session_icc_path = ''
2026-09-07 10:19:24,612 [DEBUG] core.settings: settings.set session_cal_ti3_path = ''
2026-09-07 10:19:24,612 [DEBUG] core.file_manager: Target name set to: R2-Engine (root /Users/Basti/ChromIQ-assessment/R2-Engine)
2026-09-07 10:19:24,612 [INFO] core.file_manager: opened the EXISTING project at /Users/Basti/ChromIQ-assessment/R2-Engine (1 run(s) on disk)
2026-09-07 10:19:24,657 [DEBUG] workflow.chart_creator: Wrote channel sidecar R2-Engine.channels.json: ['r', 'g', 'b']
2026-09-07 10:19:24,698 [DEBUG] ui.tiff_preview: TiffPreview: loaded 1 page(s)
2026-09-07 10:19:24,698 [INFO] ui.tabs.tab_chart: Preview loaded: 1 TIFF(s)
2026-09-07 10:19:24,761 [DEBUG] ui.tiff_preview: TiffPreview: loaded 1 page(s)
2026-09-07 10:19:24,762 [DEBUG] ui.tiff_preview: TiffPreview: loaded 1 page(s)
2026-09-07 10:19:24,779 [DEBUG] ui.tabs.tab_chart: create-chart settings written for run1 (40 parameters + ui state)
2026-09-07 10:19:25,186 [INFO] review:   picked preset #84 '★  i1Pro · A4-162p-1page-Portrait-w7.5mm · Full layout setup  ·  built-in' (activated)
2026-09-07 10:19:27,607 [INFO] review:   builtin knut_i1_162: engine False->True status='Margins: OK'
     info='Built-in preset — fixed patch set (1 page):\nUses the bundled 162-patch .ti1 (targen skipped).\nprinttarg -ii1 -pA4 -t200 -a0.95 -m10 -M10 -R 99999 -c chart\nChange a targen setting above to build a fresh chart instead.\nLayout preset: i1 · A4 portrait · clip   ● '
2026-09-07 10:19:27,771 [INFO] review:   shot Review/Screenshots/R05-files-presets-cal/c-builtin-knut_i1_162.png  (3400x2100)
2026-09-07 10:19:27,772 [INFO] review:   armed: dialog ~'quite fill' -> click 'OK' 
2026-09-07 10:19:27,772 [INFO] review:   armed: dialog ~'already' -> click 'Continue' 
2026-09-07 10:19:27,772 [INFO] review:   preset 'CR30 A4-153p' not in ['none', 'Alpha', 'AssessPresetA', 'AssessPresetB', '▶  CR30-A4-77p-1page-Portrait-w24.0mm', '▶  CR30-A4-153p-1page-Portrait-w18.0mm-Hexagonal', '▶  CR30-A4-160p-1page-Portrait-w17.0mm', '▶  CR30-A4-192p-1page-Portrait-w11.0mm', '▶  CR30-A4-360p-1page-Portrait-w11.0mm', '▶  CR30-A4-420p-1page-Portrait-w11.0mm-Hexagonal', '▶  CR30-A4-720p-2pages-Portrait-w11.0mm', '▶  CR30-A4-840p-2pages-Portrait-w11.0mm-Hexagonal', '▶  CR30-A4-1080p-3pages-Portrait-w11.0mm', '▶  CR30-A4-1260p-3pages-Portrait-w11.0mm-Hexagonal', '▶  CR30-Letter-88p-1page-Portrait-w22.0mm', '▶  CR30-Letter-150p-1page-Portrait-w17.0mm', '▶  CR30-Letter-170p-1page-Portrait-w16.0mm-Hexagonal', '▶  CR30-Letter-184p-1page-Portrait-w11.0mm', '▶  CR30-Letter-368p-1page-Portrait-w11.0mm', '▶  CR30-Letter-390p-1page-Portrait-w11.0mm-Hexagonal', '▶  CR30-Letter-736p-2pages-Portrait-w11.0mm', '▶  CR30-Letter-780p-2pages-Portrait-w11.0mm-Hexagonal', '▶  CR30-Letter-1104p-3pages-Portrait-w11.0mm', '▶  CR30-Letter-1170p-3pages-Portrait-w11.0mm-Hexagonal', '▶  i1Pro-A4-1page-Portrait-BrandNew', '▶  i1Pro-A4-525p-3pages-Landscape-AssessPresetB', '', 'ColorMunki / i1Studio / ColorChecker Studio', '★  ColorMunki · A4-300p-1page TC3.00 by Pharmacist  ·  built-in', '★  ColorMunki · A4-702p-2pages ABW-optimized by Pharmacist  ·  built-in', '★  ColorMunki · A3-924p-1page TC9.24 by Pharmacist  ·  built-in', '★  ColorMunki · A3+-1160p-1page TC9.18 extended greys by Pharmacist  ·  built-in', '★  ColorMunki · A4-84p-1page-Portrait-w26.0mm-Fast Reading Speed-Hand Held · Full layout setup  ·  built-in', '★  ColorMunki · A4-144p-1page-Portrait-w14.0mm-Fast Reading Speed · Full layout setup  ·  built-in', '★  ColorMunki · A4-204p-1page-Portrait-w10.0mm-Fast Reading Speed · Full layout setup  ·  built-in', '★  ColorMunki · A4-306p-1page-Portrait-w10.0mm-Slow Reading Speed · Full layout setup  ·  built-in', '★  ColorMunki · A4-374p-1page-Portrait-w10.0mm-Very Slow Reading Speed · Full layout setup  ·  built-in', '★  ColorMunki · A4-408p-2pages-Portrait-w10.0mm-Fast Reading Speed · Full layout setup  ·  built-in', '★  ColorMunki · A4-612p-2pages-Portrait-w10.0mm-Slow Reading Speed · Full layout setup  ·  built-in', '★  ColorMunki · A4-612p-3pages-Portrait-w10.0mm-Fast Reading Speed · Full layout setup  ·  built-in', '★  ColorMunki · A4-1224p-4pages-Portrait-w10.0mm-Slow Reading Speed · Full layout setup  ·  built-in', '★  ColorMunki · A4-1224p-6pages-Portrait-w10.0mm-Fast Reading Speed · Full layout setup  ·  built-in', '★  ColorMunki · A4-1615p-5pages-Portrait-w10.0mm-Slow Reading Speed · Full layout setup  ·  built-in', '★  ColorMunki · A4-1623p-8pages-Portrait-w10.0mm-Fast Reading Speed · Full layout setup  ·  built-in', '★  ColorMunki · A4-2040p-10pages-Portrait-w10.0mm-Fast Reading Speed · Full layout setup  ·  built-in', '★  ColorMunki · A4-2142p-7pages-Portrait-w10.0mm-Slow Reading Speed · Full layout setup  ·  built-in', '★  ColorMunki · Letter-84p-1page-Portrait-w26.0mm-Fast Reading Speed-Hand Held · Full layout setup  ·  built-in', '★  ColorMunki · Letter-144p-1page-Portrait-w15.0mm-Fast Reading Speed · Full layout setup  ·  built-in', '★  ColorMunki · Letter-204p-1page-Portrait-w10.0mm-Fast Reading Speed · Full layout setup  ·  built-in', '★  ColorMunki · Letter-306p-1page-Portrait-w10.0mm-Slow Reading Speed · Full layout setup  ·  built-in', '★  ColorMunki · Letter-374p-1page-Portrait-w10.0mm-Very Slow Reading Speed · Full layout setup  ·  built-in', '★  ColorMunki · Letter-408p-2pages-Portrait-w10.0mm-Fast Reading Speed · Full layout setup  ·  built-in', '★  ColorMunki · Letter-612p-2pages-Portrait-w10.0mm-Slow Reading Speed · Full layout setup  ·  built-in', '★  ColorMunki · Letter-612p-3pages-Portrait-w10.0mm-Fast Reading Speed · Full layout setup  ·  built-in', '★  ColorMunki · Letter-1224p-4pages-Portrait-w10.0mm-Slow Reading Speed · Full layout setup  ·  built-in', '★  ColorMunki · Letter-1224p-6pages-Portrait-w10.0mm-Fast Reading Speed · Full layout setup  ·  built-in', '★  ColorMunki · Letter-1615p-5pages-Portrait-w10.0mm-Slow Reading Speed · Full layout setup  ·  built-in', '★  ColorMunki · Letter-1623p-8pages-Portrait-w10.0mm-Fast Reading Speed · Full layout setup  ·  built-in', '★  ColorMunki · Letter-2040p-10pages-Portrait-w10.0mm-Fast Reading Speed · Full layout setup  ·  built-in', '★  ColorMunki · Letter-2142p-7pages-Portrait-w10.0mm-Slow Reading Speed · Full layout setup  ·  built-in', '★  ColorMunki · A3-180p-1page-Landscape-w26.0mm-Fast Reading Speed-Hand Held · Full layout setup  ·  built-in', '★  ColorMunki · A3-450p-1page-Portrait-w10.0mm-Fast Reading Speed · Full layout setup  ·  built-in', '★  ColorMunki · A3-456p-1page-Landscape-w10.0mm-Fast Reading Speed · Full layout setup  ·  built-in', '★  ColorMunki · A3-800p-1page-Portrait-w10.0mm-Slow Reading Speed · Full layout setup  ·  built-in', '★  ColorMunki · A3-900p-2pages-Portrait-w10.0mm-Fast Reading Speed · Full layout setup  ·  built-in', '★  ColorMunki · A3-912p-2pages-Landscape-w10.0mm-Fast Reading Speed · Full layout setup  ·  built-in', '★  ColorMunki · A3-1224p-2pages-Landscape-w10.0mm-Slow Reading Speed · Full layout setup  ·  built-in', '★  ColorMunki · A3-1350p-3pages-Portrait-w10.0mm-Fast Reading Speed · Full layout setup  ·  built-in', '★  ColorMunki · A3-1368p-2pages-Landscape-w10.0mm-Slow Reading Speed · Full layout setup  ·  built-in', '★  ColorMunki · A3-1368p-3pages-Landscape-w10.0mm-Fast Reading Speed · Full layout setup  ·  built-in', '★  ColorMunki · A3-1600p-2pages-Portrait-w10.0mm-Slow Reading Speed · Full layout setup  ·  built-in', '★  ColorMunki · A3-2052p-3pages-Landscape-w10.0mm-Slow Reading Speed-Nature · Full layout setup  ·  built-in', '★  ColorMunki · A3-2280p-5pages-Landscape-w10.0mm-Fast Reading Speed-Nature · Full layout setup  ·  built-in', '★  ColorMunki · A3Plus-588p-1page-Portrait-w10.0mm-Fast Reading Speed · Full layout setup  ·  built-in', '★  ColorMunki · A3Plus-616p-1page-Landscape-w10.0mm-Fast Reading Speed · Full layout setup  ·  built-in', '★  ColorMunki · A3Plus-1176p-2pages-Portrait-w10.0mm-Fast Reading Speed · Full layout setup  ·  built-in', '★  ColorMunki · A3Plus-1232p-2pages-Landscape-w10.0mm-Fast Reading Speed · Full layout setup  ·  built-in', '', 'i1Pro / i1Pro 2 / i1Pro 3', '★  i1Pro · A4-1110p-2pages ABW-optimized by Pharmacist  ·  built-in', '★  i1Pro · A4-1160p-2pages TC9.18 extended greys by Pharmacist  ·  built-in', '★  i1Pro · A4-1944p-3pages extended target by Pharmacist  ·  built-in', '★  i1Pro · Letter-1160p-2pages TC9.18 extended greys by Pharmacist  ·  built-in', '★  i1Pro · Letter-1944p-3pages extended target by Pharmacist  ·  built-in', '★  i1Pro · A4-162p-1page-Portrait-w7.5mm · Full layout setup  ·  built-in', '★  i1Pro · A4-324p-1page-Portrait-w7.5mm · Full layout setup  ·  built-in', '★  i1Pro · A4-484p-1page-Portrait-w7.5mm · Full layout setup  ·  built-in', '★  i1Pro · A4-648p-1page-Portrait-w7.5mm · Full layout setup  ·  built-in', '★  i1Pro · A4-1296p-2pages-Portrait-w7.5mm · Full layout setup  ·  built-in', '★  i1Pro · A4-1944p-3pages-Portrait-w7.5mm · Full layout setup  ·  built-in', '★  i1Pro · A4-2592p-4pages-Portrait-w7.5mm · Full layout setup  ·  built-in', '★  i1Pro · A4-3240p-5pages-Portrait-w7.5mm · Full layout setup  ·  built-in', '★  i1Pro · A4-3888p-6pages-Portrait-w7.5mm · Full layout setup  ·  built-in', '★  i1Pro · A4-156p-1page-Portrait-w8.0mm · Full layout setup  ·  built-in', '★  i1Pro · A4-312p-1page-Portrait-w8.0mm · Full layout setup  ·  built-in', '★  i1Pro · A4-572p-1page-Portrait-w8.0mm · Full layout setup  ·  built-in', '★  i1Pro · A4-1144p-2pages-Portrait-w8.0mm · Full layout setup  ·  built-in', '★  i1Pro · A4-1716p-3pages-Portrait-w8.0mm · Full layout setup  ·  built-in', '★  i1Pro · A4-2288p-4pages-Portrait-w8.0mm · Full layout setup  ·  built-in', '★  i1Pro · A4-2860p-5pages-Portrait-w8.0mm · Full layout setup  ·  built-in', '★  i1Pro · A4-3432p-6pages-Portrait-w8.0mm · Full layout setup  ·  built-in', '★  i1Pro · A4-1200p-3pages-Portrait-w8.5mm · Full layout setup  ·  built-in', '★  i1Pro · Letter-162p-1page-Portrait-w7.5mm · Full layout setup  ·  built-in', '★  i1Pro · Letter-324p-1page-Portrait-w7.5mm · Full layout setup  ·  built-in', '★  i1Pro · Letter-648p-1page-Portrait-w7.5mm · Full layout setup  ·  built-in', '★  i1Pro · Letter-1296p-2pages-Portrait-w7.5mm · Full layout setup  ·  built-in', '★  i1Pro · Letter-1944p-3pages-Portrait-w7.5mm · Full layout setup  ·  built-in', '★  i1Pro · Letter-2592p-4pages-Portrait-w7.5mm · Full layout setup  ·  built-in', '★  i1Pro · Letter-3240p-5pages-Portrait-w7.5mm · Full layout setup  ·  built-in', '★  i1Pro · Letter-3888p-6pages-Portrait-w7.5mm · Full layout setup  ·  built-in', '★  i1Pro · Letter-156p-1page-Portrait-w8.0mm · Full layout setup  ·  built-in', '★  i1Pro · Letter-312p-1page-Portrait-w8.0mm · Full layout setup  ·  built-in', '★  i1Pro · Letter-572p-1page-Portrait-w8.0mm · Full layout setup  ·  built-in', '★  i1Pro · Letter-1144p-2pages-Portrait-w8.0mm · Full layout setup  ·  built-in', '★  i1Pro · Letter-1716p-3pages-Portrait-w8.0mm · Full layout setup  ·  built-in', '★  i1Pro · Letter-2288p-4pages-Portrait-w8.0mm · Full layout setup  ·  built-in', '★  i1Pro · Letter-2860p-5pages-Portrait-w8.0mm · Full layout setup  ·  built-in', '★  i1Pro · Letter-3432p-6pages-Portrait-w8.0mm · Full layout setup  ·  built-in', '★  i1Pro · A3-1404p-1page-Landscape-w7.5mm · Full layout setup  ·  built-in', '★  i1Pro · A3-2808p-2pages-Landscape-w7.5mm · Full layout setup  ·  built-in', '★  i1Pro · A3-4212p-3pages-Landscape-w7.5mm · Full layout setup  ·  built-in', '★  i1Pro · A3-1144p-1page-Landscape-w9.0mm · Full layout setup  ·  built-in', '★  i1Pro · A3-2288p-2pages-Landscape-w9.0mm · Full layout setup  ·  built-in', '★  i1Pro · A3-3432p-3pages-Landscape-w9.0mm · Full layout setup  ·  built-in', '', 'i1Pro 3 Plus', '★  i1Pro 3 Plus · A4-84p-1page-Portrait-w25.0mm · Full layout setup  ·  built-in', '★  i1Pro 3 Plus · A4-154p-1page-Portrait-w16.0mm · Full layout setup  ·  built-in', '★  i1Pro 3 Plus · A4-308p-2pages-Portrait-w16.0mm · Full layout setup  ·  built-in', '★  i1Pro 3 Plus · A4-462p-3pages-Portrait-w16.0mm · Full layout setup  ·  built-in', '★  i1Pro 3 Plus · A4-616p-4pages-Portrait-w16.0mm · Full layout setup  ·  built-in', '★  i1Pro 3 Plus · A4-924p-6pages-Portrait-w16.0mm · Full layout setup  ·  built-in', '★  i1Pro 3 Plus · A4-1232p-8pages-Portrait-w16.0mm · Full layout setup  ·  built-in', '★  i1Pro 3 Plus · A4-1540p-10pages-Portrait-w16.0mm · Full layout setup  ·  built-in', '★  i1Pro 3 Plus · A4-2002p-13pages-Portrait-w16.0mm · Full layout setup  ·  built-in', '★  i1Pro 3 Plus · Letter-84p-1page-Portrait-w25.0mm · Full layout setup  ·  built-in', '★  i1Pro 3 Plus · Letter-143p-1page-Portrait-w16.0mm · Full layout setup  ·  built-in', '★  i1Pro 3 Plus · Letter-286p-2pages-Portrait-w16.0mm · Full layout setup  ·  built-in', '★  i1Pro 3 Plus · Letter-429p-3pages-Portrait-w16.0mm · Full layout setup  ·  built-in', '★  i1Pro 3 Plus · Letter-572p-4pages-Portrait-w16.0mm · Full layout setup  ·  built-in', '★  i1Pro 3 Plus · Letter-858p-6pages-Portrait-w16.0mm · Full layout setup  ·  built-in', '★  i1Pro 3 Plus · Letter-1144p-8pages-Portrait-w16.0mm · Full layout setup  ·  built-in', '★  i1Pro 3 Plus · Letter-1430p-10pages-Portrait-w16.0mm · Full layout setup  ·  built-in', '★  i1Pro 3 Plus · Letter-2002p-14pages-Portrait-w16.0mm · Full layout setup  ·  built-in', '★  i1Pro 3 Plus · A3-336p-1page-Portrait-w16.0mm · Full layout setup  ·  built-in', '★  i1Pro 3 Plus · A3-672p-2pages-Portrait-w16.0mm · Full layout setup  ·  built-in', '★  i1Pro 3 Plus · A3-1008p-3pages-Portrait-w16.0mm · Full layout setup  ·  built-in', '★  i1Pro 3 Plus · A3-1344p-4pages-Portrait-w16.0mm · Full layout setup  ·  built-in', '★  i1Pro 3 Plus · A3-1680p-5pages-Portrait-w16.0mm · Full layout setup  ·  built-in', '★  i1Pro 3 Plus · A3-2016p-6pages-Portrait-w16.0mm · Full layout setup  ·  built-in', '', 'CR30 (ChnSpec)', '★  CR30 · A4-77p-1page-Portrait-w24.0mm · Full layout setup  ·  built-in', '★  CR30 · A4-153p-1page-Portrait-w18.0mm-Hexagonal · Full layout setup  ·  built-in', '★  CR30 · A4-160p-1page-Portrait-w17.0mm · Full layout setup  ·  built-in', '★  CR30 · A4-192p-1page-Portrait-w11.0mm · Full layout setup  ·  built-in', '★  CR30 · A4-360p-1page-Portrait-w11.0mm · Full layout setup  ·  built-in', '★  CR30 · A4-420p-1page-Portrait-w11.0mm-Hexagonal · Full layout setup  ·  built-in', '★  CR30 · A4-720p-2pages-Portrait-w11.0mm · Full layout setup  ·  built-in', '★  CR30 · A4-840p-2pages-Portrait-w11.0mm-Hexagonal · Full layout setup  ·  built-in', '★  CR30 · A4-1080p-3pages-Portrait-w11.0mm · Full layout setup  ·  built-in', '★  CR30 · A4-1260p-3pages-Portrait-w11.0mm-Hexagonal · Full layout setup  ·  built-in', '★  CR30 · Letter-88p-1page-Portrait-w22.0mm · Full layout setup  ·  built-in', '★  CR30 · Letter-150p-1page-Portrait-w17.0mm · Full layout setup  ·  built-in', '★  CR30 · Letter-170p-1page-Portrait-w16.0mm-Hexagonal · Full layout setup  ·  built-in', '★  CR30 · Letter-184p-1page-Portrait-w11.0mm · Full layout setup  ·  built-in', '★  CR30 · Letter-368p-1page-Portrait-w11.0mm · Full layout setup  ·  built-in', '★  CR30 · Letter-390p-1page-Portrait-w11.0mm-Hexagonal · Full layout setup  ·  built-in', '★  CR30 · Letter-736p-2pages-Portrait-w11.0mm · Full layout setup  ·  built-in', '★  CR30 · Letter-780p-2pages-Portrait-w11.0mm-Hexagonal · Full layout setup  ·  built-in', '★  CR30 · Letter-1104p-3pages-Portrait-w11.0mm · Full layout setup  ·  built-in', '★  CR30 · Letter-1170p-3pages-Portrait-w11.0mm-Hexagonal · Full layout setup  ·  built-in', '', 'Scanner', '★  Scanner · A4-3430p-1page-Landscape-w4.0mm · Profile printer with scanner · Full layout setup  ·  built-in', '★  Scanner · A4-6860p-2pages-Landscape-w4.0mm · Profile printer with scanner · Full layout setup  ·  built-in', '★  Scanner · A4-10290p-3pages-Landscape-w4.0mm · Profile printer with scanner · Full layout setup  ·  built-in', '★  Scanner · Letter-3250p-1page-Landscape-w4.0mm · Profile printer with scanner · Full layout setup  ·  built-in', '★  Scanner · Letter-6500p-2pages-Landscape-w4.0mm · Profile printer with scanner · Full layout setup  ·  built-in', '★  Scanner · Letter-9750p-3pages-Landscape-w4.0mm · Profile printer with scanner · Full layout setup  ·  built-in', '', 'Red River Paper', '★  Red River Paper · i1Pro · A4-2052p-4pages · Standard Patch Set v25  ·  built-in', '★  Red River Paper · ColorMunki · A4-2052p-8pages · Standard Patch Set v25  ·  built-in', '★  Red River Paper · ColorMunki · A4-2052p-9pages · Standard Patch Set v25  ·  built-in', '★  Red River Paper · i1Pro · Letter-2052p-4pages · Standard Patch Set v25  ·  built-in', '★  Red River Paper · ColorMunki · Letter-2052p-8pages · Standard Patch Set v25  ·  built-in', '★  Red River Paper · ColorMunki · Letter-2052p-9pages · Standard Patch Set v25  ·  built-in']
2026-09-07 10:19:30,197 [INFO] review:   builtin cr30_153: engine True->True status='Margins: OK'
     info='Built-in preset — fixed patch set (1 page):\nUses the bundled 162-patch .ti1 (targen skipped).\nprinttarg -ii1 -pA4 -t200 -a0.95 -m10 -M10 -R 99999 -c chart\nChange a targen setting above to build a fresh chart instead.\nLayout preset: i1 · A4 portrait · clip   ● '
2026-09-07 10:19:30,361 [INFO] review:   shot Review/Screenshots/R05-files-presets-cal/c-builtin-cr30_153.png  (3400x2100)
2026-09-07 10:19:30,361 [INFO] review:   armed: dialog ~'quite fill' -> click 'OK' 
2026-09-07 10:19:30,361 [INFO] review:   armed: dialog ~'already' -> click 'Continue' 
2026-09-07 10:19:31,027 [INFO] review:   picked preset #0 'none' (activated)
2026-09-07 10:19:33,443 [INFO] review:   builtin none: engine True->True status='Margins: OK'
     info='Manual mode — your current configuration (1 page · Auto patch count · Auto grey/white/black):\ntargen -d2 -f0 -e4 -B4 -G -g33 chart\nChromIQ layout engine · i1 · A4 portrait · 200 dpi · margins 38/4/19/26 mm · area-fit 24×27 · clip border on · no strip-length ca'
2026-09-07 10:19:33,608 [INFO] review:   shot Review/Screenshots/R05-files-presets-cal/c-builtin-none.png  (3400x2100)
2026-09-07 10:19:34,475 [INFO] review:   reveal: {'opened': [], 'tooltip': "Open this tab's presets folder in Finder.\nEach preset is a plain .json file — copy one to a colleague\nand they can drop it into their own folder to share.", 'enabled': True}
2026-09-07 10:19:34,476 [INFO] review:   header Load patch set: native picker replaced by external_patchset.ti1 (304 sets); logged substitution
2026-09-07 10:19:34,476 [INFO] review:   armed: dialog ~'Where should this patch set' -> click 'Build it as a new run instead' 
2026-09-07 10:19:34,476 [INFO] review:   armed: dialog ~'quite fill' -> click 'OK' 
2026-09-07 10:19:34,476 [INFO] review:   armed: dialog ~'loaded' -> click 'OK' 
2026-09-07 10:19:34,574 [INFO] review:   DIALOG expected [QMessageBox] title='' buttons=['Cancel', 'Replace run 1', 'Build it as a new run instead', 'Replace only the chart', 'Start a new project'] text="Where should this patch set's chart go? | You loaded the patch set <b>external_patchset.ti1</b>.<br><br>A profile project is open: <b>R2-Engine</b>. Where should the chart these patches make be built?" -> clicked 'Build it as a new run instead'
2026-09-07 10:19:34,576 [DEBUG] ui.tabs.tab_chart: create-chart settings written for run1 (40 parameters + ui state)
2026-09-07 10:19:34,579 [DEBUG] ui.tiff_preview: TiffPreview: loaded 0 page(s)
2026-09-07 10:19:34,580 [DEBUG] core.settings: settings.set session_ti1_path = ''
2026-09-07 10:19:34,582 [INFO] ui.tabs.tab_chart: Create Chart: build target run → run2 (new run)
2026-09-07 10:19:34,582 [INFO] ui.tabs.tab_chart: run description + chart notes written to run2
2026-09-07 10:19:34,583 [INFO] ui.tabs.tab_chart: New run run2 adopted 40 stored setting(s)
2026-09-07 10:19:34,637 [DEBUG] core.settings: settings.set helper_markers_show = True
2026-09-07 10:19:34,637 [DEBUG] core.settings: settings.set helper_marker_edge_mm = 4.0
2026-09-07 10:19:34,637 [DEBUG] core.settings: settings.set helper_marker_len_mm = 2.0
2026-09-07 10:19:34,637 [DEBUG] core.settings: settings.set helper_marker_per_patch = 5
2026-09-07 10:19:34,637 [DEBUG] core.settings: settings.set helper_markers_top_bottom = True
2026-09-07 10:19:34,637 [DEBUG] core.settings: settings.set helper_markers_sides = False
2026-09-07 10:19:34,651 [DEBUG] ui.dialogs.layout_options_panel: layout panel set_recipe: spacer=colored/True gaps=0.0/0.0  [_apply_ui_state:15007  ←  _init_manual_layout_panel:5622  ←  _set_engine_recipe:17986]
2026-09-07 10:19:34,666 [DEBUG] core.settings: settings.set helper_markers_show = False
2026-09-07 10:19:34,666 [DEBUG] core.settings: settings.set helper_marker_edge_mm = 4.0
2026-09-07 10:19:34,666 [DEBUG] core.settings: settings.set helper_marker_len_mm = 2.0
2026-09-07 10:19:34,666 [DEBUG] core.settings: settings.set helper_marker_per_patch = 5
2026-09-07 10:19:34,666 [DEBUG] core.settings: settings.set helper_markers_top_bottom = True
2026-09-07 10:19:34,666 [DEBUG] core.settings: settings.set helper_markers_sides = False
2026-09-07 10:19:34,681 [DEBUG] core.settings: settings.set helper_markers_show = False
2026-09-07 10:19:34,681 [DEBUG] core.settings: settings.set helper_marker_edge_mm = 2.0
2026-09-07 10:19:34,681 [DEBUG] core.settings: settings.set helper_marker_len_mm = 2.0
2026-09-07 10:19:34,681 [DEBUG] core.settings: settings.set helper_marker_per_patch = 5
2026-09-07 10:19:34,681 [DEBUG] core.settings: settings.set helper_markers_top_bottom = True
2026-09-07 10:19:34,681 [DEBUG] core.settings: settings.set helper_markers_sides = False
2026-09-07 10:19:34,696 [DEBUG] core.settings: settings.set helper_markers_show = False
2026-09-07 10:19:34,696 [DEBUG] core.settings: settings.set helper_marker_edge_mm = 2.0
2026-09-07 10:19:34,696 [DEBUG] core.settings: settings.set helper_marker_len_mm = 2.0
2026-09-07 10:19:34,696 [DEBUG] core.settings: settings.set helper_marker_per_patch = 3
2026-09-07 10:19:34,696 [DEBUG] core.settings: settings.set helper_markers_top_bottom = True
2026-09-07 10:19:34,696 [DEBUG] core.settings: settings.set helper_markers_sides = False
2026-09-07 10:19:34,711 [DEBUG] core.settings: settings.set helper_markers_show = False
2026-09-07 10:19:34,711 [DEBUG] core.settings: settings.set helper_marker_edge_mm = 2.0
2026-09-07 10:19:34,711 [DEBUG] core.settings: settings.set helper_marker_len_mm = 2.0
2026-09-07 10:19:34,711 [DEBUG] core.settings: settings.set helper_marker_per_patch = 3
2026-09-07 10:19:34,711 [DEBUG] core.settings: settings.set helper_markers_top_bottom = True
2026-09-07 10:19:34,711 [DEBUG] core.settings: settings.set helper_markers_sides = True
2026-09-07 10:19:34,746 [DEBUG] core.settings: settings.set helper_markers_show = False
2026-09-07 10:19:34,746 [DEBUG] core.settings: settings.set helper_marker_edge_mm = 2.0
2026-09-07 10:19:34,746 [DEBUG] core.settings: settings.set helper_marker_len_mm = 2.0
2026-09-07 10:19:34,746 [DEBUG] core.settings: settings.set helper_marker_per_patch = 3
2026-09-07 10:19:34,746 [DEBUG] core.settings: settings.set helper_markers_top_bottom = True
2026-09-07 10:19:34,746 [DEBUG] core.settings: settings.set helper_markers_sides = True
2026-09-07 10:19:34,761 [DEBUG] core.settings: settings.set helper_markers_show = False
2026-09-07 10:19:34,762 [DEBUG] core.settings: settings.set helper_marker_edge_mm = 2.0
2026-09-07 10:19:34,762 [DEBUG] core.settings: settings.set helper_marker_len_mm = 2.0
2026-09-07 10:19:34,762 [DEBUG] core.settings: settings.set helper_marker_per_patch = 3
2026-09-07 10:19:34,762 [DEBUG] core.settings: settings.set helper_markers_top_bottom = True
2026-09-07 10:19:34,762 [DEBUG] core.settings: settings.set helper_markers_sides = True
2026-09-07 10:19:34,773 [DEBUG] ui.tabs.tab_chart: create-chart settings written for run2 (40 parameters + ui state)
2026-09-07 10:19:34,774 [DEBUG] core.settings: settings.set use_chromiq_layout_engine = True
2026-09-07 10:19:34,774 [DEBUG] ui.dialogs.layout_options_panel: layout panel set_recipe: spacer=colored/True gaps=0.0/0.0  [load_target_settings:14638  ←  _apply_ui_state:14991  ←  _set_engine_recipe:17986]
2026-09-07 10:19:34,796 [DEBUG] core.settings: settings.set helper_markers_show = False
2026-09-07 10:19:34,796 [DEBUG] core.settings: settings.set helper_marker_edge_mm = 2.0
2026-09-07 10:19:34,796 [DEBUG] core.settings: settings.set helper_marker_len_mm = 2.0
2026-09-07 10:19:34,796 [DEBUG] core.settings: settings.set helper_marker_per_patch = 3
2026-09-07 10:19:34,796 [DEBUG] core.settings: settings.set helper_markers_top_bottom = True
2026-09-07 10:19:34,796 [DEBUG] core.settings: settings.set helper_markers_sides = True
2026-09-07 10:19:34,798 [DEBUG] core.settings: settings.set helper_markers_show = False
2026-09-07 10:19:34,798 [DEBUG] core.settings: settings.set helper_marker_edge_mm = 2.0
2026-09-07 10:19:34,798 [DEBUG] core.settings: settings.set helper_marker_len_mm = 2.0
2026-09-07 10:19:34,798 [DEBUG] core.settings: settings.set helper_marker_per_patch = 3
2026-09-07 10:19:34,798 [DEBUG] core.settings: settings.set helper_markers_top_bottom = True
2026-09-07 10:19:34,798 [DEBUG] core.settings: settings.set helper_markers_sides = True
2026-09-07 10:19:36,918 [DEBUG] workflow.chart_creator: Wrote channel sidecar R2-Engine.channels.json: ['r', 'g', 'b']
2026-09-07 10:19:41,113 [DEBUG] ui.tiff_preview: TiffPreview: loaded 51 page(s)
2026-09-07 10:19:41,113 [INFO] ui.tabs.tab_chart: Preview loaded: 51 TIFF(s)
2026-09-07 10:19:41,128 [DEBUG] ui.tiff_preview: TiffPreview: loaded 51 page(s)
2026-09-07 10:19:41,134 [DEBUG] ui.tiff_preview: TiffPreview: loaded 51 page(s)
2026-09-07 10:19:44,654 [INFO] review:   D loaded into R2-Engine: run=Run 2 (overwrite) actual={'total': 306, 'fillup': 2, 'page_patches': 6, 'rows': 3, 'cols': 2, 'pages': 51, 'patch': (60.03, 59.94), 'pitch': None} armed=/Users/Basti/Desktop/Create Chart Assessment/Evidence/external_patchset.ti1
2026-09-07 10:19:44,654 [DEBUG] core.settings: settings.set session_target_name = 'R2-High'
2026-09-07 10:19:44,655 [DEBUG] core.settings: settings.set session_project_root = ''
2026-09-07 10:19:44,655 [DEBUG] core.file_manager: Target name set to: R2-High (root /Users/Basti/ChromIQ-assessment/R2-High)
2026-09-07 10:19:44,661 [INFO] core.file_manager: opened the EXISTING project at /Users/Basti/ChromIQ-assessment/R2-High (2 run(s) on disk)
2026-09-07 10:19:44,666 [DEBUG] ui.tiff_preview: TiffPreview: loaded 1 page(s)
2026-09-07 10:19:44,790 [INFO] ui.tabs.tab_measure: Uniform strip detection: 14 strips, block x=123–630 (scaled)
2026-09-07 10:19:44,792 [DEBUG] ui.tiff_preview: TiffPreview: loaded 1 page(s)
2026-09-07 10:19:44,792 [INFO] ui.main_window: Session restored: target=R2-High run=run2
2026-09-07 10:19:46,299 [INFO] review: open_project('R2-High') -> run bar reads 'Run 2 (overwrite)' ok=True
2026-09-07 10:19:48,830 [INFO] review:   D on R2-High: {'run': 'Run 2 (overwrite)', 'preset_ti1': '/Users/Basti/Desktop/Create Chart Assessment/Evidence/external_patchset.ti1', 'override_row': (True, False), 'engine_enabled': True, 'engine_on': True, 'info': 'Manual mode — your current configuration (1 page · Auto patch count · Auto grey/white/black):\ntargen -d2 -f0 -e4 -B4 -G -g28 chart\nChromIQ layout engine · i1 · A4 portrait · 300 dpi · margins 38/9/19/26 mm · patch 60×60 mm · clip border on\nLayout preset: i1 · A4 portrait · clip   ● modified', 'targen_grp_visible': True, 'f_value': 0, 'ti1_sets_before': 300, 'est': {'total': 6, 'fillup': 0, 'page_patches': 6, 'rows': 3, 'cols': 2, 'pages': 1, 'patch': (60.0, 60.0), 'pitch': None}}
2026-09-07 10:19:48,990 [INFO] review:   shot Review/Screenshots/R05-files-presets-cal/d01-other-project-armed.png  (3400x2100)
2026-09-07 10:19:48,991 [INFO] review:   armed: dialog ~'quite fill' -> click 'OK' (last page hint)
2026-09-07 10:19:48,991 [INFO] review:   armed: dialog ~'already' -> click 'Continue' 
2026-09-07 10:19:48,991 [INFO] ui.tabs.tab_chart: chart build (Generate Chart) in manual: patch set targen | manual panel: A4, 0x0 grid, margins T38.0 R9.0 B19.0 L26.0
2026-09-07 10:19:48,991 [INFO] ui.tabs.tab_chart: chart build (live preview) in manual: patch set external_patchset.ti1 | manual panel: A4, 0x0 grid, margins T38.0 R9.0 B19.0 L26.0
2026-09-07 10:19:48,992 [DEBUG] core.settings: settings.set session_ti3_path = ''
2026-09-07 10:19:48,992 [DEBUG] core.settings: settings.set session_icc_path = ''
2026-09-07 10:19:48,992 [DEBUG] core.settings: settings.set session_cal_ti3_path = ''
2026-09-07 10:19:48,992 [DEBUG] core.file_manager: Target name set to: R2-Engine (root /Users/Basti/ChromIQ-assessment/R2-Engine)
2026-09-07 10:19:48,992 [INFO] core.file_manager: opened the EXISTING project at /Users/Basti/ChromIQ-assessment/R2-Engine (2 run(s) on disk)
2026-09-07 10:19:50,997 [DEBUG] workflow.chart_creator: Wrote channel sidecar R2-Engine.channels.json: ['r', 'g', 'b']
2026-09-07 10:19:55,118 [DEBUG] ui.tiff_preview: TiffPreview: loaded 51 page(s)
2026-09-07 10:19:55,118 [INFO] ui.tabs.tab_chart: Preview loaded: 51 TIFF(s)
2026-09-07 10:19:55,132 [DEBUG] ui.tiff_preview: TiffPreview: loaded 51 page(s)
2026-09-07 10:19:55,138 [DEBUG] ui.tiff_preview: TiffPreview: loaded 51 page(s)
2026-09-07 10:19:57,075 [INFO] review:   [Generate on R2-High with foreign set armed] built ok=True actual={'total': 306, 'fillup': 2, 'page_patches': 6, 'rows': 3, 'cols': 2, 'pages': 51, 'patch': (60.03, 59.94), 'pitch': None} est={'total': 6, 'fillup': 0, 'page_patches': 6, 'rows': 3, 'cols': 2, 'pages': 1, 'patch': (60.0, 60.0), 'pitch': None}
      margins=mm | inch | min | Left (to first patch) | 26.0 | 1.023 | 26.0 | Right (to first patch) | 64.0 | 2.521 | 9.0 | Top (to first patch) | 39.0 | 1.537 | 38.0 | Bottom (to first patch) | 76.0 | 2.993 | 19.0 | Patch width (in strip reading direction) | 60.0 | 2.363 |
      status='Margins: OK' notes=''
2026-09-07 10:19:57,077 [INFO] review:   D after Generate on R2-High: ti1 sets 300 -> 304 (foreign set has 304); targen ran=False
2026-09-07 10:19:57,238 [INFO] review:   shot Review/Screenshots/R05-files-presets-cal/d02-other-project-after-generate.png  (3400x2100)
2026-09-07 10:19:57,239 [DEBUG] core.settings: settings.set calibration_mode = True
2026-09-07 10:19:57,243 [DEBUG] core.settings: settings.set use_chromiq_layout_engine = True
2026-09-07 10:19:57,243 [DEBUG] ui.dialogs.layout_options_panel: layout panel set_recipe: spacer=colored/True gaps=0.0/0.0  [load_target_settings:14638  ←  _apply_ui_state:14991  ←  _set_engine_recipe:17986]
2026-09-07 10:19:57,263 [DEBUG] core.settings: settings.set helper_markers_show = False
2026-09-07 10:19:57,263 [DEBUG] core.settings: settings.set helper_marker_edge_mm = 2.0
2026-09-07 10:19:57,263 [DEBUG] core.settings: settings.set helper_marker_len_mm = 2.0
2026-09-07 10:19:57,263 [DEBUG] core.settings: settings.set helper_marker_per_patch = 3
2026-09-07 10:19:57,263 [DEBUG] core.settings: settings.set helper_markers_top_bottom = True
2026-09-07 10:19:57,263 [DEBUG] core.settings: settings.set helper_markers_sides = True
2026-09-07 10:19:57,268 [DEBUG] core.settings: settings.set helper_markers_show = False
2026-09-07 10:19:57,268 [DEBUG] core.settings: settings.set helper_marker_edge_mm = 2.0
2026-09-07 10:19:57,268 [DEBUG] core.settings: settings.set helper_marker_len_mm = 2.0
2026-09-07 10:19:57,268 [DEBUG] core.settings: settings.set helper_marker_per_patch = 3
2026-09-07 10:19:57,268 [DEBUG] core.settings: settings.set helper_markers_top_bottom = True
2026-09-07 10:19:57,268 [DEBUG] core.settings: settings.set helper_markers_sides = True
2026-09-07 10:19:57,281 [DEBUG] core.settings: settings.set use_chromiq_layout_engine = True
2026-09-07 10:19:57,281 [DEBUG] ui.dialogs.layout_options_panel: layout panel set_recipe: spacer=colored/True gaps=0.0/0.0  [load_target_settings:14638  ←  _apply_ui_state:14991  ←  _set_engine_recipe:17986]
2026-09-07 10:19:57,304 [DEBUG] core.settings: settings.set helper_markers_show = False
2026-09-07 10:19:57,304 [DEBUG] core.settings: settings.set helper_marker_edge_mm = 2.0
2026-09-07 10:19:57,304 [DEBUG] core.settings: settings.set helper_marker_len_mm = 2.0
2026-09-07 10:19:57,304 [DEBUG] core.settings: settings.set helper_marker_per_patch = 3
2026-09-07 10:19:57,304 [DEBUG] core.settings: settings.set helper_markers_top_bottom = True
2026-09-07 10:19:57,304 [DEBUG] core.settings: settings.set helper_markers_sides = True
2026-09-07 10:19:57,309 [DEBUG] core.settings: settings.set helper_markers_show = False
2026-09-07 10:19:57,309 [DEBUG] core.settings: settings.set helper_marker_edge_mm = 2.0
2026-09-07 10:19:57,309 [DEBUG] core.settings: settings.set helper_marker_len_mm = 2.0
2026-09-07 10:19:57,309 [DEBUG] core.settings: settings.set helper_marker_per_patch = 3
2026-09-07 10:19:57,309 [DEBUG] core.settings: settings.set helper_markers_top_bottom = True
2026-09-07 10:19:57,309 [DEBUG] core.settings: settings.set helper_markers_sides = True
2026-09-07 10:19:57,829 [DEBUG] core.settings: settings.set session_target_name = 'Demo-Full-RGB'
2026-09-07 10:19:57,830 [DEBUG] core.settings: settings.set session_project_root = ''
2026-09-07 10:19:57,831 [DEBUG] core.file_manager: Target name set to: Demo-Full-RGB (root /Users/Basti/ChromIQ-assessment/Demo-Full-RGB)
2026-09-07 10:19:57,840 [INFO] core.file_manager: opened the EXISTING project at /Users/Basti/ChromIQ-assessment/Demo-Full-RGB (4 run(s) on disk)
2026-09-07 10:19:57,843 [DEBUG] ui.tabs.tab_chart: create-chart settings written for run2 (40 parameters + ui state)
2026-09-07 10:19:57,847 [DEBUG] core.settings: settings.set use_chromiq_layout_engine = True
2026-09-07 10:19:57,847 [DEBUG] ui.dialogs.layout_options_panel: layout panel set_recipe: spacer=colored/True gaps=0.0/0.0  [load_target_settings:14638  ←  _apply_ui_state:14991  ←  _set_engine_recipe:17986]
2026-09-07 10:19:57,880 [DEBUG] core.settings: settings.set helper_markers_show = False
2026-09-07 10:19:57,880 [DEBUG] core.settings: settings.set helper_marker_edge_mm = 2.0
2026-09-07 10:19:57,880 [DEBUG] core.settings: settings.set helper_marker_len_mm = 2.0
2026-09-07 10:19:57,880 [DEBUG] core.settings: settings.set helper_marker_per_patch = 3
2026-09-07 10:19:57,880 [DEBUG] core.settings: settings.set helper_markers_top_bottom = True
2026-09-07 10:19:57,880 [DEBUG] core.settings: settings.set helper_markers_sides = True
2026-09-07 10:19:57,890 [DEBUG] core.settings: settings.set helper_markers_show = False
2026-09-07 10:19:57,890 [DEBUG] core.settings: settings.set helper_marker_edge_mm = 2.0
2026-09-07 10:19:57,890 [DEBUG] core.settings: settings.set helper_marker_len_mm = 2.0
2026-09-07 10:19:57,890 [DEBUG] core.settings: settings.set helper_marker_per_patch = 3
2026-09-07 10:19:57,890 [DEBUG] core.settings: settings.set helper_markers_top_bottom = True
2026-09-07 10:19:57,890 [DEBUG] core.settings: settings.set helper_markers_sides = True
2026-09-07 10:19:57,915 [DEBUG] core.settings: settings.set use_chromiq_layout_engine = True
2026-09-07 10:19:57,915 [DEBUG] ui.dialogs.layout_options_panel: layout panel set_recipe: spacer=colored/True gaps=0.0/0.0  [load_target_settings:14638  ←  _apply_ui_state:14991  ←  _set_engine_recipe:17986]
2026-09-07 10:19:57,933 [DEBUG] core.settings: settings.set helper_markers_show = False
2026-09-07 10:19:57,933 [DEBUG] core.settings: settings.set helper_marker_edge_mm = 2.0
2026-09-07 10:19:57,933 [DEBUG] core.settings: settings.set helper_marker_len_mm = 2.0
2026-09-07 10:19:57,933 [DEBUG] core.settings: settings.set helper_marker_per_patch = 3
2026-09-07 10:19:57,933 [DEBUG] core.settings: settings.set helper_markers_top_bottom = True
2026-09-07 10:19:57,933 [DEBUG] core.settings: settings.set helper_markers_sides = True
2026-09-07 10:19:57,937 [DEBUG] core.settings: settings.set helper_markers_show = False
2026-09-07 10:19:57,937 [DEBUG] core.settings: settings.set helper_marker_edge_mm = 2.0
2026-09-07 10:19:57,937 [DEBUG] core.settings: settings.set helper_marker_len_mm = 2.0
2026-09-07 10:19:57,937 [DEBUG] core.settings: settings.set helper_marker_per_patch = 3
2026-09-07 10:19:57,937 [DEBUG] core.settings: settings.set helper_markers_top_bottom = True
2026-09-07 10:19:57,937 [DEBUG] core.settings: settings.set helper_markers_sides = True
2026-09-07 10:19:57,958 [DEBUG] core.settings: settings.set use_chromiq_layout_engine = True
2026-09-07 10:19:57,959 [DEBUG] ui.dialogs.layout_options_panel: layout panel set_recipe: spacer=colored/True gaps=0.0/0.0  [load_target_settings:14638  ←  _apply_ui_state:14991  ←  _set_engine_recipe:17986]
2026-09-07 10:19:57,976 [DEBUG] core.settings: settings.set helper_markers_show = False
2026-09-07 10:19:57,976 [DEBUG] core.settings: settings.set helper_marker_edge_mm = 2.0
2026-09-07 10:19:57,976 [DEBUG] core.settings: settings.set helper_marker_len_mm = 2.0
2026-09-07 10:19:57,976 [DEBUG] core.settings: settings.set helper_marker_per_patch = 3
2026-09-07 10:19:57,976 [DEBUG] core.settings: settings.set helper_markers_top_bottom = True
2026-09-07 10:19:57,976 [DEBUG] core.settings: settings.set helper_markers_sides = True
2026-09-07 10:19:57,980 [DEBUG] core.settings: settings.set helper_markers_show = False
2026-09-07 10:19:57,980 [DEBUG] core.settings: settings.set helper_marker_edge_mm = 2.0
2026-09-07 10:19:57,980 [DEBUG] core.settings: settings.set helper_marker_len_mm = 2.0
2026-09-07 10:19:57,980 [DEBUG] core.settings: settings.set helper_marker_per_patch = 3
2026-09-07 10:19:57,980 [DEBUG] core.settings: settings.set helper_markers_top_bottom = True
2026-09-07 10:19:57,980 [DEBUG] core.settings: settings.set helper_markers_sides = True
2026-09-07 10:19:57,995 [DEBUG] core.settings: settings.set use_chromiq_layout_engine = True
2026-09-07 10:19:57,995 [DEBUG] ui.dialogs.layout_options_panel: layout panel set_recipe: spacer=colored/True gaps=0.0/0.0  [load_target_settings:14638  ←  _apply_ui_state:14991  ←  _set_engine_recipe:17986]
2026-09-07 10:19:58,013 [DEBUG] core.settings: settings.set helper_markers_show = False
2026-09-07 10:19:58,013 [DEBUG] core.settings: settings.set helper_marker_edge_mm = 2.0
2026-09-07 10:19:58,013 [DEBUG] core.settings: settings.set helper_marker_len_mm = 2.0
2026-09-07 10:19:58,013 [DEBUG] core.settings: settings.set helper_marker_per_patch = 3
2026-09-07 10:19:58,013 [DEBUG] core.settings: settings.set helper_markers_top_bottom = True
2026-09-07 10:19:58,013 [DEBUG] core.settings: settings.set helper_markers_sides = True
2026-09-07 10:19:58,017 [DEBUG] core.settings: settings.set helper_markers_show = False
2026-09-07 10:19:58,017 [DEBUG] core.settings: settings.set helper_marker_edge_mm = 2.0
2026-09-07 10:19:58,017 [DEBUG] core.settings: settings.set helper_marker_len_mm = 2.0
2026-09-07 10:19:58,017 [DEBUG] core.settings: settings.set helper_marker_per_patch = 3
2026-09-07 10:19:58,017 [DEBUG] core.settings: settings.set helper_markers_top_bottom = True
2026-09-07 10:19:58,017 [DEBUG] core.settings: settings.set helper_markers_sides = True
2026-09-07 10:19:58,050 [DEBUG] core.settings: settings.set helper_markers_show = False
2026-09-07 10:19:58,050 [DEBUG] core.settings: settings.set helper_marker_edge_mm = 2.0
2026-09-07 10:19:58,050 [DEBUG] core.settings: settings.set helper_marker_len_mm = 2.0
2026-09-07 10:19:58,050 [DEBUG] core.settings: settings.set helper_marker_per_patch = 3
2026-09-07 10:19:58,050 [DEBUG] core.settings: settings.set helper_markers_top_bottom = True
2026-09-07 10:19:58,050 [DEBUG] core.settings: settings.set helper_markers_sides = True
2026-09-07 10:19:58,055 [DEBUG] ui.tiff_preview: TiffPreview: loaded 1 page(s)
2026-09-07 10:19:58,071 [DEBUG] ui.dialogs.layout_options_panel: layout panel set_recipe: spacer=colored/True gaps=0.0/0.0  [_display_run_chart:6588  ←  _restore_chart_settings:11047  ←  _set_engine_recipe:17986]
2026-09-07 10:19:58,094 [DEBUG] core.settings: settings.set helper_markers_show = False
2026-09-07 10:19:58,094 [DEBUG] core.settings: settings.set helper_marker_edge_mm = 2.0
2026-09-07 10:19:58,094 [DEBUG] core.settings: settings.set helper_marker_len_mm = 2.0
2026-09-07 10:19:58,094 [DEBUG] core.settings: settings.set helper_marker_per_patch = 3
2026-09-07 10:19:58,094 [DEBUG] core.settings: settings.set helper_markers_top_bottom = True
2026-09-07 10:19:58,094 [DEBUG] core.settings: settings.set helper_markers_sides = True
2026-09-07 10:19:58,100 [DEBUG] core.settings: settings.set helper_markers_show = False
2026-09-07 10:19:58,100 [DEBUG] core.settings: settings.set helper_marker_edge_mm = 2.0
2026-09-07 10:19:58,100 [DEBUG] core.settings: settings.set helper_marker_len_mm = 2.0
2026-09-07 10:19:58,100 [DEBUG] core.settings: settings.set helper_marker_per_patch = 3
2026-09-07 10:19:58,100 [DEBUG] core.settings: settings.set helper_markers_top_bottom = True
2026-09-07 10:19:58,100 [DEBUG] core.settings: settings.set helper_markers_sides = True
2026-09-07 10:19:58,111 [INFO] ui.tabs.tab_chart: chart loaded: 1 page(s) counted from the page images (field was 1, now 1)
2026-09-07 10:19:58,113 [INFO] ui.tabs.tab_chart: Create Chart: this run's own patch set (Demo-Full-RGB.ti1) is attached, so regenerating reproduces it
2026-09-07 10:19:58,114 [DEBUG] ui.tiff_preview: TiffPreview: loaded 1 page(s)
2026-09-07 10:19:58,115 [DEBUG] ui.tiff_preview: TiffPreview: loaded 1 page(s)
2026-09-07 10:19:58,119 [DEBUG] ui.tabs.tab_chart: the chart sidecar moved 0 parameters and 1 ui values away from the target's own
2026-09-07 10:19:58,122 [DEBUG] ui.tiff_preview: TiffPreview: loaded 1 page(s)
2026-09-07 10:19:58,126 [DEBUG] ui.tiff_preview: TiffPreview: loaded 1 page(s)
2026-09-07 10:19:58,126 [INFO] ui.tabs.tab_profile: Printcal input set to /Users/Basti/ChromIQ-assessment/Demo-Full-RGB/cal/Demo-Full-RGB-cal.ti3
2026-09-07 10:19:58,126 [INFO] ui.main_window: Session restored: target=Demo-Full-RGB run=run4
2026-09-07 10:19:59,637 [INFO] review: open_project('Demo-Full-RGB') -> run bar reads 'Run 4 (overwrite)' ok=True
2026-09-07 10:20:01,352 [DEBUG] ui.tabs.tab_chart: create-chart settings written for run4 (40 parameters + ui state)
2026-09-07 10:20:01,358 [DEBUG] core.settings: settings.set use_chromiq_layout_engine = True
2026-09-07 10:20:01,358 [DEBUG] ui.dialogs.layout_options_panel: layout panel set_recipe: spacer=colored/True gaps=0.0/0.0  [load_target_settings:14638  ←  _apply_ui_state:14991  ←  _set_engine_recipe:17986]
2026-09-07 10:20:01,396 [DEBUG] core.settings: settings.set helper_markers_show = False
2026-09-07 10:20:01,396 [DEBUG] core.settings: settings.set helper_marker_edge_mm = 2.0
2026-09-07 10:20:01,396 [DEBUG] core.settings: settings.set helper_marker_len_mm = 2.0
2026-09-07 10:20:01,396 [DEBUG] core.settings: settings.set helper_marker_per_patch = 3
2026-09-07 10:20:01,396 [DEBUG] core.settings: settings.set helper_markers_top_bottom = True
2026-09-07 10:20:01,396 [DEBUG] core.settings: settings.set helper_markers_sides = True
2026-09-07 10:20:01,446 [DEBUG] core.settings: settings.set helper_markers_show = False
2026-09-07 10:20:01,446 [DEBUG] core.settings: settings.set helper_marker_edge_mm = 2.0
2026-09-07 10:20:01,446 [DEBUG] core.settings: settings.set helper_marker_len_mm = 2.0
2026-09-07 10:20:01,446 [DEBUG] core.settings: settings.set helper_marker_per_patch = 3
2026-09-07 10:20:01,446 [DEBUG] core.settings: settings.set helper_markers_top_bottom = True
2026-09-07 10:20:01,446 [DEBUG] core.settings: settings.set helper_markers_sides = True
2026-09-07 10:20:01,529 [DEBUG] core.settings: settings.set use_chromiq_layout_engine = True
2026-09-07 10:20:01,529 [DEBUG] ui.dialogs.layout_options_panel: layout panel set_recipe: spacer=colored/True gaps=0.0/0.0  [load_target_settings:14638  ←  _apply_ui_state:14991  ←  _set_engine_recipe:17986]
2026-09-07 10:20:01,564 [DEBUG] core.settings: settings.set helper_markers_show = False
2026-09-07 10:20:01,564 [DEBUG] core.settings: settings.set helper_marker_edge_mm = 2.0
2026-09-07 10:20:01,564 [DEBUG] core.settings: settings.set helper_marker_len_mm = 2.0
2026-09-07 10:20:01,564 [DEBUG] core.settings: settings.set helper_marker_per_patch = 3
2026-09-07 10:20:01,564 [DEBUG] core.settings: settings.set helper_markers_top_bottom = True
2026-09-07 10:20:01,564 [DEBUG] core.settings: settings.set helper_markers_sides = True
2026-09-07 10:20:01,600 [DEBUG] core.settings: settings.set helper_markers_show = False
2026-09-07 10:20:01,600 [DEBUG] core.settings: settings.set helper_marker_edge_mm = 2.0
2026-09-07 10:20:01,600 [DEBUG] core.settings: settings.set helper_marker_len_mm = 2.0
2026-09-07 10:20:01,600 [DEBUG] core.settings: settings.set helper_marker_per_patch = 3
2026-09-07 10:20:01,600 [DEBUG] core.settings: settings.set helper_markers_top_bottom = True
2026-09-07 10:20:01,600 [DEBUG] core.settings: settings.set helper_markers_sides = True
2026-09-07 10:20:01,629 [DEBUG] ui.tiff_preview: TiffPreview: loaded 1 page(s)
2026-09-07 10:20:01,670 [DEBUG] ui.dialogs.layout_options_panel: layout panel set_recipe: spacer=colored/True gaps=0.0/0.0  [_display_run_chart:6588  ←  _restore_chart_settings:11047  ←  _set_engine_recipe:17986]
2026-09-07 10:20:01,712 [DEBUG] core.settings: settings.set helper_markers_show = False
2026-09-07 10:20:01,712 [DEBUG] core.settings: settings.set helper_marker_edge_mm = 2.0
2026-09-07 10:20:01,712 [DEBUG] core.settings: settings.set helper_marker_len_mm = 2.0
2026-09-07 10:20:01,712 [DEBUG] core.settings: settings.set helper_marker_per_patch = 3
2026-09-07 10:20:01,712 [DEBUG] core.settings: settings.set helper_markers_top_bottom = True
2026-09-07 10:20:01,713 [DEBUG] core.settings: settings.set helper_markers_sides = True
2026-09-07 10:20:01,753 [DEBUG] core.settings: settings.set helper_markers_show = False
2026-09-07 10:20:01,753 [DEBUG] core.settings: settings.set helper_marker_edge_mm = 2.0
2026-09-07 10:20:01,753 [DEBUG] core.settings: settings.set helper_marker_len_mm = 2.0
2026-09-07 10:20:01,753 [DEBUG] core.settings: settings.set helper_marker_per_patch = 3
2026-09-07 10:20:01,753 [DEBUG] core.settings: settings.set helper_markers_top_bottom = True
2026-09-07 10:20:01,753 [DEBUG] core.settings: settings.set helper_markers_sides = True
2026-09-07 10:20:01,773 [DEBUG] core.settings: settings.set helper_markers_show = False
2026-09-07 10:20:01,773 [DEBUG] core.settings: settings.set helper_marker_edge_mm = 2.0
2026-09-07 10:20:01,773 [DEBUG] core.settings: settings.set helper_marker_len_mm = 2.0
2026-09-07 10:20:01,773 [DEBUG] core.settings: settings.set helper_marker_per_patch = 3
2026-09-07 10:20:01,773 [DEBUG] core.settings: settings.set helper_markers_top_bottom = True
2026-09-07 10:20:01,773 [DEBUG] core.settings: settings.set helper_markers_sides = True
2026-09-07 10:20:01,775 [INFO] ui.tabs.tab_chart: chart loaded: 1 page(s) counted from the page images (field was 1, now 1)
2026-09-07 10:20:01,778 [DEBUG] ui.tiff_preview: TiffPreview: loaded 1 page(s)
2026-09-07 10:20:01,779 [DEBUG] ui.tiff_preview: TiffPreview: loaded 1 page(s)
2026-09-07 10:20:01,781 [DEBUG] ui.tabs.tab_chart: the chart sidecar moved 2 parameters and 2 ui values away from the target's own
2026-09-07 10:20:03,871 [INFO] review:   shot Review/Screenshots/R05-files-presets-cal/e01-calibration-selected.png  (3400x2100)
2026-09-07 10:20:03,872 [INFO] review:   armed: dialog ~'already has a finished calibration' -> click 'Cancel' 
2026-09-07 10:20:03,872 [INFO] ui.tabs.tab_chart: chart build (Generate Chart) in manual: patch set targen | manual panel: A4, 0x0 grid, margins T6.0 R6.0 B6.0 L6.0
2026-09-07 10:20:03,873 [DEBUG] ui.tabs.tab_chart: could not list runs built on the calibration
Traceback (most recent call last):
  File "/Users/Basti/develop/ChromIQ/ui/tabs/tab_chart.py", line 16446, in _runs_built_on_calibration
    if getattr(run.meta, "calibration_used", "") == stem:
               ^^^^^^^^
AttributeError: 'Run' object has no attribute 'meta'
2026-09-07 10:20:03,905 [INFO] review:   DIALOG expected [QMessageBox] title='' buttons=['Replace the calibration', 'Cancel'] text='This project already has a finished calibration, and generating a new chart starts that work again from the beginning. | You would need to print the new chart and measure it before this project has a ' -> clicked 'Cancel'
2026-09-07 10:20:06,622 [INFO] review:   E F-029: dialogs=['This project already has a finished calibration, and generating a new chart starts that work again from the beginning. | You would need to print the new chart a'] trace=['[DEBUG] ui.tabs.tab_chart: could not list runs built on the calibration']
2026-09-07 10:20:06,622 [DEBUG] core.settings: settings.set calibration_mode = False
2026-09-07 10:20:06,635 [DEBUG] core.settings: settings.set use_chromiq_layout_engine = True
2026-09-07 10:20:06,635 [DEBUG] ui.dialogs.layout_options_panel: layout panel set_recipe: spacer=colored/True gaps=0.0/0.0  [load_target_settings:14638  ←  _apply_ui_state:14991  ←  _set_engine_recipe:17986]
2026-09-07 10:20:06,668 [DEBUG] core.settings: settings.set helper_markers_show = False
2026-09-07 10:20:06,668 [DEBUG] core.settings: settings.set helper_marker_edge_mm = 2.0
2026-09-07 10:20:06,668 [DEBUG] core.settings: settings.set helper_marker_len_mm = 2.0
2026-09-07 10:20:06,668 [DEBUG] core.settings: settings.set helper_marker_per_patch = 3
2026-09-07 10:20:06,668 [DEBUG] core.settings: settings.set helper_markers_top_bottom = True
2026-09-07 10:20:06,668 [DEBUG] core.settings: settings.set helper_markers_sides = True
2026-09-07 10:20:06,696 [DEBUG] core.settings: settings.set helper_markers_show = False
2026-09-07 10:20:06,696 [DEBUG] core.settings: settings.set helper_marker_edge_mm = 2.0
2026-09-07 10:20:06,696 [DEBUG] core.settings: settings.set helper_marker_len_mm = 2.0
2026-09-07 10:20:06,696 [DEBUG] core.settings: settings.set helper_marker_per_patch = 3
2026-09-07 10:20:06,696 [DEBUG] core.settings: settings.set helper_markers_top_bottom = True
2026-09-07 10:20:06,696 [DEBUG] core.settings: settings.set helper_markers_sides = True
2026-09-07 10:20:06,702 [DEBUG] core.settings: settings.set helper_markers_show = False
2026-09-07 10:20:06,702 [DEBUG] core.settings: settings.set helper_marker_edge_mm = 2.0
2026-09-07 10:20:06,702 [DEBUG] core.settings: settings.set helper_marker_len_mm = 2.0
2026-09-07 10:20:06,702 [DEBUG] core.settings: settings.set helper_marker_per_patch = 3
2026-09-07 10:20:06,702 [DEBUG] core.settings: settings.set helper_markers_top_bottom = True
2026-09-07 10:20:06,702 [DEBUG] core.settings: settings.set helper_markers_sides = True
2026-09-07 10:20:06,717 [DEBUG] ui.tabs.tab_chart: create-chart settings written for run4 (40 parameters + ui state)
2026-09-07 10:20:06,724 [DEBUG] core.settings: settings.set use_chromiq_layout_engine = True
2026-09-07 10:20:06,724 [DEBUG] ui.dialogs.layout_options_panel: layout panel set_recipe: spacer=colored/True gaps=0.0/0.0  [load_target_settings:14638  ←  _apply_ui_state:14991  ←  _set_engine_recipe:17986]
2026-09-07 10:20:06,746 [DEBUG] core.settings: settings.set helper_markers_show = False
2026-09-07 10:20:06,746 [DEBUG] core.settings: settings.set helper_marker_edge_mm = 2.0
2026-09-07 10:20:06,746 [DEBUG] core.settings: settings.set helper_marker_len_mm = 2.0
2026-09-07 10:20:06,746 [DEBUG] core.settings: settings.set helper_marker_per_patch = 3
2026-09-07 10:20:06,746 [DEBUG] core.settings: settings.set helper_markers_top_bottom = True
2026-09-07 10:20:06,746 [DEBUG] core.settings: settings.set helper_markers_sides = True
2026-09-07 10:20:06,789 [DEBUG] core.settings: settings.set helper_markers_show = False
2026-09-07 10:20:06,789 [DEBUG] core.settings: settings.set helper_marker_edge_mm = 2.0
2026-09-07 10:20:06,789 [DEBUG] core.settings: settings.set helper_marker_len_mm = 2.0
2026-09-07 10:20:06,789 [DEBUG] core.settings: settings.set helper_marker_per_patch = 3
2026-09-07 10:20:06,789 [DEBUG] core.settings: settings.set helper_markers_top_bottom = True
2026-09-07 10:20:06,789 [DEBUG] core.settings: settings.set helper_markers_sides = True
2026-09-07 10:20:06,818 [DEBUG] ui.tiff_preview: TiffPreview: loaded 1 page(s)
2026-09-07 10:20:06,859 [DEBUG] ui.dialogs.layout_options_panel: layout panel set_recipe: spacer=colored/True gaps=0.0/0.0  [_display_run_chart:6588  ←  _restore_chart_settings:11047  ←  _set_engine_recipe:17986]
2026-09-07 10:20:06,896 [DEBUG] core.settings: settings.set helper_markers_show = False
2026-09-07 10:20:06,896 [DEBUG] core.settings: settings.set helper_marker_edge_mm = 2.0
2026-09-07 10:20:06,896 [DEBUG] core.settings: settings.set helper_marker_len_mm = 2.0
2026-09-07 10:20:06,896 [DEBUG] core.settings: settings.set helper_marker_per_patch = 3
2026-09-07 10:20:06,896 [DEBUG] core.settings: settings.set helper_markers_top_bottom = True
2026-09-07 10:20:06,896 [DEBUG] core.settings: settings.set helper_markers_sides = True
2026-09-07 10:20:06,915 [DEBUG] core.settings: settings.set helper_markers_show = False
2026-09-07 10:20:06,915 [DEBUG] core.settings: settings.set helper_marker_edge_mm = 2.0
2026-09-07 10:20:06,915 [DEBUG] core.settings: settings.set helper_marker_len_mm = 2.0
2026-09-07 10:20:06,915 [DEBUG] core.settings: settings.set helper_marker_per_patch = 3
2026-09-07 10:20:06,915 [DEBUG] core.settings: settings.set helper_markers_top_bottom = True
2026-09-07 10:20:06,915 [DEBUG] core.settings: settings.set helper_markers_sides = True
2026-09-07 10:20:06,927 [INFO] ui.tabs.tab_chart: chart loaded: 1 page(s) counted from the page images (field was 1, now 1)
2026-09-07 10:20:06,931 [INFO] ui.tabs.tab_chart: Create Chart: this run's own patch set (Demo-Full-RGB.ti1) is attached, so regenerating reproduces it
2026-09-07 10:20:06,931 [DEBUG] ui.tiff_preview: TiffPreview: loaded 1 page(s)
2026-09-07 10:20:06,932 [DEBUG] ui.tiff_preview: TiffPreview: loaded 1 page(s)
2026-09-07 10:20:06,937 [DEBUG] ui.tabs.tab_chart: the chart sidecar moved 0 parameters and 1 ui values away from the target's own
2026-09-07 10:20:07,703 [INFO] review:   json Review/Test Runs/logs/r05_results.json
2026-09-07 10:20:07,703 [INFO] review: unexpected=[] serious=['[ERROR] workflow.chart_creator: ChromIQ layout engine failed']
2026-09-07 10:20:07,704 [DEBUG] core.settings: settings.set window_geometry = PyQt6.QtCore.QByteArray(b'\x01\xd9\xd0\xcb\x00\x03\x00\x00\x00\x00\x00\n\x00\x00\x00&\x00\x00\x06\xad\x00\x00\x04[\x00\x00\x00\n\x00\x00\x00B\x00\x00\x06\xad\x00\x00\x04[\x00\x00\x00\x00\x00\x00\x00\x00\x06\xc0\x00\x00\x00\n\x00\x00\x00B\x00\x00\x06\xad\x00\x00\x04[')
2026-09-07 10:20:07,704 [DEBUG] core.settings: settings.set window_maximized = False
2026-09-07 10:20:07,704 [DEBUG] core.settings: settings.set window_fullscreen = False
2026-09-07 10:20:07,917 [DEBUG] core.settings: settings.set active_tab = 0
2026-09-07 10:20:07,917 [DEBUG] core.settings: settings.set session_target_name = 'Demo-Full-RGB'
2026-09-07 10:20:07,917 [DEBUG] core.settings: settings.set session_project_root = ''
2026-09-07 10:20:07,918 [INFO] core.argyll_runner: ArgyllRunner: cleanup complete
